Taxon,Taxon_site,RE,RE_se,model,time_period,experiment,ID,site_name,Demo_trait,Demo_value,New_demo_trait,hypoth
Agrimonia_eupatoria,Agrimonia_eupatoria_Lublin,-2.121,0.633,Ordbeta,T0-T1,DIST,1,Lublin,FirstStepAtt,0.6842796214646216,First step attenuation,H3
Agrimonia_eupatoria,Agrimonia_eupatoria_Lublin,-2.121,0.633,Ordbeta,T0-T1,DIST,1,Lublin,Lambda,0.99064442494128635,Population growth rate,H4
Agrimonia_eupatoria,Agrimonia_eupatoria_Lublin,-2.121,0.633,Ordbeta,T0-T1,DIST,1,Lublin,R0,1.6114677027277815,Net reproductive rate,H1
Agrimonia_eupatoria,Agrimonia_eupatoria_Lublin,-2.121,0.633,Ordbeta,T0-T1,DIST,1,Lublin,Reactivity,1.211787103394109,Reactivity,H3
Agrimonia_eupatoria,Agrimonia_eupatoria_Lublin,-2.121,0.633,Ordbeta,T0-T1,DIST,1,Lublin,T_generation,39.10376182698671,Generation time,H2
Agrimonia_eupatoria,Agrimonia_eupatoria_Lublin,-2.121,0.633,Ordbeta,T0-T1,DIST,1,Lublin,age_repro,8.104361720252461,Age at first reproduction,H2
Agrimonia_eupatoria,Agrimonia_eupatoria_Lublin,-2.121,0.633,Ordbeta,T0-T1,DIST,1,Lublin,percapita_repro,0.211625,Per capita reproduction,H1
Agrimonia_eupatoria,Agrimonia_eupatoria_Wytham Woods,-2.31,0.197,Ordbeta,T0-T1,DIST,1,Wytham Woods,FirstStepAtt,0.6842796214646216,First step attenuation,H3
Agrimonia_eupatoria,Agrimonia_eupatoria_Wytham Woods,-2.31,0.197,Ordbeta,T0-T1,DIST,1,Wytham Woods,Lambda,0.99064442494128635,Population growth rate,H4
Agrimonia_eupatoria,Agrimonia_eupatoria_Wytham Woods,-2.31,0.197,Ordbeta,T0-T1,DIST,1,Wytham Woods,R0,1.6114677027277815,Net reproductive rate,H1
Agrimonia_eupatoria,Agrimonia_eupatoria_Wytham Woods,-2.31,0.197,Ordbeta,T0-T1,DIST,1,Wytham Woods,Reactivity,1.211787103394109,Reactivity,H3
Agrimonia_eupatoria,Agrimonia_eupatoria_Wytham Woods,-2.31,0.197,Ordbeta,T0-T1,DIST,1,Wytham Woods,T_generation,39.10376182698671,Generation time,H2
Agrimonia_eupatoria,Agrimonia_eupatoria_Wytham Woods,-2.31,0.197,Ordbeta,T0-T1,DIST,1,Wytham Woods,age_repro,8.104361720252461,Age at first reproduction,H2
Agrimonia_eupatoria,Agrimonia_eupatoria_Wytham Woods,-2.31,0.197,Ordbeta,T0-T1,DIST,1,Wytham Woods,percapita_repro,0.211625,Per capita reproduction,H1
Allium_vineale,Allium_vineale_Blandy Experimental Farm,-3.038,0.342,Ordbeta,T0-T1,DIST,1,Blandy Experimental Farm,FirstStepAtt,0.1305458328616013,First step attenuation,H3
Allium_vineale,Allium_vineale_Blandy Experimental Farm,-3.038,0.342,Ordbeta,T0-T1,DIST,1,Blandy Experimental Farm,Lambda,1.170906773884173,Population growth rate,H4
Allium_vineale,Allium_vineale_Blandy Experimental Farm,-3.038,0.342,Ordbeta,T0-T1,DIST,1,Blandy Experimental Farm,R0,1.4061237821153136,Net reproductive rate,H1
Allium_vineale,Allium_vineale_Blandy Experimental Farm,-3.038,0.342,Ordbeta,T0-T1,DIST,1,Blandy Experimental Farm,Reactivity,8.971770626240456,Reactivity,H3
Allium_vineale,Allium_vineale_Blandy Experimental Farm,-3.038,0.342,Ordbeta,T0-T1,DIST,1,Blandy Experimental Farm,T_generation,2.145843186509487,Generation time,H2
Allium_vineale,Allium_vineale_Blandy Experimental Farm,-3.038,0.342,Ordbeta,T0-T1,DIST,1,Blandy Experimental Farm,age_repro,3.3204456569500245,Age at first reproduction,H2
Allium_vineale,Allium_vineale_Blandy Experimental Farm,-3.038,0.342,Ordbeta,T0-T1,DIST,1,Blandy Experimental Farm,percapita_repro,10.348743,Per capita reproduction,H1
Andropogon_gerardii,Andropogon_gerardii_Kellogg Biological Station (KBS),-0.847,0.223,Ordbeta,T0-T1,DIST,1,Kellogg Biological Station (KBS),FirstStepAtt,0.3116481071355576,First step attenuation,H3
Andropogon_gerardii,Andropogon_gerardii_Kellogg Biological Station (KBS),-0.847,0.223,Ordbeta,T0-T1,DIST,1,Kellogg Biological Station (KBS),Lambda,1.5058732521698401,Population growth rate,H4
Andropogon_gerardii,Andropogon_gerardii_Kellogg Biological Station (KBS),-0.847,0.223,Ordbeta,T0-T1,DIST,1,Kellogg Biological Station (KBS),R0,2.443680378740669,Net reproductive rate,H1
Andropogon_gerardii,Andropogon_gerardii_Kellogg Biological Station (KBS),-0.847,0.223,Ordbeta,T0-T1,DIST,1,Kellogg Biological Station (KBS),Reactivity,6.099850854275642,Reactivity,H3
Andropogon_gerardii,Andropogon_gerardii_Kellogg Biological Station (KBS),-0.847,0.223,Ordbeta,T0-T1,DIST,1,Kellogg Biological Station (KBS),T_generation,2.0960825145363127,Generation time,H2
Andropogon_gerardii,Andropogon_gerardii_Kellogg Biological Station (KBS),-0.847,0.223,Ordbeta,T0-T1,DIST,1,Kellogg Biological Station (KBS),age_repro,2.1989772112328003,Age at first reproduction,H2
Andropogon_gerardii,Andropogon_gerardii_Kellogg Biological Station (KBS),-0.847,0.223,Ordbeta,T0-T1,DIST,1,Kellogg Biological Station (KBS),percapita_repro,8.151920916772541,Per capita reproduction,H1
Andropogon_gerardii,Andropogon_gerardii_Oak Lake Field Station,-2.841,0.508,Ordbeta,T0-T1,DIST,1,Oak Lake Field Station,FirstStepAtt,0.3116481071355576,First step attenuation,H3
Andropogon_gerardii,Andropogon_gerardii_Oak Lake Field Station,-2.841,0.508,Ordbeta,T0-T1,DIST,1,Oak Lake Field Station,Lambda,1.5058732521698401,Population growth rate,H4
Andropogon_gerardii,Andropogon_gerardii_Oak Lake Field Station,-2.841,0.508,Ordbeta,T0-T1,DIST,1,Oak Lake Field Station,R0,2.443680378740669,Net reproductive rate,H1
Andropogon_gerardii,Andropogon_gerardii_Oak Lake Field Station,-2.841,0.508,Ordbeta,T0-T1,DIST,1,Oak Lake Field Station,Reactivity,6.099850854275642,Reactivity,H3
Andropogon_gerardii,Andropogon_gerardii_Oak Lake Field Station,-2.841,0.508,Ordbeta,T0-T1,DIST,1,Oak Lake Field Station,T_generation,2.0960825145363127,Generation time,H2
Andropogon_gerardii,Andropogon_gerardii_Oak Lake Field Station,-2.841,0.508,Ordbeta,T0-T1,DIST,1,Oak Lake Field Station,age_repro,2.1989772112328003,Age at first reproduction,H2
Andropogon_gerardii,Andropogon_gerardii_Oak Lake Field Station,-2.841,0.508,Ordbeta,T0-T1,DIST,1,Oak Lake Field Station,percapita_repro,8.151920916772541,Per capita reproduction,H1
Andropogon_gerardii,Andropogon_gerardii_Piedmont Prairie,-2.832,0.51,Ordbeta,T0-T1,DIST,1,Piedmont Prairie,FirstStepAtt,0.3116481071355576,First step attenuation,H3
Andropogon_gerardii,Andropogon_gerardii_Piedmont Prairie,-2.832,0.51,Ordbeta,T0-T1,DIST,1,Piedmont Prairie,Lambda,1.5058732521698401,Population growth rate,H4
Andropogon_gerardii,Andropogon_gerardii_Piedmont Prairie,-2.832,0.51,Ordbeta,T0-T1,DIST,1,Piedmont Prairie,R0,2.443680378740669,Net reproductive rate,H1
Andropogon_gerardii,Andropogon_gerardii_Piedmont Prairie,-2.832,0.51,Ordbeta,T0-T1,DIST,1,Piedmont Prairie,Reactivity,6.099850854275642,Reactivity,H3
Andropogon_gerardii,Andropogon_gerardii_Piedmont Prairie,-2.832,0.51,Ordbeta,T0-T1,DIST,1,Piedmont Prairie,T_generation,2.0960825145363127,Generation time,H2
Andropogon_gerardii,Andropogon_gerardii_Piedmont Prairie,-2.832,0.51,Ordbeta,T0-T1,DIST,1,Piedmont Prairie,age_repro,2.1989772112328003,Age at first reproduction,H2
Andropogon_gerardii,Andropogon_gerardii_Piedmont Prairie,-2.832,0.51,Ordbeta,T0-T1,DIST,1,Piedmont Prairie,percapita_repro,8.151920916772541,Per capita reproduction,H1
Andropogon_gerardii,Andropogon_gerardii_Temple,-2.449,0.409,Ordbeta,T0-T1,DIST,1,Temple,FirstStepAtt,0.3116481071355576,First step attenuation,H3
Andropogon_gerardii,Andropogon_gerardii_Temple,-2.449,0.409,Ordbeta,T0-T1,DIST,1,Temple,Lambda,1.5058732521698401,Population growth rate,H4
Andropogon_gerardii,Andropogon_gerardii_Temple,-2.449,0.409,Ordbeta,T0-T1,DIST,1,Temple,R0,2.443680378740669,Net reproductive rate,H1
Andropogon_gerardii,Andropogon_gerardii_Temple,-2.449,0.409,Ordbeta,T0-T1,DIST,1,Temple,Reactivity,6.099850854275642,Reactivity,H3
Andropogon_gerardii,Andropogon_gerardii_Temple,-2.449,0.409,Ordbeta,T0-T1,DIST,1,Temple,T_generation,2.0960825145363127,Generation time,H2
Andropogon_gerardii,Andropogon_gerardii_Temple,-2.449,0.409,Ordbeta,T0-T1,DIST,1,Temple,age_repro,2.1989772112328003,Age at first reproduction,H2
Andropogon_gerardii,Andropogon_gerardii_Temple,-2.449,0.409,Ordbeta,T0-T1,DIST,1,Temple,percapita_repro,8.151920916772541,Per capita reproduction,H1
Arenaria_serpyllifolia,Arenaria_serpyllifolia_Bad Lauchstaedt,-2.861,0.502,Ordbeta,T0-T1,DIST,1,Bad Lauchstaedt,FirstStepAtt,0.13426829798432044,First step attenuation,H3
Arenaria_serpyllifolia,Arenaria_serpyllifolia_Bad Lauchstaedt,-2.861,0.502,Ordbeta,T0-T1,DIST,1,Bad Lauchstaedt,Lambda,0.860684361881849,Population growth rate,H4
Arenaria_serpyllifolia,Arenaria_serpyllifolia_Bad Lauchstaedt,-2.861,0.502,Ordbeta,T0-T1,DIST,1,Bad Lauchstaedt,R0,1.8060863194427321,Net reproductive rate,H1
Arenaria_serpyllifolia,Arenaria_serpyllifolia_Bad Lauchstaedt,-2.861,0.502,Ordbeta,T0-T1,DIST,1,Bad Lauchstaedt,Reactivity,21.515885693564854,Reactivity,H3
Arenaria_serpyllifolia,Arenaria_serpyllifolia_Bad Lauchstaedt,-2.861,0.502,Ordbeta,T0-T1,DIST,1,Bad Lauchstaedt,T_generation,1.1925026183239507,Generation time,H2
Arenaria_serpyllifolia,Arenaria_serpyllifolia_Bad Lauchstaedt,-2.861,0.502,Ordbeta,T0-T1,DIST,1,Bad Lauchstaedt,age_repro,2.3096403543497828,Age at first reproduction,H2
Arenaria_serpyllifolia,Arenaria_serpyllifolia_Bad Lauchstaedt,-2.861,0.502,Ordbeta,T0-T1,DIST,1,Bad Lauchstaedt,percapita_repro,22.8957281875,Per capita reproduction,H1
Arenaria_serpyllifolia,Arenaria_serpyllifolia_Domaninek,-2.736,0.388,Ordbeta,T0-T1,DIST,1,Domaninek,FirstStepAtt,0.13426829798432044,First step attenuation,H3
Arenaria_serpyllifolia,Arenaria_serpyllifolia_Domaninek,-2.736,0.388,Ordbeta,T0-T1,DIST,1,Domaninek,Lambda,0.860684361881849,Population growth rate,H4
Arenaria_serpyllifolia,Arenaria_serpyllifolia_Domaninek,-2.736,0.388,Ordbeta,T0-T1,DIST,1,Domaninek,R0,1.8060863194427321,Net reproductive rate,H1
Arenaria_serpyllifolia,Arenaria_serpyllifolia_Domaninek,-2.736,0.388,Ordbeta,T0-T1,DIST,1,Domaninek,Reactivity,21.515885693564854,Reactivity,H3
Arenaria_serpyllifolia,Arenaria_serpyllifolia_Domaninek,-2.736,0.388,Ordbeta,T0-T1,DIST,1,Domaninek,T_generation,1.1925026183239507,Generation time,H2
Arenaria_serpyllifolia,Arenaria_serpyllifolia_Domaninek,-2.736,0.388,Ordbeta,T0-T1,DIST,1,Domaninek,age_repro,2.3096403543497828,Age at first reproduction,H2
Arenaria_serpyllifolia,Arenaria_serpyllifolia_Domaninek,-2.736,0.388,Ordbeta,T0-T1,DIST,1,Domaninek,percapita_repro,22.8957281875,Per capita reproduction,H1
Arenaria_serpyllifolia,Arenaria_serpyllifolia_Jena,-2.58,0.237,Ordbeta,T0-T1,DIST,1,Jena,FirstStepAtt,0.13426829798432044,First step attenuation,H3
Arenaria_serpyllifolia,Arenaria_serpyllifolia_Jena,-2.58,0.237,Ordbeta,T0-T1,DIST,1,Jena,Lambda,0.860684361881849,Population growth rate,H4
Arenaria_serpyllifolia,Arenaria_serpyllifolia_Jena,-2.58,0.237,Ordbeta,T0-T1,DIST,1,Jena,R0,1.8060863194427321,Net reproductive rate,H1
Arenaria_serpyllifolia,Arenaria_serpyllifolia_Jena,-2.58,0.237,Ordbeta,T0-T1,DIST,1,Jena,Reactivity,21.515885693564854,Reactivity,H3
Arenaria_serpyllifolia,Arenaria_serpyllifolia_Jena,-2.58,0.237,Ordbeta,T0-T1,DIST,1,Jena,T_generation,1.1925026183239507,Generation time,H2
Arenaria_serpyllifolia,Arenaria_serpyllifolia_Jena,-2.58,0.237,Ordbeta,T0-T1,DIST,1,Jena,age_repro,2.3096403543497828,Age at first reproduction,H2
Arenaria_serpyllifolia,Arenaria_serpyllifolia_Jena,-2.58,0.237,Ordbeta,T0-T1,DIST,1,Jena,percapita_repro,22.8957281875,Per capita reproduction,H1
Armeria_maritima,Armeria_maritima_Potrok Aike,-2.849,0.31,Ordbeta,T0-T1,DIST,1,Potrok Aike,FirstStepAtt,0.10630681626910626,First step attenuation,H3
Armeria_maritima,Armeria_maritima_Potrok Aike,-2.849,0.31,Ordbeta,T0-T1,DIST,1,Potrok Aike,Lambda,1.4580438530642406,Population growth rate,H4
Armeria_maritima,Armeria_maritima_Potrok Aike,-2.849,0.31,Ordbeta,T0-T1,DIST,1,Potrok Aike,R0,85.20700476884507,Net reproductive rate,H1
Armeria_maritima,Armeria_maritima_Potrok Aike,-2.849,0.31,Ordbeta,T0-T1,DIST,1,Potrok Aike,Reactivity,243.66070969221192,Reactivity,H3
Armeria_maritima,Armeria_maritima_Potrok Aike,-2.849,0.31,Ordbeta,T0-T1,DIST,1,Potrok Aike,T_generation,8.162938838891863,Generation time,H2
Armeria_maritima,Armeria_maritima_Potrok Aike,-2.849,0.31,Ordbeta,T0-T1,DIST,1,Potrok Aike,age_repro,4.597444089456871,Age at first reproduction,H2
Armeria_maritima,Armeria_maritima_Potrok Aike,-2.849,0.31,Ordbeta,T0-T1,DIST,1,Potrok Aike,percapita_repro,37.236222855051835,Per capita reproduction,H1
Centaurea_jacea,Centaurea_jacea_Agroscope Changins,-2.795,0.262,Ordbeta,T0-T1,DIST,1,Agroscope Changins,FirstStepAtt,0.5628538515110156,First step attenuation,H3
Centaurea_jacea,Centaurea_jacea_Agroscope Changins,-2.795,0.262,Ordbeta,T0-T1,DIST,1,Agroscope Changins,Lambda,0.9157150879324937,Population growth rate,H4
Centaurea_jacea,Centaurea_jacea_Agroscope Changins,-2.795,0.262,Ordbeta,T0-T1,DIST,1,Agroscope Changins,R0,0.04342014145873782,Net reproductive rate,H1
Centaurea_jacea,Centaurea_jacea_Agroscope Changins,-2.795,0.262,Ordbeta,T0-T1,DIST,1,Agroscope Changins,Reactivity,1.5281791960385789,Reactivity,H3
Centaurea_jacea,Centaurea_jacea_Agroscope Changins,-2.795,0.262,Ordbeta,T0-T1,DIST,1,Agroscope Changins,T_generation,24.967550315740162,Generation time,H2
Centaurea_jacea,Centaurea_jacea_Agroscope Changins,-2.795,0.262,Ordbeta,T0-T1,DIST,1,Agroscope Changins,age_repro,5.189279856148214,Age at first reproduction,H2
Centaurea_jacea,Centaurea_jacea_Agroscope Changins,-2.795,0.262,Ordbeta,T0-T1,DIST,1,Agroscope Changins,percapita_repro,0.194462,Per capita reproduction,H1
Centaurea_jacea,Centaurea_jacea_Bayreuth DRAGNet,-2.349,0.263,Ordbeta,T0-T1,DIST,1,Bayreuth DRAGNet,FirstStepAtt,0.5628538515110156,First step attenuation,H3
Centaurea_jacea,Centaurea_jacea_Bayreuth DRAGNet,-2.349,0.263,Ordbeta,T0-T1,DIST,1,Bayreuth DRAGNet,Lambda,0.9157150879324937,Population growth rate,H4
Centaurea_jacea,Centaurea_jacea_Bayreuth DRAGNet,-2.349,0.263,Ordbeta,T0-T1,DIST,1,Bayreuth DRAGNet,R0,0.04342014145873782,Net reproductive rate,H1
Centaurea_jacea,Centaurea_jacea_Bayreuth DRAGNet,-2.349,0.263,Ordbeta,T0-T1,DIST,1,Bayreuth DRAGNet,Reactivity,1.5281791960385789,Reactivity,H3
Centaurea_jacea,Centaurea_jacea_Bayreuth DRAGNet,-2.349,0.263,Ordbeta,T0-T1,DIST,1,Bayreuth DRAGNet,T_generation,24.967550315740162,Generation time,H2
Centaurea_jacea,Centaurea_jacea_Bayreuth DRAGNet,-2.349,0.263,Ordbeta,T0-T1,DIST,1,Bayreuth DRAGNet,age_repro,5.189279856148214,Age at first reproduction,H2
Centaurea_jacea,Centaurea_jacea_Bayreuth DRAGNet,-2.349,0.263,Ordbeta,T0-T1,DIST,1,Bayreuth DRAGNet,percapita_repro,0.194462,Per capita reproduction,H1
Cerastium_fontanum,Cerastium_fontanum_Agroscope Changins,-2.884,0.229,Ordbeta,T0-T1,DIST,1,Agroscope Changins,FirstStepAtt,0.06747272390385081,First step attenuation,H3
Cerastium_fontanum,Cerastium_fontanum_Agroscope Changins,-2.884,0.229,Ordbeta,T0-T1,DIST,1,Agroscope Changins,Lambda,NA,Population growth rate,H4
Cerastium_fontanum,Cerastium_fontanum_Agroscope Changins,-2.884,0.229,Ordbeta,T0-T1,DIST,1,Agroscope Changins,R0,4.565200000000001,Net reproductive rate,H1
Cerastium_fontanum,Cerastium_fontanum_Agroscope Changins,-2.884,0.229,Ordbeta,T0-T1,DIST,1,Agroscope Changins,Reactivity,20.64082530586905,Reactivity,H3
Cerastium_fontanum,Cerastium_fontanum_Agroscope Changins,-2.884,0.229,Ordbeta,T0-T1,DIST,1,Agroscope Changins,T_generation,1.005061672121481,Generation time,H2
Cerastium_fontanum,Cerastium_fontanum_Agroscope Changins,-2.884,0.229,Ordbeta,T0-T1,DIST,1,Agroscope Changins,age_repro,2.428571428571429,Age at first reproduction,H2
Cerastium_fontanum,Cerastium_fontanum_Agroscope Changins,-2.884,0.229,Ordbeta,T0-T1,DIST,1,Agroscope Changins,percapita_repro,92.08,Per capita reproduction,H1
Cerastium_fontanum,Cerastium_fontanum_Bad Lauchstaedt,-2.66,0.431,Ordbeta,T0-T1,DIST,1,Bad Lauchstaedt,FirstStepAtt,0.06747272390385081,First step attenuation,H3
Cerastium_fontanum,Cerastium_fontanum_Bad Lauchstaedt,-2.66,0.431,Ordbeta,T0-T1,DIST,1,Bad Lauchstaedt,Lambda,NA,Population growth rate,H4
Cerastium_fontanum,Cerastium_fontanum_Bad Lauchstaedt,-2.66,0.431,Ordbeta,T0-T1,DIST,1,Bad Lauchstaedt,R0,4.565200000000001,Net reproductive rate,H1
Cerastium_fontanum,Cerastium_fontanum_Bad Lauchstaedt,-2.66,0.431,Ordbeta,T0-T1,DIST,1,Bad Lauchstaedt,Reactivity,20.64082530586905,Reactivity,H3
Cerastium_fontanum,Cerastium_fontanum_Bad Lauchstaedt,-2.66,0.431,Ordbeta,T0-T1,DIST,1,Bad Lauchstaedt,T_generation,1.005061672121481,Generation time,H2
Cerastium_fontanum,Cerastium_fontanum_Bad Lauchstaedt,-2.66,0.431,Ordbeta,T0-T1,DIST,1,Bad Lauchstaedt,age_repro,2.428571428571429,Age at first reproduction,H2
Cerastium_fontanum,Cerastium_fontanum_Bad Lauchstaedt,-2.66,0.431,Ordbeta,T0-T1,DIST,1,Bad Lauchstaedt,percapita_repro,92.08,Per capita reproduction,H1
Cerastium_fontanum,Cerastium_fontanum_Bayreuth DRAGNet,-2.68,0.304,Ordbeta,T0-T1,DIST,1,Bayreuth DRAGNet,FirstStepAtt,0.06747272390385081,First step attenuation,H3
Cerastium_fontanum,Cerastium_fontanum_Bayreuth DRAGNet,-2.68,0.304,Ordbeta,T0-T1,DIST,1,Bayreuth DRAGNet,Lambda,NA,Population growth rate,H4
Cerastium_fontanum,Cerastium_fontanum_Bayreuth DRAGNet,-2.68,0.304,Ordbeta,T0-T1,DIST,1,Bayreuth DRAGNet,R0,4.565200000000001,Net reproductive rate,H1
Cerastium_fontanum,Cerastium_fontanum_Bayreuth DRAGNet,-2.68,0.304,Ordbeta,T0-T1,DIST,1,Bayreuth DRAGNet,Reactivity,20.64082530586905,Reactivity,H3
Cerastium_fontanum,Cerastium_fontanum_Bayreuth DRAGNet,-2.68,0.304,Ordbeta,T0-T1,DIST,1,Bayreuth DRAGNet,T_generation,1.005061672121481,Generation time,H2
Cerastium_fontanum,Cerastium_fontanum_Bayreuth DRAGNet,-2.68,0.304,Ordbeta,T0-T1,DIST,1,Bayreuth DRAGNet,age_repro,2.428571428571429,Age at first reproduction,H2
Cerastium_fontanum,Cerastium_fontanum_Bayreuth DRAGNet,-2.68,0.304,Ordbeta,T0-T1,DIST,1,Bayreuth DRAGNet,percapita_repro,92.08,Per capita reproduction,H1
Cerastium_fontanum,Cerastium_fontanum_Hazelrigg,-2.787,0.513,Ordbeta,T0-T1,DIST,1,Hazelrigg,FirstStepAtt,0.06747272390385081,First step attenuation,H3
Cerastium_fontanum,Cerastium_fontanum_Hazelrigg,-2.787,0.513,Ordbeta,T0-T1,DIST,1,Hazelrigg,Lambda,NA,Population growth rate,H4
Cerastium_fontanum,Cerastium_fontanum_Hazelrigg,-2.787,0.513,Ordbeta,T0-T1,DIST,1,Hazelrigg,R0,4.565200000000001,Net reproductive rate,H1
Cerastium_fontanum,Cerastium_fontanum_Hazelrigg,-2.787,0.513,Ordbeta,T0-T1,DIST,1,Hazelrigg,Reactivity,20.64082530586905,Reactivity,H3
Cerastium_fontanum,Cerastium_fontanum_Hazelrigg,-2.787,0.513,Ordbeta,T0-T1,DIST,1,Hazelrigg,T_generation,1.005061672121481,Generation time,H2
Cerastium_fontanum,Cerastium_fontanum_Hazelrigg,-2.787,0.513,Ordbeta,T0-T1,DIST,1,Hazelrigg,age_repro,2.428571428571429,Age at first reproduction,H2
Cerastium_fontanum,Cerastium_fontanum_Hazelrigg,-2.787,0.513,Ordbeta,T0-T1,DIST,1,Hazelrigg,percapita_repro,92.08,Per capita reproduction,H1
Cerastium_fontanum,Cerastium_fontanum_Jena,-1.84,0.246,Ordbeta,T0-T1,DIST,1,Jena,FirstStepAtt,0.06747272390385081,First step attenuation,H3
Cerastium_fontanum,Cerastium_fontanum_Jena,-1.84,0.246,Ordbeta,T0-T1,DIST,1,Jena,Lambda,NA,Population growth rate,H4
Cerastium_fontanum,Cerastium_fontanum_Jena,-1.84,0.246,Ordbeta,T0-T1,DIST,1,Jena,R0,4.565200000000001,Net reproductive rate,H1
Cerastium_fontanum,Cerastium_fontanum_Jena,-1.84,0.246,Ordbeta,T0-T1,DIST,1,Jena,Reactivity,20.64082530586905,Reactivity,H3
Cerastium_fontanum,Cerastium_fontanum_Jena,-1.84,0.246,Ordbeta,T0-T1,DIST,1,Jena,T_generation,1.005061672121481,Generation time,H2
Cerastium_fontanum,Cerastium_fontanum_Jena,-1.84,0.246,Ordbeta,T0-T1,DIST,1,Jena,age_repro,2.428571428571429,Age at first reproduction,H2
Cerastium_fontanum,Cerastium_fontanum_Jena,-1.84,0.246,Ordbeta,T0-T1,DIST,1,Jena,percapita_repro,92.08,Per capita reproduction,H1
Cerastium_fontanum,Cerastium_fontanum_Lublin,-2.787,0.513,Ordbeta,T0-T1,DIST,1,Lublin,FirstStepAtt,0.06747272390385081,First step attenuation,H3
Cerastium_fontanum,Cerastium_fontanum_Lublin,-2.787,0.513,Ordbeta,T0-T1,DIST,1,Lublin,Lambda,NA,Population growth rate,H4
Cerastium_fontanum,Cerastium_fontanum_Lublin,-2.787,0.513,Ordbeta,T0-T1,DIST,1,Lublin,R0,4.565200000000001,Net reproductive rate,H1
Cerastium_fontanum,Cerastium_fontanum_Lublin,-2.787,0.513,Ordbeta,T0-T1,DIST,1,Lublin,Reactivity,20.64082530586905,Reactivity,H3
Cerastium_fontanum,Cerastium_fontanum_Lublin,-2.787,0.513,Ordbeta,T0-T1,DIST,1,Lublin,T_generation,1.005061672121481,Generation time,H2
Cerastium_fontanum,Cerastium_fontanum_Lublin,-2.787,0.513,Ordbeta,T0-T1,DIST,1,Lublin,age_repro,2.428571428571429,Age at first reproduction,H2
Cerastium_fontanum,Cerastium_fontanum_Lublin,-2.787,0.513,Ordbeta,T0-T1,DIST,1,Lublin,percapita_repro,92.08,Per capita reproduction,H1
Cerastium_fontanum,Cerastium_fontanum_Stoderzinken,-2.654,0.384,Ordbeta,T0-T1,DIST,1,Stoderzinken,FirstStepAtt,0.06747272390385081,First step attenuation,H3
Cerastium_fontanum,Cerastium_fontanum_Stoderzinken,-2.654,0.384,Ordbeta,T0-T1,DIST,1,Stoderzinken,Lambda,NA,Population growth rate,H4
Cerastium_fontanum,Cerastium_fontanum_Stoderzinken,-2.654,0.384,Ordbeta,T0-T1,DIST,1,Stoderzinken,R0,4.565200000000001,Net reproductive rate,H1
Cerastium_fontanum,Cerastium_fontanum_Stoderzinken,-2.654,0.384,Ordbeta,T0-T1,DIST,1,Stoderzinken,Reactivity,20.64082530586905,Reactivity,H3
Cerastium_fontanum,Cerastium_fontanum_Stoderzinken,-2.654,0.384,Ordbeta,T0-T1,DIST,1,Stoderzinken,T_generation,1.005061672121481,Generation time,H2
Cerastium_fontanum,Cerastium_fontanum_Stoderzinken,-2.654,0.384,Ordbeta,T0-T1,DIST,1,Stoderzinken,age_repro,2.428571428571429,Age at first reproduction,H2
Cerastium_fontanum,Cerastium_fontanum_Stoderzinken,-2.654,0.384,Ordbeta,T0-T1,DIST,1,Stoderzinken,percapita_repro,92.08,Per capita reproduction,H1
Cerastium_fontanum,Cerastium_fontanum_Wytham Woods,-2.621,0.231,Ordbeta,T0-T1,DIST,1,Wytham Woods,FirstStepAtt,0.06747272390385081,First step attenuation,H3
Cerastium_fontanum,Cerastium_fontanum_Wytham Woods,-2.621,0.231,Ordbeta,T0-T1,DIST,1,Wytham Woods,Lambda,NA,Population growth rate,H4
Cerastium_fontanum,Cerastium_fontanum_Wytham Woods,-2.621,0.231,Ordbeta,T0-T1,DIST,1,Wytham Woods,R0,4.565200000000001,Net reproductive rate,H1
Cerastium_fontanum,Cerastium_fontanum_Wytham Woods,-2.621,0.231,Ordbeta,T0-T1,DIST,1,Wytham Woods,Reactivity,20.64082530586905,Reactivity,H3
Cerastium_fontanum,Cerastium_fontanum_Wytham Woods,-2.621,0.231,Ordbeta,T0-T1,DIST,1,Wytham Woods,T_generation,1.005061672121481,Generation time,H2
Cerastium_fontanum,Cerastium_fontanum_Wytham Woods,-2.621,0.231,Ordbeta,T0-T1,DIST,1,Wytham Woods,age_repro,2.428571428571429,Age at first reproduction,H2
Cerastium_fontanum,Cerastium_fontanum_Wytham Woods,-2.621,0.231,Ordbeta,T0-T1,DIST,1,Wytham Woods,percapita_repro,92.08,Per capita reproduction,H1
Cirsium_arvense,Cirsium_arvense_Ainsdale Dune Slacks,-2.769,0.515,Ordbeta,T0-T1,DIST,1,Ainsdale Dune Slacks,FirstStepAtt,0.03582886143808612,First step attenuation,H3
Cirsium_arvense,Cirsium_arvense_Ainsdale Dune Slacks,-2.769,0.515,Ordbeta,T0-T1,DIST,1,Ainsdale Dune Slacks,Lambda,NA,Population growth rate,H4
Cirsium_arvense,Cirsium_arvense_Ainsdale Dune Slacks,-2.769,0.515,Ordbeta,T0-T1,DIST,1,Ainsdale Dune Slacks,R0,25.252242926155972,Net reproductive rate,H1
Cirsium_arvense,Cirsium_arvense_Ainsdale Dune Slacks,-2.769,0.515,Ordbeta,T0-T1,DIST,1,Ainsdale Dune Slacks,Reactivity,58.34730085192325,Reactivity,H3
Cirsium_arvense,Cirsium_arvense_Ainsdale Dune Slacks,-2.769,0.515,Ordbeta,T0-T1,DIST,1,Ainsdale Dune Slacks,T_generation,2.1605465557061296,Generation time,H2
Cirsium_arvense,Cirsium_arvense_Ainsdale Dune Slacks,-2.769,0.515,Ordbeta,T0-T1,DIST,1,Ainsdale Dune Slacks,age_repro,3.1980676328502415,Age at first reproduction,H2
Cirsium_arvense,Cirsium_arvense_Ainsdale Dune Slacks,-2.769,0.515,Ordbeta,T0-T1,DIST,1,Ainsdale Dune Slacks,percapita_repro,227.69000000000003,Per capita reproduction,H1
Cirsium_arvense,Cirsium_arvense_Bad Lauchstaedt,-2.252,0.256,Ordbeta,T0-T1,DIST,1,Bad Lauchstaedt,FirstStepAtt,0.03582886143808612,First step attenuation,H3
Cirsium_arvense,Cirsium_arvense_Bad Lauchstaedt,-2.252,0.256,Ordbeta,T0-T1,DIST,1,Bad Lauchstaedt,Lambda,NA,Population growth rate,H4
Cirsium_arvense,Cirsium_arvense_Bad Lauchstaedt,-2.252,0.256,Ordbeta,T0-T1,DIST,1,Bad Lauchstaedt,R0,25.252242926155972,Net reproductive rate,H1
Cirsium_arvense,Cirsium_arvense_Bad Lauchstaedt,-2.252,0.256,Ordbeta,T0-T1,DIST,1,Bad Lauchstaedt,Reactivity,58.34730085192325,Reactivity,H3
Cirsium_arvense,Cirsium_arvense_Bad Lauchstaedt,-2.252,0.256,Ordbeta,T0-T1,DIST,1,Bad Lauchstaedt,T_generation,2.1605465557061296,Generation time,H2
Cirsium_arvense,Cirsium_arvense_Bad Lauchstaedt,-2.252,0.256,Ordbeta,T0-T1,DIST,1,Bad Lauchstaedt,age_repro,3.1980676328502415,Age at first reproduction,H2
Cirsium_arvense,Cirsium_arvense_Bad Lauchstaedt,-2.252,0.256,Ordbeta,T0-T1,DIST,1,Bad Lauchstaedt,percapita_repro,227.69000000000003,Per capita reproduction,H1
Cirsium_arvense,Cirsium_arvense_Blandy Experimental Farm,-1.577,0.263,Ordbeta,T0-T1,DIST,1,Blandy Experimental Farm,FirstStepAtt,0.03582886143808612,First step attenuation,H3
Cirsium_arvense,Cirsium_arvense_Blandy Experimental Farm,-1.577,0.263,Ordbeta,T0-T1,DIST,1,Blandy Experimental Farm,Lambda,NA,Population growth rate,H4
Cirsium_arvense,Cirsium_arvense_Blandy Experimental Farm,-1.577,0.263,Ordbeta,T0-T1,DIST,1,Blandy Experimental Farm,R0,25.252242926155972,Net reproductive rate,H1
Cirsium_arvense,Cirsium_arvense_Blandy Experimental Farm,-1.577,0.263,Ordbeta,T0-T1,DIST,1,Blandy Experimental Farm,Reactivity,58.34730085192325,Reactivity,H3
Cirsium_arvense,Cirsium_arvense_Blandy Experimental Farm,-1.577,0.263,Ordbeta,T0-T1,DIST,1,Blandy Experimental Farm,T_generation,2.1605465557061296,Generation time,H2
Cirsium_arvense,Cirsium_arvense_Blandy Experimental Farm,-1.577,0.263,Ordbeta,T0-T1,DIST,1,Blandy Experimental Farm,age_repro,3.1980676328502415,Age at first reproduction,H2
Cirsium_arvense,Cirsium_arvense_Blandy Experimental Farm,-1.577,0.263,Ordbeta,T0-T1,DIST,1,Blandy Experimental Farm,percapita_repro,227.69000000000003,Per capita reproduction,H1
Cirsium_arvense,Cirsium_arvense_Hazelrigg,-2.188,0.301,Ordbeta,T0-T1,DIST,1,Hazelrigg,FirstStepAtt,0.03582886143808612,First step attenuation,H3
Cirsium_arvense,Cirsium_arvense_Hazelrigg,-2.188,0.301,Ordbeta,T0-T1,DIST,1,Hazelrigg,Lambda,NA,Population growth rate,H4
Cirsium_arvense,Cirsium_arvense_Hazelrigg,-2.188,0.301,Ordbeta,T0-T1,DIST,1,Hazelrigg,R0,25.252242926155972,Net reproductive rate,H1
Cirsium_arvense,Cirsium_arvense_Hazelrigg,-2.188,0.301,Ordbeta,T0-T1,DIST,1,Hazelrigg,Reactivity,58.34730085192325,Reactivity,H3
Cirsium_arvense,Cirsium_arvense_Hazelrigg,-2.188,0.301,Ordbeta,T0-T1,DIST,1,Hazelrigg,T_generation,2.1605465557061296,Generation time,H2
Cirsium_arvense,Cirsium_arvense_Hazelrigg,-2.188,0.301,Ordbeta,T0-T1,DIST,1,Hazelrigg,age_repro,3.1980676328502415,Age at first reproduction,H2
Cirsium_arvense,Cirsium_arvense_Hazelrigg,-2.188,0.301,Ordbeta,T0-T1,DIST,1,Hazelrigg,percapita_repro,227.69000000000003,Per capita reproduction,H1
Cirsium_arvense,Cirsium_arvense_Jena,-2.081,0.468,Ordbeta,T0-T1,DIST,1,Jena,FirstStepAtt,0.03582886143808612,First step attenuation,H3
Cirsium_arvense,Cirsium_arvense_Jena,-2.081,0.468,Ordbeta,T0-T1,DIST,1,Jena,Lambda,NA,Population growth rate,H4
Cirsium_arvense,Cirsium_arvense_Jena,-2.081,0.468,Ordbeta,T0-T1,DIST,1,Jena,R0,25.252242926155972,Net reproductive rate,H1
Cirsium_arvense,Cirsium_arvense_Jena,-2.081,0.468,Ordbeta,T0-T1,DIST,1,Jena,Reactivity,58.34730085192325,Reactivity,H3
Cirsium_arvense,Cirsium_arvense_Jena,-2.081,0.468,Ordbeta,T0-T1,DIST,1,Jena,T_generation,2.1605465557061296,Generation time,H2
Cirsium_arvense,Cirsium_arvense_Jena,-2.081,0.468,Ordbeta,T0-T1,DIST,1,Jena,age_repro,3.1980676328502415,Age at first reproduction,H2
Cirsium_arvense,Cirsium_arvense_Jena,-2.081,0.468,Ordbeta,T0-T1,DIST,1,Jena,percapita_repro,227.69000000000003,Per capita reproduction,H1
Cirsium_arvense,Cirsium_arvense_Lublin,-2.285,0.289,Ordbeta,T0-T1,DIST,1,Lublin,FirstStepAtt,0.03582886143808612,First step attenuation,H3
Cirsium_arvense,Cirsium_arvense_Lublin,-2.285,0.289,Ordbeta,T0-T1,DIST,1,Lublin,Lambda,NA,Population growth rate,H4
Cirsium_arvense,Cirsium_arvense_Lublin,-2.285,0.289,Ordbeta,T0-T1,DIST,1,Lublin,R0,25.252242926155972,Net reproductive rate,H1
Cirsium_arvense,Cirsium_arvense_Lublin,-2.285,0.289,Ordbeta,T0-T1,DIST,1,Lublin,Reactivity,58.34730085192325,Reactivity,H3
Cirsium_arvense,Cirsium_arvense_Lublin,-2.285,0.289,Ordbeta,T0-T1,DIST,1,Lublin,T_generation,2.1605465557061296,Generation time,H2
Cirsium_arvense,Cirsium_arvense_Lublin,-2.285,0.289,Ordbeta,T0-T1,DIST,1,Lublin,age_repro,3.1980676328502415,Age at first reproduction,H2
Cirsium_arvense,Cirsium_arvense_Lublin,-2.285,0.289,Ordbeta,T0-T1,DIST,1,Lublin,percapita_repro,227.69000000000003,Per capita reproduction,H1
Cirsium_arvense,Cirsium_arvense_Oak Lake Field Station,-2.328,0.271,Ordbeta,T0-T1,DIST,1,Oak Lake Field Station,FirstStepAtt,0.03582886143808612,First step attenuation,H3
Cirsium_arvense,Cirsium_arvense_Oak Lake Field Station,-2.328,0.271,Ordbeta,T0-T1,DIST,1,Oak Lake Field Station,Lambda,NA,Population growth rate,H4
Cirsium_arvense,Cirsium_arvense_Oak Lake Field Station,-2.328,0.271,Ordbeta,T0-T1,DIST,1,Oak Lake Field Station,R0,25.252242926155972,Net reproductive rate,H1
Cirsium_arvense,Cirsium_arvense_Oak Lake Field Station,-2.328,0.271,Ordbeta,T0-T1,DIST,1,Oak Lake Field Station,Reactivity,58.34730085192325,Reactivity,H3
Cirsium_arvense,Cirsium_arvense_Oak Lake Field Station,-2.328,0.271,Ordbeta,T0-T1,DIST,1,Oak Lake Field Station,T_generation,2.1605465557061296,Generation time,H2
Cirsium_arvense,Cirsium_arvense_Oak Lake Field Station,-2.328,0.271,Ordbeta,T0-T1,DIST,1,Oak Lake Field Station,age_repro,3.1980676328502415,Age at first reproduction,H2
Cirsium_arvense,Cirsium_arvense_Oak Lake Field Station,-2.328,0.271,Ordbeta,T0-T1,DIST,1,Oak Lake Field Station,percapita_repro,227.69000000000003,Per capita reproduction,H1
Cirsium_arvense,Cirsium_arvense_Wytham Woods,-2.842,0.505,Ordbeta,T0-T1,DIST,1,Wytham Woods,FirstStepAtt,0.03582886143808612,First step attenuation,H3
Cirsium_arvense,Cirsium_arvense_Wytham Woods,-2.842,0.505,Ordbeta,T0-T1,DIST,1,Wytham Woods,Lambda,NA,Population growth rate,H4
Cirsium_arvense,Cirsium_arvense_Wytham Woods,-2.842,0.505,Ordbeta,T0-T1,DIST,1,Wytham Woods,R0,25.252242926155972,Net reproductive rate,H1
Cirsium_arvense,Cirsium_arvense_Wytham Woods,-2.842,0.505,Ordbeta,T0-T1,DIST,1,Wytham Woods,Reactivity,58.34730085192325,Reactivity,H3
Cirsium_arvense,Cirsium_arvense_Wytham Woods,-2.842,0.505,Ordbeta,T0-T1,DIST,1,Wytham Woods,T_generation,2.1605465557061296,Generation time,H2
Cirsium_arvense,Cirsium_arvense_Wytham Woods,-2.842,0.505,Ordbeta,T0-T1,DIST,1,Wytham Woods,age_repro,3.1980676328502415,Age at first reproduction,H2
Cirsium_arvense,Cirsium_arvense_Wytham Woods,-2.842,0.505,Ordbeta,T0-T1,DIST,1,Wytham Woods,percapita_repro,227.69000000000003,Per capita reproduction,H1
Cirsium_palustre,Cirsium_palustre_Ainsdale Dune Slacks,-2.743,0.272,Ordbeta,T0-T1,DIST,1,Ainsdale Dune Slacks,FirstStepAtt,0.07529815241716949,First step attenuation,H3
Cirsium_palustre,Cirsium_palustre_Ainsdale Dune Slacks,-2.743,0.272,Ordbeta,T0-T1,DIST,1,Ainsdale Dune Slacks,Lambda,1.4428002172428838,Population growth rate,H4
Cirsium_palustre,Cirsium_palustre_Ainsdale Dune Slacks,-2.743,0.272,Ordbeta,T0-T1,DIST,1,Ainsdale Dune Slacks,R0,3.9765390918588195,Net reproductive rate,H1
Cirsium_palustre,Cirsium_palustre_Ainsdale Dune Slacks,-2.743,0.272,Ordbeta,T0-T1,DIST,1,Ainsdale Dune Slacks,Reactivity,135.40925764244574,Reactivity,H3
Cirsium_palustre,Cirsium_palustre_Ainsdale Dune Slacks,-2.743,0.272,Ordbeta,T0-T1,DIST,1,Ainsdale Dune Slacks,T_generation,3.4105738426838377,Generation time,H2
Cirsium_palustre,Cirsium_palustre_Ainsdale Dune Slacks,-2.743,0.272,Ordbeta,T0-T1,DIST,1,Ainsdale Dune Slacks,age_repro,4.644439392456942,Age at first reproduction,H2
Cirsium_palustre,Cirsium_palustre_Ainsdale Dune Slacks,-2.743,0.272,Ordbeta,T0-T1,DIST,1,Ainsdale Dune Slacks,percapita_repro,144.421424196392,Per capita reproduction,H1
Cirsium_vulgare,Cirsium_vulgare_Bayreuth DRAGNet,-2.687,0.528,Ordbeta,T0-T1,DIST,1,Bayreuth DRAGNet,FirstStepAtt,0.08162031038146667,First step attenuation,H3
Cirsium_vulgare,Cirsium_vulgare_Bayreuth DRAGNet,-2.687,0.528,Ordbeta,T0-T1,DIST,1,Bayreuth DRAGNet,Lambda,0.7844344795818798,Population growth rate,H4
Cirsium_vulgare,Cirsium_vulgare_Bayreuth DRAGNet,-2.687,0.528,Ordbeta,T0-T1,DIST,1,Bayreuth DRAGNet,R0,0.8195072926757908,Net reproductive rate,H1
Cirsium_vulgare,Cirsium_vulgare_Bayreuth DRAGNet,-2.687,0.528,Ordbeta,T0-T1,DIST,1,Bayreuth DRAGNet,Reactivity,59.024158645538215,Reactivity,H3
Cirsium_vulgare,Cirsium_vulgare_Bayreuth DRAGNet,-2.687,0.528,Ordbeta,T0-T1,DIST,1,Bayreuth DRAGNet,T_generation,7.14988746903825,Generation time,H2
Cirsium_vulgare,Cirsium_vulgare_Bayreuth DRAGNet,-2.687,0.528,Ordbeta,T0-T1,DIST,1,Bayreuth DRAGNet,age_repro,2.6409359478553704,Age at first reproduction,H2
Cirsium_vulgare,Cirsium_vulgare_Bayreuth DRAGNet,-2.687,0.528,Ordbeta,T0-T1,DIST,1,Bayreuth DRAGNet,percapita_repro,63.92145,Per capita reproduction,H1
Cirsium_vulgare,Cirsium_vulgare_Cowichan,-2.599,0.386,Ordbeta,T0-T1,DIST,1,Cowichan,FirstStepAtt,0.08162031038146667,First step attenuation,H3
Cirsium_vulgare,Cirsium_vulgare_Cowichan,-2.599,0.386,Ordbeta,T0-T1,DIST,1,Cowichan,Lambda,0.7844344795818798,Population growth rate,H4
Cirsium_vulgare,Cirsium_vulgare_Cowichan,-2.599,0.386,Ordbeta,T0-T1,DIST,1,Cowichan,R0,0.8195072926757908,Net reproductive rate,H1
Cirsium_vulgare,Cirsium_vulgare_Cowichan,-2.599,0.386,Ordbeta,T0-T1,DIST,1,Cowichan,Reactivity,59.024158645538215,Reactivity,H3
Cirsium_vulgare,Cirsium_vulgare_Cowichan,-2.599,0.386,Ordbeta,T0-T1,DIST,1,Cowichan,T_generation,7.14988746903825,Generation time,H2
Cirsium_vulgare,Cirsium_vulgare_Cowichan,-2.599,0.386,Ordbeta,T0-T1,DIST,1,Cowichan,age_repro,2.6409359478553704,Age at first reproduction,H2
Cirsium_vulgare,Cirsium_vulgare_Cowichan,-2.599,0.386,Ordbeta,T0-T1,DIST,1,Cowichan,percapita_repro,63.92145,Per capita reproduction,H1
Cirsium_vulgare,Cirsium_vulgare_Jena,-2.769,0.515,Ordbeta,T0-T1,DIST,1,Jena,FirstStepAtt,0.08162031038146667,First step attenuation,H3
Cirsium_vulgare,Cirsium_vulgare_Jena,-2.769,0.515,Ordbeta,T0-T1,DIST,1,Jena,Lambda,0.7844344795818798,Population growth rate,H4
Cirsium_vulgare,Cirsium_vulgare_Jena,-2.769,0.515,Ordbeta,T0-T1,DIST,1,Jena,R0,0.8195072926757908,Net reproductive rate,H1
Cirsium_vulgare,Cirsium_vulgare_Jena,-2.769,0.515,Ordbeta,T0-T1,DIST,1,Jena,Reactivity,59.024158645538215,Reactivity,H3
Cirsium_vulgare,Cirsium_vulgare_Jena,-2.769,0.515,Ordbeta,T0-T1,DIST,1,Jena,T_generation,7.14988746903825,Generation time,H2
Cirsium_vulgare,Cirsium_vulgare_Jena,-2.769,0.515,Ordbeta,T0-T1,DIST,1,Jena,age_repro,2.6409359478553704,Age at first reproduction,H2
Cirsium_vulgare,Cirsium_vulgare_Jena,-2.769,0.515,Ordbeta,T0-T1,DIST,1,Jena,percapita_repro,63.92145,Per capita reproduction,H1
Cirsium_vulgare,Cirsium_vulgare_Lublin,-2.475,0.565,Ordbeta,T0-T1,DIST,1,Lublin,FirstStepAtt,0.08162031038146667,First step attenuation,H3
Cirsium_vulgare,Cirsium_vulgare_Lublin,-2.475,0.565,Ordbeta,T0-T1,DIST,1,Lublin,Lambda,0.7844344795818798,Population growth rate,H4
Cirsium_vulgare,Cirsium_vulgare_Lublin,-2.475,0.565,Ordbeta,T0-T1,DIST,1,Lublin,R0,0.8195072926757908,Net reproductive rate,H1
Cirsium_vulgare,Cirsium_vulgare_Lublin,-2.475,0.565,Ordbeta,T0-T1,DIST,1,Lublin,Reactivity,59.024158645538215,Reactivity,H3
Cirsium_vulgare,Cirsium_vulgare_Lublin,-2.475,0.565,Ordbeta,T0-T1,DIST,1,Lublin,T_generation,7.14988746903825,Generation time,H2
Cirsium_vulgare,Cirsium_vulgare_Lublin,-2.475,0.565,Ordbeta,T0-T1,DIST,1,Lublin,age_repro,2.6409359478553704,Age at first reproduction,H2
Cirsium_vulgare,Cirsium_vulgare_Lublin,-2.475,0.565,Ordbeta,T0-T1,DIST,1,Lublin,percapita_repro,63.92145,Per capita reproduction,H1
Cirsium_vulgare,Cirsium_vulgare_San Claudio,-2.425,0.362,Ordbeta,T0-T1,DIST,1,San Claudio,FirstStepAtt,0.08162031038146667,First step attenuation,H3
Cirsium_vulgare,Cirsium_vulgare_San Claudio,-2.425,0.362,Ordbeta,T0-T1,DIST,1,San Claudio,Lambda,0.7844344795818798,Population growth rate,H4
Cirsium_vulgare,Cirsium_vulgare_San Claudio,-2.425,0.362,Ordbeta,T0-T1,DIST,1,San Claudio,R0,0.8195072926757908,Net reproductive rate,H1
Cirsium_vulgare,Cirsium_vulgare_San Claudio,-2.425,0.362,Ordbeta,T0-T1,DIST,1,San Claudio,Reactivity,59.024158645538215,Reactivity,H3
Cirsium_vulgare,Cirsium_vulgare_San Claudio,-2.425,0.362,Ordbeta,T0-T1,DIST,1,San Claudio,T_generation,7.14988746903825,Generation time,H2
Cirsium_vulgare,Cirsium_vulgare_San Claudio,-2.425,0.362,Ordbeta,T0-T1,DIST,1,San Claudio,age_repro,2.6409359478553704,Age at first reproduction,H2
Cirsium_vulgare,Cirsium_vulgare_San Claudio,-2.425,0.362,Ordbeta,T0-T1,DIST,1,San Claudio,percapita_repro,63.92145,Per capita reproduction,H1
Cirsium_vulgare,Cirsium_vulgare_Wytham Woods,-3.153,0.417,Ordbeta,T0-T1,DIST,1,Wytham Woods,FirstStepAtt,0.08162031038146667,First step attenuation,H3
Cirsium_vulgare,Cirsium_vulgare_Wytham Woods,-3.153,0.417,Ordbeta,T0-T1,DIST,1,Wytham Woods,Lambda,0.7844344795818798,Population growth rate,H4
Cirsium_vulgare,Cirsium_vulgare_Wytham Woods,-3.153,0.417,Ordbeta,T0-T1,DIST,1,Wytham Woods,R0,0.8195072926757908,Net reproductive rate,H1
Cirsium_vulgare,Cirsium_vulgare_Wytham Woods,-3.153,0.417,Ordbeta,T0-T1,DIST,1,Wytham Woods,Reactivity,59.024158645538215,Reactivity,H3
Cirsium_vulgare,Cirsium_vulgare_Wytham Woods,-3.153,0.417,Ordbeta,T0-T1,DIST,1,Wytham Woods,T_generation,7.14988746903825,Generation time,H2
Cirsium_vulgare,Cirsium_vulgare_Wytham Woods,-3.153,0.417,Ordbeta,T0-T1,DIST,1,Wytham Woods,age_repro,2.6409359478553704,Age at first reproduction,H2
Cirsium_vulgare,Cirsium_vulgare_Wytham Woods,-3.153,0.417,Ordbeta,T0-T1,DIST,1,Wytham Woods,percapita_repro,63.92145,Per capita reproduction,H1
Daucus_carota,Daucus_carota_Agroscope Changins,-2.457,0.277,Ordbeta,T0-T1,DIST,1,Agroscope Changins,FirstStepAtt,0.01758673530383129,First step attenuation,H3
Daucus_carota,Daucus_carota_Agroscope Changins,-2.457,0.277,Ordbeta,T0-T1,DIST,1,Agroscope Changins,Lambda,1.7161044748521754,Population growth rate,H4
Daucus_carota,Daucus_carota_Agroscope Changins,-2.457,0.277,Ordbeta,T0-T1,DIST,1,Agroscope Changins,R0,6.1698230778493,Net reproductive rate,H1
Daucus_carota,Daucus_carota_Agroscope Changins,-2.457,0.277,Ordbeta,T0-T1,DIST,1,Agroscope Changins,Reactivity,NA,Reactivity,H3
Daucus_carota,Daucus_carota_Agroscope Changins,-2.457,0.277,Ordbeta,T0-T1,DIST,1,Agroscope Changins,T_generation,3.286335771933298,Generation time,H2
Daucus_carota,Daucus_carota_Agroscope Changins,-2.457,0.277,Ordbeta,T0-T1,DIST,1,Agroscope Changins,age_repro,4.184020439472138,Age at first reproduction,H2
Daucus_carota,Daucus_carota_Agroscope Changins,-2.457,0.277,Ordbeta,T0-T1,DIST,1,Agroscope Changins,percapita_repro,NA,Per capita reproduction,H1
Daucus_carota,Daucus_carota_Bad Lauchstaedt,-2.43,0.447,Ordbeta,T0-T1,DIST,1,Bad Lauchstaedt,FirstStepAtt,0.01758673530383129,First step attenuation,H3
Daucus_carota,Daucus_carota_Bad Lauchstaedt,-2.43,0.447,Ordbeta,T0-T1,DIST,1,Bad Lauchstaedt,Lambda,1.7161044748521754,Population growth rate,H4
Daucus_carota,Daucus_carota_Bad Lauchstaedt,-2.43,0.447,Ordbeta,T0-T1,DIST,1,Bad Lauchstaedt,R0,6.1698230778493,Net reproductive rate,H1
Daucus_carota,Daucus_carota_Bad Lauchstaedt,-2.43,0.447,Ordbeta,T0-T1,DIST,1,Bad Lauchstaedt,Reactivity,NA,Reactivity,H3
Daucus_carota,Daucus_carota_Bad Lauchstaedt,-2.43,0.447,Ordbeta,T0-T1,DIST,1,Bad Lauchstaedt,T_generation,3.286335771933298,Generation time,H2
Daucus_carota,Daucus_carota_Bad Lauchstaedt,-2.43,0.447,Ordbeta,T0-T1,DIST,1,Bad Lauchstaedt,age_repro,4.184020439472138,Age at first reproduction,H2
Daucus_carota,Daucus_carota_Bad Lauchstaedt,-2.43,0.447,Ordbeta,T0-T1,DIST,1,Bad Lauchstaedt,percapita_repro,NA,Per capita reproduction,H1
Daucus_carota,Daucus_carota_CEREEP - Ecotron IDF,-1.87,0.314,Ordbeta,T0-T1,DIST,1,CEREEP - Ecotron IDF,FirstStepAtt,0.01758673530383129,First step attenuation,H3
Daucus_carota,Daucus_carota_CEREEP - Ecotron IDF,-1.87,0.314,Ordbeta,T0-T1,DIST,1,CEREEP - Ecotron IDF,Lambda,1.7161044748521754,Population growth rate,H4
Daucus_carota,Daucus_carota_CEREEP - Ecotron IDF,-1.87,0.314,Ordbeta,T0-T1,DIST,1,CEREEP - Ecotron IDF,R0,6.1698230778493,Net reproductive rate,H1
Daucus_carota,Daucus_carota_CEREEP - Ecotron IDF,-1.87,0.314,Ordbeta,T0-T1,DIST,1,CEREEP - Ecotron IDF,Reactivity,NA,Reactivity,H3
Daucus_carota,Daucus_carota_CEREEP - Ecotron IDF,-1.87,0.314,Ordbeta,T0-T1,DIST,1,CEREEP - Ecotron IDF,T_generation,3.286335771933298,Generation time,H2
Daucus_carota,Daucus_carota_CEREEP - Ecotron IDF,-1.87,0.314,Ordbeta,T0-T1,DIST,1,CEREEP - Ecotron IDF,age_repro,4.184020439472138,Age at first reproduction,H2
Daucus_carota,Daucus_carota_CEREEP - Ecotron IDF,-1.87,0.314,Ordbeta,T0-T1,DIST,1,CEREEP - Ecotron IDF,percapita_repro,NA,Per capita reproduction,H1
Daucus_carota,Daucus_carota_Churning Rapids,-2.131,0.366,Ordbeta,T0-T1,DIST,1,Churning Rapids,FirstStepAtt,0.01758673530383129,First step attenuation,H3
Daucus_carota,Daucus_carota_Churning Rapids,-2.131,0.366,Ordbeta,T0-T1,DIST,1,Churning Rapids,Lambda,1.7161044748521754,Population growth rate,H4
Daucus_carota,Daucus_carota_Churning Rapids,-2.131,0.366,Ordbeta,T0-T1,DIST,1,Churning Rapids,R0,6.1698230778493,Net reproductive rate,H1
Daucus_carota,Daucus_carota_Churning Rapids,-2.131,0.366,Ordbeta,T0-T1,DIST,1,Churning Rapids,Reactivity,NA,Reactivity,H3
Daucus_carota,Daucus_carota_Churning Rapids,-2.131,0.366,Ordbeta,T0-T1,DIST,1,Churning Rapids,T_generation,3.286335771933298,Generation time,H2
Daucus_carota,Daucus_carota_Churning Rapids,-2.131,0.366,Ordbeta,T0-T1,DIST,1,Churning Rapids,age_repro,4.184020439472138,Age at first reproduction,H2
Daucus_carota,Daucus_carota_Churning Rapids,-2.131,0.366,Ordbeta,T0-T1,DIST,1,Churning Rapids,percapita_repro,NA,Per capita reproduction,H1
Daucus_carota,Daucus_carota_Kellogg Biological Station (KBS),-2.776,0.312,Ordbeta,T0-T1,DIST,1,Kellogg Biological Station (KBS),FirstStepAtt,0.01758673530383129,First step attenuation,H3
Daucus_carota,Daucus_carota_Kellogg Biological Station (KBS),-2.776,0.312,Ordbeta,T0-T1,DIST,1,Kellogg Biological Station (KBS),Lambda,1.7161044748521754,Population growth rate,H4
Daucus_carota,Daucus_carota_Kellogg Biological Station (KBS),-2.776,0.312,Ordbeta,T0-T1,DIST,1,Kellogg Biological Station (KBS),R0,6.1698230778493,Net reproductive rate,H1
Daucus_carota,Daucus_carota_Kellogg Biological Station (KBS),-2.776,0.312,Ordbeta,T0-T1,DIST,1,Kellogg Biological Station (KBS),Reactivity,NA,Reactivity,H3
Daucus_carota,Daucus_carota_Kellogg Biological Station (KBS),-2.776,0.312,Ordbeta,T0-T1,DIST,1,Kellogg Biological Station (KBS),T_generation,3.286335771933298,Generation time,H2
Daucus_carota,Daucus_carota_Kellogg Biological Station (KBS),-2.776,0.312,Ordbeta,T0-T1,DIST,1,Kellogg Biological Station (KBS),age_repro,4.184020439472138,Age at first reproduction,H2
Daucus_carota,Daucus_carota_Kellogg Biological Station (KBS),-2.776,0.312,Ordbeta,T0-T1,DIST,1,Kellogg Biological Station (KBS),percapita_repro,NA,Per capita reproduction,H1
Daucus_carota,Daucus_carota_Kniezenberg,-2.686,0.394,Ordbeta,T0-T1,DIST,1,Kniezenberg,FirstStepAtt,0.01758673530383129,First step attenuation,H3
Daucus_carota,Daucus_carota_Kniezenberg,-2.686,0.394,Ordbeta,T0-T1,DIST,1,Kniezenberg,Lambda,1.7161044748521754,Population growth rate,H4
Daucus_carota,Daucus_carota_Kniezenberg,-2.686,0.394,Ordbeta,T0-T1,DIST,1,Kniezenberg,R0,6.1698230778493,Net reproductive rate,H1
Daucus_carota,Daucus_carota_Kniezenberg,-2.686,0.394,Ordbeta,T0-T1,DIST,1,Kniezenberg,Reactivity,NA,Reactivity,H3
Daucus_carota,Daucus_carota_Kniezenberg,-2.686,0.394,Ordbeta,T0-T1,DIST,1,Kniezenberg,T_generation,3.286335771933298,Generation time,H2
Daucus_carota,Daucus_carota_Kniezenberg,-2.686,0.394,Ordbeta,T0-T1,DIST,1,Kniezenberg,age_repro,4.184020439472138,Age at first reproduction,H2
Daucus_carota,Daucus_carota_Kniezenberg,-2.686,0.394,Ordbeta,T0-T1,DIST,1,Kniezenberg,percapita_repro,NA,Per capita reproduction,H1
Daucus_carota,Daucus_carota_Lublin,-2.473,0.298,Ordbeta,T0-T1,DIST,1,Lublin,FirstStepAtt,0.01758673530383129,First step attenuation,H3
Daucus_carota,Daucus_carota_Lublin,-2.473,0.298,Ordbeta,T0-T1,DIST,1,Lublin,Lambda,1.7161044748521754,Population growth rate,H4
Daucus_carota,Daucus_carota_Lublin,-2.473,0.298,Ordbeta,T0-T1,DIST,1,Lublin,R0,6.1698230778493,Net reproductive rate,H1
Daucus_carota,Daucus_carota_Lublin,-2.473,0.298,Ordbeta,T0-T1,DIST,1,Lublin,Reactivity,NA,Reactivity,H3
Daucus_carota,Daucus_carota_Lublin,-2.473,0.298,Ordbeta,T0-T1,DIST,1,Lublin,T_generation,3.286335771933298,Generation time,H2
Daucus_carota,Daucus_carota_Lublin,-2.473,0.298,Ordbeta,T0-T1,DIST,1,Lublin,age_repro,4.184020439472138,Age at first reproduction,H2
Daucus_carota,Daucus_carota_Lublin,-2.473,0.298,Ordbeta,T0-T1,DIST,1,Lublin,percapita_repro,NA,Per capita reproduction,H1
Echium_vulgare,Echium_vulgare_Algaida,-2.772,0.364,Ordbeta,T0-T1,DIST,1,Algaida,FirstStepAtt,0.22744924671374073,First step attenuation,H3
Echium_vulgare,Echium_vulgare_Algaida,-2.772,0.364,Ordbeta,T0-T1,DIST,1,Algaida,Lambda,1.5475980030086196,Population growth rate,H4
Echium_vulgare,Echium_vulgare_Algaida,-2.772,0.364,Ordbeta,T0-T1,DIST,1,Algaida,R0,4.969907712,Net reproductive rate,H1
Echium_vulgare,Echium_vulgare_Algaida,-2.772,0.364,Ordbeta,T0-T1,DIST,1,Algaida,Reactivity,26.21611033428946,Reactivity,H3
Echium_vulgare,Echium_vulgare_Algaida,-2.772,0.364,Ordbeta,T0-T1,DIST,1,Algaida,T_generation,3.622409834789642,Generation time,H2
Echium_vulgare,Echium_vulgare_Algaida,-2.772,0.364,Ordbeta,T0-T1,DIST,1,Algaida,age_repro,3.718390804597701,Age at first reproduction,H2
Echium_vulgare,Echium_vulgare_Algaida,-2.772,0.364,Ordbeta,T0-T1,DIST,1,Algaida,percapita_repro,40.572,Per capita reproduction,H1
Elymus_repens,Elymus_repens_Agroscope Changins,-2.651,0.536,Ordbeta,T0-T1,DIST,1,Agroscope Changins,FirstStepAtt,3.047385171708314e-9,First step attenuation,H3
Elymus_repens,Elymus_repens_Agroscope Changins,-2.651,0.536,Ordbeta,T0-T1,DIST,1,Agroscope Changins,Lambda,NA,Population growth rate,H4
Elymus_repens,Elymus_repens_Agroscope Changins,-2.651,0.536,Ordbeta,T0-T1,DIST,1,Agroscope Changins,R0,74.20285511581929,Net reproductive rate,H1
Elymus_repens,Elymus_repens_Agroscope Changins,-2.651,0.536,Ordbeta,T0-T1,DIST,1,Agroscope Changins,Reactivity,NA,Reactivity,H3
Elymus_repens,Elymus_repens_Agroscope Changins,-2.651,0.536,Ordbeta,T0-T1,DIST,1,Agroscope Changins,T_generation,1.007744366082548,Generation time,H2
Elymus_repens,Elymus_repens_Agroscope Changins,-2.651,0.536,Ordbeta,T0-T1,DIST,1,Agroscope Changins,age_repro,1,Age at first reproduction,H2
Elymus_repens,Elymus_repens_Agroscope Changins,-2.651,0.536,Ordbeta,T0-T1,DIST,1,Agroscope Changins,percapita_repro,0.00320816967645402,Per capita reproduction,H1
Elymus_repens,Elymus_repens_Bad Lauchstaedt,-2.786,0.456,Ordbeta,T0-T1,DIST,1,Bad Lauchstaedt,FirstStepAtt,3.047385171708314e-9,First step attenuation,H3
Elymus_repens,Elymus_repens_Bad Lauchstaedt,-2.786,0.456,Ordbeta,T0-T1,DIST,1,Bad Lauchstaedt,Lambda,NA,Population growth rate,H4
Elymus_repens,Elymus_repens_Bad Lauchstaedt,-2.786,0.456,Ordbeta,T0-T1,DIST,1,Bad Lauchstaedt,R0,74.20285511581929,Net reproductive rate,H1
Elymus_repens,Elymus_repens_Bad Lauchstaedt,-2.786,0.456,Ordbeta,T0-T1,DIST,1,Bad Lauchstaedt,Reactivity,NA,Reactivity,H3
Elymus_repens,Elymus_repens_Bad Lauchstaedt,-2.786,0.456,Ordbeta,T0-T1,DIST,1,Bad Lauchstaedt,T_generation,1.007744366082548,Generation time,H2
Elymus_repens,Elymus_repens_Bad Lauchstaedt,-2.786,0.456,Ordbeta,T0-T1,DIST,1,Bad Lauchstaedt,age_repro,1,Age at first reproduction,H2
Elymus_repens,Elymus_repens_Bad Lauchstaedt,-2.786,0.456,Ordbeta,T0-T1,DIST,1,Bad Lauchstaedt,percapita_repro,0.00320816967645402,Per capita reproduction,H1
Elymus_repens,Elymus_repens_Cary IES,-2.731,0.389,Ordbeta,T0-T1,DIST,1,Cary IES,FirstStepAtt,3.047385171708314e-9,First step attenuation,H3
Elymus_repens,Elymus_repens_Cary IES,-2.731,0.389,Ordbeta,T0-T1,DIST,1,Cary IES,Lambda,NA,Population growth rate,H4
Elymus_repens,Elymus_repens_Cary IES,-2.731,0.389,Ordbeta,T0-T1,DIST,1,Cary IES,R0,74.20285511581929,Net reproductive rate,H1
Elymus_repens,Elymus_repens_Cary IES,-2.731,0.389,Ordbeta,T0-T1,DIST,1,Cary IES,Reactivity,NA,Reactivity,H3
Elymus_repens,Elymus_repens_Cary IES,-2.731,0.389,Ordbeta,T0-T1,DIST,1,Cary IES,T_generation,1.007744366082548,Generation time,H2
Elymus_repens,Elymus_repens_Cary IES,-2.731,0.389,Ordbeta,T0-T1,DIST,1,Cary IES,age_repro,1,Age at first reproduction,H2
Elymus_repens,Elymus_repens_Cary IES,-2.731,0.389,Ordbeta,T0-T1,DIST,1,Cary IES,percapita_repro,0.00320816967645402,Per capita reproduction,H1
Elymus_repens,Elymus_repens_Cedar Creek LTER,-1.399,0.229,Ordbeta,T0-T1,DIST,1,Cedar Creek LTER,FirstStepAtt,3.047385171708314e-9,First step attenuation,H3
Elymus_repens,Elymus_repens_Cedar Creek LTER,-1.399,0.229,Ordbeta,T0-T1,DIST,1,Cedar Creek LTER,Lambda,NA,Population growth rate,H4
Elymus_repens,Elymus_repens_Cedar Creek LTER,-1.399,0.229,Ordbeta,T0-T1,DIST,1,Cedar Creek LTER,R0,74.20285511581929,Net reproductive rate,H1
Elymus_repens,Elymus_repens_Cedar Creek LTER,-1.399,0.229,Ordbeta,T0-T1,DIST,1,Cedar Creek LTER,Reactivity,NA,Reactivity,H3
Elymus_repens,Elymus_repens_Cedar Creek LTER,-1.399,0.229,Ordbeta,T0-T1,DIST,1,Cedar Creek LTER,T_generation,1.007744366082548,Generation time,H2
Elymus_repens,Elymus_repens_Cedar Creek LTER,-1.399,0.229,Ordbeta,T0-T1,DIST,1,Cedar Creek LTER,age_repro,1,Age at first reproduction,H2
Elymus_repens,Elymus_repens_Cedar Creek LTER,-1.399,0.229,Ordbeta,T0-T1,DIST,1,Cedar Creek LTER,percapita_repro,0.00320816967645402,Per capita reproduction,H1
Elymus_repens,Elymus_repens_Churning Rapids,-2.591,0.544,Ordbeta,T0-T1,DIST,1,Churning Rapids,FirstStepAtt,3.047385171708314e-9,First step attenuation,H3
Elymus_repens,Elymus_repens_Churning Rapids,-2.591,0.544,Ordbeta,T0-T1,DIST,1,Churning Rapids,Lambda,NA,Population growth rate,H4
Elymus_repens,Elymus_repens_Churning Rapids,-2.591,0.544,Ordbeta,T0-T1,DIST,1,Churning Rapids,R0,74.20285511581929,Net reproductive rate,H1
Elymus_repens,Elymus_repens_Churning Rapids,-2.591,0.544,Ordbeta,T0-T1,DIST,1,Churning Rapids,Reactivity,NA,Reactivity,H3
Elymus_repens,Elymus_repens_Churning Rapids,-2.591,0.544,Ordbeta,T0-T1,DIST,1,Churning Rapids,T_generation,1.007744366082548,Generation time,H2
Elymus_repens,Elymus_repens_Churning Rapids,-2.591,0.544,Ordbeta,T0-T1,DIST,1,Churning Rapids,age_repro,1,Age at first reproduction,H2
Elymus_repens,Elymus_repens_Churning Rapids,-2.591,0.544,Ordbeta,T0-T1,DIST,1,Churning Rapids,percapita_repro,0.00320816967645402,Per capita reproduction,H1
Elymus_repens,Elymus_repens_Jena,-2.714,0.258,Ordbeta,T0-T1,DIST,1,Jena,FirstStepAtt,3.047385171708314e-9,First step attenuation,H3
Elymus_repens,Elymus_repens_Jena,-2.714,0.258,Ordbeta,T0-T1,DIST,1,Jena,Lambda,NA,Population growth rate,H4
Elymus_repens,Elymus_repens_Jena,-2.714,0.258,Ordbeta,T0-T1,DIST,1,Jena,R0,74.20285511581929,Net reproductive rate,H1
Elymus_repens,Elymus_repens_Jena,-2.714,0.258,Ordbeta,T0-T1,DIST,1,Jena,Reactivity,NA,Reactivity,H3
Elymus_repens,Elymus_repens_Jena,-2.714,0.258,Ordbeta,T0-T1,DIST,1,Jena,T_generation,1.007744366082548,Generation time,H2
Elymus_repens,Elymus_repens_Jena,-2.714,0.258,Ordbeta,T0-T1,DIST,1,Jena,age_repro,1,Age at first reproduction,H2
Elymus_repens,Elymus_repens_Jena,-2.714,0.258,Ordbeta,T0-T1,DIST,1,Jena,percapita_repro,0.00320816967645402,Per capita reproduction,H1
Elymus_repens,Elymus_repens_Kellogg Biological Station (KBS),-2.647,0.534,Ordbeta,T0-T1,DIST,1,Kellogg Biological Station (KBS),FirstStepAtt,3.047385171708314e-9,First step attenuation,H3
Elymus_repens,Elymus_repens_Kellogg Biological Station (KBS),-2.647,0.534,Ordbeta,T0-T1,DIST,1,Kellogg Biological Station (KBS),Lambda,NA,Population growth rate,H4
Elymus_repens,Elymus_repens_Kellogg Biological Station (KBS),-2.647,0.534,Ordbeta,T0-T1,DIST,1,Kellogg Biological Station (KBS),R0,74.20285511581929,Net reproductive rate,H1
Elymus_repens,Elymus_repens_Kellogg Biological Station (KBS),-2.647,0.534,Ordbeta,T0-T1,DIST,1,Kellogg Biological Station (KBS),Reactivity,NA,Reactivity,H3
Elymus_repens,Elymus_repens_Kellogg Biological Station (KBS),-2.647,0.534,Ordbeta,T0-T1,DIST,1,Kellogg Biological Station (KBS),T_generation,1.007744366082548,Generation time,H2
Elymus_repens,Elymus_repens_Kellogg Biological Station (KBS),-2.647,0.534,Ordbeta,T0-T1,DIST,1,Kellogg Biological Station (KBS),age_repro,1,Age at first reproduction,H2
Elymus_repens,Elymus_repens_Kellogg Biological Station (KBS),-2.647,0.534,Ordbeta,T0-T1,DIST,1,Kellogg Biological Station (KBS),percapita_repro,0.00320816967645402,Per capita reproduction,H1
Elymus_repens,Elymus_repens_Lublin,-1.716,0.233,Ordbeta,T0-T1,DIST,1,Lublin,FirstStepAtt,3.047385171708314e-9,First step attenuation,H3
Elymus_repens,Elymus_repens_Lublin,-1.716,0.233,Ordbeta,T0-T1,DIST,1,Lublin,Lambda,NA,Population growth rate,H4
Elymus_repens,Elymus_repens_Lublin,-1.716,0.233,Ordbeta,T0-T1,DIST,1,Lublin,R0,74.20285511581929,Net reproductive rate,H1
Elymus_repens,Elymus_repens_Lublin,-1.716,0.233,Ordbeta,T0-T1,DIST,1,Lublin,Reactivity,NA,Reactivity,H3
Elymus_repens,Elymus_repens_Lublin,-1.716,0.233,Ordbeta,T0-T1,DIST,1,Lublin,T_generation,1.007744366082548,Generation time,H2
Elymus_repens,Elymus_repens_Lublin,-1.716,0.233,Ordbeta,T0-T1,DIST,1,Lublin,age_repro,1,Age at first reproduction,H2
Elymus_repens,Elymus_repens_Lublin,-1.716,0.233,Ordbeta,T0-T1,DIST,1,Lublin,percapita_repro,0.00320816967645402,Per capita reproduction,H1
Erigeron_canadensis,Erigeron_canadensis_Hulun Buir,-2.745,0.522,Ordbeta,T0-T1,DIST,1,Hulun Buir,FirstStepAtt,0.05008482463146319,First step attenuation,H3
Erigeron_canadensis,Erigeron_canadensis_Hulun Buir,-2.745,0.522,Ordbeta,T0-T1,DIST,1,Hulun Buir,Lambda,NA,Population growth rate,H4
Erigeron_canadensis,Erigeron_canadensis_Hulun Buir,-2.745,0.522,Ordbeta,T0-T1,DIST,1,Hulun Buir,R0,15.649250374812592,Net reproductive rate,H1
Erigeron_canadensis,Erigeron_canadensis_Hulun Buir,-2.745,0.522,Ordbeta,T0-T1,DIST,1,Hulun Buir,Reactivity,41.49986243759126,Reactivity,H3
Erigeron_canadensis,Erigeron_canadensis_Hulun Buir,-2.745,0.522,Ordbeta,T0-T1,DIST,1,Hulun Buir,T_generation,1.138856955086996,Generation time,H2
Erigeron_canadensis,Erigeron_canadensis_Hulun Buir,-2.745,0.522,Ordbeta,T0-T1,DIST,1,Hulun Buir,age_repro,2.4992503748125943,Age at first reproduction,H2
Erigeron_canadensis,Erigeron_canadensis_Hulun Buir,-2.745,0.522,Ordbeta,T0-T1,DIST,1,Hulun Buir,percapita_repro,294.15,Per capita reproduction,H1
Erigeron_canadensis,Erigeron_canadensis_Lublin,-2.769,0.515,Ordbeta,T0-T1,DIST,1,Lublin,FirstStepAtt,0.05008482463146319,First step attenuation,H3
Erigeron_canadensis,Erigeron_canadensis_Lublin,-2.769,0.515,Ordbeta,T0-T1,DIST,1,Lublin,Lambda,NA,Population growth rate,H4
Erigeron_canadensis,Erigeron_canadensis_Lublin,-2.769,0.515,Ordbeta,T0-T1,DIST,1,Lublin,R0,15.649250374812592,Net reproductive rate,H1
Erigeron_canadensis,Erigeron_canadensis_Lublin,-2.769,0.515,Ordbeta,T0-T1,DIST,1,Lublin,Reactivity,41.49986243759126,Reactivity,H3
Erigeron_canadensis,Erigeron_canadensis_Lublin,-2.769,0.515,Ordbeta,T0-T1,DIST,1,Lublin,T_generation,1.138856955086996,Generation time,H2
Erigeron_canadensis,Erigeron_canadensis_Lublin,-2.769,0.515,Ordbeta,T0-T1,DIST,1,Lublin,age_repro,2.4992503748125943,Age at first reproduction,H2
Erigeron_canadensis,Erigeron_canadensis_Lublin,-2.769,0.515,Ordbeta,T0-T1,DIST,1,Lublin,percapita_repro,294.15,Per capita reproduction,H1
Erigeron_canadensis,Erigeron_canadensis_Piedmont Prairie,-2.824,0.214,Ordbeta,T0-T1,DIST,1,Piedmont Prairie,FirstStepAtt,0.05008482463146319,First step attenuation,H3
Erigeron_canadensis,Erigeron_canadensis_Piedmont Prairie,-2.824,0.214,Ordbeta,T0-T1,DIST,1,Piedmont Prairie,Lambda,NA,Population growth rate,H4
Erigeron_canadensis,Erigeron_canadensis_Piedmont Prairie,-2.824,0.214,Ordbeta,T0-T1,DIST,1,Piedmont Prairie,R0,15.649250374812592,Net reproductive rate,H1
Erigeron_canadensis,Erigeron_canadensis_Piedmont Prairie,-2.824,0.214,Ordbeta,T0-T1,DIST,1,Piedmont Prairie,Reactivity,41.49986243759126,Reactivity,H3
Erigeron_canadensis,Erigeron_canadensis_Piedmont Prairie,-2.824,0.214,Ordbeta,T0-T1,DIST,1,Piedmont Prairie,T_generation,1.138856955086996,Generation time,H2
Erigeron_canadensis,Erigeron_canadensis_Piedmont Prairie,-2.824,0.214,Ordbeta,T0-T1,DIST,1,Piedmont Prairie,age_repro,2.4992503748125943,Age at first reproduction,H2
Erigeron_canadensis,Erigeron_canadensis_Piedmont Prairie,-2.824,0.214,Ordbeta,T0-T1,DIST,1,Piedmont Prairie,percapita_repro,294.15,Per capita reproduction,H1
Erigeron_canadensis,Erigeron_canadensis_University of Michigan Biological Station,-2.769,0.515,Ordbeta,T0-T1,DIST,1,University of Michigan Biological Station,FirstStepAtt,0.05008482463146319,First step attenuation,H3
Erigeron_canadensis,Erigeron_canadensis_University of Michigan Biological Station,-2.769,0.515,Ordbeta,T0-T1,DIST,1,University of Michigan Biological Station,Lambda,NA,Population growth rate,H4
Erigeron_canadensis,Erigeron_canadensis_University of Michigan Biological Station,-2.769,0.515,Ordbeta,T0-T1,DIST,1,University of Michigan Biological Station,R0,15.649250374812592,Net reproductive rate,H1
Erigeron_canadensis,Erigeron_canadensis_University of Michigan Biological Station,-2.769,0.515,Ordbeta,T0-T1,DIST,1,University of Michigan Biological Station,Reactivity,41.49986243759126,Reactivity,H3
Erigeron_canadensis,Erigeron_canadensis_University of Michigan Biological Station,-2.769,0.515,Ordbeta,T0-T1,DIST,1,University of Michigan Biological Station,T_generation,1.138856955086996,Generation time,H2
Erigeron_canadensis,Erigeron_canadensis_University of Michigan Biological Station,-2.769,0.515,Ordbeta,T0-T1,DIST,1,University of Michigan Biological Station,age_repro,2.4992503748125943,Age at first reproduction,H2
Erigeron_canadensis,Erigeron_canadensis_University of Michigan Biological Station,-2.769,0.515,Ordbeta,T0-T1,DIST,1,University of Michigan Biological Station,percapita_repro,294.15,Per capita reproduction,H1
Knautia_arvensis,Knautia_arvensis_Agroscope Changins,-2.832,0.51,Ordbeta,T0-T1,DIST,1,Agroscope Changins,FirstStepAtt,0.05200716641231833,First step attenuation,H3
Knautia_arvensis,Knautia_arvensis_Agroscope Changins,-2.832,0.51,Ordbeta,T0-T1,DIST,1,Agroscope Changins,Lambda,0.30764990872892983,Population growth rate,H4
Knautia_arvensis,Knautia_arvensis_Agroscope Changins,-2.832,0.51,Ordbeta,T0-T1,DIST,1,Agroscope Changins,R0,4.7693604043490315e-5,Net reproductive rate,H1
Knautia_arvensis,Knautia_arvensis_Agroscope Changins,-2.832,0.51,Ordbeta,T0-T1,DIST,1,Agroscope Changins,Reactivity,1.4204457326364444,Reactivity,H3
Knautia_arvensis,Knautia_arvensis_Agroscope Changins,-2.832,0.51,Ordbeta,T0-T1,DIST,1,Agroscope Changins,T_generation,NA,Generation time,H2
Knautia_arvensis,Knautia_arvensis_Agroscope Changins,-2.832,0.51,Ordbeta,T0-T1,DIST,1,Agroscope Changins,age_repro,2.5403183768394886,Age at first reproduction,H2
Knautia_arvensis,Knautia_arvensis_Agroscope Changins,-2.832,0.51,Ordbeta,T0-T1,DIST,1,Agroscope Changins,percapita_repro,0.01268104807351584,Per capita reproduction,H1
Knautia_arvensis,Knautia_arvensis_Bayreuth DRAGNet,-1.825,0.393,Ordbeta,T0-T1,DIST,1,Bayreuth DRAGNet,FirstStepAtt,0.05200716641231833,First step attenuation,H3
Knautia_arvensis,Knautia_arvensis_Bayreuth DRAGNet,-1.825,0.393,Ordbeta,T0-T1,DIST,1,Bayreuth DRAGNet,Lambda,0.30764990872892983,Population growth rate,H4
Knautia_arvensis,Knautia_arvensis_Bayreuth DRAGNet,-1.825,0.393,Ordbeta,T0-T1,DIST,1,Bayreuth DRAGNet,R0,4.7693604043490315e-5,Net reproductive rate,H1
Knautia_arvensis,Knautia_arvensis_Bayreuth DRAGNet,-1.825,0.393,Ordbeta,T0-T1,DIST,1,Bayreuth DRAGNet,Reactivity,1.4204457326364444,Reactivity,H3
Knautia_arvensis,Knautia_arvensis_Bayreuth DRAGNet,-1.825,0.393,Ordbeta,T0-T1,DIST,1,Bayreuth DRAGNet,T_generation,NA,Generation time,H2
Knautia_arvensis,Knautia_arvensis_Bayreuth DRAGNet,-1.825,0.393,Ordbeta,T0-T1,DIST,1,Bayreuth DRAGNet,age_repro,2.5403183768394886,Age at first reproduction,H2
Knautia_arvensis,Knautia_arvensis_Bayreuth DRAGNet,-1.825,0.393,Ordbeta,T0-T1,DIST,1,Bayreuth DRAGNet,percapita_repro,0.01268104807351584,Per capita reproduction,H1
Knautia_arvensis,Knautia_arvensis_WSL,-2.538,0.552,Ordbeta,T0-T1,DIST,1,WSL,FirstStepAtt,0.05200716641231833,First step attenuation,H3
Knautia_arvensis,Knautia_arvensis_WSL,-2.538,0.552,Ordbeta,T0-T1,DIST,1,WSL,Lambda,0.30764990872892983,Population growth rate,H4
Knautia_arvensis,Knautia_arvensis_WSL,-2.538,0.552,Ordbeta,T0-T1,DIST,1,WSL,R0,4.7693604043490315e-5,Net reproductive rate,H1
Knautia_arvensis,Knautia_arvensis_WSL,-2.538,0.552,Ordbeta,T0-T1,DIST,1,WSL,Reactivity,1.4204457326364444,Reactivity,H3
Knautia_arvensis,Knautia_arvensis_WSL,-2.538,0.552,Ordbeta,T0-T1,DIST,1,WSL,T_generation,NA,Generation time,H2
Knautia_arvensis,Knautia_arvensis_WSL,-2.538,0.552,Ordbeta,T0-T1,DIST,1,WSL,age_repro,2.5403183768394886,Age at first reproduction,H2
Knautia_arvensis,Knautia_arvensis_WSL,-2.538,0.552,Ordbeta,T0-T1,DIST,1,WSL,percapita_repro,0.01268104807351584,Per capita reproduction,H1
Knautia_arvensis,Knautia_arvensis_Wytham Woods,-2.542,0.438,Ordbeta,T0-T1,DIST,1,Wytham Woods,FirstStepAtt,0.05200716641231833,First step attenuation,H3
Knautia_arvensis,Knautia_arvensis_Wytham Woods,-2.542,0.438,Ordbeta,T0-T1,DIST,1,Wytham Woods,Lambda,0.30764990872892983,Population growth rate,H4
Knautia_arvensis,Knautia_arvensis_Wytham Woods,-2.542,0.438,Ordbeta,T0-T1,DIST,1,Wytham Woods,R0,4.7693604043490315e-5,Net reproductive rate,H1
Knautia_arvensis,Knautia_arvensis_Wytham Woods,-2.542,0.438,Ordbeta,T0-T1,DIST,1,Wytham Woods,Reactivity,1.4204457326364444,Reactivity,H3
Knautia_arvensis,Knautia_arvensis_Wytham Woods,-2.542,0.438,Ordbeta,T0-T1,DIST,1,Wytham Woods,T_generation,NA,Generation time,H2
Knautia_arvensis,Knautia_arvensis_Wytham Woods,-2.542,0.438,Ordbeta,T0-T1,DIST,1,Wytham Woods,age_repro,2.5403183768394886,Age at first reproduction,H2
Knautia_arvensis,Knautia_arvensis_Wytham Woods,-2.542,0.438,Ordbeta,T0-T1,DIST,1,Wytham Woods,percapita_repro,0.01268104807351584,Per capita reproduction,H1
Lactuca_serriola,Lactuca_serriola_Bad Lauchstaedt,-2.769,0.515,Ordbeta,T0-T1,DIST,1,Bad Lauchstaedt,FirstStepAtt,0.079848166385871,First step attenuation,H3
Lactuca_serriola,Lactuca_serriola_Bad Lauchstaedt,-2.769,0.515,Ordbeta,T0-T1,DIST,1,Bad Lauchstaedt,Lambda,NA,Population growth rate,H4
Lactuca_serriola,Lactuca_serriola_Bad Lauchstaedt,-2.769,0.515,Ordbeta,T0-T1,DIST,1,Bad Lauchstaedt,R0,19.330966057441255,Net reproductive rate,H1
Lactuca_serriola,Lactuca_serriola_Bad Lauchstaedt,-2.769,0.515,Ordbeta,T0-T1,DIST,1,Bad Lauchstaedt,Reactivity,163.51957669793515,Reactivity,H3
Lactuca_serriola,Lactuca_serriola_Bad Lauchstaedt,-2.769,0.515,Ordbeta,T0-T1,DIST,1,Bad Lauchstaedt,T_generation,1.091316030252614,Generation time,H2
Lactuca_serriola,Lactuca_serriola_Bad Lauchstaedt,-2.769,0.515,Ordbeta,T0-T1,DIST,1,Bad Lauchstaedt,age_repro,3.6109660574412534,Age at first reproduction,H2
Lactuca_serriola,Lactuca_serriola_Bad Lauchstaedt,-2.769,0.515,Ordbeta,T0-T1,DIST,1,Bad Lauchstaedt,percapita_repro,1271.12,Per capita reproduction,H1
Lactuca_serriola,Lactuca_serriola_Blandy Experimental Farm,-2.607,0.543,Ordbeta,T0-T1,DIST,1,Blandy Experimental Farm,FirstStepAtt,0.079848166385871,First step attenuation,H3
Lactuca_serriola,Lactuca_serriola_Blandy Experimental Farm,-2.607,0.543,Ordbeta,T0-T1,DIST,1,Blandy Experimental Farm,Lambda,NA,Population growth rate,H4
Lactuca_serriola,Lactuca_serriola_Blandy Experimental Farm,-2.607,0.543,Ordbeta,T0-T1,DIST,1,Blandy Experimental Farm,R0,19.330966057441255,Net reproductive rate,H1
Lactuca_serriola,Lactuca_serriola_Blandy Experimental Farm,-2.607,0.543,Ordbeta,T0-T1,DIST,1,Blandy Experimental Farm,Reactivity,163.51957669793515,Reactivity,H3
Lactuca_serriola,Lactuca_serriola_Blandy Experimental Farm,-2.607,0.543,Ordbeta,T0-T1,DIST,1,Blandy Experimental Farm,T_generation,1.091316030252614,Generation time,H2
Lactuca_serriola,Lactuca_serriola_Blandy Experimental Farm,-2.607,0.543,Ordbeta,T0-T1,DIST,1,Blandy Experimental Farm,age_repro,3.6109660574412534,Age at first reproduction,H2
Lactuca_serriola,Lactuca_serriola_Blandy Experimental Farm,-2.607,0.543,Ordbeta,T0-T1,DIST,1,Blandy Experimental Farm,percapita_repro,1271.12,Per capita reproduction,H1
Lactuca_serriola,Lactuca_serriola_Jena,-2.393,0.58,Ordbeta,T0-T1,DIST,1,Jena,FirstStepAtt,0.079848166385871,First step attenuation,H3
Lactuca_serriola,Lactuca_serriola_Jena,-2.393,0.58,Ordbeta,T0-T1,DIST,1,Jena,Lambda,NA,Population growth rate,H4
Lactuca_serriola,Lactuca_serriola_Jena,-2.393,0.58,Ordbeta,T0-T1,DIST,1,Jena,R0,19.330966057441255,Net reproductive rate,H1
Lactuca_serriola,Lactuca_serriola_Jena,-2.393,0.58,Ordbeta,T0-T1,DIST,1,Jena,Reactivity,163.51957669793515,Reactivity,H3
Lactuca_serriola,Lactuca_serriola_Jena,-2.393,0.58,Ordbeta,T0-T1,DIST,1,Jena,T_generation,1.091316030252614,Generation time,H2
Lactuca_serriola,Lactuca_serriola_Jena,-2.393,0.58,Ordbeta,T0-T1,DIST,1,Jena,age_repro,3.6109660574412534,Age at first reproduction,H2
Lactuca_serriola,Lactuca_serriola_Jena,-2.393,0.58,Ordbeta,T0-T1,DIST,1,Jena,percapita_repro,1271.12,Per capita reproduction,H1
Lactuca_serriola,Lactuca_serriola_Kniezenberg,-2.769,0.515,Ordbeta,T0-T1,DIST,1,Kniezenberg,FirstStepAtt,0.079848166385871,First step attenuation,H3
Lactuca_serriola,Lactuca_serriola_Kniezenberg,-2.769,0.515,Ordbeta,T0-T1,DIST,1,Kniezenberg,Lambda,NA,Population growth rate,H4
Lactuca_serriola,Lactuca_serriola_Kniezenberg,-2.769,0.515,Ordbeta,T0-T1,DIST,1,Kniezenberg,R0,19.330966057441255,Net reproductive rate,H1
Lactuca_serriola,Lactuca_serriola_Kniezenberg,-2.769,0.515,Ordbeta,T0-T1,DIST,1,Kniezenberg,Reactivity,163.51957669793515,Reactivity,H3
Lactuca_serriola,Lactuca_serriola_Kniezenberg,-2.769,0.515,Ordbeta,T0-T1,DIST,1,Kniezenberg,T_generation,1.091316030252614,Generation time,H2
Lactuca_serriola,Lactuca_serriola_Kniezenberg,-2.769,0.515,Ordbeta,T0-T1,DIST,1,Kniezenberg,age_repro,3.6109660574412534,Age at first reproduction,H2
Lactuca_serriola,Lactuca_serriola_Kniezenberg,-2.769,0.515,Ordbeta,T0-T1,DIST,1,Kniezenberg,percapita_repro,1271.12,Per capita reproduction,H1
Lactuca_serriola,Lactuca_serriola_Oak Lake Field Station,-2.876,0.445,Ordbeta,T0-T1,DIST,1,Oak Lake Field Station,FirstStepAtt,0.079848166385871,First step attenuation,H3
Lactuca_serriola,Lactuca_serriola_Oak Lake Field Station,-2.876,0.445,Ordbeta,T0-T1,DIST,1,Oak Lake Field Station,Lambda,NA,Population growth rate,H4
Lactuca_serriola,Lactuca_serriola_Oak Lake Field Station,-2.876,0.445,Ordbeta,T0-T1,DIST,1,Oak Lake Field Station,R0,19.330966057441255,Net reproductive rate,H1
Lactuca_serriola,Lactuca_serriola_Oak Lake Field Station,-2.876,0.445,Ordbeta,T0-T1,DIST,1,Oak Lake Field Station,Reactivity,163.51957669793515,Reactivity,H3
Lactuca_serriola,Lactuca_serriola_Oak Lake Field Station,-2.876,0.445,Ordbeta,T0-T1,DIST,1,Oak Lake Field Station,T_generation,1.091316030252614,Generation time,H2
Lactuca_serriola,Lactuca_serriola_Oak Lake Field Station,-2.876,0.445,Ordbeta,T0-T1,DIST,1,Oak Lake Field Station,age_repro,3.6109660574412534,Age at first reproduction,H2
Lactuca_serriola,Lactuca_serriola_Oak Lake Field Station,-2.876,0.445,Ordbeta,T0-T1,DIST,1,Oak Lake Field Station,percapita_repro,1271.12,Per capita reproduction,H1
Lactuca_serriola,Lactuca_serriola_San Claudio,-3.056,0.427,Ordbeta,T0-T1,DIST,1,San Claudio,FirstStepAtt,0.079848166385871,First step attenuation,H3
Lactuca_serriola,Lactuca_serriola_San Claudio,-3.056,0.427,Ordbeta,T0-T1,DIST,1,San Claudio,Lambda,NA,Population growth rate,H4
Lactuca_serriola,Lactuca_serriola_San Claudio,-3.056,0.427,Ordbeta,T0-T1,DIST,1,San Claudio,R0,19.330966057441255,Net reproductive rate,H1
Lactuca_serriola,Lactuca_serriola_San Claudio,-3.056,0.427,Ordbeta,T0-T1,DIST,1,San Claudio,Reactivity,163.51957669793515,Reactivity,H3
Lactuca_serriola,Lactuca_serriola_San Claudio,-3.056,0.427,Ordbeta,T0-T1,DIST,1,San Claudio,T_generation,1.091316030252614,Generation time,H2
Lactuca_serriola,Lactuca_serriola_San Claudio,-3.056,0.427,Ordbeta,T0-T1,DIST,1,San Claudio,age_repro,3.6109660574412534,Age at first reproduction,H2
Lactuca_serriola,Lactuca_serriola_San Claudio,-3.056,0.427,Ordbeta,T0-T1,DIST,1,San Claudio,percapita_repro,1271.12,Per capita reproduction,H1
Lactuca_serriola,Lactuca_serriola_Wallula Gap Biological Station-North Face,-2.769,0.515,Ordbeta,T0-T1,DIST,1,Wallula Gap Biological Station-North Face,FirstStepAtt,0.079848166385871,First step attenuation,H3
Lactuca_serriola,Lactuca_serriola_Wallula Gap Biological Station-North Face,-2.769,0.515,Ordbeta,T0-T1,DIST,1,Wallula Gap Biological Station-North Face,Lambda,NA,Population growth rate,H4
Lactuca_serriola,Lactuca_serriola_Wallula Gap Biological Station-North Face,-2.769,0.515,Ordbeta,T0-T1,DIST,1,Wallula Gap Biological Station-North Face,R0,19.330966057441255,Net reproductive rate,H1
Lactuca_serriola,Lactuca_serriola_Wallula Gap Biological Station-North Face,-2.769,0.515,Ordbeta,T0-T1,DIST,1,Wallula Gap Biological Station-North Face,Reactivity,163.51957669793515,Reactivity,H3
Lactuca_serriola,Lactuca_serriola_Wallula Gap Biological Station-North Face,-2.769,0.515,Ordbeta,T0-T1,DIST,1,Wallula Gap Biological Station-North Face,T_generation,1.091316030252614,Generation time,H2
Lactuca_serriola,Lactuca_serriola_Wallula Gap Biological Station-North Face,-2.769,0.515,Ordbeta,T0-T1,DIST,1,Wallula Gap Biological Station-North Face,age_repro,3.6109660574412534,Age at first reproduction,H2
Lactuca_serriola,Lactuca_serriola_Wallula Gap Biological Station-North Face,-2.769,0.515,Ordbeta,T0-T1,DIST,1,Wallula Gap Biological Station-North Face,percapita_repro,1271.12,Per capita reproduction,H1
Linum_catharticum,Linum_catharticum_Ainsdale Dune Slacks,-2.769,0.515,Ordbeta,T0-T1,DIST,1,Ainsdale Dune Slacks,FirstStepAtt,0.040953888653857,First step attenuation,H3
Linum_catharticum,Linum_catharticum_Ainsdale Dune Slacks,-2.769,0.515,Ordbeta,T0-T1,DIST,1,Ainsdale Dune Slacks,Lambda,NA,Population growth rate,H4
Linum_catharticum,Linum_catharticum_Ainsdale Dune Slacks,-2.769,0.515,Ordbeta,T0-T1,DIST,1,Ainsdale Dune Slacks,R0,6.015129312162303,Net reproductive rate,H1
Linum_catharticum,Linum_catharticum_Ainsdale Dune Slacks,-2.769,0.515,Ordbeta,T0-T1,DIST,1,Ainsdale Dune Slacks,Reactivity,45.44525239406598,Reactivity,H3
Linum_catharticum,Linum_catharticum_Ainsdale Dune Slacks,-2.769,0.515,Ordbeta,T0-T1,DIST,1,Ainsdale Dune Slacks,T_generation,1.3509279319177003,Generation time,H2
Linum_catharticum,Linum_catharticum_Ainsdale Dune Slacks,-2.769,0.515,Ordbeta,T0-T1,DIST,1,Ainsdale Dune Slacks,age_repro,2.0207556473368453,Age at first reproduction,H2
Linum_catharticum,Linum_catharticum_Ainsdale Dune Slacks,-2.769,0.515,Ordbeta,T0-T1,DIST,1,Ainsdale Dune Slacks,percapita_repro,20.756348164604148,Per capita reproduction,H1
Linum_catharticum,Linum_catharticum_Wytham Woods,-3.094,0.339,Ordbeta,T0-T1,DIST,1,Wytham Woods,FirstStepAtt,0.040953888653857,First step attenuation,H3
Linum_catharticum,Linum_catharticum_Wytham Woods,-3.094,0.339,Ordbeta,T0-T1,DIST,1,Wytham Woods,Lambda,NA,Population growth rate,H4
Linum_catharticum,Linum_catharticum_Wytham Woods,-3.094,0.339,Ordbeta,T0-T1,DIST,1,Wytham Woods,R0,6.015129312162303,Net reproductive rate,H1
Linum_catharticum,Linum_catharticum_Wytham Woods,-3.094,0.339,Ordbeta,T0-T1,DIST,1,Wytham Woods,Reactivity,45.44525239406598,Reactivity,H3
Linum_catharticum,Linum_catharticum_Wytham Woods,-3.094,0.339,Ordbeta,T0-T1,DIST,1,Wytham Woods,T_generation,1.3509279319177003,Generation time,H2
Linum_catharticum,Linum_catharticum_Wytham Woods,-3.094,0.339,Ordbeta,T0-T1,DIST,1,Wytham Woods,age_repro,2.0207556473368453,Age at first reproduction,H2
Linum_catharticum,Linum_catharticum_Wytham Woods,-3.094,0.339,Ordbeta,T0-T1,DIST,1,Wytham Woods,percapita_repro,20.756348164604148,Per capita reproduction,H1
Picris_hieracioides,Picris_hieracioides_Bad Lauchstaedt,-0.797,0.214,Ordbeta,T0-T1,DIST,1,Bad Lauchstaedt,FirstStepAtt,0.01808625404850854,First step attenuation,H3
Picris_hieracioides,Picris_hieracioides_Bad Lauchstaedt,-0.797,0.214,Ordbeta,T0-T1,DIST,1,Bad Lauchstaedt,Lambda,0.8846497432296888,Population growth rate,H4
Picris_hieracioides,Picris_hieracioides_Bad Lauchstaedt,-0.797,0.214,Ordbeta,T0-T1,DIST,1,Bad Lauchstaedt,R0,0.60578254836,Net reproductive rate,H1
Picris_hieracioides,Picris_hieracioides_Bad Lauchstaedt,-0.797,0.214,Ordbeta,T0-T1,DIST,1,Bad Lauchstaedt,Reactivity,310.8574914587405,Reactivity,H3
Picris_hieracioides,Picris_hieracioides_Bad Lauchstaedt,-0.797,0.214,Ordbeta,T0-T1,DIST,1,Bad Lauchstaedt,T_generation,4.117282843535449,Generation time,H2
Picris_hieracioides,Picris_hieracioides_Bad Lauchstaedt,-0.797,0.214,Ordbeta,T0-T1,DIST,1,Bad Lauchstaedt,age_repro,4.678714859437751,Age at first reproduction,H2
Picris_hieracioides,Picris_hieracioides_Bad Lauchstaedt,-0.797,0.214,Ordbeta,T0-T1,DIST,1,Bad Lauchstaedt,percapita_repro,275,Per capita reproduction,H1
Picris_hieracioides,Picris_hieracioides_CEREEP - Ecotron IDF,-2.314,0.335,Ordbeta,T0-T1,DIST,1,CEREEP - Ecotron IDF,FirstStepAtt,0.01808625404850854,First step attenuation,H3
Picris_hieracioides,Picris_hieracioides_CEREEP - Ecotron IDF,-2.314,0.335,Ordbeta,T0-T1,DIST,1,CEREEP - Ecotron IDF,Lambda,0.8846497432296888,Population growth rate,H4
Picris_hieracioides,Picris_hieracioides_CEREEP - Ecotron IDF,-2.314,0.335,Ordbeta,T0-T1,DIST,1,CEREEP - Ecotron IDF,R0,0.60578254836,Net reproductive rate,H1
Picris_hieracioides,Picris_hieracioides_CEREEP - Ecotron IDF,-2.314,0.335,Ordbeta,T0-T1,DIST,1,CEREEP - Ecotron IDF,Reactivity,310.8574914587405,Reactivity,H3
Picris_hieracioides,Picris_hieracioides_CEREEP - Ecotron IDF,-2.314,0.335,Ordbeta,T0-T1,DIST,1,CEREEP - Ecotron IDF,T_generation,4.117282843535449,Generation time,H2
Picris_hieracioides,Picris_hieracioides_CEREEP - Ecotron IDF,-2.314,0.335,Ordbeta,T0-T1,DIST,1,CEREEP - Ecotron IDF,age_repro,4.678714859437751,Age at first reproduction,H2
Picris_hieracioides,Picris_hieracioides_CEREEP - Ecotron IDF,-2.314,0.335,Ordbeta,T0-T1,DIST,1,CEREEP - Ecotron IDF,percapita_repro,275,Per capita reproduction,H1
Picris_hieracioides,Picris_hieracioides_Jena,-2.754,0.39,Ordbeta,T0-T1,DIST,1,Jena,FirstStepAtt,0.01808625404850854,First step attenuation,H3
Picris_hieracioides,Picris_hieracioides_Jena,-2.754,0.39,Ordbeta,T0-T1,DIST,1,Jena,Lambda,0.8846497432296888,Population growth rate,H4
Picris_hieracioides,Picris_hieracioides_Jena,-2.754,0.39,Ordbeta,T0-T1,DIST,1,Jena,R0,0.60578254836,Net reproductive rate,H1
Picris_hieracioides,Picris_hieracioides_Jena,-2.754,0.39,Ordbeta,T0-T1,DIST,1,Jena,Reactivity,310.8574914587405,Reactivity,H3
Picris_hieracioides,Picris_hieracioides_Jena,-2.754,0.39,Ordbeta,T0-T1,DIST,1,Jena,T_generation,4.117282843535449,Generation time,H2
Picris_hieracioides,Picris_hieracioides_Jena,-2.754,0.39,Ordbeta,T0-T1,DIST,1,Jena,age_repro,4.678714859437751,Age at first reproduction,H2
Picris_hieracioides,Picris_hieracioides_Jena,-2.754,0.39,Ordbeta,T0-T1,DIST,1,Jena,percapita_repro,275,Per capita reproduction,H1
Picris_hieracioides,Picris_hieracioides_Saihanba,-2.919,0.497,Ordbeta,T0-T1,DIST,1,Saihanba,FirstStepAtt,0.01808625404850854,First step attenuation,H3
Picris_hieracioides,Picris_hieracioides_Saihanba,-2.919,0.497,Ordbeta,T0-T1,DIST,1,Saihanba,Lambda,0.8846497432296888,Population growth rate,H4
Picris_hieracioides,Picris_hieracioides_Saihanba,-2.919,0.497,Ordbeta,T0-T1,DIST,1,Saihanba,R0,0.60578254836,Net reproductive rate,H1
Picris_hieracioides,Picris_hieracioides_Saihanba,-2.919,0.497,Ordbeta,T0-T1,DIST,1,Saihanba,Reactivity,310.8574914587405,Reactivity,H3
Picris_hieracioides,Picris_hieracioides_Saihanba,-2.919,0.497,Ordbeta,T0-T1,DIST,1,Saihanba,T_generation,4.117282843535449,Generation time,H2
Picris_hieracioides,Picris_hieracioides_Saihanba,-2.919,0.497,Ordbeta,T0-T1,DIST,1,Saihanba,age_repro,4.678714859437751,Age at first reproduction,H2
Picris_hieracioides,Picris_hieracioides_Saihanba,-2.919,0.497,Ordbeta,T0-T1,DIST,1,Saihanba,percapita_repro,275,Per capita reproduction,H1
Pimpinella_saxifraga,Pimpinella_saxifraga_Meranges,-2.422,0.269,Ordbeta,T0-T1,DIST,1,Meranges,FirstStepAtt,0.5669191170421927,First step attenuation,H3
Pimpinella_saxifraga,Pimpinella_saxifraga_Meranges,-2.422,0.269,Ordbeta,T0-T1,DIST,1,Meranges,Lambda,0.9547406316474246,Population growth rate,H4
Pimpinella_saxifraga,Pimpinella_saxifraga_Meranges,-2.422,0.269,Ordbeta,T0-T1,DIST,1,Meranges,R0,0.5471414026251576,Net reproductive rate,H1
Pimpinella_saxifraga,Pimpinella_saxifraga_Meranges,-2.422,0.269,Ordbeta,T0-T1,DIST,1,Meranges,Reactivity,2.7710835208056657,Reactivity,H3
Pimpinella_saxifraga,Pimpinella_saxifraga_Meranges,-2.422,0.269,Ordbeta,T0-T1,DIST,1,Meranges,T_generation,17.438029755269824,Generation time,H2
Pimpinella_saxifraga,Pimpinella_saxifraga_Meranges,-2.422,0.269,Ordbeta,T0-T1,DIST,1,Meranges,age_repro,5.999046320215505,Age at first reproduction,H2
Pimpinella_saxifraga,Pimpinella_saxifraga_Meranges,-2.422,0.269,Ordbeta,T0-T1,DIST,1,Meranges,percapita_repro,1.3108604113212015,Per capita reproduction,H1
Plantago_coronopus,Plantago_coronopus_Algaida,-2.252,0.239,Ordbeta,T0-T1,DIST,1,Algaida,FirstStepAtt,0.3814857191224125,First step attenuation,H3
Plantago_coronopus,Plantago_coronopus_Algaida,-2.252,0.239,Ordbeta,T0-T1,DIST,1,Algaida,Lambda,0.8883340096307588,Population growth rate,H4
Plantago_coronopus,Plantago_coronopus_Algaida,-2.252,0.239,Ordbeta,T0-T1,DIST,1,Algaida,R0,1.2205028226846837,Net reproductive rate,H1
Plantago_coronopus,Plantago_coronopus_Algaida,-2.252,0.239,Ordbeta,T0-T1,DIST,1,Algaida,Reactivity,4.263174228373315,Reactivity,H3
Plantago_coronopus,Plantago_coronopus_Algaida,-2.252,0.239,Ordbeta,T0-T1,DIST,1,Algaida,T_generation,4.958221345536785,Generation time,H2
Plantago_coronopus,Plantago_coronopus_Algaida,-2.252,0.239,Ordbeta,T0-T1,DIST,1,Algaida,age_repro,2.066021816480012,Age at first reproduction,H2
Plantago_coronopus,Plantago_coronopus_Algaida,-2.252,0.239,Ordbeta,T0-T1,DIST,1,Algaida,percapita_repro,1.1775669020351314,Per capita reproduction,H1
Plantago_coronopus,Plantago_coronopus_Caracoles,-2.782,0.342,Ordbeta,T0-T1,DIST,1,Caracoles,FirstStepAtt,0.3814857191224125,First step attenuation,H3
Plantago_coronopus,Plantago_coronopus_Caracoles,-2.782,0.342,Ordbeta,T0-T1,DIST,1,Caracoles,Lambda,0.8883340096307588,Population growth rate,H4
Plantago_coronopus,Plantago_coronopus_Caracoles,-2.782,0.342,Ordbeta,T0-T1,DIST,1,Caracoles,R0,1.2205028226846837,Net reproductive rate,H1
Plantago_coronopus,Plantago_coronopus_Caracoles,-2.782,0.342,Ordbeta,T0-T1,DIST,1,Caracoles,Reactivity,4.263174228373315,Reactivity,H3
Plantago_coronopus,Plantago_coronopus_Caracoles,-2.782,0.342,Ordbeta,T0-T1,DIST,1,Caracoles,T_generation,4.958221345536785,Generation time,H2
Plantago_coronopus,Plantago_coronopus_Caracoles,-2.782,0.342,Ordbeta,T0-T1,DIST,1,Caracoles,age_repro,2.066021816480012,Age at first reproduction,H2
Plantago_coronopus,Plantago_coronopus_Caracoles,-2.782,0.342,Ordbeta,T0-T1,DIST,1,Caracoles,percapita_repro,1.1775669020351314,Per capita reproduction,H1
Plantago_media,Plantago_media_Meranges,-2.389,0.263,Ordbeta,T0-T1,DIST,1,Meranges,FirstStepAtt,0.09763837076732365,First step attenuation,H3
Plantago_media,Plantago_media_Meranges,-2.389,0.263,Ordbeta,T0-T1,DIST,1,Meranges,Lambda,0.9166479924897526,Population growth rate,H4
Plantago_media,Plantago_media_Meranges,-2.389,0.263,Ordbeta,T0-T1,DIST,1,Meranges,R0,0.08234226650862676,Net reproductive rate,H1
Plantago_media,Plantago_media_Meranges,-2.389,0.263,Ordbeta,T0-T1,DIST,1,Meranges,Reactivity,2.6187483541110055,Reactivity,H3
Plantago_media,Plantago_media_Meranges,-2.389,0.263,Ordbeta,T0-T1,DIST,1,Meranges,T_generation,26.65759376141882,Generation time,H2
Plantago_media,Plantago_media_Meranges,-2.389,0.263,Ordbeta,T0-T1,DIST,1,Meranges,age_repro,7.781907794631257,Age at first reproduction,H2
Plantago_media,Plantago_media_Meranges,-2.389,0.263,Ordbeta,T0-T1,DIST,1,Meranges,percapita_repro,1.45375,Per capita reproduction,H1
Plantago_media,Plantago_media_Stoderzinken,-2.499,0.521,Ordbeta,T0-T1,DIST,1,Stoderzinken,FirstStepAtt,0.09763837076732365,First step attenuation,H3
Plantago_media,Plantago_media_Stoderzinken,-2.499,0.521,Ordbeta,T0-T1,DIST,1,Stoderzinken,Lambda,0.9166479924897526,Population growth rate,H4
Plantago_media,Plantago_media_Stoderzinken,-2.499,0.521,Ordbeta,T0-T1,DIST,1,Stoderzinken,R0,0.08234226650862676,Net reproductive rate,H1
Plantago_media,Plantago_media_Stoderzinken,-2.499,0.521,Ordbeta,T0-T1,DIST,1,Stoderzinken,Reactivity,2.6187483541110055,Reactivity,H3
Plantago_media,Plantago_media_Stoderzinken,-2.499,0.521,Ordbeta,T0-T1,DIST,1,Stoderzinken,T_generation,26.65759376141882,Generation time,H2
Plantago_media,Plantago_media_Stoderzinken,-2.499,0.521,Ordbeta,T0-T1,DIST,1,Stoderzinken,age_repro,7.781907794631257,Age at first reproduction,H2
Plantago_media,Plantago_media_Stoderzinken,-2.499,0.521,Ordbeta,T0-T1,DIST,1,Stoderzinken,percapita_repro,1.45375,Per capita reproduction,H1
Poa_alpina,Poa_alpina_Stoderzinken,-2.598,0.51,Ordbeta,T0-T1,DIST,1,Stoderzinken,FirstStepAtt,0.5593809694080667,First step attenuation,H3
Poa_alpina,Poa_alpina_Stoderzinken,-2.598,0.51,Ordbeta,T0-T1,DIST,1,Stoderzinken,Lambda,0.9289514100594023,Population growth rate,H4
Poa_alpina,Poa_alpina_Stoderzinken,-2.598,0.51,Ordbeta,T0-T1,DIST,1,Stoderzinken,R0,0.275044534651221,Net reproductive rate,H1
Poa_alpina,Poa_alpina_Stoderzinken,-2.598,0.51,Ordbeta,T0-T1,DIST,1,Stoderzinken,Reactivity,2.1100625678449862,Reactivity,H3
Poa_alpina,Poa_alpina_Stoderzinken,-2.598,0.51,Ordbeta,T0-T1,DIST,1,Stoderzinken,T_generation,25.34169491084177,Generation time,H2
Poa_alpina,Poa_alpina_Stoderzinken,-2.598,0.51,Ordbeta,T0-T1,DIST,1,Stoderzinken,age_repro,2.340067942070445,Age at first reproduction,H2
Poa_alpina,Poa_alpina_Stoderzinken,-2.598,0.51,Ordbeta,T0-T1,DIST,1,Stoderzinken,percapita_repro,0.12206831550638118,Per capita reproduction,H1
Potentilla_recta,Potentilla_recta_Churning Rapids,-2.45,0.22,Ordbeta,T0-T1,DIST,1,Churning Rapids,FirstStepAtt,0.46395475886623727,First step attenuation,H3
Potentilla_recta,Potentilla_recta_Churning Rapids,-2.45,0.22,Ordbeta,T0-T1,DIST,1,Churning Rapids,Lambda,1.3233051390988662,Population growth rate,H4
Potentilla_recta,Potentilla_recta_Churning Rapids,-2.45,0.22,Ordbeta,T0-T1,DIST,1,Churning Rapids,R0,4.554568494295668,Net reproductive rate,H1
Potentilla_recta,Potentilla_recta_Churning Rapids,-2.45,0.22,Ordbeta,T0-T1,DIST,1,Churning Rapids,Reactivity,50.87649164118185,Reactivity,H3
Potentilla_recta,Potentilla_recta_Churning Rapids,-2.45,0.22,Ordbeta,T0-T1,DIST,1,Churning Rapids,T_generation,3.0912219825611436,Generation time,H2
Potentilla_recta,Potentilla_recta_Churning Rapids,-2.45,0.22,Ordbeta,T0-T1,DIST,1,Churning Rapids,age_repro,4.350285421282276,Age at first reproduction,H2
Potentilla_recta,Potentilla_recta_Churning Rapids,-2.45,0.22,Ordbeta,T0-T1,DIST,1,Churning Rapids,percapita_repro,178.41933,Per capita reproduction,H1
Potentilla_recta,Potentilla_recta_Kellogg Biological Station (KBS),-2.694,0.393,Ordbeta,T0-T1,DIST,1,Kellogg Biological Station (KBS),FirstStepAtt,0.46395475886623727,First step attenuation,H3
Potentilla_recta,Potentilla_recta_Kellogg Biological Station (KBS),-2.694,0.393,Ordbeta,T0-T1,DIST,1,Kellogg Biological Station (KBS),Lambda,1.3233051390988662,Population growth rate,H4
Potentilla_recta,Potentilla_recta_Kellogg Biological Station (KBS),-2.694,0.393,Ordbeta,T0-T1,DIST,1,Kellogg Biological Station (KBS),R0,4.554568494295668,Net reproductive rate,H1
Potentilla_recta,Potentilla_recta_Kellogg Biological Station (KBS),-2.694,0.393,Ordbeta,T0-T1,DIST,1,Kellogg Biological Station (KBS),Reactivity,50.87649164118185,Reactivity,H3
Potentilla_recta,Potentilla_recta_Kellogg Biological Station (KBS),-2.694,0.393,Ordbeta,T0-T1,DIST,1,Kellogg Biological Station (KBS),T_generation,3.0912219825611436,Generation time,H2
Potentilla_recta,Potentilla_recta_Kellogg Biological Station (KBS),-2.694,0.393,Ordbeta,T0-T1,DIST,1,Kellogg Biological Station (KBS),age_repro,4.350285421282276,Age at first reproduction,H2
Potentilla_recta,Potentilla_recta_Kellogg Biological Station (KBS),-2.694,0.393,Ordbeta,T0-T1,DIST,1,Kellogg Biological Station (KBS),percapita_repro,178.41933,Per capita reproduction,H1
Primula_elatior,Primula_elatior_Stoderzinken,-2.572,0.388,Ordbeta,T0-T1,DIST,1,Stoderzinken,FirstStepAtt,0.09071608925229445,First step attenuation,H3
Primula_elatior,Primula_elatior_Stoderzinken,-2.572,0.388,Ordbeta,T0-T1,DIST,1,Stoderzinken,Lambda,1.0243599289476764,Population growth rate,H4
Primula_elatior,Primula_elatior_Stoderzinken,-2.572,0.388,Ordbeta,T0-T1,DIST,1,Stoderzinken,R0,5.205777227247124,Net reproductive rate,H1
Primula_elatior,Primula_elatior_Stoderzinken,-2.572,0.388,Ordbeta,T0-T1,DIST,1,Stoderzinken,Reactivity,3.497296267043912,Reactivity,H3
Primula_elatior,Primula_elatior_Stoderzinken,-2.572,0.388,Ordbeta,T0-T1,DIST,1,Stoderzinken,T_generation,16.378189606020538,Generation time,H2
Primula_elatior,Primula_elatior_Stoderzinken,-2.572,0.388,Ordbeta,T0-T1,DIST,1,Stoderzinken,age_repro,4.940070913622387,Age at first reproduction,H2
Primula_elatior,Primula_elatior_Stoderzinken,-2.572,0.388,Ordbeta,T0-T1,DIST,1,Stoderzinken,percapita_repro,2.033292907202877,Per capita reproduction,H1
Primula_veris,Primula_veris_Wytham Woods,-2.799,0.364,Ordbeta,T0-T1,DIST,1,Wytham Woods,FirstStepAtt,0.11620331876130521,First step attenuation,H3
Primula_veris,Primula_veris_Wytham Woods,-2.799,0.364,Ordbeta,T0-T1,DIST,1,Wytham Woods,Lambda,0.9177166512186883,Population growth rate,H4
Primula_veris,Primula_veris_Wytham Woods,-2.799,0.364,Ordbeta,T0-T1,DIST,1,Wytham Woods,R0,0.8822595024722741,Net reproductive rate,H1
Primula_veris,Primula_veris_Wytham Woods,-2.799,0.364,Ordbeta,T0-T1,DIST,1,Wytham Woods,Reactivity,14.4046160118657,Reactivity,H3
Primula_veris,Primula_veris_Wytham Woods,-2.799,0.364,Ordbeta,T0-T1,DIST,1,Wytham Woods,T_generation,31.085943346226824,Generation time,H2
Primula_veris,Primula_veris_Wytham Woods,-2.799,0.364,Ordbeta,T0-T1,DIST,1,Wytham Woods,age_repro,8.31254459714844,Age at first reproduction,H2
Primula_veris,Primula_veris_Wytham Woods,-2.799,0.364,Ordbeta,T0-T1,DIST,1,Wytham Woods,percapita_repro,13.574022714285713,Per capita reproduction,H1
Ranunculus_acris,Ranunculus_acris_Agroscope Changins,-2.246,0.221,Ordbeta,T0-T1,DIST,1,Agroscope Changins,FirstStepAtt,0.10835396206826964,First step attenuation,H3
Ranunculus_acris,Ranunculus_acris_Agroscope Changins,-2.246,0.221,Ordbeta,T0-T1,DIST,1,Agroscope Changins,Lambda,1.1474253581153837,Population growth rate,H4
Ranunculus_acris,Ranunculus_acris_Agroscope Changins,-2.246,0.221,Ordbeta,T0-T1,DIST,1,Agroscope Changins,R0,1.55497855361596,Net reproductive rate,H1
Ranunculus_acris,Ranunculus_acris_Agroscope Changins,-2.246,0.221,Ordbeta,T0-T1,DIST,1,Agroscope Changins,Reactivity,6.68037129041872,Reactivity,H3
Ranunculus_acris,Ranunculus_acris_Agroscope Changins,-2.246,0.221,Ordbeta,T0-T1,DIST,1,Agroscope Changins,T_generation,3.829023387316118,Generation time,H2
Ranunculus_acris,Ranunculus_acris_Agroscope Changins,-2.246,0.221,Ordbeta,T0-T1,DIST,1,Agroscope Changins,age_repro,3.0548523206751055,Age at first reproduction,H2
Ranunculus_acris,Ranunculus_acris_Agroscope Changins,-2.246,0.221,Ordbeta,T0-T1,DIST,1,Agroscope Changins,percapita_repro,6.96,Per capita reproduction,H1
Ranunculus_acris,Ranunculus_acris_Bayreuth DRAGNet,-2.508,0.296,Ordbeta,T0-T1,DIST,1,Bayreuth DRAGNet,FirstStepAtt,0.10835396206826964,First step attenuation,H3
Ranunculus_acris,Ranunculus_acris_Bayreuth DRAGNet,-2.508,0.296,Ordbeta,T0-T1,DIST,1,Bayreuth DRAGNet,Lambda,1.1474253581153837,Population growth rate,H4
Ranunculus_acris,Ranunculus_acris_Bayreuth DRAGNet,-2.508,0.296,Ordbeta,T0-T1,DIST,1,Bayreuth DRAGNet,R0,1.55497855361596,Net reproductive rate,H1
Ranunculus_acris,Ranunculus_acris_Bayreuth DRAGNet,-2.508,0.296,Ordbeta,T0-T1,DIST,1,Bayreuth DRAGNet,Reactivity,6.68037129041872,Reactivity,H3
Ranunculus_acris,Ranunculus_acris_Bayreuth DRAGNet,-2.508,0.296,Ordbeta,T0-T1,DIST,1,Bayreuth DRAGNet,T_generation,3.829023387316118,Generation time,H2
Ranunculus_acris,Ranunculus_acris_Bayreuth DRAGNet,-2.508,0.296,Ordbeta,T0-T1,DIST,1,Bayreuth DRAGNet,age_repro,3.0548523206751055,Age at first reproduction,H2
Ranunculus_acris,Ranunculus_acris_Bayreuth DRAGNet,-2.508,0.296,Ordbeta,T0-T1,DIST,1,Bayreuth DRAGNet,percapita_repro,6.96,Per capita reproduction,H1
Ranunculus_acris,Ranunculus_acris_Churning Rapids,-2.696,0.529,Ordbeta,T0-T1,DIST,1,Churning Rapids,FirstStepAtt,0.10835396206826964,First step attenuation,H3
Ranunculus_acris,Ranunculus_acris_Churning Rapids,-2.696,0.529,Ordbeta,T0-T1,DIST,1,Churning Rapids,Lambda,1.1474253581153837,Population growth rate,H4
Ranunculus_acris,Ranunculus_acris_Churning Rapids,-2.696,0.529,Ordbeta,T0-T1,DIST,1,Churning Rapids,R0,1.55497855361596,Net reproductive rate,H1
Ranunculus_acris,Ranunculus_acris_Churning Rapids,-2.696,0.529,Ordbeta,T0-T1,DIST,1,Churning Rapids,Reactivity,6.68037129041872,Reactivity,H3
Ranunculus_acris,Ranunculus_acris_Churning Rapids,-2.696,0.529,Ordbeta,T0-T1,DIST,1,Churning Rapids,T_generation,3.829023387316118,Generation time,H2
Ranunculus_acris,Ranunculus_acris_Churning Rapids,-2.696,0.529,Ordbeta,T0-T1,DIST,1,Churning Rapids,age_repro,3.0548523206751055,Age at first reproduction,H2
Ranunculus_acris,Ranunculus_acris_Churning Rapids,-2.696,0.529,Ordbeta,T0-T1,DIST,1,Churning Rapids,percapita_repro,6.96,Per capita reproduction,H1
Ranunculus_acris,Ranunculus_acris_Kniezenberg,-2.702,0.525,Ordbeta,T0-T1,DIST,1,Kniezenberg,FirstStepAtt,0.10835396206826964,First step attenuation,H3
Ranunculus_acris,Ranunculus_acris_Kniezenberg,-2.702,0.525,Ordbeta,T0-T1,DIST,1,Kniezenberg,Lambda,1.1474253581153837,Population growth rate,H4
Ranunculus_acris,Ranunculus_acris_Kniezenberg,-2.702,0.525,Ordbeta,T0-T1,DIST,1,Kniezenberg,R0,1.55497855361596,Net reproductive rate,H1
Ranunculus_acris,Ranunculus_acris_Kniezenberg,-2.702,0.525,Ordbeta,T0-T1,DIST,1,Kniezenberg,Reactivity,6.68037129041872,Reactivity,H3
Ranunculus_acris,Ranunculus_acris_Kniezenberg,-2.702,0.525,Ordbeta,T0-T1,DIST,1,Kniezenberg,T_generation,3.829023387316118,Generation time,H2
Ranunculus_acris,Ranunculus_acris_Kniezenberg,-2.702,0.525,Ordbeta,T0-T1,DIST,1,Kniezenberg,age_repro,3.0548523206751055,Age at first reproduction,H2
Ranunculus_acris,Ranunculus_acris_Kniezenberg,-2.702,0.525,Ordbeta,T0-T1,DIST,1,Kniezenberg,percapita_repro,6.96,Per capita reproduction,H1
Ranunculus_acris,Ranunculus_acris_Meranges,-2.845,0.298,Ordbeta,T0-T1,DIST,1,Meranges,FirstStepAtt,0.10835396206826964,First step attenuation,H3
Ranunculus_acris,Ranunculus_acris_Meranges,-2.845,0.298,Ordbeta,T0-T1,DIST,1,Meranges,Lambda,1.1474253581153837,Population growth rate,H4
Ranunculus_acris,Ranunculus_acris_Meranges,-2.845,0.298,Ordbeta,T0-T1,DIST,1,Meranges,R0,1.55497855361596,Net reproductive rate,H1
Ranunculus_acris,Ranunculus_acris_Meranges,-2.845,0.298,Ordbeta,T0-T1,DIST,1,Meranges,Reactivity,6.68037129041872,Reactivity,H3
Ranunculus_acris,Ranunculus_acris_Meranges,-2.845,0.298,Ordbeta,T0-T1,DIST,1,Meranges,T_generation,3.829023387316118,Generation time,H2
Ranunculus_acris,Ranunculus_acris_Meranges,-2.845,0.298,Ordbeta,T0-T1,DIST,1,Meranges,age_repro,3.0548523206751055,Age at first reproduction,H2
Ranunculus_acris,Ranunculus_acris_Meranges,-2.845,0.298,Ordbeta,T0-T1,DIST,1,Meranges,percapita_repro,6.96,Per capita reproduction,H1
Ranunculus_acris,Ranunculus_acris_Stoderzinken,-2.593,0.353,Ordbeta,T0-T1,DIST,1,Stoderzinken,FirstStepAtt,0.10835396206826964,First step attenuation,H3
Ranunculus_acris,Ranunculus_acris_Stoderzinken,-2.593,0.353,Ordbeta,T0-T1,DIST,1,Stoderzinken,Lambda,1.1474253581153837,Population growth rate,H4
Ranunculus_acris,Ranunculus_acris_Stoderzinken,-2.593,0.353,Ordbeta,T0-T1,DIST,1,Stoderzinken,R0,1.55497855361596,Net reproductive rate,H1
Ranunculus_acris,Ranunculus_acris_Stoderzinken,-2.593,0.353,Ordbeta,T0-T1,DIST,1,Stoderzinken,Reactivity,6.68037129041872,Reactivity,H3
Ranunculus_acris,Ranunculus_acris_Stoderzinken,-2.593,0.353,Ordbeta,T0-T1,DIST,1,Stoderzinken,T_generation,3.829023387316118,Generation time,H2
Ranunculus_acris,Ranunculus_acris_Stoderzinken,-2.593,0.353,Ordbeta,T0-T1,DIST,1,Stoderzinken,age_repro,3.0548523206751055,Age at first reproduction,H2
Ranunculus_acris,Ranunculus_acris_Stoderzinken,-2.593,0.353,Ordbeta,T0-T1,DIST,1,Stoderzinken,percapita_repro,6.96,Per capita reproduction,H1
Ranunculus_acris,Ranunculus_acris_WSL,-2.382,0.325,Ordbeta,T0-T1,DIST,1,WSL,FirstStepAtt,0.10835396206826964,First step attenuation,H3
Ranunculus_acris,Ranunculus_acris_WSL,-2.382,0.325,Ordbeta,T0-T1,DIST,1,WSL,Lambda,1.1474253581153837,Population growth rate,H4
Ranunculus_acris,Ranunculus_acris_WSL,-2.382,0.325,Ordbeta,T0-T1,DIST,1,WSL,R0,1.55497855361596,Net reproductive rate,H1
Ranunculus_acris,Ranunculus_acris_WSL,-2.382,0.325,Ordbeta,T0-T1,DIST,1,WSL,Reactivity,6.68037129041872,Reactivity,H3
Ranunculus_acris,Ranunculus_acris_WSL,-2.382,0.325,Ordbeta,T0-T1,DIST,1,WSL,T_generation,3.829023387316118,Generation time,H2
Ranunculus_acris,Ranunculus_acris_WSL,-2.382,0.325,Ordbeta,T0-T1,DIST,1,WSL,age_repro,3.0548523206751055,Age at first reproduction,H2
Ranunculus_acris,Ranunculus_acris_WSL,-2.382,0.325,Ordbeta,T0-T1,DIST,1,WSL,percapita_repro,6.96,Per capita reproduction,H1
Ranunculus_acris,Ranunculus_acris_Wytham Woods,-2.629,0.433,Ordbeta,T0-T1,DIST,1,Wytham Woods,FirstStepAtt,0.10835396206826964,First step attenuation,H3
Ranunculus_acris,Ranunculus_acris_Wytham Woods,-2.629,0.433,Ordbeta,T0-T1,DIST,1,Wytham Woods,Lambda,1.1474253581153837,Population growth rate,H4
Ranunculus_acris,Ranunculus_acris_Wytham Woods,-2.629,0.433,Ordbeta,T0-T1,DIST,1,Wytham Woods,R0,1.55497855361596,Net reproductive rate,H1
Ranunculus_acris,Ranunculus_acris_Wytham Woods,-2.629,0.433,Ordbeta,T0-T1,DIST,1,Wytham Woods,Reactivity,6.68037129041872,Reactivity,H3
Ranunculus_acris,Ranunculus_acris_Wytham Woods,-2.629,0.433,Ordbeta,T0-T1,DIST,1,Wytham Woods,T_generation,3.829023387316118,Generation time,H2
Ranunculus_acris,Ranunculus_acris_Wytham Woods,-2.629,0.433,Ordbeta,T0-T1,DIST,1,Wytham Woods,age_repro,3.0548523206751055,Age at first reproduction,H2
Ranunculus_acris,Ranunculus_acris_Wytham Woods,-2.629,0.433,Ordbeta,T0-T1,DIST,1,Wytham Woods,percapita_repro,6.96,Per capita reproduction,H1
Ratibida_columnifera,Ratibida_columnifera_Ladybird Johnson Wildflower Center,-2.769,0.515,Ordbeta,T0-T1,DIST,1,Ladybird Johnson Wildflower Center,FirstStepAtt,0.9979544746428212,First step attenuation,H3
Ratibida_columnifera,Ratibida_columnifera_Ladybird Johnson Wildflower Center,-2.769,0.515,Ordbeta,T0-T1,DIST,1,Ladybird Johnson Wildflower Center,Lambda,0.7243603858174655,Population growth rate,H4
Ratibida_columnifera,Ratibida_columnifera_Ladybird Johnson Wildflower Center,-2.769,0.515,Ordbeta,T0-T1,DIST,1,Ladybird Johnson Wildflower Center,R0,3.3489491834416096,Net reproductive rate,H1
Ratibida_columnifera,Ratibida_columnifera_Ladybird Johnson Wildflower Center,-2.769,0.515,Ordbeta,T0-T1,DIST,1,Ladybird Johnson Wildflower Center,Reactivity,1.00478075858474,Reactivity,H3
Ratibida_columnifera,Ratibida_columnifera_Ladybird Johnson Wildflower Center,-2.769,0.515,Ordbeta,T0-T1,DIST,1,Ladybird Johnson Wildflower Center,T_generation,1.2318818467682544,Generation time,H2
Ratibida_columnifera,Ratibida_columnifera_Ladybird Johnson Wildflower Center,-2.769,0.515,Ordbeta,T0-T1,DIST,1,Ladybird Johnson Wildflower Center,age_repro,1,Age at first reproduction,H2
Ratibida_columnifera,Ratibida_columnifera_Ladybird Johnson Wildflower Center,-2.769,0.515,Ordbeta,T0-T1,DIST,1,Ladybird Johnson Wildflower Center,percapita_repro,2.7010344666666666,Per capita reproduction,H1
Salsola_kali,Salsola_kali_Fowlers Gap,-2.603,0.327,Ordbeta,T0-T1,DIST,1,Fowlers Gap,FirstStepAtt,7.190249115029098e-4,First step attenuation,H3
Salsola_kali,Salsola_kali_Fowlers Gap,-2.603,0.327,Ordbeta,T0-T1,DIST,1,Fowlers Gap,Lambda,0.5896874965204653,Population growth rate,H4
Salsola_kali,Salsola_kali_Fowlers Gap,-2.603,0.327,Ordbeta,T0-T1,DIST,1,Fowlers Gap,R0,0.04204373526550297,Net reproductive rate,H1
Salsola_kali,Salsola_kali_Fowlers Gap,-2.603,0.327,Ordbeta,T0-T1,DIST,1,Fowlers Gap,Reactivity,NA,Reactivity,H3
Salsola_kali,Salsola_kali_Fowlers Gap,-2.603,0.327,Ordbeta,T0-T1,DIST,1,Fowlers Gap,T_generation,6.000169610109778,Generation time,H2
Salsola_kali,Salsola_kali_Fowlers Gap,-2.603,0.327,Ordbeta,T0-T1,DIST,1,Fowlers Gap,age_repro,6.000100010001,Age at first reproduction,H2
Salsola_kali,Salsola_kali_Fowlers Gap,-2.603,0.327,Ordbeta,T0-T1,DIST,1,Fowlers Gap,percapita_repro,NA,Per capita reproduction,H1
Salsola_kali,Salsola_kali_Sandflats,-2.984,0.434,Ordbeta,T0-T1,DIST,1,Sandflats,FirstStepAtt,7.190249115029098e-4,First step attenuation,H3
Salsola_kali,Salsola_kali_Sandflats,-2.984,0.434,Ordbeta,T0-T1,DIST,1,Sandflats,Lambda,0.5896874965204653,Population growth rate,H4
Salsola_kali,Salsola_kali_Sandflats,-2.984,0.434,Ordbeta,T0-T1,DIST,1,Sandflats,R0,0.04204373526550297,Net reproductive rate,H1
Salsola_kali,Salsola_kali_Sandflats,-2.984,0.434,Ordbeta,T0-T1,DIST,1,Sandflats,Reactivity,NA,Reactivity,H3
Salsola_kali,Salsola_kali_Sandflats,-2.984,0.434,Ordbeta,T0-T1,DIST,1,Sandflats,T_generation,6.000169610109778,Generation time,H2
Salsola_kali,Salsola_kali_Sandflats,-2.984,0.434,Ordbeta,T0-T1,DIST,1,Sandflats,age_repro,6.000100010001,Age at first reproduction,H2
Salsola_kali,Salsola_kali_Sandflats,-2.984,0.434,Ordbeta,T0-T1,DIST,1,Sandflats,percapita_repro,NA,Per capita reproduction,H1
Sphaeralcea_coccinea,Sphaeralcea_coccinea_Shortgrass Steppe LTER,-2.619,0.284,Ordbeta,T0-T1,DIST,1,Shortgrass Steppe LTER,FirstStepAtt,0.9788261596776104,First step attenuation,H3
Sphaeralcea_coccinea,Sphaeralcea_coccinea_Shortgrass Steppe LTER,-2.619,0.284,Ordbeta,T0-T1,DIST,1,Shortgrass Steppe LTER,Lambda,0.9140916052986946,Population growth rate,H4
Sphaeralcea_coccinea,Sphaeralcea_coccinea_Shortgrass Steppe LTER,-2.619,0.284,Ordbeta,T0-T1,DIST,1,Shortgrass Steppe LTER,R0,1.0497677328830435,Net reproductive rate,H1
Sphaeralcea_coccinea,Sphaeralcea_coccinea_Shortgrass Steppe LTER,-2.619,0.284,Ordbeta,T0-T1,DIST,1,Shortgrass Steppe LTER,Reactivity,1.0671952343744,Reactivity,H3
Sphaeralcea_coccinea,Sphaeralcea_coccinea_Shortgrass Steppe LTER,-2.619,0.284,Ordbeta,T0-T1,DIST,1,Shortgrass Steppe LTER,T_generation,1.2977127780843936,Generation time,H2
Sphaeralcea_coccinea,Sphaeralcea_coccinea_Shortgrass Steppe LTER,-2.619,0.284,Ordbeta,T0-T1,DIST,1,Shortgrass Steppe LTER,age_repro,1,Age at first reproduction,H2
Sphaeralcea_coccinea,Sphaeralcea_coccinea_Shortgrass Steppe LTER,-2.619,0.284,Ordbeta,T0-T1,DIST,1,Shortgrass Steppe LTER,percapita_repro,0.8557142777777778,Per capita reproduction,H1
Stenaria_nigricans,Stenaria_nigricans_Temple,-2.079,0.328,Ordbeta,T0-T1,DIST,1,Temple,FirstStepAtt,0.9984969413842903,First step attenuation,H3
Stenaria_nigricans,Stenaria_nigricans_Temple,-2.079,0.328,Ordbeta,T0-T1,DIST,1,Temple,Lambda,0.9901413361648121,Population growth rate,H4
Stenaria_nigricans,Stenaria_nigricans_Temple,-2.079,0.328,Ordbeta,T0-T1,DIST,1,Temple,R0,1.6245457643658545,Net reproductive rate,H1
Stenaria_nigricans,Stenaria_nigricans_Temple,-2.079,0.328,Ordbeta,T0-T1,DIST,1,Temple,Reactivity,1.00926761725409,Reactivity,H3
Stenaria_nigricans,Stenaria_nigricans_Temple,-2.079,0.328,Ordbeta,T0-T1,DIST,1,Temple,T_generation,1.1114440769106202,Generation time,H2
Stenaria_nigricans,Stenaria_nigricans_Temple,-2.079,0.328,Ordbeta,T0-T1,DIST,1,Temple,age_repro,1,Age at first reproduction,H2
Stenaria_nigricans,Stenaria_nigricans_Temple,-2.079,0.328,Ordbeta,T0-T1,DIST,1,Temple,percapita_repro,1.4610344666666668,Per capita reproduction,H1
Taraxacum_campylodes,Taraxacum_campylodes_Bayreuth DRAGNet,-2.296,0.312,Ordbeta,T0-T1,DIST,1,Bayreuth DRAGNet,FirstStepAtt,0.18122936095531808,First step attenuation,H3
Taraxacum_campylodes,Taraxacum_campylodes_Bayreuth DRAGNet,-2.296,0.312,Ordbeta,T0-T1,DIST,1,Bayreuth DRAGNet,Lambda,0.08041791145870329,Population growth rate,H4
Taraxacum_campylodes,Taraxacum_campylodes_Bayreuth DRAGNet,-2.296,0.312,Ordbeta,T0-T1,DIST,1,Bayreuth DRAGNet,R0,9.004714273919254e-7,Net reproductive rate,H1
Taraxacum_campylodes,Taraxacum_campylodes_Bayreuth DRAGNet,-2.296,0.312,Ordbeta,T0-T1,DIST,1,Bayreuth DRAGNet,Reactivity,57.90876911473913,Reactivity,H3
Taraxacum_campylodes,Taraxacum_campylodes_Bayreuth DRAGNet,-2.296,0.312,Ordbeta,T0-T1,DIST,1,Bayreuth DRAGNet,T_generation,NA,Generation time,H2
Taraxacum_campylodes,Taraxacum_campylodes_Bayreuth DRAGNet,-2.296,0.312,Ordbeta,T0-T1,DIST,1,Bayreuth DRAGNet,age_repro,1,Age at first reproduction,H2
Taraxacum_campylodes,Taraxacum_campylodes_Bayreuth DRAGNet,-2.296,0.312,Ordbeta,T0-T1,DIST,1,Bayreuth DRAGNet,percapita_repro,1.3490166782018932e-5,Per capita reproduction,H1
Taraxacum_campylodes,Taraxacum_campylodes_Kellogg Biological Station (KBS),-2.687,0.528,Ordbeta,T0-T1,DIST,1,Kellogg Biological Station (KBS),FirstStepAtt,0.18122936095531808,First step attenuation,H3
Taraxacum_campylodes,Taraxacum_campylodes_Kellogg Biological Station (KBS),-2.687,0.528,Ordbeta,T0-T1,DIST,1,Kellogg Biological Station (KBS),Lambda,0.08041791145870329,Population growth rate,H4
Taraxacum_campylodes,Taraxacum_campylodes_Kellogg Biological Station (KBS),-2.687,0.528,Ordbeta,T0-T1,DIST,1,Kellogg Biological Station (KBS),R0,9.004714273919254e-7,Net reproductive rate,H1
Taraxacum_campylodes,Taraxacum_campylodes_Kellogg Biological Station (KBS),-2.687,0.528,Ordbeta,T0-T1,DIST,1,Kellogg Biological Station (KBS),Reactivity,57.90876911473913,Reactivity,H3
Taraxacum_campylodes,Taraxacum_campylodes_Kellogg Biological Station (KBS),-2.687,0.528,Ordbeta,T0-T1,DIST,1,Kellogg Biological Station (KBS),T_generation,NA,Generation time,H2
Taraxacum_campylodes,Taraxacum_campylodes_Kellogg Biological Station (KBS),-2.687,0.528,Ordbeta,T0-T1,DIST,1,Kellogg Biological Station (KBS),age_repro,1,Age at first reproduction,H2
Taraxacum_campylodes,Taraxacum_campylodes_Kellogg Biological Station (KBS),-2.687,0.528,Ordbeta,T0-T1,DIST,1,Kellogg Biological Station (KBS),percapita_repro,1.3490166782018932e-5,Per capita reproduction,H1
Thymus_vulgaris,Thymus_vulgaris_Morella la Vella,-2.552,0.329,Ordbeta,T0-T1,DIST,1,Morella la Vella,FirstStepAtt,0.9941521717357211,First step attenuation,H3
Thymus_vulgaris,Thymus_vulgaris_Morella la Vella,-2.552,0.329,Ordbeta,T0-T1,DIST,1,Morella la Vella,Lambda,0.9926751959162854,Population growth rate,H4
Thymus_vulgaris,Thymus_vulgaris_Morella la Vella,-2.552,0.329,Ordbeta,T0-T1,DIST,1,Morella la Vella,R0,0.3434937835569579,Net reproductive rate,H1
Thymus_vulgaris,Thymus_vulgaris_Morella la Vella,-2.552,0.329,Ordbeta,T0-T1,DIST,1,Morella la Vella,Reactivity,1.0104094818415374,Reactivity,H3
Thymus_vulgaris,Thymus_vulgaris_Morella la Vella,-2.552,0.329,Ordbeta,T0-T1,DIST,1,Morella la Vella,T_generation,NA,Generation time,H2
Thymus_vulgaris,Thymus_vulgaris_Morella la Vella,-2.552,0.329,Ordbeta,T0-T1,DIST,1,Morella la Vella,age_repro,NA,Age at first reproduction,H2
Thymus_vulgaris,Thymus_vulgaris_Morella la Vella,-2.552,0.329,Ordbeta,T0-T1,DIST,1,Morella la Vella,percapita_repro,0.0062509982916058755,Per capita reproduction,H1
Verbascum_thapsus,Verbascum_thapsus_Blandy Experimental Farm,-2.312,0.514,Ordbeta,T0-T1,DIST,1,Blandy Experimental Farm,FirstStepAtt,0.01808607278854514,First step attenuation,H3
Verbascum_thapsus,Verbascum_thapsus_Blandy Experimental Farm,-2.312,0.514,Ordbeta,T0-T1,DIST,1,Blandy Experimental Farm,Lambda,NA,Population growth rate,H4
Verbascum_thapsus,Verbascum_thapsus_Blandy Experimental Farm,-2.312,0.514,Ordbeta,T0-T1,DIST,1,Blandy Experimental Farm,R0,29.421212008404037,Net reproductive rate,H1
Verbascum_thapsus,Verbascum_thapsus_Blandy Experimental Farm,-2.312,0.514,Ordbeta,T0-T1,DIST,1,Blandy Experimental Farm,Reactivity,NA,Reactivity,H3
Verbascum_thapsus,Verbascum_thapsus_Blandy Experimental Farm,-2.312,0.514,Ordbeta,T0-T1,DIST,1,Blandy Experimental Farm,T_generation,2.173708938183875,Generation time,H2
Verbascum_thapsus,Verbascum_thapsus_Blandy Experimental Farm,-2.312,0.514,Ordbeta,T0-T1,DIST,1,Blandy Experimental Farm,age_repro,12.83717149823896,Age at first reproduction,H2
Verbascum_thapsus,Verbascum_thapsus_Blandy Experimental Farm,-2.312,0.514,Ordbeta,T0-T1,DIST,1,Blandy Experimental Farm,percapita_repro,NA,Per capita reproduction,H1
Verbascum_thapsus,Verbascum_thapsus_Cedar Creek LTER,-2.175,0.393,Ordbeta,T0-T1,DIST,1,Cedar Creek LTER,FirstStepAtt,0.01808607278854514,First step attenuation,H3
Verbascum_thapsus,Verbascum_thapsus_Cedar Creek LTER,-2.175,0.393,Ordbeta,T0-T1,DIST,1,Cedar Creek LTER,Lambda,NA,Population growth rate,H4
Verbascum_thapsus,Verbascum_thapsus_Cedar Creek LTER,-2.175,0.393,Ordbeta,T0-T1,DIST,1,Cedar Creek LTER,R0,29.421212008404037,Net reproductive rate,H1
Verbascum_thapsus,Verbascum_thapsus_Cedar Creek LTER,-2.175,0.393,Ordbeta,T0-T1,DIST,1,Cedar Creek LTER,Reactivity,NA,Reactivity,H3
Verbascum_thapsus,Verbascum_thapsus_Cedar Creek LTER,-2.175,0.393,Ordbeta,T0-T1,DIST,1,Cedar Creek LTER,T_generation,2.173708938183875,Generation time,H2
Verbascum_thapsus,Verbascum_thapsus_Cedar Creek LTER,-2.175,0.393,Ordbeta,T0-T1,DIST,1,Cedar Creek LTER,age_repro,12.83717149823896,Age at first reproduction,H2
Verbascum_thapsus,Verbascum_thapsus_Cedar Creek LTER,-2.175,0.393,Ordbeta,T0-T1,DIST,1,Cedar Creek LTER,percapita_repro,NA,Per capita reproduction,H1
Verbascum_thapsus,Verbascum_thapsus_Churning Rapids,-2.687,0.528,Ordbeta,T0-T1,DIST,1,Churning Rapids,FirstStepAtt,0.01808607278854514,First step attenuation,H3
Verbascum_thapsus,Verbascum_thapsus_Churning Rapids,-2.687,0.528,Ordbeta,T0-T1,DIST,1,Churning Rapids,Lambda,NA,Population growth rate,H4
Verbascum_thapsus,Verbascum_thapsus_Churning Rapids,-2.687,0.528,Ordbeta,T0-T1,DIST,1,Churning Rapids,R0,29.421212008404037,Net reproductive rate,H1
Verbascum_thapsus,Verbascum_thapsus_Churning Rapids,-2.687,0.528,Ordbeta,T0-T1,DIST,1,Churning Rapids,Reactivity,NA,Reactivity,H3
Verbascum_thapsus,Verbascum_thapsus_Churning Rapids,-2.687,0.528,Ordbeta,T0-T1,DIST,1,Churning Rapids,T_generation,2.173708938183875,Generation time,H2
Verbascum_thapsus,Verbascum_thapsus_Churning Rapids,-2.687,0.528,Ordbeta,T0-T1,DIST,1,Churning Rapids,age_repro,12.83717149823896,Age at first reproduction,H2
Verbascum_thapsus,Verbascum_thapsus_Churning Rapids,-2.687,0.528,Ordbeta,T0-T1,DIST,1,Churning Rapids,percapita_repro,NA,Per capita reproduction,H1
Verbascum_thapsus,Verbascum_thapsus_Izaak Walton League of America (IWLA),-2.699,0.466,Ordbeta,T0-T1,DIST,1,Izaak Walton League of America (IWLA),FirstStepAtt,0.01808607278854514,First step attenuation,H3
Verbascum_thapsus,Verbascum_thapsus_Izaak Walton League of America (IWLA),-2.699,0.466,Ordbeta,T0-T1,DIST,1,Izaak Walton League of America (IWLA),Lambda,NA,Population growth rate,H4
Verbascum_thapsus,Verbascum_thapsus_Izaak Walton League of America (IWLA),-2.699,0.466,Ordbeta,T0-T1,DIST,1,Izaak Walton League of America (IWLA),R0,29.421212008404037,Net reproductive rate,H1
Verbascum_thapsus,Verbascum_thapsus_Izaak Walton League of America (IWLA),-2.699,0.466,Ordbeta,T0-T1,DIST,1,Izaak Walton League of America (IWLA),Reactivity,NA,Reactivity,H3
Verbascum_thapsus,Verbascum_thapsus_Izaak Walton League of America (IWLA),-2.699,0.466,Ordbeta,T0-T1,DIST,1,Izaak Walton League of America (IWLA),T_generation,2.173708938183875,Generation time,H2
Verbascum_thapsus,Verbascum_thapsus_Izaak Walton League of America (IWLA),-2.699,0.466,Ordbeta,T0-T1,DIST,1,Izaak Walton League of America (IWLA),age_repro,12.83717149823896,Age at first reproduction,H2
Verbascum_thapsus,Verbascum_thapsus_Izaak Walton League of America (IWLA),-2.699,0.466,Ordbeta,T0-T1,DIST,1,Izaak Walton League of America (IWLA),percapita_repro,NA,Per capita reproduction,H1
Verbascum_thapsus,Verbascum_thapsus_Piedmont Prairie,-2.312,0.514,Ordbeta,T0-T1,DIST,1,Piedmont Prairie,FirstStepAtt,0.01808607278854514,First step attenuation,H3
Verbascum_thapsus,Verbascum_thapsus_Piedmont Prairie,-2.312,0.514,Ordbeta,T0-T1,DIST,1,Piedmont Prairie,Lambda,NA,Population growth rate,H4
Verbascum_thapsus,Verbascum_thapsus_Piedmont Prairie,-2.312,0.514,Ordbeta,T0-T1,DIST,1,Piedmont Prairie,R0,29.421212008404037,Net reproductive rate,H1
Verbascum_thapsus,Verbascum_thapsus_Piedmont Prairie,-2.312,0.514,Ordbeta,T0-T1,DIST,1,Piedmont Prairie,Reactivity,NA,Reactivity,H3
Verbascum_thapsus,Verbascum_thapsus_Piedmont Prairie,-2.312,0.514,Ordbeta,T0-T1,DIST,1,Piedmont Prairie,T_generation,2.173708938183875,Generation time,H2
Verbascum_thapsus,Verbascum_thapsus_Piedmont Prairie,-2.312,0.514,Ordbeta,T0-T1,DIST,1,Piedmont Prairie,age_repro,12.83717149823896,Age at first reproduction,H2
Verbascum_thapsus,Verbascum_thapsus_Piedmont Prairie,-2.312,0.514,Ordbeta,T0-T1,DIST,1,Piedmont Prairie,percapita_repro,NA,Per capita reproduction,H1
Veronica_arvensis,Veronica_arvensis_Agroscope Changins,-3.208,0.413,Ordbeta,T0-T1,DIST,1,Agroscope Changins,FirstStepAtt,0.30601817657235825,First step attenuation,H3
Veronica_arvensis,Veronica_arvensis_Agroscope Changins,-3.208,0.413,Ordbeta,T0-T1,DIST,1,Agroscope Changins,Lambda,1.0575348190993947,Population growth rate,H4
Veronica_arvensis,Veronica_arvensis_Agroscope Changins,-3.208,0.413,Ordbeta,T0-T1,DIST,1,Agroscope Changins,R0,1.159057082246136,Net reproductive rate,H1
Veronica_arvensis,Veronica_arvensis_Agroscope Changins,-3.208,0.413,Ordbeta,T0-T1,DIST,1,Agroscope Changins,Reactivity,11.981784395247908,Reactivity,H3
Veronica_arvensis,Veronica_arvensis_Agroscope Changins,-3.208,0.413,Ordbeta,T0-T1,DIST,1,Agroscope Changins,T_generation,1.6876451180776884,Generation time,H2
Veronica_arvensis,Veronica_arvensis_Agroscope Changins,-3.208,0.413,Ordbeta,T0-T1,DIST,1,Agroscope Changins,age_repro,2.460420577382994,Age at first reproduction,H2
Veronica_arvensis,Veronica_arvensis_Agroscope Changins,-3.208,0.413,Ordbeta,T0-T1,DIST,1,Agroscope Changins,percapita_repro,10.783102,Per capita reproduction,H1
Veronica_arvensis,Veronica_arvensis_Bad Lauchstaedt,-2.957,0.306,Ordbeta,T0-T1,DIST,1,Bad Lauchstaedt,FirstStepAtt,0.30601817657235825,First step attenuation,H3
Veronica_arvensis,Veronica_arvensis_Bad Lauchstaedt,-2.957,0.306,Ordbeta,T0-T1,DIST,1,Bad Lauchstaedt,Lambda,1.0575348190993947,Population growth rate,H4
Veronica_arvensis,Veronica_arvensis_Bad Lauchstaedt,-2.957,0.306,Ordbeta,T0-T1,DIST,1,Bad Lauchstaedt,R0,1.159057082246136,Net reproductive rate,H1
Veronica_arvensis,Veronica_arvensis_Bad Lauchstaedt,-2.957,0.306,Ordbeta,T0-T1,DIST,1,Bad Lauchstaedt,Reactivity,11.981784395247908,Reactivity,H3
Veronica_arvensis,Veronica_arvensis_Bad Lauchstaedt,-2.957,0.306,Ordbeta,T0-T1,DIST,1,Bad Lauchstaedt,T_generation,1.6876451180776884,Generation time,H2
Veronica_arvensis,Veronica_arvensis_Bad Lauchstaedt,-2.957,0.306,Ordbeta,T0-T1,DIST,1,Bad Lauchstaedt,age_repro,2.460420577382994,Age at first reproduction,H2
Veronica_arvensis,Veronica_arvensis_Bad Lauchstaedt,-2.957,0.306,Ordbeta,T0-T1,DIST,1,Bad Lauchstaedt,percapita_repro,10.783102,Per capita reproduction,H1
Veronica_arvensis,Veronica_arvensis_Bayreuth DRAGNet,-2.687,0.528,Ordbeta,T0-T1,DIST,1,Bayreuth DRAGNet,FirstStepAtt,0.30601817657235825,First step attenuation,H3
Veronica_arvensis,Veronica_arvensis_Bayreuth DRAGNet,-2.687,0.528,Ordbeta,T0-T1,DIST,1,Bayreuth DRAGNet,Lambda,1.0575348190993947,Population growth rate,H4
Veronica_arvensis,Veronica_arvensis_Bayreuth DRAGNet,-2.687,0.528,Ordbeta,T0-T1,DIST,1,Bayreuth DRAGNet,R0,1.159057082246136,Net reproductive rate,H1
Veronica_arvensis,Veronica_arvensis_Bayreuth DRAGNet,-2.687,0.528,Ordbeta,T0-T1,DIST,1,Bayreuth DRAGNet,Reactivity,11.981784395247908,Reactivity,H3
Veronica_arvensis,Veronica_arvensis_Bayreuth DRAGNet,-2.687,0.528,Ordbeta,T0-T1,DIST,1,Bayreuth DRAGNet,T_generation,1.6876451180776884,Generation time,H2
Veronica_arvensis,Veronica_arvensis_Bayreuth DRAGNet,-2.687,0.528,Ordbeta,T0-T1,DIST,1,Bayreuth DRAGNet,age_repro,2.460420577382994,Age at first reproduction,H2
Veronica_arvensis,Veronica_arvensis_Bayreuth DRAGNet,-2.687,0.528,Ordbeta,T0-T1,DIST,1,Bayreuth DRAGNet,percapita_repro,10.783102,Per capita reproduction,H1
Veronica_arvensis,Veronica_arvensis_CEREEP - Ecotron IDF,-2.649,0.351,Ordbeta,T0-T1,DIST,1,CEREEP - Ecotron IDF,FirstStepAtt,0.30601817657235825,First step attenuation,H3
Veronica_arvensis,Veronica_arvensis_CEREEP - Ecotron IDF,-2.649,0.351,Ordbeta,T0-T1,DIST,1,CEREEP - Ecotron IDF,Lambda,1.0575348190993947,Population growth rate,H4
Veronica_arvensis,Veronica_arvensis_CEREEP - Ecotron IDF,-2.649,0.351,Ordbeta,T0-T1,DIST,1,CEREEP - Ecotron IDF,R0,1.159057082246136,Net reproductive rate,H1
Veronica_arvensis,Veronica_arvensis_CEREEP - Ecotron IDF,-2.649,0.351,Ordbeta,T0-T1,DIST,1,CEREEP - Ecotron IDF,Reactivity,11.981784395247908,Reactivity,H3
Veronica_arvensis,Veronica_arvensis_CEREEP - Ecotron IDF,-2.649,0.351,Ordbeta,T0-T1,DIST,1,CEREEP - Ecotron IDF,T_generation,1.6876451180776884,Generation time,H2
Veronica_arvensis,Veronica_arvensis_CEREEP - Ecotron IDF,-2.649,0.351,Ordbeta,T0-T1,DIST,1,CEREEP - Ecotron IDF,age_repro,2.460420577382994,Age at first reproduction,H2
Veronica_arvensis,Veronica_arvensis_CEREEP - Ecotron IDF,-2.649,0.351,Ordbeta,T0-T1,DIST,1,CEREEP - Ecotron IDF,percapita_repro,10.783102,Per capita reproduction,H1
Veronica_arvensis,Veronica_arvensis_Cowichan,-2.491,0.443,Ordbeta,T0-T1,DIST,1,Cowichan,FirstStepAtt,0.30601817657235825,First step attenuation,H3
Veronica_arvensis,Veronica_arvensis_Cowichan,-2.491,0.443,Ordbeta,T0-T1,DIST,1,Cowichan,Lambda,1.0575348190993947,Population growth rate,H4
Veronica_arvensis,Veronica_arvensis_Cowichan,-2.491,0.443,Ordbeta,T0-T1,DIST,1,Cowichan,R0,1.159057082246136,Net reproductive rate,H1
Veronica_arvensis,Veronica_arvensis_Cowichan,-2.491,0.443,Ordbeta,T0-T1,DIST,1,Cowichan,Reactivity,11.981784395247908,Reactivity,H3
Veronica_arvensis,Veronica_arvensis_Cowichan,-2.491,0.443,Ordbeta,T0-T1,DIST,1,Cowichan,T_generation,1.6876451180776884,Generation time,H2
Veronica_arvensis,Veronica_arvensis_Cowichan,-2.491,0.443,Ordbeta,T0-T1,DIST,1,Cowichan,age_repro,2.460420577382994,Age at first reproduction,H2
Veronica_arvensis,Veronica_arvensis_Cowichan,-2.491,0.443,Ordbeta,T0-T1,DIST,1,Cowichan,percapita_repro,10.783102,Per capita reproduction,H1
Veronica_arvensis,Veronica_arvensis_Jena,-2.871,0.306,Ordbeta,T0-T1,DIST,1,Jena,FirstStepAtt,0.30601817657235825,First step attenuation,H3
Veronica_arvensis,Veronica_arvensis_Jena,-2.871,0.306,Ordbeta,T0-T1,DIST,1,Jena,Lambda,1.0575348190993947,Population growth rate,H4
Veronica_arvensis,Veronica_arvensis_Jena,-2.871,0.306,Ordbeta,T0-T1,DIST,1,Jena,R0,1.159057082246136,Net reproductive rate,H1
Veronica_arvensis,Veronica_arvensis_Jena,-2.871,0.306,Ordbeta,T0-T1,DIST,1,Jena,Reactivity,11.981784395247908,Reactivity,H3
Veronica_arvensis,Veronica_arvensis_Jena,-2.871,0.306,Ordbeta,T0-T1,DIST,1,Jena,T_generation,1.6876451180776884,Generation time,H2
Veronica_arvensis,Veronica_arvensis_Jena,-2.871,0.306,Ordbeta,T0-T1,DIST,1,Jena,age_repro,2.460420577382994,Age at first reproduction,H2
Veronica_arvensis,Veronica_arvensis_Jena,-2.871,0.306,Ordbeta,T0-T1,DIST,1,Jena,percapita_repro,10.783102,Per capita reproduction,H1
Veronica_arvensis,Veronica_arvensis_Kniezenberg,-2.769,0.515,Ordbeta,T0-T1,DIST,1,Kniezenberg,FirstStepAtt,0.30601817657235825,First step attenuation,H3
Veronica_arvensis,Veronica_arvensis_Kniezenberg,-2.769,0.515,Ordbeta,T0-T1,DIST,1,Kniezenberg,Lambda,1.0575348190993947,Population growth rate,H4
Veronica_arvensis,Veronica_arvensis_Kniezenberg,-2.769,0.515,Ordbeta,T0-T1,DIST,1,Kniezenberg,R0,1.159057082246136,Net reproductive rate,H1
Veronica_arvensis,Veronica_arvensis_Kniezenberg,-2.769,0.515,Ordbeta,T0-T1,DIST,1,Kniezenberg,Reactivity,11.981784395247908,Reactivity,H3
Veronica_arvensis,Veronica_arvensis_Kniezenberg,-2.769,0.515,Ordbeta,T0-T1,DIST,1,Kniezenberg,T_generation,1.6876451180776884,Generation time,H2
Veronica_arvensis,Veronica_arvensis_Kniezenberg,-2.769,0.515,Ordbeta,T0-T1,DIST,1,Kniezenberg,age_repro,2.460420577382994,Age at first reproduction,H2
Veronica_arvensis,Veronica_arvensis_Kniezenberg,-2.769,0.515,Ordbeta,T0-T1,DIST,1,Kniezenberg,percapita_repro,10.783102,Per capita reproduction,H1
Veronica_arvensis,Veronica_arvensis_WSL,-2.884,0.445,Ordbeta,T0-T1,DIST,1,WSL,FirstStepAtt,0.30601817657235825,First step attenuation,H3
Veronica_arvensis,Veronica_arvensis_WSL,-2.884,0.445,Ordbeta,T0-T1,DIST,1,WSL,Lambda,1.0575348190993947,Population growth rate,H4
Veronica_arvensis,Veronica_arvensis_WSL,-2.884,0.445,Ordbeta,T0-T1,DIST,1,WSL,R0,1.159057082246136,Net reproductive rate,H1
Veronica_arvensis,Veronica_arvensis_WSL,-2.884,0.445,Ordbeta,T0-T1,DIST,1,WSL,Reactivity,11.981784395247908,Reactivity,H3
Veronica_arvensis,Veronica_arvensis_WSL,-2.884,0.445,Ordbeta,T0-T1,DIST,1,WSL,T_generation,1.6876451180776884,Generation time,H2
Veronica_arvensis,Veronica_arvensis_WSL,-2.884,0.445,Ordbeta,T0-T1,DIST,1,WSL,age_repro,2.460420577382994,Age at first reproduction,H2
Veronica_arvensis,Veronica_arvensis_WSL,-2.884,0.445,Ordbeta,T0-T1,DIST,1,WSL,percapita_repro,10.783102,Per capita reproduction,H1
Agrimonia_eupatoria,Agrimonia_eupatoria_Wytham Woods,-2.724,0.255,Ordbeta,T0-T1,NPK,1,Wytham Woods,Lmax,116,Maximum length of life,H5
Agrimonia_eupatoria,Agrimonia_eupatoria_Wytham Woods,-2.724,0.255,Ordbeta,T0-T1,NPK,1,Wytham Woods,Lmean,12.642773170370798,Mean life expectancy,H5
Allium_vineale,Allium_vineale_Blandy Experimental Farm,-3.432,0.442,Ordbeta,T0-T1,NPK,1,Blandy Experimental Farm,Lmax,3,Maximum length of life,H5
Allium_vineale,Allium_vineale_Blandy Experimental Farm,-3.432,0.442,Ordbeta,T0-T1,NPK,1,Blandy Experimental Farm,Lmean,1.1811322636765564,Mean life expectancy,H5
Andropogon_gerardii,Andropogon_gerardii_Kellogg Biological Station (KBS),-0.673,0.27,Ordbeta,T0-T1,NPK,1,Kellogg Biological Station (KBS),Lmax,6.125,Maximum length of life,H5
Andropogon_gerardii,Andropogon_gerardii_Kellogg Biological Station (KBS),-0.673,0.27,Ordbeta,T0-T1,NPK,1,Kellogg Biological Station (KBS),Lmean,1.9948836791855034,Mean life expectancy,H5
Andropogon_gerardii,Andropogon_gerardii_Oak Lake Field Station,-3.181,0.636,Ordbeta,T0-T1,NPK,1,Oak Lake Field Station,Lmax,6.125,Maximum length of life,H5
Andropogon_gerardii,Andropogon_gerardii_Oak Lake Field Station,-3.181,0.636,Ordbeta,T0-T1,NPK,1,Oak Lake Field Station,Lmean,1.9948836791855034,Mean life expectancy,H5
Andropogon_gerardii,Andropogon_gerardii_Piedmont Prairie,-3.171,0.638,Ordbeta,T0-T1,NPK,1,Piedmont Prairie,Lmax,6.125,Maximum length of life,H5
Andropogon_gerardii,Andropogon_gerardii_Piedmont Prairie,-3.171,0.638,Ordbeta,T0-T1,NPK,1,Piedmont Prairie,Lmean,1.9948836791855034,Mean life expectancy,H5
Arenaria_serpyllifolia,Arenaria_serpyllifolia_Domaninek,-2.974,0.664,Ordbeta,T0-T1,NPK,1,Domaninek,Lmax,1,Maximum length of life,H5
Arenaria_serpyllifolia,Arenaria_serpyllifolia_Domaninek,-2.974,0.664,Ordbeta,T0-T1,NPK,1,Domaninek,Lmean,1,Mean life expectancy,H5
Arenaria_serpyllifolia,Arenaria_serpyllifolia_Jena,-2.908,0.305,Ordbeta,T0-T1,NPK,1,Jena,Lmax,1,Maximum length of life,H5
Arenaria_serpyllifolia,Arenaria_serpyllifolia_Jena,-2.908,0.305,Ordbeta,T0-T1,NPK,1,Jena,Lmean,1,Mean life expectancy,H5
Armeria_maritima,Armeria_maritima_Potrok Aike,-3.018,0.331,Ordbeta,T0-T1,NPK,1,Potrok Aike,Lmax,20,Maximum length of life,H5
Armeria_maritima,Armeria_maritima_Potrok Aike,-3.018,0.331,Ordbeta,T0-T1,NPK,1,Potrok Aike,Lmean,1.8445912885672673,Mean life expectancy,H5
Centaurea_jacea,Centaurea_jacea_Agroscope Changins,-2.866,0.3,Ordbeta,T0-T1,NPK,1,Agroscope Changins,Lmax,11.25,Maximum length of life,H5
Centaurea_jacea,Centaurea_jacea_Agroscope Changins,-2.866,0.3,Ordbeta,T0-T1,NPK,1,Agroscope Changins,Lmean,4.011159664905857,Mean life expectancy,H5
Centaurea_jacea,Centaurea_jacea_Bayreuth DRAGNet,-2.178,0.336,Ordbeta,T0-T1,NPK,1,Bayreuth DRAGNet,Lmax,11.25,Maximum length of life,H5
Centaurea_jacea,Centaurea_jacea_Bayreuth DRAGNet,-2.178,0.336,Ordbeta,T0-T1,NPK,1,Bayreuth DRAGNet,Lmean,4.011159664905857,Mean life expectancy,H5
Cerastium_fontanum,Cerastium_fontanum_Agroscope Changins,-3.36,0.298,Ordbeta,T0-T1,NPK,1,Agroscope Changins,Lmax,1,Maximum length of life,H5
Cerastium_fontanum,Cerastium_fontanum_Agroscope Changins,-3.36,0.298,Ordbeta,T0-T1,NPK,1,Agroscope Changins,Lmean,1,Mean life expectancy,H5
Cerastium_fontanum,Cerastium_fontanum_Bad Lauchstaedt,-3.023,0.382,Ordbeta,T0-T1,NPK,1,Bad Lauchstaedt,Lmax,1,Maximum length of life,H5
Cerastium_fontanum,Cerastium_fontanum_Bad Lauchstaedt,-3.023,0.382,Ordbeta,T0-T1,NPK,1,Bad Lauchstaedt,Lmean,1,Mean life expectancy,H5
Cerastium_fontanum,Cerastium_fontanum_Bayreuth DRAGNet,-3.63,0.393,Ordbeta,T0-T1,NPK,1,Bayreuth DRAGNet,Lmax,1,Maximum length of life,H5
Cerastium_fontanum,Cerastium_fontanum_Bayreuth DRAGNet,-3.63,0.393,Ordbeta,T0-T1,NPK,1,Bayreuth DRAGNet,Lmean,1,Mean life expectancy,H5
Cerastium_fontanum,Cerastium_fontanum_Hazelrigg,-3.027,0.528,Ordbeta,T0-T1,NPK,1,Hazelrigg,Lmax,1,Maximum length of life,H5
Cerastium_fontanum,Cerastium_fontanum_Hazelrigg,-3.027,0.528,Ordbeta,T0-T1,NPK,1,Hazelrigg,Lmean,1,Mean life expectancy,H5
Cerastium_fontanum,Cerastium_fontanum_Jena,-1.916,0.291,Ordbeta,T0-T1,NPK,1,Jena,Lmax,1,Maximum length of life,H5
Cerastium_fontanum,Cerastium_fontanum_Jena,-1.916,0.291,Ordbeta,T0-T1,NPK,1,Jena,Lmean,1,Mean life expectancy,H5
Cerastium_fontanum,Cerastium_fontanum_Stoderzinken,-2.888,0.511,Ordbeta,T0-T1,NPK,1,Stoderzinken,Lmax,1,Maximum length of life,H5
Cerastium_fontanum,Cerastium_fontanum_Stoderzinken,-2.888,0.511,Ordbeta,T0-T1,NPK,1,Stoderzinken,Lmean,1,Mean life expectancy,H5
Cerastium_fontanum,Cerastium_fontanum_Wytham Woods,-3.08,0.302,Ordbeta,T0-T1,NPK,1,Wytham Woods,Lmax,1,Maximum length of life,H5
Cerastium_fontanum,Cerastium_fontanum_Wytham Woods,-3.08,0.302,Ordbeta,T0-T1,NPK,1,Wytham Woods,Lmean,1,Mean life expectancy,H5
Cirsium_arvense,Cirsium_arvense_Bad Lauchstaedt,-2.915,0.334,Ordbeta,T0-T1,NPK,1,Bad Lauchstaedt,Lmax,3,Maximum length of life,H5
Cirsium_arvense,Cirsium_arvense_Bad Lauchstaedt,-2.915,0.334,Ordbeta,T0-T1,NPK,1,Bad Lauchstaedt,Lmean,1.1853002070393377,Mean life expectancy,H5
Cirsium_arvense,Cirsium_arvense_Blandy Experimental Farm,-1.576,0.272,Ordbeta,T0-T1,NPK,1,Blandy Experimental Farm,Lmax,3,Maximum length of life,H5
Cirsium_arvense,Cirsium_arvense_Blandy Experimental Farm,-1.576,0.272,Ordbeta,T0-T1,NPK,1,Blandy Experimental Farm,Lmean,1.1853002070393377,Mean life expectancy,H5
Cirsium_arvense,Cirsium_arvense_Hazelrigg,-2.708,0.371,Ordbeta,T0-T1,NPK,1,Hazelrigg,Lmax,3,Maximum length of life,H5
Cirsium_arvense,Cirsium_arvense_Hazelrigg,-2.708,0.371,Ordbeta,T0-T1,NPK,1,Hazelrigg,Lmean,1.1853002070393377,Mean life expectancy,H5
Cirsium_arvense,Cirsium_arvense_Jena,-2.152,0.54,Ordbeta,T0-T1,NPK,1,Jena,Lmax,3,Maximum length of life,H5
Cirsium_arvense,Cirsium_arvense_Jena,-2.152,0.54,Ordbeta,T0-T1,NPK,1,Jena,Lmean,1.1853002070393377,Mean life expectancy,H5
Cirsium_arvense,Cirsium_arvense_Lublin,-2.746,0.357,Ordbeta,T0-T1,NPK,1,Lublin,Lmax,3,Maximum length of life,H5
Cirsium_arvense,Cirsium_arvense_Lublin,-2.746,0.357,Ordbeta,T0-T1,NPK,1,Lublin,Lmean,1.1853002070393377,Mean life expectancy,H5
Cirsium_arvense,Cirsium_arvense_Oak Lake Field Station,-2.696,0.303,Ordbeta,T0-T1,NPK,1,Oak Lake Field Station,Lmax,3,Maximum length of life,H5
Cirsium_arvense,Cirsium_arvense_Oak Lake Field Station,-2.696,0.303,Ordbeta,T0-T1,NPK,1,Oak Lake Field Station,Lmean,1.1853002070393377,Mean life expectancy,H5
Cirsium_palustre,Cirsium_palustre_Ainsdale Dune Slacks,-2.954,0.473,Ordbeta,T0-T1,NPK,1,Ainsdale Dune Slacks,Lmax,4.75,Maximum length of life,H5
Cirsium_palustre,Cirsium_palustre_Ainsdale Dune Slacks,-2.954,0.473,Ordbeta,T0-T1,NPK,1,Ainsdale Dune Slacks,Lmean,1.2237448604502328,Mean life expectancy,H5
Cirsium_vulgare,Cirsium_vulgare_Blandy Experimental Farm,-2.896,0.676,Ordbeta,T0-T1,NPK,1,Blandy Experimental Farm,Lmax,4.571428571428571,Maximum length of life,H5
Cirsium_vulgare,Cirsium_vulgare_Blandy Experimental Farm,-2.896,0.676,Ordbeta,T0-T1,NPK,1,Blandy Experimental Farm,Lmean,1.4251535419957013,Mean life expectancy,H5
Cirsium_vulgare,Cirsium_vulgare_Cowichan,-2.911,0.618,Ordbeta,T0-T1,NPK,1,Cowichan,Lmax,4.571428571428571,Maximum length of life,H5
Cirsium_vulgare,Cirsium_vulgare_Cowichan,-2.911,0.618,Ordbeta,T0-T1,NPK,1,Cowichan,Lmean,1.4251535419957013,Mean life expectancy,H5
Cirsium_vulgare,Cirsium_vulgare_San Claudio,-2.822,0.534,Ordbeta,T0-T1,NPK,1,San Claudio,Lmax,4.571428571428571,Maximum length of life,H5
Cirsium_vulgare,Cirsium_vulgare_San Claudio,-2.822,0.534,Ordbeta,T0-T1,NPK,1,San Claudio,Lmean,1.4251535419957013,Mean life expectancy,H5
Daucus_carota,Daucus_carota_Agroscope Changins,-3.218,0.418,Ordbeta,T0-T1,NPK,1,Agroscope Changins,Lmax,3,Maximum length of life,H5
Daucus_carota,Daucus_carota_Agroscope Changins,-3.218,0.418,Ordbeta,T0-T1,NPK,1,Agroscope Changins,Lmean,1.374847097018113,Mean life expectancy,H5
Daucus_carota,Daucus_carota_Bad Lauchstaedt,-2.946,0.531,Ordbeta,T0-T1,NPK,1,Bad Lauchstaedt,Lmax,3,Maximum length of life,H5
Daucus_carota,Daucus_carota_Bad Lauchstaedt,-2.946,0.531,Ordbeta,T0-T1,NPK,1,Bad Lauchstaedt,Lmean,1.374847097018113,Mean life expectancy,H5
Daucus_carota,Daucus_carota_CEREEP - Ecotron IDF,-2.164,0.355,Ordbeta,T0-T1,NPK,1,CEREEP - Ecotron IDF,Lmax,3,Maximum length of life,H5
Daucus_carota,Daucus_carota_CEREEP - Ecotron IDF,-2.164,0.355,Ordbeta,T0-T1,NPK,1,CEREEP - Ecotron IDF,Lmean,1.374847097018113,Mean life expectancy,H5
Daucus_carota,Daucus_carota_Churning Rapids,-2.415,0.456,Ordbeta,T0-T1,NPK,1,Churning Rapids,Lmax,3,Maximum length of life,H5
Daucus_carota,Daucus_carota_Churning Rapids,-2.415,0.456,Ordbeta,T0-T1,NPK,1,Churning Rapids,Lmean,1.374847097018113,Mean life expectancy,H5
Daucus_carota,Daucus_carota_Izaak Walton League of America (IWLA),-3.339,0.619,Ordbeta,T0-T1,NPK,1,Izaak Walton League of America (IWLA),Lmax,3,Maximum length of life,H5
Daucus_carota,Daucus_carota_Izaak Walton League of America (IWLA),-3.339,0.619,Ordbeta,T0-T1,NPK,1,Izaak Walton League of America (IWLA),Lmean,1.374847097018113,Mean life expectancy,H5
Daucus_carota,Daucus_carota_Kellogg Biological Station (KBS),-2.958,0.531,Ordbeta,T0-T1,NPK,1,Kellogg Biological Station (KBS),Lmax,3,Maximum length of life,H5
Daucus_carota,Daucus_carota_Kellogg Biological Station (KBS),-2.958,0.531,Ordbeta,T0-T1,NPK,1,Kellogg Biological Station (KBS),Lmean,1.374847097018113,Mean life expectancy,H5
Daucus_carota,Daucus_carota_Lublin,-2.912,0.448,Ordbeta,T0-T1,NPK,1,Lublin,Lmax,3,Maximum length of life,H5
Daucus_carota,Daucus_carota_Lublin,-2.912,0.448,Ordbeta,T0-T1,NPK,1,Lublin,Lmean,1.374847097018113,Mean life expectancy,H5
Echium_vulgare,Echium_vulgare_Algaida,-2.904,0.355,Ordbeta,T0-T1,NPK,1,Algaida,Lmax,4,Maximum length of life,H5
Echium_vulgare,Echium_vulgare_Algaida,-2.904,0.355,Ordbeta,T0-T1,NPK,1,Algaida,Lmean,1.650496,Mean life expectancy,H5
Elymus_repens,Elymus_repens_Agroscope Changins,-3.26,0.561,Ordbeta,T0-T1,NPK,1,Agroscope Changins,Lmax,2,Maximum length of life,H5
Elymus_repens,Elymus_repens_Agroscope Changins,-3.26,0.561,Ordbeta,T0-T1,NPK,1,Agroscope Changins,Lmean,1.416665295884593,Mean life expectancy,H5
Elymus_repens,Elymus_repens_Bad Lauchstaedt,-3.339,0.619,Ordbeta,T0-T1,NPK,1,Bad Lauchstaedt,Lmax,2,Maximum length of life,H5
Elymus_repens,Elymus_repens_Bad Lauchstaedt,-3.339,0.619,Ordbeta,T0-T1,NPK,1,Bad Lauchstaedt,Lmean,1.416665295884593,Mean life expectancy,H5
Elymus_repens,Elymus_repens_Cary IES,-3.249,0.42,Ordbeta,T0-T1,NPK,1,Cary IES,Lmax,2,Maximum length of life,H5
Elymus_repens,Elymus_repens_Cary IES,-3.249,0.42,Ordbeta,T0-T1,NPK,1,Cary IES,Lmean,1.416665295884593,Mean life expectancy,H5
Elymus_repens,Elymus_repens_Cedar Creek LTER,-1.487,0.281,Ordbeta,T0-T1,NPK,1,Cedar Creek LTER,Lmax,2,Maximum length of life,H5
Elymus_repens,Elymus_repens_Cedar Creek LTER,-1.487,0.281,Ordbeta,T0-T1,NPK,1,Cedar Creek LTER,Lmean,1.416665295884593,Mean life expectancy,H5
Elymus_repens,Elymus_repens_Churning Rapids,-3.118,0.557,Ordbeta,T0-T1,NPK,1,Churning Rapids,Lmax,2,Maximum length of life,H5
Elymus_repens,Elymus_repens_Churning Rapids,-3.118,0.557,Ordbeta,T0-T1,NPK,1,Churning Rapids,Lmean,1.416665295884593,Mean life expectancy,H5
Elymus_repens,Elymus_repens_Jena,-3.072,0.338,Ordbeta,T0-T1,NPK,1,Jena,Lmax,2,Maximum length of life,H5
Elymus_repens,Elymus_repens_Jena,-3.072,0.338,Ordbeta,T0-T1,NPK,1,Jena,Lmean,1.416665295884593,Mean life expectancy,H5
Elymus_repens,Elymus_repens_Kniezenberg,-3.239,0.631,Ordbeta,T0-T1,NPK,1,Kniezenberg,Lmax,2,Maximum length of life,H5
Elymus_repens,Elymus_repens_Kniezenberg,-3.239,0.631,Ordbeta,T0-T1,NPK,1,Kniezenberg,Lmean,1.416665295884593,Mean life expectancy,H5
Elymus_repens,Elymus_repens_Lublin,-1.301,0.277,Ordbeta,T0-T1,NPK,1,Lublin,Lmax,2,Maximum length of life,H5
Elymus_repens,Elymus_repens_Lublin,-1.301,0.277,Ordbeta,T0-T1,NPK,1,Lublin,Lmean,1.416665295884593,Mean life expectancy,H5
Erigeron_canadensis,Erigeron_canadensis_Hulun Buir,-3.055,0.654,Ordbeta,T0-T1,NPK,1,Hulun Buir,Lmax,1,Maximum length of life,H5
Erigeron_canadensis,Erigeron_canadensis_Hulun Buir,-3.055,0.654,Ordbeta,T0-T1,NPK,1,Hulun Buir,Lmean,1,Mean life expectancy,H5
Erigeron_canadensis,Erigeron_canadensis_Piedmont Prairie,-3.161,0.278,Ordbeta,T0-T1,NPK,1,Piedmont Prairie,Lmax,1,Maximum length of life,H5
Erigeron_canadensis,Erigeron_canadensis_Piedmont Prairie,-3.161,0.278,Ordbeta,T0-T1,NPK,1,Piedmont Prairie,Lmean,1,Mean life expectancy,H5
Knautia_arvensis,Knautia_arvensis_Agroscope Changins,-3.171,0.638,Ordbeta,T0-T1,NPK,1,Agroscope Changins,Lmax,2,Maximum length of life,H5
Knautia_arvensis,Knautia_arvensis_Agroscope Changins,-3.171,0.638,Ordbeta,T0-T1,NPK,1,Agroscope Changins,Lmean,1.02238662148266,Mean life expectancy,H5
Knautia_arvensis,Knautia_arvensis_Bayreuth DRAGNet,-1.228,0.369,Ordbeta,T0-T1,NPK,1,Bayreuth DRAGNet,Lmax,2,Maximum length of life,H5
Knautia_arvensis,Knautia_arvensis_Bayreuth DRAGNet,-1.228,0.369,Ordbeta,T0-T1,NPK,1,Bayreuth DRAGNet,Lmean,1.02238662148266,Mean life expectancy,H5
Knautia_arvensis,Knautia_arvensis_Wytham Woods,-3.239,0.631,Ordbeta,T0-T1,NPK,1,Wytham Woods,Lmax,2,Maximum length of life,H5
Knautia_arvensis,Knautia_arvensis_Wytham Woods,-3.239,0.631,Ordbeta,T0-T1,NPK,1,Wytham Woods,Lmean,1.02238662148266,Mean life expectancy,H5
Lactuca_serriola,Lactuca_serriola_Bayreuth DRAGNet,-3.219,0.634,Ordbeta,T0-T1,NPK,1,Bayreuth DRAGNet,Lmax,1,Maximum length of life,H5
Lactuca_serriola,Lactuca_serriola_Bayreuth DRAGNet,-3.219,0.634,Ordbeta,T0-T1,NPK,1,Bayreuth DRAGNet,Lmean,1,Mean life expectancy,H5
Lactuca_serriola,Lactuca_serriola_Blandy Experimental Farm,-2.854,0.681,Ordbeta,T0-T1,NPK,1,Blandy Experimental Farm,Lmax,1,Maximum length of life,H5
Lactuca_serriola,Lactuca_serriola_Blandy Experimental Farm,-2.854,0.681,Ordbeta,T0-T1,NPK,1,Blandy Experimental Farm,Lmean,1,Mean life expectancy,H5
Lactuca_serriola,Lactuca_serriola_Jena,-3.339,0.619,Ordbeta,T0-T1,NPK,1,Jena,Lmax,1,Maximum length of life,H5
Lactuca_serriola,Lactuca_serriola_Jena,-3.339,0.619,Ordbeta,T0-T1,NPK,1,Jena,Lmean,1,Mean life expectancy,H5
Linum_catharticum,Linum_catharticum_Wytham Woods,-3.63,0.358,Ordbeta,T0-T1,NPK,1,Wytham Woods,Lmax,8,Maximum length of life,H5
Linum_catharticum,Linum_catharticum_Wytham Woods,-3.63,0.358,Ordbeta,T0-T1,NPK,1,Wytham Woods,Lmean,2.1631811016051863,Mean life expectancy,H5
Picris_hieracioides,Picris_hieracioides_Bad Lauchstaedt,-0.722,0.27,Ordbeta,T0-T1,NPK,1,Bad Lauchstaedt,Lmax,2,Maximum length of life,H5
Picris_hieracioides,Picris_hieracioides_Bad Lauchstaedt,-0.722,0.27,Ordbeta,T0-T1,NPK,1,Bad Lauchstaedt,Lmean,1.0258256,Mean life expectancy,H5
Picris_hieracioides,Picris_hieracioides_CEREEP - Ecotron IDF,-2.9,0.385,Ordbeta,T0-T1,NPK,1,CEREEP - Ecotron IDF,Lmax,2,Maximum length of life,H5
Picris_hieracioides,Picris_hieracioides_CEREEP - Ecotron IDF,-2.9,0.385,Ordbeta,T0-T1,NPK,1,CEREEP - Ecotron IDF,Lmean,1.0258256,Mean life expectancy,H5
Picris_hieracioides,Picris_hieracioides_Jena,-3.137,0.495,Ordbeta,T0-T1,NPK,1,Jena,Lmax,2,Maximum length of life,H5
Picris_hieracioides,Picris_hieracioides_Jena,-3.137,0.495,Ordbeta,T0-T1,NPK,1,Jena,Lmean,1.0258256,Mean life expectancy,H5
Picris_hieracioides,Picris_hieracioides_Saihanba,-3.239,0.424,Ordbeta,T0-T1,NPK,1,Saihanba,Lmax,2,Maximum length of life,H5
Picris_hieracioides,Picris_hieracioides_Saihanba,-3.239,0.424,Ordbeta,T0-T1,NPK,1,Saihanba,Lmean,1.0258256,Mean life expectancy,H5
Pimpinella_saxifraga,Pimpinella_saxifraga_Meranges,-2.356,0.327,Ordbeta,T0-T1,NPK,1,Meranges,Lmax,27.666666666666668,Maximum length of life,H5
Pimpinella_saxifraga,Pimpinella_saxifraga_Meranges,-2.356,0.327,Ordbeta,T0-T1,NPK,1,Meranges,Lmean,4.354337442075448,Mean life expectancy,H5
Plantago_coronopus,Plantago_coronopus_Algaida,-2.189,0.297,Ordbeta,T0-T1,NPK,1,Algaida,Lmax,7.619047619047619,Maximum length of life,H5
Plantago_coronopus,Plantago_coronopus_Algaida,-2.189,0.297,Ordbeta,T0-T1,NPK,1,Algaida,Lmean,1.9177547829279984,Mean life expectancy,H5
Plantago_coronopus,Plantago_coronopus_Caracoles,-2.832,0.45,Ordbeta,T0-T1,NPK,1,Caracoles,Lmax,7.619047619047619,Maximum length of life,H5
Plantago_coronopus,Plantago_coronopus_Caracoles,-2.832,0.45,Ordbeta,T0-T1,NPK,1,Caracoles,Lmean,1.9177547829279984,Mean life expectancy,H5
Plantago_media,Plantago_media_Lublin,-3.239,0.631,Ordbeta,T0-T1,NPK,1,Lublin,Lmax,7.333333333333334,Maximum length of life,H5
Plantago_media,Plantago_media_Lublin,-3.239,0.631,Ordbeta,T0-T1,NPK,1,Lublin,Lmean,1.2882439020931529,Mean life expectancy,H5
Plantago_media,Plantago_media_Meranges,-2.64,0.323,Ordbeta,T0-T1,NPK,1,Meranges,Lmax,7.333333333333334,Maximum length of life,H5
Plantago_media,Plantago_media_Meranges,-2.64,0.323,Ordbeta,T0-T1,NPK,1,Meranges,Lmean,1.2882439020931529,Mean life expectancy,H5
Potentilla_recta,Potentilla_recta_Churning Rapids,-2.744,0.299,Ordbeta,T0-T1,NPK,1,Churning Rapids,Lmax,20.5,Maximum length of life,H5
Potentilla_recta,Potentilla_recta_Churning Rapids,-2.744,0.299,Ordbeta,T0-T1,NPK,1,Churning Rapids,Lmean,3.5678848238306284,Mean life expectancy,H5
Primula_elatior,Primula_elatior_Stoderzinken,-2.785,0.628,Ordbeta,T0-T1,NPK,1,Stoderzinken,Lmax,52.666666666666664,Maximum length of life,H5
Primula_elatior,Primula_elatior_Stoderzinken,-2.785,0.628,Ordbeta,T0-T1,NPK,1,Stoderzinken,Lmean,3.267510472030423,Mean life expectancy,H5
Primula_veris,Primula_veris_Wytham Woods,-3.078,0.431,Ordbeta,T0-T1,NPK,1,Wytham Woods,Lmax,6.428571428571429,Maximum length of life,H5
Primula_veris,Primula_veris_Wytham Woods,-3.078,0.431,Ordbeta,T0-T1,NPK,1,Wytham Woods,Lmean,1.4265501826723619,Mean life expectancy,H5
Ranunculus_acris,Ranunculus_acris_Agroscope Changins,-2.437,0.276,Ordbeta,T0-T1,NPK,1,Agroscope Changins,Lmax,6,Maximum length of life,H5
Ranunculus_acris,Ranunculus_acris_Agroscope Changins,-2.437,0.276,Ordbeta,T0-T1,NPK,1,Agroscope Changins,Lmean,1.309226932668329,Mean life expectancy,H5
Ranunculus_acris,Ranunculus_acris_Bayreuth DRAGNet,-2.969,0.363,Ordbeta,T0-T1,NPK,1,Bayreuth DRAGNet,Lmax,6,Maximum length of life,H5
Ranunculus_acris,Ranunculus_acris_Bayreuth DRAGNet,-2.969,0.363,Ordbeta,T0-T1,NPK,1,Bayreuth DRAGNet,Lmean,1.309226932668329,Mean life expectancy,H5
Ranunculus_acris,Ranunculus_acris_Churning Rapids,-2.983,0.662,Ordbeta,T0-T1,NPK,1,Churning Rapids,Lmax,6,Maximum length of life,H5
Ranunculus_acris,Ranunculus_acris_Churning Rapids,-2.983,0.662,Ordbeta,T0-T1,NPK,1,Churning Rapids,Lmean,1.309226932668329,Mean life expectancy,H5
Ranunculus_acris,Ranunculus_acris_Kniezenberg,-3.385,0.532,Ordbeta,T0-T1,NPK,1,Kniezenberg,Lmax,6,Maximum length of life,H5
Ranunculus_acris,Ranunculus_acris_Kniezenberg,-3.385,0.532,Ordbeta,T0-T1,NPK,1,Kniezenberg,Lmean,1.309226932668329,Mean life expectancy,H5
Ranunculus_acris,Ranunculus_acris_Meranges,-3.141,0.353,Ordbeta,T0-T1,NPK,1,Meranges,Lmax,6,Maximum length of life,H5
Ranunculus_acris,Ranunculus_acris_Meranges,-3.141,0.353,Ordbeta,T0-T1,NPK,1,Meranges,Lmean,1.309226932668329,Mean life expectancy,H5
Ranunculus_acris,Ranunculus_acris_Stoderzinken,-2.976,0.507,Ordbeta,T0-T1,NPK,1,Stoderzinken,Lmax,6,Maximum length of life,H5
Ranunculus_acris,Ranunculus_acris_Stoderzinken,-2.976,0.507,Ordbeta,T0-T1,NPK,1,Stoderzinken,Lmean,1.309226932668329,Mean life expectancy,H5
Ranunculus_acris,Ranunculus_acris_WSL,-2.501,0.326,Ordbeta,T0-T1,NPK,1,WSL,Lmax,6,Maximum length of life,H5
Ranunculus_acris,Ranunculus_acris_WSL,-2.501,0.326,Ordbeta,T0-T1,NPK,1,WSL,Lmean,1.309226932668329,Mean life expectancy,H5
Ranunculus_acris,Ranunculus_acris_Wytham Woods,-3.093,0.447,Ordbeta,T0-T1,NPK,1,Wytham Woods,Lmax,6,Maximum length of life,H5
Ranunculus_acris,Ranunculus_acris_Wytham Woods,-3.093,0.447,Ordbeta,T0-T1,NPK,1,Wytham Woods,Lmean,1.309226932668329,Mean life expectancy,H5
Salsola_kali,Salsola_kali_Fowlers Gap,-2.857,0.404,Ordbeta,T0-T1,NPK,1,Fowlers Gap,Lmax,3,Maximum length of life,H5
Salsola_kali,Salsola_kali_Fowlers Gap,-2.857,0.404,Ordbeta,T0-T1,NPK,1,Fowlers Gap,Lmean,1.8831629584,Mean life expectancy,H5
Sphaeralcea_coccinea,Sphaeralcea_coccinea_Shortgrass Steppe LTER,-2.964,0.32,Ordbeta,T0-T1,NPK,1,Shortgrass Steppe LTER,Lmax,3.2777777777777777,Maximum length of life,H5
Sphaeralcea_coccinea,Sphaeralcea_coccinea_Shortgrass Steppe LTER,-2.964,0.32,Ordbeta,T0-T1,NPK,1,Shortgrass Steppe LTER,Lmean,1.2137270585719466,Mean life expectancy,H5
Stenaria_nigricans,Stenaria_nigricans_Temple,-2.072,0.314,Ordbeta,T0-T1,NPK,1,Temple,Lmax,2.5,Maximum length of life,H5
Stenaria_nigricans,Stenaria_nigricans_Temple,-2.072,0.314,Ordbeta,T0-T1,NPK,1,Temple,Lmean,1.1146540108396092,Mean life expectancy,H5
Taraxacum_campylodes,Taraxacum_campylodes_Bayreuth DRAGNet,-3.052,0.47,Ordbeta,T0-T1,NPK,1,Bayreuth DRAGNet,Lmax,2,Maximum length of life,H5
Taraxacum_campylodes,Taraxacum_campylodes_Bayreuth DRAGNet,-3.052,0.47,Ordbeta,T0-T1,NPK,1,Bayreuth DRAGNet,Lmean,1.072473871422717,Mean life expectancy,H5
Taraxacum_campylodes,Taraxacum_campylodes_Kellogg Biological Station (KBS),-3.461,0.472,Ordbeta,T0-T1,NPK,1,Kellogg Biological Station (KBS),Lmax,2,Maximum length of life,H5
Taraxacum_campylodes,Taraxacum_campylodes_Kellogg Biological Station (KBS),-3.461,0.472,Ordbeta,T0-T1,NPK,1,Kellogg Biological Station (KBS),Lmean,1.072473871422717,Mean life expectancy,H5
Thymus_vulgaris,Thymus_vulgaris_Morella la Vella,-2.443,0.449,Ordbeta,T0-T1,NPK,1,Morella la Vella,Lmax,410.5,Maximum length of life,H5
Thymus_vulgaris,Thymus_vulgaris_Morella la Vella,-2.443,0.449,Ordbeta,T0-T1,NPK,1,Morella la Vella,Lmean,90.68192577927488,Mean life expectancy,H5
Verbascum_thapsus,Verbascum_thapsus_Blandy Experimental Farm,-2.559,0.521,Ordbeta,T0-T1,NPK,1,Blandy Experimental Farm,Lmax,2,Maximum length of life,H5
Verbascum_thapsus,Verbascum_thapsus_Blandy Experimental Farm,-2.559,0.521,Ordbeta,T0-T1,NPK,1,Blandy Experimental Farm,Lmean,1.052632,Mean life expectancy,H5
Verbascum_thapsus,Verbascum_thapsus_Cedar Creek LTER,-3.011,0.566,Ordbeta,T0-T1,NPK,1,Cedar Creek LTER,Lmax,2,Maximum length of life,H5
Verbascum_thapsus,Verbascum_thapsus_Cedar Creek LTER,-3.011,0.566,Ordbeta,T0-T1,NPK,1,Cedar Creek LTER,Lmean,1.052632,Mean life expectancy,H5
Veronica_arvensis,Veronica_arvensis_Agroscope Changins,-3.424,0.454,Ordbeta,T0-T1,NPK,1,Agroscope Changins,Lmax,1.4705882352941178,Maximum length of life,H5
Veronica_arvensis,Veronica_arvensis_Agroscope Changins,-3.424,0.454,Ordbeta,T0-T1,NPK,1,Agroscope Changins,Lmean,1.084648493543759,Mean life expectancy,H5
Veronica_arvensis,Veronica_arvensis_Bad Lauchstaedt,-3.308,0.381,Ordbeta,T0-T1,NPK,1,Bad Lauchstaedt,Lmax,1.4705882352941178,Maximum length of life,H5
Veronica_arvensis,Veronica_arvensis_Bad Lauchstaedt,-3.308,0.381,Ordbeta,T0-T1,NPK,1,Bad Lauchstaedt,Lmean,1.084648493543759,Mean life expectancy,H5
Veronica_arvensis,Veronica_arvensis_CEREEP - Ecotron IDF,-2.931,0.413,Ordbeta,T0-T1,NPK,1,CEREEP - Ecotron IDF,Lmax,1.4705882352941178,Maximum length of life,H5
Veronica_arvensis,Veronica_arvensis_CEREEP - Ecotron IDF,-2.931,0.413,Ordbeta,T0-T1,NPK,1,CEREEP - Ecotron IDF,Lmean,1.084648493543759,Mean life expectancy,H5
Veronica_arvensis,Veronica_arvensis_Jena,-3.111,0.337,Ordbeta,T0-T1,NPK,1,Jena,Lmax,1.4705882352941178,Maximum length of life,H5
Veronica_arvensis,Veronica_arvensis_Jena,-3.111,0.337,Ordbeta,T0-T1,NPK,1,Jena,Lmean,1.084648493543759,Mean life expectancy,H5
Veronica_arvensis,Veronica_arvensis_WSL,-3.181,0.636,Ordbeta,T0-T1,NPK,1,WSL,Lmax,1.4705882352941178,Maximum length of life,H5
Veronica_arvensis,Veronica_arvensis_WSL,-3.181,0.636,Ordbeta,T0-T1,NPK,1,WSL,Lmean,1.084648493543759,Mean life expectancy,H5
Acer_saccharum,Acer_saccharum_Cary IES,-2.704,0.436,Ordbeta,T0-T2,DIST,1,Cary IES,FirstStepAtt,0.8749934680246768,First step attenuation,H3
Acer_saccharum,Acer_saccharum_Cary IES,-2.704,0.436,Ordbeta,T0-T2,DIST,1,Cary IES,Lambda,1.7751478346888434,Population growth rate,H4
Acer_saccharum,Acer_saccharum_Cary IES,-2.704,0.436,Ordbeta,T0-T2,DIST,1,Cary IES,R0,885.1125869950081,Net reproductive rate,H1
Acer_saccharum,Acer_saccharum_Cary IES,-2.704,0.436,Ordbeta,T0-T2,DIST,1,Cary IES,Reactivity,1.1208801338883636,Reactivity,H3
Acer_saccharum,Acer_saccharum_Cary IES,-2.704,0.436,Ordbeta,T0-T2,DIST,1,Cary IES,T_generation,5.207348930829835,Generation time,H2
Acer_saccharum,Acer_saccharum_Cary IES,-2.704,0.436,Ordbeta,T0-T2,DIST,1,Cary IES,age_repro,12.913601236026205,Age at first reproduction,H2
Acer_saccharum,Acer_saccharum_Cary IES,-2.704,0.436,Ordbeta,T0-T2,DIST,1,Cary IES,percapita_repro,0.9191088810123935,Per capita reproduction,H1
Agrimonia_eupatoria,Agrimonia_eupatoria_Wytham Woods,-2.258,0.228,Ordbeta,T0-T2,DIST,1,Wytham Woods,FirstStepAtt,0.6842796214646216,First step attenuation,H3
Agrimonia_eupatoria,Agrimonia_eupatoria_Wytham Woods,-2.258,0.228,Ordbeta,T0-T2,DIST,1,Wytham Woods,Lambda,0.99064442494128635,Population growth rate,H4
Agrimonia_eupatoria,Agrimonia_eupatoria_Wytham Woods,-2.258,0.228,Ordbeta,T0-T2,DIST,1,Wytham Woods,R0,1.6114677027277815,Net reproductive rate,H1
Agrimonia_eupatoria,Agrimonia_eupatoria_Wytham Woods,-2.258,0.228,Ordbeta,T0-T2,DIST,1,Wytham Woods,Reactivity,1.211787103394109,Reactivity,H3
Agrimonia_eupatoria,Agrimonia_eupatoria_Wytham Woods,-2.258,0.228,Ordbeta,T0-T2,DIST,1,Wytham Woods,T_generation,39.10376182698671,Generation time,H2
Agrimonia_eupatoria,Agrimonia_eupatoria_Wytham Woods,-2.258,0.228,Ordbeta,T0-T2,DIST,1,Wytham Woods,age_repro,8.104361720252461,Age at first reproduction,H2
Agrimonia_eupatoria,Agrimonia_eupatoria_Wytham Woods,-2.258,0.228,Ordbeta,T0-T2,DIST,1,Wytham Woods,percapita_repro,0.211625,Per capita reproduction,H1
Ailanthus_altissima,Ailanthus_altissima_Cary IES,-2.591,0.5,Ordbeta,T0-T2,DIST,1,Cary IES,FirstStepAtt,0.01405343159277988,First step attenuation,H3
Ailanthus_altissima,Ailanthus_altissima_Cary IES,-2.591,0.5,Ordbeta,T0-T2,DIST,1,Cary IES,Lambda,1.9212389388134612,Population growth rate,H4
Ailanthus_altissima,Ailanthus_altissima_Cary IES,-2.591,0.5,Ordbeta,T0-T2,DIST,1,Cary IES,R0,43.87115810482757,Net reproductive rate,H1
Ailanthus_altissima,Ailanthus_altissima_Cary IES,-2.591,0.5,Ordbeta,T0-T2,DIST,1,Cary IES,Reactivity,NA,Reactivity,H3
Ailanthus_altissima,Ailanthus_altissima_Cary IES,-2.591,0.5,Ordbeta,T0-T2,DIST,1,Cary IES,T_generation,5.544664989683316,Generation time,H2
Ailanthus_altissima,Ailanthus_altissima_Cary IES,-2.591,0.5,Ordbeta,T0-T2,DIST,1,Cary IES,age_repro,6,Age at first reproduction,H2
Ailanthus_altissima,Ailanthus_altissima_Cary IES,-2.591,0.5,Ordbeta,T0-T2,DIST,1,Cary IES,percapita_repro,NA,Per capita reproduction,H1
Allium_vineale,Allium_vineale_Blandy Experimental Farm,-2.456,0.384,Ordbeta,T0-T2,DIST,1,Blandy Experimental Farm,FirstStepAtt,0.1305458328616013,First step attenuation,H3
Allium_vineale,Allium_vineale_Blandy Experimental Farm,-2.456,0.384,Ordbeta,T0-T2,DIST,1,Blandy Experimental Farm,Lambda,1.170906773884173,Population growth rate,H4
Allium_vineale,Allium_vineale_Blandy Experimental Farm,-2.456,0.384,Ordbeta,T0-T2,DIST,1,Blandy Experimental Farm,R0,1.4061237821153136,Net reproductive rate,H1
Allium_vineale,Allium_vineale_Blandy Experimental Farm,-2.456,0.384,Ordbeta,T0-T2,DIST,1,Blandy Experimental Farm,Reactivity,8.971770626240456,Reactivity,H3
Allium_vineale,Allium_vineale_Blandy Experimental Farm,-2.456,0.384,Ordbeta,T0-T2,DIST,1,Blandy Experimental Farm,T_generation,2.145843186509487,Generation time,H2
Allium_vineale,Allium_vineale_Blandy Experimental Farm,-2.456,0.384,Ordbeta,T0-T2,DIST,1,Blandy Experimental Farm,age_repro,3.3204456569500245,Age at first reproduction,H2
Allium_vineale,Allium_vineale_Blandy Experimental Farm,-2.456,0.384,Ordbeta,T0-T2,DIST,1,Blandy Experimental Farm,percapita_repro,10.348743,Per capita reproduction,H1
Andropogon_gerardii,Andropogon_gerardii_Kellogg Biological Station (KBS),-0.53,0.247,Ordbeta,T0-T2,DIST,1,Kellogg Biological Station (KBS),FirstStepAtt,0.3116481071355576,First step attenuation,H3
Andropogon_gerardii,Andropogon_gerardii_Kellogg Biological Station (KBS),-0.53,0.247,Ordbeta,T0-T2,DIST,1,Kellogg Biological Station (KBS),Lambda,1.5058732521698401,Population growth rate,H4
Andropogon_gerardii,Andropogon_gerardii_Kellogg Biological Station (KBS),-0.53,0.247,Ordbeta,T0-T2,DIST,1,Kellogg Biological Station (KBS),R0,2.443680378740669,Net reproductive rate,H1
Andropogon_gerardii,Andropogon_gerardii_Kellogg Biological Station (KBS),-0.53,0.247,Ordbeta,T0-T2,DIST,1,Kellogg Biological Station (KBS),Reactivity,6.099850854275642,Reactivity,H3
Andropogon_gerardii,Andropogon_gerardii_Kellogg Biological Station (KBS),-0.53,0.247,Ordbeta,T0-T2,DIST,1,Kellogg Biological Station (KBS),T_generation,2.0960825145363127,Generation time,H2
Andropogon_gerardii,Andropogon_gerardii_Kellogg Biological Station (KBS),-0.53,0.247,Ordbeta,T0-T2,DIST,1,Kellogg Biological Station (KBS),age_repro,2.1989772112328003,Age at first reproduction,H2
Andropogon_gerardii,Andropogon_gerardii_Kellogg Biological Station (KBS),-0.53,0.247,Ordbeta,T0-T2,DIST,1,Kellogg Biological Station (KBS),percapita_repro,8.151920916772541,Per capita reproduction,H1
Andropogon_gerardii,Andropogon_gerardii_Oak Lake Field Station,-2.409,0.499,Ordbeta,T0-T2,DIST,1,Oak Lake Field Station,FirstStepAtt,0.3116481071355576,First step attenuation,H3
Andropogon_gerardii,Andropogon_gerardii_Oak Lake Field Station,-2.409,0.499,Ordbeta,T0-T2,DIST,1,Oak Lake Field Station,Lambda,1.5058732521698401,Population growth rate,H4
Andropogon_gerardii,Andropogon_gerardii_Oak Lake Field Station,-2.409,0.499,Ordbeta,T0-T2,DIST,1,Oak Lake Field Station,R0,2.443680378740669,Net reproductive rate,H1
Andropogon_gerardii,Andropogon_gerardii_Oak Lake Field Station,-2.409,0.499,Ordbeta,T0-T2,DIST,1,Oak Lake Field Station,Reactivity,6.099850854275642,Reactivity,H3
Andropogon_gerardii,Andropogon_gerardii_Oak Lake Field Station,-2.409,0.499,Ordbeta,T0-T2,DIST,1,Oak Lake Field Station,T_generation,2.0960825145363127,Generation time,H2
Andropogon_gerardii,Andropogon_gerardii_Oak Lake Field Station,-2.409,0.499,Ordbeta,T0-T2,DIST,1,Oak Lake Field Station,age_repro,2.1989772112328003,Age at first reproduction,H2
Andropogon_gerardii,Andropogon_gerardii_Oak Lake Field Station,-2.409,0.499,Ordbeta,T0-T2,DIST,1,Oak Lake Field Station,percapita_repro,8.151920916772541,Per capita reproduction,H1
Andropogon_gerardii,Andropogon_gerardii_Temple,-2.346,0.406,Ordbeta,T0-T2,DIST,1,Temple,FirstStepAtt,0.3116481071355576,First step attenuation,H3
Andropogon_gerardii,Andropogon_gerardii_Temple,-2.346,0.406,Ordbeta,T0-T2,DIST,1,Temple,Lambda,1.5058732521698401,Population growth rate,H4
Andropogon_gerardii,Andropogon_gerardii_Temple,-2.346,0.406,Ordbeta,T0-T2,DIST,1,Temple,R0,2.443680378740669,Net reproductive rate,H1
Andropogon_gerardii,Andropogon_gerardii_Temple,-2.346,0.406,Ordbeta,T0-T2,DIST,1,Temple,Reactivity,6.099850854275642,Reactivity,H3
Andropogon_gerardii,Andropogon_gerardii_Temple,-2.346,0.406,Ordbeta,T0-T2,DIST,1,Temple,T_generation,2.0960825145363127,Generation time,H2
Andropogon_gerardii,Andropogon_gerardii_Temple,-2.346,0.406,Ordbeta,T0-T2,DIST,1,Temple,age_repro,2.1989772112328003,Age at first reproduction,H2
Andropogon_gerardii,Andropogon_gerardii_Temple,-2.346,0.406,Ordbeta,T0-T2,DIST,1,Temple,percapita_repro,8.151920916772541,Per capita reproduction,H1
Arenaria_serpyllifolia,Arenaria_serpyllifolia_Bad Lauchstaedt,-2.628,0.496,Ordbeta,T0-T2,DIST,1,Bad Lauchstaedt,FirstStepAtt,0.13426829798432044,First step attenuation,H3
Arenaria_serpyllifolia,Arenaria_serpyllifolia_Bad Lauchstaedt,-2.628,0.496,Ordbeta,T0-T2,DIST,1,Bad Lauchstaedt,Lambda,0.860684361881849,Population growth rate,H4
Arenaria_serpyllifolia,Arenaria_serpyllifolia_Bad Lauchstaedt,-2.628,0.496,Ordbeta,T0-T2,DIST,1,Bad Lauchstaedt,R0,1.8060863194427321,Net reproductive rate,H1
Arenaria_serpyllifolia,Arenaria_serpyllifolia_Bad Lauchstaedt,-2.628,0.496,Ordbeta,T0-T2,DIST,1,Bad Lauchstaedt,Reactivity,21.515885693564854,Reactivity,H3
Arenaria_serpyllifolia,Arenaria_serpyllifolia_Bad Lauchstaedt,-2.628,0.496,Ordbeta,T0-T2,DIST,1,Bad Lauchstaedt,T_generation,1.1925026183239507,Generation time,H2
Arenaria_serpyllifolia,Arenaria_serpyllifolia_Bad Lauchstaedt,-2.628,0.496,Ordbeta,T0-T2,DIST,1,Bad Lauchstaedt,age_repro,2.3096403543497828,Age at first reproduction,H2
Arenaria_serpyllifolia,Arenaria_serpyllifolia_Bad Lauchstaedt,-2.628,0.496,Ordbeta,T0-T2,DIST,1,Bad Lauchstaedt,percapita_repro,22.8957281875,Per capita reproduction,H1
Arenaria_serpyllifolia,Arenaria_serpyllifolia_Jena,-1.752,0.249,Ordbeta,T0-T2,DIST,1,Jena,FirstStepAtt,0.13426829798432044,First step attenuation,H3
Arenaria_serpyllifolia,Arenaria_serpyllifolia_Jena,-1.752,0.249,Ordbeta,T0-T2,DIST,1,Jena,Lambda,0.860684361881849,Population growth rate,H4
Arenaria_serpyllifolia,Arenaria_serpyllifolia_Jena,-1.752,0.249,Ordbeta,T0-T2,DIST,1,Jena,R0,1.8060863194427321,Net reproductive rate,H1
Arenaria_serpyllifolia,Arenaria_serpyllifolia_Jena,-1.752,0.249,Ordbeta,T0-T2,DIST,1,Jena,Reactivity,21.515885693564854,Reactivity,H3
Arenaria_serpyllifolia,Arenaria_serpyllifolia_Jena,-1.752,0.249,Ordbeta,T0-T2,DIST,1,Jena,T_generation,1.1925026183239507,Generation time,H2
Arenaria_serpyllifolia,Arenaria_serpyllifolia_Jena,-1.752,0.249,Ordbeta,T0-T2,DIST,1,Jena,age_repro,2.3096403543497828,Age at first reproduction,H2
Arenaria_serpyllifolia,Arenaria_serpyllifolia_Jena,-1.752,0.249,Ordbeta,T0-T2,DIST,1,Jena,percapita_repro,22.8957281875,Per capita reproduction,H1
Armeria_maritima,Armeria_maritima_Potrok Aike,-2.705,0.337,Ordbeta,T0-T2,DIST,1,Potrok Aike,FirstStepAtt,0.10630681626910626,First step attenuation,H3
Armeria_maritima,Armeria_maritima_Potrok Aike,-2.705,0.337,Ordbeta,T0-T2,DIST,1,Potrok Aike,Lambda,1.4580438530642406,Population growth rate,H4
Armeria_maritima,Armeria_maritima_Potrok Aike,-2.705,0.337,Ordbeta,T0-T2,DIST,1,Potrok Aike,R0,85.20700476884507,Net reproductive rate,H1
Armeria_maritima,Armeria_maritima_Potrok Aike,-2.705,0.337,Ordbeta,T0-T2,DIST,1,Potrok Aike,Reactivity,243.66070969221192,Reactivity,H3
Armeria_maritima,Armeria_maritima_Potrok Aike,-2.705,0.337,Ordbeta,T0-T2,DIST,1,Potrok Aike,T_generation,8.162938838891863,Generation time,H2
Armeria_maritima,Armeria_maritima_Potrok Aike,-2.705,0.337,Ordbeta,T0-T2,DIST,1,Potrok Aike,age_repro,4.597444089456871,Age at first reproduction,H2
Armeria_maritima,Armeria_maritima_Potrok Aike,-2.705,0.337,Ordbeta,T0-T2,DIST,1,Potrok Aike,percapita_repro,37.236222855051835,Per capita reproduction,H1
Carduus_nutans,Carduus_nutans_Piedmont Prairie,-2.73,0.481,Ordbeta,T0-T2,DIST,1,Piedmont Prairie,FirstStepAtt,0.3912837475239576,First step attenuation,H3
Carduus_nutans,Carduus_nutans_Piedmont Prairie,-2.73,0.481,Ordbeta,T0-T2,DIST,1,Piedmont Prairie,Lambda,0.7295404692944151,Population growth rate,H4
Carduus_nutans,Carduus_nutans_Piedmont Prairie,-2.73,0.481,Ordbeta,T0-T2,DIST,1,Piedmont Prairie,R0,3.464739620760341,Net reproductive rate,H1
Carduus_nutans,Carduus_nutans_Piedmont Prairie,-2.73,0.481,Ordbeta,T0-T2,DIST,1,Piedmont Prairie,Reactivity,87.22480577616466,Reactivity,H3
Carduus_nutans,Carduus_nutans_Piedmont Prairie,-2.73,0.481,Ordbeta,T0-T2,DIST,1,Piedmont Prairie,T_generation,3.450759423755778,Generation time,H2
Carduus_nutans,Carduus_nutans_Piedmont Prairie,-2.73,0.481,Ordbeta,T0-T2,DIST,1,Piedmont Prairie,age_repro,2.48823713125564,Age at first reproduction,H2
Carduus_nutans,Carduus_nutans_Piedmont Prairie,-2.73,0.481,Ordbeta,T0-T2,DIST,1,Piedmont Prairie,percapita_repro,13.0764267688254,Per capita reproduction,H1
Centaurea_jacea,Centaurea_jacea_Agroscope Changins,-2.582,0.292,Ordbeta,T0-T2,DIST,1,Agroscope Changins,FirstStepAtt,0.5628538515110156,First step attenuation,H3
Centaurea_jacea,Centaurea_jacea_Agroscope Changins,-2.582,0.292,Ordbeta,T0-T2,DIST,1,Agroscope Changins,Lambda,0.9157150879324937,Population growth rate,H4
Centaurea_jacea,Centaurea_jacea_Agroscope Changins,-2.582,0.292,Ordbeta,T0-T2,DIST,1,Agroscope Changins,R0,0.04342014145873782,Net reproductive rate,H1
Centaurea_jacea,Centaurea_jacea_Agroscope Changins,-2.582,0.292,Ordbeta,T0-T2,DIST,1,Agroscope Changins,Reactivity,1.5281791960385789,Reactivity,H3
Centaurea_jacea,Centaurea_jacea_Agroscope Changins,-2.582,0.292,Ordbeta,T0-T2,DIST,1,Agroscope Changins,T_generation,24.967550315740162,Generation time,H2
Centaurea_jacea,Centaurea_jacea_Agroscope Changins,-2.582,0.292,Ordbeta,T0-T2,DIST,1,Agroscope Changins,age_repro,5.189279856148214,Age at first reproduction,H2
Centaurea_jacea,Centaurea_jacea_Agroscope Changins,-2.582,0.292,Ordbeta,T0-T2,DIST,1,Agroscope Changins,percapita_repro,0.194462,Per capita reproduction,H1
Centaurea_jacea,Centaurea_jacea_Bayreuth DRAGNet,-2.258,0.284,Ordbeta,T0-T2,DIST,1,Bayreuth DRAGNet,FirstStepAtt,0.5628538515110156,First step attenuation,H3
Centaurea_jacea,Centaurea_jacea_Bayreuth DRAGNet,-2.258,0.284,Ordbeta,T0-T2,DIST,1,Bayreuth DRAGNet,Lambda,0.9157150879324937,Population growth rate,H4
Centaurea_jacea,Centaurea_jacea_Bayreuth DRAGNet,-2.258,0.284,Ordbeta,T0-T2,DIST,1,Bayreuth DRAGNet,R0,0.04342014145873782,Net reproductive rate,H1
Centaurea_jacea,Centaurea_jacea_Bayreuth DRAGNet,-2.258,0.284,Ordbeta,T0-T2,DIST,1,Bayreuth DRAGNet,Reactivity,1.5281791960385789,Reactivity,H3
Centaurea_jacea,Centaurea_jacea_Bayreuth DRAGNet,-2.258,0.284,Ordbeta,T0-T2,DIST,1,Bayreuth DRAGNet,T_generation,24.967550315740162,Generation time,H2
Centaurea_jacea,Centaurea_jacea_Bayreuth DRAGNet,-2.258,0.284,Ordbeta,T0-T2,DIST,1,Bayreuth DRAGNet,age_repro,5.189279856148214,Age at first reproduction,H2
Centaurea_jacea,Centaurea_jacea_Bayreuth DRAGNet,-2.258,0.284,Ordbeta,T0-T2,DIST,1,Bayreuth DRAGNet,percapita_repro,0.194462,Per capita reproduction,H1
Cerastium_fontanum,Cerastium_fontanum_Agroscope Changins,-2.83,0.242,Ordbeta,T0-T2,DIST,1,Agroscope Changins,FirstStepAtt,0.06747272390385081,First step attenuation,H3
Cerastium_fontanum,Cerastium_fontanum_Agroscope Changins,-2.83,0.242,Ordbeta,T0-T2,DIST,1,Agroscope Changins,Lambda,NA,Population growth rate,H4
Cerastium_fontanum,Cerastium_fontanum_Agroscope Changins,-2.83,0.242,Ordbeta,T0-T2,DIST,1,Agroscope Changins,R0,4.565200000000001,Net reproductive rate,H1
Cerastium_fontanum,Cerastium_fontanum_Agroscope Changins,-2.83,0.242,Ordbeta,T0-T2,DIST,1,Agroscope Changins,Reactivity,20.64082530586905,Reactivity,H3
Cerastium_fontanum,Cerastium_fontanum_Agroscope Changins,-2.83,0.242,Ordbeta,T0-T2,DIST,1,Agroscope Changins,T_generation,1.005061672121481,Generation time,H2
Cerastium_fontanum,Cerastium_fontanum_Agroscope Changins,-2.83,0.242,Ordbeta,T0-T2,DIST,1,Agroscope Changins,age_repro,2.428571428571429,Age at first reproduction,H2
Cerastium_fontanum,Cerastium_fontanum_Agroscope Changins,-2.83,0.242,Ordbeta,T0-T2,DIST,1,Agroscope Changins,percapita_repro,92.08,Per capita reproduction,H1
Cerastium_fontanum,Cerastium_fontanum_Bad Lauchstaedt,-2.707,0.355,Ordbeta,T0-T2,DIST,1,Bad Lauchstaedt,FirstStepAtt,0.06747272390385081,First step attenuation,H3
Cerastium_fontanum,Cerastium_fontanum_Bad Lauchstaedt,-2.707,0.355,Ordbeta,T0-T2,DIST,1,Bad Lauchstaedt,Lambda,NA,Population growth rate,H4
Cerastium_fontanum,Cerastium_fontanum_Bad Lauchstaedt,-2.707,0.355,Ordbeta,T0-T2,DIST,1,Bad Lauchstaedt,R0,4.565200000000001,Net reproductive rate,H1
Cerastium_fontanum,Cerastium_fontanum_Bad Lauchstaedt,-2.707,0.355,Ordbeta,T0-T2,DIST,1,Bad Lauchstaedt,Reactivity,20.64082530586905,Reactivity,H3
Cerastium_fontanum,Cerastium_fontanum_Bad Lauchstaedt,-2.707,0.355,Ordbeta,T0-T2,DIST,1,Bad Lauchstaedt,T_generation,1.005061672121481,Generation time,H2
Cerastium_fontanum,Cerastium_fontanum_Bad Lauchstaedt,-2.707,0.355,Ordbeta,T0-T2,DIST,1,Bad Lauchstaedt,age_repro,2.428571428571429,Age at first reproduction,H2
Cerastium_fontanum,Cerastium_fontanum_Bad Lauchstaedt,-2.707,0.355,Ordbeta,T0-T2,DIST,1,Bad Lauchstaedt,percapita_repro,92.08,Per capita reproduction,H1
Cerastium_fontanum,Cerastium_fontanum_Bayreuth DRAGNet,-1.822,0.342,Ordbeta,T0-T2,DIST,1,Bayreuth DRAGNet,FirstStepAtt,0.06747272390385081,First step attenuation,H3
Cerastium_fontanum,Cerastium_fontanum_Bayreuth DRAGNet,-1.822,0.342,Ordbeta,T0-T2,DIST,1,Bayreuth DRAGNet,Lambda,NA,Population growth rate,H4
Cerastium_fontanum,Cerastium_fontanum_Bayreuth DRAGNet,-1.822,0.342,Ordbeta,T0-T2,DIST,1,Bayreuth DRAGNet,R0,4.565200000000001,Net reproductive rate,H1
Cerastium_fontanum,Cerastium_fontanum_Bayreuth DRAGNet,-1.822,0.342,Ordbeta,T0-T2,DIST,1,Bayreuth DRAGNet,Reactivity,20.64082530586905,Reactivity,H3
Cerastium_fontanum,Cerastium_fontanum_Bayreuth DRAGNet,-1.822,0.342,Ordbeta,T0-T2,DIST,1,Bayreuth DRAGNet,T_generation,1.005061672121481,Generation time,H2
Cerastium_fontanum,Cerastium_fontanum_Bayreuth DRAGNet,-1.822,0.342,Ordbeta,T0-T2,DIST,1,Bayreuth DRAGNet,age_repro,2.428571428571429,Age at first reproduction,H2
Cerastium_fontanum,Cerastium_fontanum_Bayreuth DRAGNet,-1.822,0.342,Ordbeta,T0-T2,DIST,1,Bayreuth DRAGNet,percapita_repro,92.08,Per capita reproduction,H1
Cerastium_fontanum,Cerastium_fontanum_CEREEP - Ecotron IDF,-2.446,0.354,Ordbeta,T0-T2,DIST,1,CEREEP - Ecotron IDF,FirstStepAtt,0.06747272390385081,First step attenuation,H3
Cerastium_fontanum,Cerastium_fontanum_CEREEP - Ecotron IDF,-2.446,0.354,Ordbeta,T0-T2,DIST,1,CEREEP - Ecotron IDF,Lambda,NA,Population growth rate,H4
Cerastium_fontanum,Cerastium_fontanum_CEREEP - Ecotron IDF,-2.446,0.354,Ordbeta,T0-T2,DIST,1,CEREEP - Ecotron IDF,R0,4.565200000000001,Net reproductive rate,H1
Cerastium_fontanum,Cerastium_fontanum_CEREEP - Ecotron IDF,-2.446,0.354,Ordbeta,T0-T2,DIST,1,CEREEP - Ecotron IDF,Reactivity,20.64082530586905,Reactivity,H3
Cerastium_fontanum,Cerastium_fontanum_CEREEP - Ecotron IDF,-2.446,0.354,Ordbeta,T0-T2,DIST,1,CEREEP - Ecotron IDF,T_generation,1.005061672121481,Generation time,H2
Cerastium_fontanum,Cerastium_fontanum_CEREEP - Ecotron IDF,-2.446,0.354,Ordbeta,T0-T2,DIST,1,CEREEP - Ecotron IDF,age_repro,2.428571428571429,Age at first reproduction,H2
Cerastium_fontanum,Cerastium_fontanum_CEREEP - Ecotron IDF,-2.446,0.354,Ordbeta,T0-T2,DIST,1,CEREEP - Ecotron IDF,percapita_repro,92.08,Per capita reproduction,H1
Cerastium_fontanum,Cerastium_fontanum_Domaninek,-2.013,0.468,Ordbeta,T0-T2,DIST,1,Domaninek,FirstStepAtt,0.06747272390385081,First step attenuation,H3
Cerastium_fontanum,Cerastium_fontanum_Domaninek,-2.013,0.468,Ordbeta,T0-T2,DIST,1,Domaninek,Lambda,NA,Population growth rate,H4
Cerastium_fontanum,Cerastium_fontanum_Domaninek,-2.013,0.468,Ordbeta,T0-T2,DIST,1,Domaninek,R0,4.565200000000001,Net reproductive rate,H1
Cerastium_fontanum,Cerastium_fontanum_Domaninek,-2.013,0.468,Ordbeta,T0-T2,DIST,1,Domaninek,Reactivity,20.64082530586905,Reactivity,H3
Cerastium_fontanum,Cerastium_fontanum_Domaninek,-2.013,0.468,Ordbeta,T0-T2,DIST,1,Domaninek,T_generation,1.005061672121481,Generation time,H2
Cerastium_fontanum,Cerastium_fontanum_Domaninek,-2.013,0.468,Ordbeta,T0-T2,DIST,1,Domaninek,age_repro,2.428571428571429,Age at first reproduction,H2
Cerastium_fontanum,Cerastium_fontanum_Domaninek,-2.013,0.468,Ordbeta,T0-T2,DIST,1,Domaninek,percapita_repro,92.08,Per capita reproduction,H1
Cerastium_fontanum,Cerastium_fontanum_Hazelrigg,-2.567,0.504,Ordbeta,T0-T2,DIST,1,Hazelrigg,FirstStepAtt,0.06747272390385081,First step attenuation,H3
Cerastium_fontanum,Cerastium_fontanum_Hazelrigg,-2.567,0.504,Ordbeta,T0-T2,DIST,1,Hazelrigg,Lambda,NA,Population growth rate,H4
Cerastium_fontanum,Cerastium_fontanum_Hazelrigg,-2.567,0.504,Ordbeta,T0-T2,DIST,1,Hazelrigg,R0,4.565200000000001,Net reproductive rate,H1
Cerastium_fontanum,Cerastium_fontanum_Hazelrigg,-2.567,0.504,Ordbeta,T0-T2,DIST,1,Hazelrigg,Reactivity,20.64082530586905,Reactivity,H3
Cerastium_fontanum,Cerastium_fontanum_Hazelrigg,-2.567,0.504,Ordbeta,T0-T2,DIST,1,Hazelrigg,T_generation,1.005061672121481,Generation time,H2
Cerastium_fontanum,Cerastium_fontanum_Hazelrigg,-2.567,0.504,Ordbeta,T0-T2,DIST,1,Hazelrigg,age_repro,2.428571428571429,Age at first reproduction,H2
Cerastium_fontanum,Cerastium_fontanum_Hazelrigg,-2.567,0.504,Ordbeta,T0-T2,DIST,1,Hazelrigg,percapita_repro,92.08,Per capita reproduction,H1
Cerastium_fontanum,Cerastium_fontanum_Jena,-2.008,0.248,Ordbeta,T0-T2,DIST,1,Jena,FirstStepAtt,0.06747272390385081,First step attenuation,H3
Cerastium_fontanum,Cerastium_fontanum_Jena,-2.008,0.248,Ordbeta,T0-T2,DIST,1,Jena,Lambda,NA,Population growth rate,H4
Cerastium_fontanum,Cerastium_fontanum_Jena,-2.008,0.248,Ordbeta,T0-T2,DIST,1,Jena,R0,4.565200000000001,Net reproductive rate,H1
Cerastium_fontanum,Cerastium_fontanum_Jena,-2.008,0.248,Ordbeta,T0-T2,DIST,1,Jena,Reactivity,20.64082530586905,Reactivity,H3
Cerastium_fontanum,Cerastium_fontanum_Jena,-2.008,0.248,Ordbeta,T0-T2,DIST,1,Jena,T_generation,1.005061672121481,Generation time,H2
Cerastium_fontanum,Cerastium_fontanum_Jena,-2.008,0.248,Ordbeta,T0-T2,DIST,1,Jena,age_repro,2.428571428571429,Age at first reproduction,H2
Cerastium_fontanum,Cerastium_fontanum_Jena,-2.008,0.248,Ordbeta,T0-T2,DIST,1,Jena,percapita_repro,92.08,Per capita reproduction,H1
Cerastium_fontanum,Cerastium_fontanum_Kellogg Biological Station (KBS),-2.591,0.5,Ordbeta,T0-T2,DIST,1,Kellogg Biological Station (KBS),FirstStepAtt,0.06747272390385081,First step attenuation,H3
Cerastium_fontanum,Cerastium_fontanum_Kellogg Biological Station (KBS),-2.591,0.5,Ordbeta,T0-T2,DIST,1,Kellogg Biological Station (KBS),Lambda,NA,Population growth rate,H4
Cerastium_fontanum,Cerastium_fontanum_Kellogg Biological Station (KBS),-2.591,0.5,Ordbeta,T0-T2,DIST,1,Kellogg Biological Station (KBS),R0,4.565200000000001,Net reproductive rate,H1
Cerastium_fontanum,Cerastium_fontanum_Kellogg Biological Station (KBS),-2.591,0.5,Ordbeta,T0-T2,DIST,1,Kellogg Biological Station (KBS),Reactivity,20.64082530586905,Reactivity,H3
Cerastium_fontanum,Cerastium_fontanum_Kellogg Biological Station (KBS),-2.591,0.5,Ordbeta,T0-T2,DIST,1,Kellogg Biological Station (KBS),T_generation,1.005061672121481,Generation time,H2
Cerastium_fontanum,Cerastium_fontanum_Kellogg Biological Station (KBS),-2.591,0.5,Ordbeta,T0-T2,DIST,1,Kellogg Biological Station (KBS),age_repro,2.428571428571429,Age at first reproduction,H2
Cerastium_fontanum,Cerastium_fontanum_Kellogg Biological Station (KBS),-2.591,0.5,Ordbeta,T0-T2,DIST,1,Kellogg Biological Station (KBS),percapita_repro,92.08,Per capita reproduction,H1
Cerastium_fontanum,Cerastium_fontanum_Kniezenberg,-2.572,0.451,Ordbeta,T0-T2,DIST,1,Kniezenberg,FirstStepAtt,0.06747272390385081,First step attenuation,H3
Cerastium_fontanum,Cerastium_fontanum_Kniezenberg,-2.572,0.451,Ordbeta,T0-T2,DIST,1,Kniezenberg,Lambda,NA,Population growth rate,H4
Cerastium_fontanum,Cerastium_fontanum_Kniezenberg,-2.572,0.451,Ordbeta,T0-T2,DIST,1,Kniezenberg,R0,4.565200000000001,Net reproductive rate,H1
Cerastium_fontanum,Cerastium_fontanum_Kniezenberg,-2.572,0.451,Ordbeta,T0-T2,DIST,1,Kniezenberg,Reactivity,20.64082530586905,Reactivity,H3
Cerastium_fontanum,Cerastium_fontanum_Kniezenberg,-2.572,0.451,Ordbeta,T0-T2,DIST,1,Kniezenberg,T_generation,1.005061672121481,Generation time,H2
Cerastium_fontanum,Cerastium_fontanum_Kniezenberg,-2.572,0.451,Ordbeta,T0-T2,DIST,1,Kniezenberg,age_repro,2.428571428571429,Age at first reproduction,H2
Cerastium_fontanum,Cerastium_fontanum_Kniezenberg,-2.572,0.451,Ordbeta,T0-T2,DIST,1,Kniezenberg,percapita_repro,92.08,Per capita reproduction,H1
Cerastium_fontanum,Cerastium_fontanum_Lublin,-2.378,0.502,Ordbeta,T0-T2,DIST,1,Lublin,FirstStepAtt,0.06747272390385081,First step attenuation,H3
Cerastium_fontanum,Cerastium_fontanum_Lublin,-2.378,0.502,Ordbeta,T0-T2,DIST,1,Lublin,Lambda,NA,Population growth rate,H4
Cerastium_fontanum,Cerastium_fontanum_Lublin,-2.378,0.502,Ordbeta,T0-T2,DIST,1,Lublin,R0,4.565200000000001,Net reproductive rate,H1
Cerastium_fontanum,Cerastium_fontanum_Lublin,-2.378,0.502,Ordbeta,T0-T2,DIST,1,Lublin,Reactivity,20.64082530586905,Reactivity,H3
Cerastium_fontanum,Cerastium_fontanum_Lublin,-2.378,0.502,Ordbeta,T0-T2,DIST,1,Lublin,T_generation,1.005061672121481,Generation time,H2
Cerastium_fontanum,Cerastium_fontanum_Lublin,-2.378,0.502,Ordbeta,T0-T2,DIST,1,Lublin,age_repro,2.428571428571429,Age at first reproduction,H2
Cerastium_fontanum,Cerastium_fontanum_Lublin,-2.378,0.502,Ordbeta,T0-T2,DIST,1,Lublin,percapita_repro,92.08,Per capita reproduction,H1
Cerastium_fontanum,Cerastium_fontanum_Stoderzinken,-2.412,0.387,Ordbeta,T0-T2,DIST,1,Stoderzinken,FirstStepAtt,0.06747272390385081,First step attenuation,H3
Cerastium_fontanum,Cerastium_fontanum_Stoderzinken,-2.412,0.387,Ordbeta,T0-T2,DIST,1,Stoderzinken,Lambda,NA,Population growth rate,H4
Cerastium_fontanum,Cerastium_fontanum_Stoderzinken,-2.412,0.387,Ordbeta,T0-T2,DIST,1,Stoderzinken,R0,4.565200000000001,Net reproductive rate,H1
Cerastium_fontanum,Cerastium_fontanum_Stoderzinken,-2.412,0.387,Ordbeta,T0-T2,DIST,1,Stoderzinken,Reactivity,20.64082530586905,Reactivity,H3
Cerastium_fontanum,Cerastium_fontanum_Stoderzinken,-2.412,0.387,Ordbeta,T0-T2,DIST,1,Stoderzinken,T_generation,1.005061672121481,Generation time,H2
Cerastium_fontanum,Cerastium_fontanum_Stoderzinken,-2.412,0.387,Ordbeta,T0-T2,DIST,1,Stoderzinken,age_repro,2.428571428571429,Age at first reproduction,H2
Cerastium_fontanum,Cerastium_fontanum_Stoderzinken,-2.412,0.387,Ordbeta,T0-T2,DIST,1,Stoderzinken,percapita_repro,92.08,Per capita reproduction,H1
Cerastium_fontanum,Cerastium_fontanum_Wytham Woods,-2.419,0.252,Ordbeta,T0-T2,DIST,1,Wytham Woods,FirstStepAtt,0.06747272390385081,First step attenuation,H3
Cerastium_fontanum,Cerastium_fontanum_Wytham Woods,-2.419,0.252,Ordbeta,T0-T2,DIST,1,Wytham Woods,Lambda,NA,Population growth rate,H4
Cerastium_fontanum,Cerastium_fontanum_Wytham Woods,-2.419,0.252,Ordbeta,T0-T2,DIST,1,Wytham Woods,R0,4.565200000000001,Net reproductive rate,H1
Cerastium_fontanum,Cerastium_fontanum_Wytham Woods,-2.419,0.252,Ordbeta,T0-T2,DIST,1,Wytham Woods,Reactivity,20.64082530586905,Reactivity,H3
Cerastium_fontanum,Cerastium_fontanum_Wytham Woods,-2.419,0.252,Ordbeta,T0-T2,DIST,1,Wytham Woods,T_generation,1.005061672121481,Generation time,H2
Cerastium_fontanum,Cerastium_fontanum_Wytham Woods,-2.419,0.252,Ordbeta,T0-T2,DIST,1,Wytham Woods,age_repro,2.428571428571429,Age at first reproduction,H2
Cerastium_fontanum,Cerastium_fontanum_Wytham Woods,-2.419,0.252,Ordbeta,T0-T2,DIST,1,Wytham Woods,percapita_repro,92.08,Per capita reproduction,H1
Cirsium_arvense,Cirsium_arvense_Ainsdale Dune Slacks,-2.305,0.547,Ordbeta,T0-T2,DIST,1,Ainsdale Dune Slacks,FirstStepAtt,0.03582886143808612,First step attenuation,H3
Cirsium_arvense,Cirsium_arvense_Ainsdale Dune Slacks,-2.305,0.547,Ordbeta,T0-T2,DIST,1,Ainsdale Dune Slacks,Lambda,NA,Population growth rate,H4
Cirsium_arvense,Cirsium_arvense_Ainsdale Dune Slacks,-2.305,0.547,Ordbeta,T0-T2,DIST,1,Ainsdale Dune Slacks,R0,25.252242926155972,Net reproductive rate,H1
Cirsium_arvense,Cirsium_arvense_Ainsdale Dune Slacks,-2.305,0.547,Ordbeta,T0-T2,DIST,1,Ainsdale Dune Slacks,Reactivity,58.34730085192325,Reactivity,H3
Cirsium_arvense,Cirsium_arvense_Ainsdale Dune Slacks,-2.305,0.547,Ordbeta,T0-T2,DIST,1,Ainsdale Dune Slacks,T_generation,2.1605465557061296,Generation time,H2
Cirsium_arvense,Cirsium_arvense_Ainsdale Dune Slacks,-2.305,0.547,Ordbeta,T0-T2,DIST,1,Ainsdale Dune Slacks,age_repro,3.1980676328502415,Age at first reproduction,H2
Cirsium_arvense,Cirsium_arvense_Ainsdale Dune Slacks,-2.305,0.547,Ordbeta,T0-T2,DIST,1,Ainsdale Dune Slacks,percapita_repro,227.69000000000003,Per capita reproduction,H1
Cirsium_arvense,Cirsium_arvense_Bad Lauchstaedt,-2.093,0.264,Ordbeta,T0-T2,DIST,1,Bad Lauchstaedt,FirstStepAtt,0.03582886143808612,First step attenuation,H3
Cirsium_arvense,Cirsium_arvense_Bad Lauchstaedt,-2.093,0.264,Ordbeta,T0-T2,DIST,1,Bad Lauchstaedt,Lambda,NA,Population growth rate,H4
Cirsium_arvense,Cirsium_arvense_Bad Lauchstaedt,-2.093,0.264,Ordbeta,T0-T2,DIST,1,Bad Lauchstaedt,R0,25.252242926155972,Net reproductive rate,H1
Cirsium_arvense,Cirsium_arvense_Bad Lauchstaedt,-2.093,0.264,Ordbeta,T0-T2,DIST,1,Bad Lauchstaedt,Reactivity,58.34730085192325,Reactivity,H3
Cirsium_arvense,Cirsium_arvense_Bad Lauchstaedt,-2.093,0.264,Ordbeta,T0-T2,DIST,1,Bad Lauchstaedt,T_generation,2.1605465557061296,Generation time,H2
Cirsium_arvense,Cirsium_arvense_Bad Lauchstaedt,-2.093,0.264,Ordbeta,T0-T2,DIST,1,Bad Lauchstaedt,age_repro,3.1980676328502415,Age at first reproduction,H2
Cirsium_arvense,Cirsium_arvense_Bad Lauchstaedt,-2.093,0.264,Ordbeta,T0-T2,DIST,1,Bad Lauchstaedt,percapita_repro,227.69000000000003,Per capita reproduction,H1
Cirsium_arvense,Cirsium_arvense_Blandy Experimental Farm,-1.263,0.389,Ordbeta,T0-T2,DIST,1,Blandy Experimental Farm,FirstStepAtt,0.03582886143808612,First step attenuation,H3
Cirsium_arvense,Cirsium_arvense_Blandy Experimental Farm,-1.263,0.389,Ordbeta,T0-T2,DIST,1,Blandy Experimental Farm,Lambda,NA,Population growth rate,H4
Cirsium_arvense,Cirsium_arvense_Blandy Experimental Farm,-1.263,0.389,Ordbeta,T0-T2,DIST,1,Blandy Experimental Farm,R0,25.252242926155972,Net reproductive rate,H1
Cirsium_arvense,Cirsium_arvense_Blandy Experimental Farm,-1.263,0.389,Ordbeta,T0-T2,DIST,1,Blandy Experimental Farm,Reactivity,58.34730085192325,Reactivity,H3
Cirsium_arvense,Cirsium_arvense_Blandy Experimental Farm,-1.263,0.389,Ordbeta,T0-T2,DIST,1,Blandy Experimental Farm,T_generation,2.1605465557061296,Generation time,H2
Cirsium_arvense,Cirsium_arvense_Blandy Experimental Farm,-1.263,0.389,Ordbeta,T0-T2,DIST,1,Blandy Experimental Farm,age_repro,3.1980676328502415,Age at first reproduction,H2
Cirsium_arvense,Cirsium_arvense_Blandy Experimental Farm,-1.263,0.389,Ordbeta,T0-T2,DIST,1,Blandy Experimental Farm,percapita_repro,227.69000000000003,Per capita reproduction,H1
Cirsium_arvense,Cirsium_arvense_Hazelrigg,-2.3,0.342,Ordbeta,T0-T2,DIST,1,Hazelrigg,FirstStepAtt,0.03582886143808612,First step attenuation,H3
Cirsium_arvense,Cirsium_arvense_Hazelrigg,-2.3,0.342,Ordbeta,T0-T2,DIST,1,Hazelrigg,Lambda,NA,Population growth rate,H4
Cirsium_arvense,Cirsium_arvense_Hazelrigg,-2.3,0.342,Ordbeta,T0-T2,DIST,1,Hazelrigg,R0,25.252242926155972,Net reproductive rate,H1
Cirsium_arvense,Cirsium_arvense_Hazelrigg,-2.3,0.342,Ordbeta,T0-T2,DIST,1,Hazelrigg,Reactivity,58.34730085192325,Reactivity,H3
Cirsium_arvense,Cirsium_arvense_Hazelrigg,-2.3,0.342,Ordbeta,T0-T2,DIST,1,Hazelrigg,T_generation,2.1605465557061296,Generation time,H2
Cirsium_arvense,Cirsium_arvense_Hazelrigg,-2.3,0.342,Ordbeta,T0-T2,DIST,1,Hazelrigg,age_repro,3.1980676328502415,Age at first reproduction,H2
Cirsium_arvense,Cirsium_arvense_Hazelrigg,-2.3,0.342,Ordbeta,T0-T2,DIST,1,Hazelrigg,percapita_repro,227.69000000000003,Per capita reproduction,H1
Cirsium_arvense,Cirsium_arvense_Hulun Buir,-2.592,0.412,Ordbeta,T0-T2,DIST,1,Hulun Buir,FirstStepAtt,0.03582886143808612,First step attenuation,H3
Cirsium_arvense,Cirsium_arvense_Hulun Buir,-2.592,0.412,Ordbeta,T0-T2,DIST,1,Hulun Buir,Lambda,NA,Population growth rate,H4
Cirsium_arvense,Cirsium_arvense_Hulun Buir,-2.592,0.412,Ordbeta,T0-T2,DIST,1,Hulun Buir,R0,25.252242926155972,Net reproductive rate,H1
Cirsium_arvense,Cirsium_arvense_Hulun Buir,-2.592,0.412,Ordbeta,T0-T2,DIST,1,Hulun Buir,Reactivity,58.34730085192325,Reactivity,H3
Cirsium_arvense,Cirsium_arvense_Hulun Buir,-2.592,0.412,Ordbeta,T0-T2,DIST,1,Hulun Buir,T_generation,2.1605465557061296,Generation time,H2
Cirsium_arvense,Cirsium_arvense_Hulun Buir,-2.592,0.412,Ordbeta,T0-T2,DIST,1,Hulun Buir,age_repro,3.1980676328502415,Age at first reproduction,H2
Cirsium_arvense,Cirsium_arvense_Hulun Buir,-2.592,0.412,Ordbeta,T0-T2,DIST,1,Hulun Buir,percapita_repro,227.69000000000003,Per capita reproduction,H1
Cirsium_arvense,Cirsium_arvense_Jena,-1.868,0.478,Ordbeta,T0-T2,DIST,1,Jena,FirstStepAtt,0.03582886143808612,First step attenuation,H3
Cirsium_arvense,Cirsium_arvense_Jena,-1.868,0.478,Ordbeta,T0-T2,DIST,1,Jena,Lambda,NA,Population growth rate,H4
Cirsium_arvense,Cirsium_arvense_Jena,-1.868,0.478,Ordbeta,T0-T2,DIST,1,Jena,R0,25.252242926155972,Net reproductive rate,H1
Cirsium_arvense,Cirsium_arvense_Jena,-1.868,0.478,Ordbeta,T0-T2,DIST,1,Jena,Reactivity,58.34730085192325,Reactivity,H3
Cirsium_arvense,Cirsium_arvense_Jena,-1.868,0.478,Ordbeta,T0-T2,DIST,1,Jena,T_generation,2.1605465557061296,Generation time,H2
Cirsium_arvense,Cirsium_arvense_Jena,-1.868,0.478,Ordbeta,T0-T2,DIST,1,Jena,age_repro,3.1980676328502415,Age at first reproduction,H2
Cirsium_arvense,Cirsium_arvense_Jena,-1.868,0.478,Ordbeta,T0-T2,DIST,1,Jena,percapita_repro,227.69000000000003,Per capita reproduction,H1
Cirsium_arvense,Cirsium_arvense_Lublin,-1.958,0.415,Ordbeta,T0-T2,DIST,1,Lublin,FirstStepAtt,0.03582886143808612,First step attenuation,H3
Cirsium_arvense,Cirsium_arvense_Lublin,-1.958,0.415,Ordbeta,T0-T2,DIST,1,Lublin,Lambda,NA,Population growth rate,H4
Cirsium_arvense,Cirsium_arvense_Lublin,-1.958,0.415,Ordbeta,T0-T2,DIST,1,Lublin,R0,25.252242926155972,Net reproductive rate,H1
Cirsium_arvense,Cirsium_arvense_Lublin,-1.958,0.415,Ordbeta,T0-T2,DIST,1,Lublin,Reactivity,58.34730085192325,Reactivity,H3
Cirsium_arvense,Cirsium_arvense_Lublin,-1.958,0.415,Ordbeta,T0-T2,DIST,1,Lublin,T_generation,2.1605465557061296,Generation time,H2
Cirsium_arvense,Cirsium_arvense_Lublin,-1.958,0.415,Ordbeta,T0-T2,DIST,1,Lublin,age_repro,3.1980676328502415,Age at first reproduction,H2
Cirsium_arvense,Cirsium_arvense_Lublin,-1.958,0.415,Ordbeta,T0-T2,DIST,1,Lublin,percapita_repro,227.69000000000003,Per capita reproduction,H1
Cirsium_arvense,Cirsium_arvense_Oak Lake Field Station,-2.309,0.335,Ordbeta,T0-T2,DIST,1,Oak Lake Field Station,FirstStepAtt,0.03582886143808612,First step attenuation,H3
Cirsium_arvense,Cirsium_arvense_Oak Lake Field Station,-2.309,0.335,Ordbeta,T0-T2,DIST,1,Oak Lake Field Station,Lambda,NA,Population growth rate,H4
Cirsium_arvense,Cirsium_arvense_Oak Lake Field Station,-2.309,0.335,Ordbeta,T0-T2,DIST,1,Oak Lake Field Station,R0,25.252242926155972,Net reproductive rate,H1
Cirsium_arvense,Cirsium_arvense_Oak Lake Field Station,-2.309,0.335,Ordbeta,T0-T2,DIST,1,Oak Lake Field Station,Reactivity,58.34730085192325,Reactivity,H3
Cirsium_arvense,Cirsium_arvense_Oak Lake Field Station,-2.309,0.335,Ordbeta,T0-T2,DIST,1,Oak Lake Field Station,T_generation,2.1605465557061296,Generation time,H2
Cirsium_arvense,Cirsium_arvense_Oak Lake Field Station,-2.309,0.335,Ordbeta,T0-T2,DIST,1,Oak Lake Field Station,age_repro,3.1980676328502415,Age at first reproduction,H2
Cirsium_arvense,Cirsium_arvense_Oak Lake Field Station,-2.309,0.335,Ordbeta,T0-T2,DIST,1,Oak Lake Field Station,percapita_repro,227.69000000000003,Per capita reproduction,H1
Cirsium_palustre,Cirsium_palustre_Ainsdale Dune Slacks,-2.828,0.423,Ordbeta,T0-T2,DIST,1,Ainsdale Dune Slacks,FirstStepAtt,0.07529815241716949,First step attenuation,H3
Cirsium_palustre,Cirsium_palustre_Ainsdale Dune Slacks,-2.828,0.423,Ordbeta,T0-T2,DIST,1,Ainsdale Dune Slacks,Lambda,1.4428002172428838,Population growth rate,H4
Cirsium_palustre,Cirsium_palustre_Ainsdale Dune Slacks,-2.828,0.423,Ordbeta,T0-T2,DIST,1,Ainsdale Dune Slacks,R0,3.9765390918588195,Net reproductive rate,H1
Cirsium_palustre,Cirsium_palustre_Ainsdale Dune Slacks,-2.828,0.423,Ordbeta,T0-T2,DIST,1,Ainsdale Dune Slacks,Reactivity,135.40925764244574,Reactivity,H3
Cirsium_palustre,Cirsium_palustre_Ainsdale Dune Slacks,-2.828,0.423,Ordbeta,T0-T2,DIST,1,Ainsdale Dune Slacks,T_generation,3.4105738426838377,Generation time,H2
Cirsium_palustre,Cirsium_palustre_Ainsdale Dune Slacks,-2.828,0.423,Ordbeta,T0-T2,DIST,1,Ainsdale Dune Slacks,age_repro,4.644439392456942,Age at first reproduction,H2
Cirsium_palustre,Cirsium_palustre_Ainsdale Dune Slacks,-2.828,0.423,Ordbeta,T0-T2,DIST,1,Ainsdale Dune Slacks,percapita_repro,144.421424196392,Per capita reproduction,H1
Cirsium_vulgare,Cirsium_vulgare_Bad Lauchstaedt,-2.591,0.5,Ordbeta,T0-T2,DIST,1,Bad Lauchstaedt,FirstStepAtt,0.08162031038146667,First step attenuation,H3
Cirsium_vulgare,Cirsium_vulgare_Bad Lauchstaedt,-2.591,0.5,Ordbeta,T0-T2,DIST,1,Bad Lauchstaedt,Lambda,0.7844344795818798,Population growth rate,H4
Cirsium_vulgare,Cirsium_vulgare_Bad Lauchstaedt,-2.591,0.5,Ordbeta,T0-T2,DIST,1,Bad Lauchstaedt,R0,0.8195072926757908,Net reproductive rate,H1
Cirsium_vulgare,Cirsium_vulgare_Bad Lauchstaedt,-2.591,0.5,Ordbeta,T0-T2,DIST,1,Bad Lauchstaedt,Reactivity,59.024158645538215,Reactivity,H3
Cirsium_vulgare,Cirsium_vulgare_Bad Lauchstaedt,-2.591,0.5,Ordbeta,T0-T2,DIST,1,Bad Lauchstaedt,T_generation,7.14988746903825,Generation time,H2
Cirsium_vulgare,Cirsium_vulgare_Bad Lauchstaedt,-2.591,0.5,Ordbeta,T0-T2,DIST,1,Bad Lauchstaedt,age_repro,2.6409359478553704,Age at first reproduction,H2
Cirsium_vulgare,Cirsium_vulgare_Bad Lauchstaedt,-2.591,0.5,Ordbeta,T0-T2,DIST,1,Bad Lauchstaedt,percapita_repro,63.92145,Per capita reproduction,H1
Cirsium_vulgare,Cirsium_vulgare_Cass,-2.781,0.474,Ordbeta,T0-T2,DIST,1,Cass,FirstStepAtt,0.08162031038146667,First step attenuation,H3
Cirsium_vulgare,Cirsium_vulgare_Cass,-2.781,0.474,Ordbeta,T0-T2,DIST,1,Cass,Lambda,0.7844344795818798,Population growth rate,H4
Cirsium_vulgare,Cirsium_vulgare_Cass,-2.781,0.474,Ordbeta,T0-T2,DIST,1,Cass,R0,0.8195072926757908,Net reproductive rate,H1
Cirsium_vulgare,Cirsium_vulgare_Cass,-2.781,0.474,Ordbeta,T0-T2,DIST,1,Cass,Reactivity,59.024158645538215,Reactivity,H3
Cirsium_vulgare,Cirsium_vulgare_Cass,-2.781,0.474,Ordbeta,T0-T2,DIST,1,Cass,T_generation,7.14988746903825,Generation time,H2
Cirsium_vulgare,Cirsium_vulgare_Cass,-2.781,0.474,Ordbeta,T0-T2,DIST,1,Cass,age_repro,2.6409359478553704,Age at first reproduction,H2
Cirsium_vulgare,Cirsium_vulgare_Cass,-2.781,0.474,Ordbeta,T0-T2,DIST,1,Cass,percapita_repro,63.92145,Per capita reproduction,H1
Cirsium_vulgare,Cirsium_vulgare_Cowichan,-2.32,0.44,Ordbeta,T0-T2,DIST,1,Cowichan,FirstStepAtt,0.08162031038146667,First step attenuation,H3
Cirsium_vulgare,Cirsium_vulgare_Cowichan,-2.32,0.44,Ordbeta,T0-T2,DIST,1,Cowichan,Lambda,0.7844344795818798,Population growth rate,H4
Cirsium_vulgare,Cirsium_vulgare_Cowichan,-2.32,0.44,Ordbeta,T0-T2,DIST,1,Cowichan,R0,0.8195072926757908,Net reproductive rate,H1
Cirsium_vulgare,Cirsium_vulgare_Cowichan,-2.32,0.44,Ordbeta,T0-T2,DIST,1,Cowichan,Reactivity,59.024158645538215,Reactivity,H3
Cirsium_vulgare,Cirsium_vulgare_Cowichan,-2.32,0.44,Ordbeta,T0-T2,DIST,1,Cowichan,T_generation,7.14988746903825,Generation time,H2
Cirsium_vulgare,Cirsium_vulgare_Cowichan,-2.32,0.44,Ordbeta,T0-T2,DIST,1,Cowichan,age_repro,2.6409359478553704,Age at first reproduction,H2
Cirsium_vulgare,Cirsium_vulgare_Cowichan,-2.32,0.44,Ordbeta,T0-T2,DIST,1,Cowichan,percapita_repro,63.92145,Per capita reproduction,H1
Cirsium_vulgare,Cirsium_vulgare_Jena,-2.591,0.5,Ordbeta,T0-T2,DIST,1,Jena,FirstStepAtt,0.08162031038146667,First step attenuation,H3
Cirsium_vulgare,Cirsium_vulgare_Jena,-2.591,0.5,Ordbeta,T0-T2,DIST,1,Jena,Lambda,0.7844344795818798,Population growth rate,H4
Cirsium_vulgare,Cirsium_vulgare_Jena,-2.591,0.5,Ordbeta,T0-T2,DIST,1,Jena,R0,0.8195072926757908,Net reproductive rate,H1
Cirsium_vulgare,Cirsium_vulgare_Jena,-2.591,0.5,Ordbeta,T0-T2,DIST,1,Jena,Reactivity,59.024158645538215,Reactivity,H3
Cirsium_vulgare,Cirsium_vulgare_Jena,-2.591,0.5,Ordbeta,T0-T2,DIST,1,Jena,T_generation,7.14988746903825,Generation time,H2
Cirsium_vulgare,Cirsium_vulgare_Jena,-2.591,0.5,Ordbeta,T0-T2,DIST,1,Jena,age_repro,2.6409359478553704,Age at first reproduction,H2
Cirsium_vulgare,Cirsium_vulgare_Jena,-2.591,0.5,Ordbeta,T0-T2,DIST,1,Jena,percapita_repro,63.92145,Per capita reproduction,H1
Cirsium_vulgare,Cirsium_vulgare_San Claudio,-2.087,0.373,Ordbeta,T0-T2,DIST,1,San Claudio,FirstStepAtt,0.08162031038146667,First step attenuation,H3
Cirsium_vulgare,Cirsium_vulgare_San Claudio,-2.087,0.373,Ordbeta,T0-T2,DIST,1,San Claudio,Lambda,0.7844344795818798,Population growth rate,H4
Cirsium_vulgare,Cirsium_vulgare_San Claudio,-2.087,0.373,Ordbeta,T0-T2,DIST,1,San Claudio,R0,0.8195072926757908,Net reproductive rate,H1
Cirsium_vulgare,Cirsium_vulgare_San Claudio,-2.087,0.373,Ordbeta,T0-T2,DIST,1,San Claudio,Reactivity,59.024158645538215,Reactivity,H3
Cirsium_vulgare,Cirsium_vulgare_San Claudio,-2.087,0.373,Ordbeta,T0-T2,DIST,1,San Claudio,T_generation,7.14988746903825,Generation time,H2
Cirsium_vulgare,Cirsium_vulgare_San Claudio,-2.087,0.373,Ordbeta,T0-T2,DIST,1,San Claudio,age_repro,2.6409359478553704,Age at first reproduction,H2
Cirsium_vulgare,Cirsium_vulgare_San Claudio,-2.087,0.373,Ordbeta,T0-T2,DIST,1,San Claudio,percapita_repro,63.92145,Per capita reproduction,H1
Daucus_carota,Daucus_carota_Agroscope Changins,-2.484,0.307,Ordbeta,T0-T2,DIST,1,Agroscope Changins,FirstStepAtt,0.01758673530383129,First step attenuation,H3
Daucus_carota,Daucus_carota_Agroscope Changins,-2.484,0.307,Ordbeta,T0-T2,DIST,1,Agroscope Changins,Lambda,1.7161044748521754,Population growth rate,H4
Daucus_carota,Daucus_carota_Agroscope Changins,-2.484,0.307,Ordbeta,T0-T2,DIST,1,Agroscope Changins,R0,6.1698230778493,Net reproductive rate,H1
Daucus_carota,Daucus_carota_Agroscope Changins,-2.484,0.307,Ordbeta,T0-T2,DIST,1,Agroscope Changins,Reactivity,NA,Reactivity,H3
Daucus_carota,Daucus_carota_Agroscope Changins,-2.484,0.307,Ordbeta,T0-T2,DIST,1,Agroscope Changins,T_generation,3.286335771933298,Generation time,H2
Daucus_carota,Daucus_carota_Agroscope Changins,-2.484,0.307,Ordbeta,T0-T2,DIST,1,Agroscope Changins,age_repro,4.184020439472138,Age at first reproduction,H2
Daucus_carota,Daucus_carota_Agroscope Changins,-2.484,0.307,Ordbeta,T0-T2,DIST,1,Agroscope Changins,percapita_repro,NA,Per capita reproduction,H1
Daucus_carota,Daucus_carota_Bad Lauchstaedt,-2.557,0.365,Ordbeta,T0-T2,DIST,1,Bad Lauchstaedt,FirstStepAtt,0.01758673530383129,First step attenuation,H3
Daucus_carota,Daucus_carota_Bad Lauchstaedt,-2.557,0.365,Ordbeta,T0-T2,DIST,1,Bad Lauchstaedt,Lambda,1.7161044748521754,Population growth rate,H4
Daucus_carota,Daucus_carota_Bad Lauchstaedt,-2.557,0.365,Ordbeta,T0-T2,DIST,1,Bad Lauchstaedt,R0,6.1698230778493,Net reproductive rate,H1
Daucus_carota,Daucus_carota_Bad Lauchstaedt,-2.557,0.365,Ordbeta,T0-T2,DIST,1,Bad Lauchstaedt,Reactivity,NA,Reactivity,H3
Daucus_carota,Daucus_carota_Bad Lauchstaedt,-2.557,0.365,Ordbeta,T0-T2,DIST,1,Bad Lauchstaedt,T_generation,3.286335771933298,Generation time,H2
Daucus_carota,Daucus_carota_Bad Lauchstaedt,-2.557,0.365,Ordbeta,T0-T2,DIST,1,Bad Lauchstaedt,age_repro,4.184020439472138,Age at first reproduction,H2
Daucus_carota,Daucus_carota_Bad Lauchstaedt,-2.557,0.365,Ordbeta,T0-T2,DIST,1,Bad Lauchstaedt,percapita_repro,NA,Per capita reproduction,H1
Daucus_carota,Daucus_carota_CEREEP - Ecotron IDF,-2.119,0.32,Ordbeta,T0-T2,DIST,1,CEREEP - Ecotron IDF,FirstStepAtt,0.01758673530383129,First step attenuation,H3
Daucus_carota,Daucus_carota_CEREEP - Ecotron IDF,-2.119,0.32,Ordbeta,T0-T2,DIST,1,CEREEP - Ecotron IDF,Lambda,1.7161044748521754,Population growth rate,H4
Daucus_carota,Daucus_carota_CEREEP - Ecotron IDF,-2.119,0.32,Ordbeta,T0-T2,DIST,1,CEREEP - Ecotron IDF,R0,6.1698230778493,Net reproductive rate,H1
Daucus_carota,Daucus_carota_CEREEP - Ecotron IDF,-2.119,0.32,Ordbeta,T0-T2,DIST,1,CEREEP - Ecotron IDF,Reactivity,NA,Reactivity,H3
Daucus_carota,Daucus_carota_CEREEP - Ecotron IDF,-2.119,0.32,Ordbeta,T0-T2,DIST,1,CEREEP - Ecotron IDF,T_generation,3.286335771933298,Generation time,H2
Daucus_carota,Daucus_carota_CEREEP - Ecotron IDF,-2.119,0.32,Ordbeta,T0-T2,DIST,1,CEREEP - Ecotron IDF,age_repro,4.184020439472138,Age at first reproduction,H2
Daucus_carota,Daucus_carota_CEREEP - Ecotron IDF,-2.119,0.32,Ordbeta,T0-T2,DIST,1,CEREEP - Ecotron IDF,percapita_repro,NA,Per capita reproduction,H1
Daucus_carota,Daucus_carota_Churning Rapids,-2.021,0.354,Ordbeta,T0-T2,DIST,1,Churning Rapids,FirstStepAtt,0.01758673530383129,First step attenuation,H3
Daucus_carota,Daucus_carota_Churning Rapids,-2.021,0.354,Ordbeta,T0-T2,DIST,1,Churning Rapids,Lambda,1.7161044748521754,Population growth rate,H4
Daucus_carota,Daucus_carota_Churning Rapids,-2.021,0.354,Ordbeta,T0-T2,DIST,1,Churning Rapids,R0,6.1698230778493,Net reproductive rate,H1
Daucus_carota,Daucus_carota_Churning Rapids,-2.021,0.354,Ordbeta,T0-T2,DIST,1,Churning Rapids,Reactivity,NA,Reactivity,H3
Daucus_carota,Daucus_carota_Churning Rapids,-2.021,0.354,Ordbeta,T0-T2,DIST,1,Churning Rapids,T_generation,3.286335771933298,Generation time,H2
Daucus_carota,Daucus_carota_Churning Rapids,-2.021,0.354,Ordbeta,T0-T2,DIST,1,Churning Rapids,age_repro,4.184020439472138,Age at first reproduction,H2
Daucus_carota,Daucus_carota_Churning Rapids,-2.021,0.354,Ordbeta,T0-T2,DIST,1,Churning Rapids,percapita_repro,NA,Per capita reproduction,H1
Daucus_carota,Daucus_carota_Kellogg Biological Station (KBS),-2.4,0.299,Ordbeta,T0-T2,DIST,1,Kellogg Biological Station (KBS),FirstStepAtt,0.01758673530383129,First step attenuation,H3
Daucus_carota,Daucus_carota_Kellogg Biological Station (KBS),-2.4,0.299,Ordbeta,T0-T2,DIST,1,Kellogg Biological Station (KBS),Lambda,1.7161044748521754,Population growth rate,H4
Daucus_carota,Daucus_carota_Kellogg Biological Station (KBS),-2.4,0.299,Ordbeta,T0-T2,DIST,1,Kellogg Biological Station (KBS),R0,6.1698230778493,Net reproductive rate,H1
Daucus_carota,Daucus_carota_Kellogg Biological Station (KBS),-2.4,0.299,Ordbeta,T0-T2,DIST,1,Kellogg Biological Station (KBS),Reactivity,NA,Reactivity,H3
Daucus_carota,Daucus_carota_Kellogg Biological Station (KBS),-2.4,0.299,Ordbeta,T0-T2,DIST,1,Kellogg Biological Station (KBS),T_generation,3.286335771933298,Generation time,H2
Daucus_carota,Daucus_carota_Kellogg Biological Station (KBS),-2.4,0.299,Ordbeta,T0-T2,DIST,1,Kellogg Biological Station (KBS),age_repro,4.184020439472138,Age at first reproduction,H2
Daucus_carota,Daucus_carota_Kellogg Biological Station (KBS),-2.4,0.299,Ordbeta,T0-T2,DIST,1,Kellogg Biological Station (KBS),percapita_repro,NA,Per capita reproduction,H1
Daucus_carota,Daucus_carota_Kniezenberg,-2.567,0.504,Ordbeta,T0-T2,DIST,1,Kniezenberg,FirstStepAtt,0.01758673530383129,First step attenuation,H3
Daucus_carota,Daucus_carota_Kniezenberg,-2.567,0.504,Ordbeta,T0-T2,DIST,1,Kniezenberg,Lambda,1.7161044748521754,Population growth rate,H4
Daucus_carota,Daucus_carota_Kniezenberg,-2.567,0.504,Ordbeta,T0-T2,DIST,1,Kniezenberg,R0,6.1698230778493,Net reproductive rate,H1
Daucus_carota,Daucus_carota_Kniezenberg,-2.567,0.504,Ordbeta,T0-T2,DIST,1,Kniezenberg,Reactivity,NA,Reactivity,H3
Daucus_carota,Daucus_carota_Kniezenberg,-2.567,0.504,Ordbeta,T0-T2,DIST,1,Kniezenberg,T_generation,3.286335771933298,Generation time,H2
Daucus_carota,Daucus_carota_Kniezenberg,-2.567,0.504,Ordbeta,T0-T2,DIST,1,Kniezenberg,age_repro,4.184020439472138,Age at first reproduction,H2
Daucus_carota,Daucus_carota_Kniezenberg,-2.567,0.504,Ordbeta,T0-T2,DIST,1,Kniezenberg,percapita_repro,NA,Per capita reproduction,H1
Daucus_carota,Daucus_carota_Lublin,-2.074,0.408,Ordbeta,T0-T2,DIST,1,Lublin,FirstStepAtt,0.01758673530383129,First step attenuation,H3
Daucus_carota,Daucus_carota_Lublin,-2.074,0.408,Ordbeta,T0-T2,DIST,1,Lublin,Lambda,1.7161044748521754,Population growth rate,H4
Daucus_carota,Daucus_carota_Lublin,-2.074,0.408,Ordbeta,T0-T2,DIST,1,Lublin,R0,6.1698230778493,Net reproductive rate,H1
Daucus_carota,Daucus_carota_Lublin,-2.074,0.408,Ordbeta,T0-T2,DIST,1,Lublin,Reactivity,NA,Reactivity,H3
Daucus_carota,Daucus_carota_Lublin,-2.074,0.408,Ordbeta,T0-T2,DIST,1,Lublin,T_generation,3.286335771933298,Generation time,H2
Daucus_carota,Daucus_carota_Lublin,-2.074,0.408,Ordbeta,T0-T2,DIST,1,Lublin,age_repro,4.184020439472138,Age at first reproduction,H2
Daucus_carota,Daucus_carota_Lublin,-2.074,0.408,Ordbeta,T0-T2,DIST,1,Lublin,percapita_repro,NA,Per capita reproduction,H1
Echium_vulgare,Echium_vulgare_Algaida,-2.7,0.337,Ordbeta,T0-T2,DIST,1,Algaida,FirstStepAtt,0.22744924671374073,First step attenuation,H3
Echium_vulgare,Echium_vulgare_Algaida,-2.7,0.337,Ordbeta,T0-T2,DIST,1,Algaida,Lambda,1.5475980030086196,Population growth rate,H4
Echium_vulgare,Echium_vulgare_Algaida,-2.7,0.337,Ordbeta,T0-T2,DIST,1,Algaida,R0,4.969907712,Net reproductive rate,H1
Echium_vulgare,Echium_vulgare_Algaida,-2.7,0.337,Ordbeta,T0-T2,DIST,1,Algaida,Reactivity,26.21611033428946,Reactivity,H3
Echium_vulgare,Echium_vulgare_Algaida,-2.7,0.337,Ordbeta,T0-T2,DIST,1,Algaida,T_generation,3.622409834789642,Generation time,H2
Echium_vulgare,Echium_vulgare_Algaida,-2.7,0.337,Ordbeta,T0-T2,DIST,1,Algaida,age_repro,3.718390804597701,Age at first reproduction,H2
Echium_vulgare,Echium_vulgare_Algaida,-2.7,0.337,Ordbeta,T0-T2,DIST,1,Algaida,percapita_repro,40.572,Per capita reproduction,H1
Elymus_repens,Elymus_repens_Agroscope Changins,-2.441,0.523,Ordbeta,T0-T2,DIST,1,Agroscope Changins,FirstStepAtt,3.047385171708314e-9,First step attenuation,H3
Elymus_repens,Elymus_repens_Agroscope Changins,-2.441,0.523,Ordbeta,T0-T2,DIST,1,Agroscope Changins,Lambda,NA,Population growth rate,H4
Elymus_repens,Elymus_repens_Agroscope Changins,-2.441,0.523,Ordbeta,T0-T2,DIST,1,Agroscope Changins,R0,74.20285511581929,Net reproductive rate,H1
Elymus_repens,Elymus_repens_Agroscope Changins,-2.441,0.523,Ordbeta,T0-T2,DIST,1,Agroscope Changins,Reactivity,NA,Reactivity,H3
Elymus_repens,Elymus_repens_Agroscope Changins,-2.441,0.523,Ordbeta,T0-T2,DIST,1,Agroscope Changins,T_generation,1.007744366082548,Generation time,H2
Elymus_repens,Elymus_repens_Agroscope Changins,-2.441,0.523,Ordbeta,T0-T2,DIST,1,Agroscope Changins,age_repro,1,Age at first reproduction,H2
Elymus_repens,Elymus_repens_Agroscope Changins,-2.441,0.523,Ordbeta,T0-T2,DIST,1,Agroscope Changins,percapita_repro,0.00320816967645402,Per capita reproduction,H1
Elymus_repens,Elymus_repens_Bad Lauchstaedt,-2.412,0.527,Ordbeta,T0-T2,DIST,1,Bad Lauchstaedt,FirstStepAtt,3.047385171708314e-9,First step attenuation,H3
Elymus_repens,Elymus_repens_Bad Lauchstaedt,-2.412,0.527,Ordbeta,T0-T2,DIST,1,Bad Lauchstaedt,Lambda,NA,Population growth rate,H4
Elymus_repens,Elymus_repens_Bad Lauchstaedt,-2.412,0.527,Ordbeta,T0-T2,DIST,1,Bad Lauchstaedt,R0,74.20285511581929,Net reproductive rate,H1
Elymus_repens,Elymus_repens_Bad Lauchstaedt,-2.412,0.527,Ordbeta,T0-T2,DIST,1,Bad Lauchstaedt,Reactivity,NA,Reactivity,H3
Elymus_repens,Elymus_repens_Bad Lauchstaedt,-2.412,0.527,Ordbeta,T0-T2,DIST,1,Bad Lauchstaedt,T_generation,1.007744366082548,Generation time,H2
Elymus_repens,Elymus_repens_Bad Lauchstaedt,-2.412,0.527,Ordbeta,T0-T2,DIST,1,Bad Lauchstaedt,age_repro,1,Age at first reproduction,H2
Elymus_repens,Elymus_repens_Bad Lauchstaedt,-2.412,0.527,Ordbeta,T0-T2,DIST,1,Bad Lauchstaedt,percapita_repro,0.00320816967645402,Per capita reproduction,H1
Elymus_repens,Elymus_repens_Cary IES,-2.328,0.302,Ordbeta,T0-T2,DIST,1,Cary IES,FirstStepAtt,3.047385171708314e-9,First step attenuation,H3
Elymus_repens,Elymus_repens_Cary IES,-2.328,0.302,Ordbeta,T0-T2,DIST,1,Cary IES,Lambda,NA,Population growth rate,H4
Elymus_repens,Elymus_repens_Cary IES,-2.328,0.302,Ordbeta,T0-T2,DIST,1,Cary IES,R0,74.20285511581929,Net reproductive rate,H1
Elymus_repens,Elymus_repens_Cary IES,-2.328,0.302,Ordbeta,T0-T2,DIST,1,Cary IES,Reactivity,NA,Reactivity,H3
Elymus_repens,Elymus_repens_Cary IES,-2.328,0.302,Ordbeta,T0-T2,DIST,1,Cary IES,T_generation,1.007744366082548,Generation time,H2
Elymus_repens,Elymus_repens_Cary IES,-2.328,0.302,Ordbeta,T0-T2,DIST,1,Cary IES,age_repro,1,Age at first reproduction,H2
Elymus_repens,Elymus_repens_Cary IES,-2.328,0.302,Ordbeta,T0-T2,DIST,1,Cary IES,percapita_repro,0.00320816967645402,Per capita reproduction,H1
Elymus_repens,Elymus_repens_Cedar Creek LTER,-1.62,0.249,Ordbeta,T0-T2,DIST,1,Cedar Creek LTER,FirstStepAtt,3.047385171708314e-9,First step attenuation,H3
Elymus_repens,Elymus_repens_Cedar Creek LTER,-1.62,0.249,Ordbeta,T0-T2,DIST,1,Cedar Creek LTER,Lambda,NA,Population growth rate,H4
Elymus_repens,Elymus_repens_Cedar Creek LTER,-1.62,0.249,Ordbeta,T0-T2,DIST,1,Cedar Creek LTER,R0,74.20285511581929,Net reproductive rate,H1
Elymus_repens,Elymus_repens_Cedar Creek LTER,-1.62,0.249,Ordbeta,T0-T2,DIST,1,Cedar Creek LTER,Reactivity,NA,Reactivity,H3
Elymus_repens,Elymus_repens_Cedar Creek LTER,-1.62,0.249,Ordbeta,T0-T2,DIST,1,Cedar Creek LTER,T_generation,1.007744366082548,Generation time,H2
Elymus_repens,Elymus_repens_Cedar Creek LTER,-1.62,0.249,Ordbeta,T0-T2,DIST,1,Cedar Creek LTER,age_repro,1,Age at first reproduction,H2
Elymus_repens,Elymus_repens_Cedar Creek LTER,-1.62,0.249,Ordbeta,T0-T2,DIST,1,Cedar Creek LTER,percapita_repro,0.00320816967645402,Per capita reproduction,H1
Elymus_repens,Elymus_repens_Churning Rapids,-2.577,0.502,Ordbeta,T0-T2,DIST,1,Churning Rapids,FirstStepAtt,3.047385171708314e-9,First step attenuation,H3
Elymus_repens,Elymus_repens_Churning Rapids,-2.577,0.502,Ordbeta,T0-T2,DIST,1,Churning Rapids,Lambda,NA,Population growth rate,H4
Elymus_repens,Elymus_repens_Churning Rapids,-2.577,0.502,Ordbeta,T0-T2,DIST,1,Churning Rapids,R0,74.20285511581929,Net reproductive rate,H1
Elymus_repens,Elymus_repens_Churning Rapids,-2.577,0.502,Ordbeta,T0-T2,DIST,1,Churning Rapids,Reactivity,NA,Reactivity,H3
Elymus_repens,Elymus_repens_Churning Rapids,-2.577,0.502,Ordbeta,T0-T2,DIST,1,Churning Rapids,T_generation,1.007744366082548,Generation time,H2
Elymus_repens,Elymus_repens_Churning Rapids,-2.577,0.502,Ordbeta,T0-T2,DIST,1,Churning Rapids,age_repro,1,Age at first reproduction,H2
Elymus_repens,Elymus_repens_Churning Rapids,-2.577,0.502,Ordbeta,T0-T2,DIST,1,Churning Rapids,percapita_repro,0.00320816967645402,Per capita reproduction,H1
Elymus_repens,Elymus_repens_Jena,-2.437,0.264,Ordbeta,T0-T2,DIST,1,Jena,FirstStepAtt,3.047385171708314e-9,First step attenuation,H3
Elymus_repens,Elymus_repens_Jena,-2.437,0.264,Ordbeta,T0-T2,DIST,1,Jena,Lambda,NA,Population growth rate,H4
Elymus_repens,Elymus_repens_Jena,-2.437,0.264,Ordbeta,T0-T2,DIST,1,Jena,R0,74.20285511581929,Net reproductive rate,H1
Elymus_repens,Elymus_repens_Jena,-2.437,0.264,Ordbeta,T0-T2,DIST,1,Jena,Reactivity,NA,Reactivity,H3
Elymus_repens,Elymus_repens_Jena,-2.437,0.264,Ordbeta,T0-T2,DIST,1,Jena,T_generation,1.007744366082548,Generation time,H2
Elymus_repens,Elymus_repens_Jena,-2.437,0.264,Ordbeta,T0-T2,DIST,1,Jena,age_repro,1,Age at first reproduction,H2
Elymus_repens,Elymus_repens_Jena,-2.437,0.264,Ordbeta,T0-T2,DIST,1,Jena,percapita_repro,0.00320816967645402,Per capita reproduction,H1
Elymus_repens,Elymus_repens_Kellogg Biological Station (KBS),-2.454,0.522,Ordbeta,T0-T2,DIST,1,Kellogg Biological Station (KBS),FirstStepAtt,3.047385171708314e-9,First step attenuation,H3
Elymus_repens,Elymus_repens_Kellogg Biological Station (KBS),-2.454,0.522,Ordbeta,T0-T2,DIST,1,Kellogg Biological Station (KBS),Lambda,NA,Population growth rate,H4
Elymus_repens,Elymus_repens_Kellogg Biological Station (KBS),-2.454,0.522,Ordbeta,T0-T2,DIST,1,Kellogg Biological Station (KBS),R0,74.20285511581929,Net reproductive rate,H1
Elymus_repens,Elymus_repens_Kellogg Biological Station (KBS),-2.454,0.522,Ordbeta,T0-T2,DIST,1,Kellogg Biological Station (KBS),Reactivity,NA,Reactivity,H3
Elymus_repens,Elymus_repens_Kellogg Biological Station (KBS),-2.454,0.522,Ordbeta,T0-T2,DIST,1,Kellogg Biological Station (KBS),T_generation,1.007744366082548,Generation time,H2
Elymus_repens,Elymus_repens_Kellogg Biological Station (KBS),-2.454,0.522,Ordbeta,T0-T2,DIST,1,Kellogg Biological Station (KBS),age_repro,1,Age at first reproduction,H2
Elymus_repens,Elymus_repens_Kellogg Biological Station (KBS),-2.454,0.522,Ordbeta,T0-T2,DIST,1,Kellogg Biological Station (KBS),percapita_repro,0.00320816967645402,Per capita reproduction,H1
Elymus_repens,Elymus_repens_Kniezenberg,-2.508,0.513,Ordbeta,T0-T2,DIST,1,Kniezenberg,FirstStepAtt,3.047385171708314e-9,First step attenuation,H3
Elymus_repens,Elymus_repens_Kniezenberg,-2.508,0.513,Ordbeta,T0-T2,DIST,1,Kniezenberg,Lambda,NA,Population growth rate,H4
Elymus_repens,Elymus_repens_Kniezenberg,-2.508,0.513,Ordbeta,T0-T2,DIST,1,Kniezenberg,R0,74.20285511581929,Net reproductive rate,H1
Elymus_repens,Elymus_repens_Kniezenberg,-2.508,0.513,Ordbeta,T0-T2,DIST,1,Kniezenberg,Reactivity,NA,Reactivity,H3
Elymus_repens,Elymus_repens_Kniezenberg,-2.508,0.513,Ordbeta,T0-T2,DIST,1,Kniezenberg,T_generation,1.007744366082548,Generation time,H2
Elymus_repens,Elymus_repens_Kniezenberg,-2.508,0.513,Ordbeta,T0-T2,DIST,1,Kniezenberg,age_repro,1,Age at first reproduction,H2
Elymus_repens,Elymus_repens_Kniezenberg,-2.508,0.513,Ordbeta,T0-T2,DIST,1,Kniezenberg,percapita_repro,0.00320816967645402,Per capita reproduction,H1
Elymus_repens,Elymus_repens_Lublin,-1.669,0.329,Ordbeta,T0-T2,DIST,1,Lublin,FirstStepAtt,3.047385171708314e-9,First step attenuation,H3
Elymus_repens,Elymus_repens_Lublin,-1.669,0.329,Ordbeta,T0-T2,DIST,1,Lublin,Lambda,NA,Population growth rate,H4
Elymus_repens,Elymus_repens_Lublin,-1.669,0.329,Ordbeta,T0-T2,DIST,1,Lublin,R0,74.20285511581929,Net reproductive rate,H1
Elymus_repens,Elymus_repens_Lublin,-1.669,0.329,Ordbeta,T0-T2,DIST,1,Lublin,Reactivity,NA,Reactivity,H3
Elymus_repens,Elymus_repens_Lublin,-1.669,0.329,Ordbeta,T0-T2,DIST,1,Lublin,T_generation,1.007744366082548,Generation time,H2
Elymus_repens,Elymus_repens_Lublin,-1.669,0.329,Ordbeta,T0-T2,DIST,1,Lublin,age_repro,1,Age at first reproduction,H2
Elymus_repens,Elymus_repens_Lublin,-1.669,0.329,Ordbeta,T0-T2,DIST,1,Lublin,percapita_repro,0.00320816967645402,Per capita reproduction,H1
Elymus_repens,Elymus_repens_Millville,-2.559,0.385,Ordbeta,T0-T2,DIST,1,Millville,FirstStepAtt,3.047385171708314e-9,First step attenuation,H3
Elymus_repens,Elymus_repens_Millville,-2.559,0.385,Ordbeta,T0-T2,DIST,1,Millville,Lambda,NA,Population growth rate,H4
Elymus_repens,Elymus_repens_Millville,-2.559,0.385,Ordbeta,T0-T2,DIST,1,Millville,R0,74.20285511581929,Net reproductive rate,H1
Elymus_repens,Elymus_repens_Millville,-2.559,0.385,Ordbeta,T0-T2,DIST,1,Millville,Reactivity,NA,Reactivity,H3
Elymus_repens,Elymus_repens_Millville,-2.559,0.385,Ordbeta,T0-T2,DIST,1,Millville,T_generation,1.007744366082548,Generation time,H2
Elymus_repens,Elymus_repens_Millville,-2.559,0.385,Ordbeta,T0-T2,DIST,1,Millville,age_repro,1,Age at first reproduction,H2
Elymus_repens,Elymus_repens_Millville,-2.559,0.385,Ordbeta,T0-T2,DIST,1,Millville,percapita_repro,0.00320816967645402,Per capita reproduction,H1
Erigeron_canadensis,Erigeron_canadensis_Cary IES,-2.591,0.5,Ordbeta,T0-T2,DIST,1,Cary IES,FirstStepAtt,0.05008482463146319,First step attenuation,H3
Erigeron_canadensis,Erigeron_canadensis_Cary IES,-2.591,0.5,Ordbeta,T0-T2,DIST,1,Cary IES,Lambda,NA,Population growth rate,H4
Erigeron_canadensis,Erigeron_canadensis_Cary IES,-2.591,0.5,Ordbeta,T0-T2,DIST,1,Cary IES,R0,15.649250374812592,Net reproductive rate,H1
Erigeron_canadensis,Erigeron_canadensis_Cary IES,-2.591,0.5,Ordbeta,T0-T2,DIST,1,Cary IES,Reactivity,41.49986243759126,Reactivity,H3
Erigeron_canadensis,Erigeron_canadensis_Cary IES,-2.591,0.5,Ordbeta,T0-T2,DIST,1,Cary IES,T_generation,1.138856955086996,Generation time,H2
Erigeron_canadensis,Erigeron_canadensis_Cary IES,-2.591,0.5,Ordbeta,T0-T2,DIST,1,Cary IES,age_repro,2.4992503748125943,Age at first reproduction,H2
Erigeron_canadensis,Erigeron_canadensis_Cary IES,-2.591,0.5,Ordbeta,T0-T2,DIST,1,Cary IES,percapita_repro,294.15,Per capita reproduction,H1
Erigeron_canadensis,Erigeron_canadensis_CEREEP - Ecotron IDF,-2.452,0.43,Ordbeta,T0-T2,DIST,1,CEREEP - Ecotron IDF,FirstStepAtt,0.05008482463146319,First step attenuation,H3
Erigeron_canadensis,Erigeron_canadensis_CEREEP - Ecotron IDF,-2.452,0.43,Ordbeta,T0-T2,DIST,1,CEREEP - Ecotron IDF,Lambda,NA,Population growth rate,H4
Erigeron_canadensis,Erigeron_canadensis_CEREEP - Ecotron IDF,-2.452,0.43,Ordbeta,T0-T2,DIST,1,CEREEP - Ecotron IDF,R0,15.649250374812592,Net reproductive rate,H1
Erigeron_canadensis,Erigeron_canadensis_CEREEP - Ecotron IDF,-2.452,0.43,Ordbeta,T0-T2,DIST,1,CEREEP - Ecotron IDF,Reactivity,41.49986243759126,Reactivity,H3
Erigeron_canadensis,Erigeron_canadensis_CEREEP - Ecotron IDF,-2.452,0.43,Ordbeta,T0-T2,DIST,1,CEREEP - Ecotron IDF,T_generation,1.138856955086996,Generation time,H2
Erigeron_canadensis,Erigeron_canadensis_CEREEP - Ecotron IDF,-2.452,0.43,Ordbeta,T0-T2,DIST,1,CEREEP - Ecotron IDF,age_repro,2.4992503748125943,Age at first reproduction,H2
Erigeron_canadensis,Erigeron_canadensis_CEREEP - Ecotron IDF,-2.452,0.43,Ordbeta,T0-T2,DIST,1,CEREEP - Ecotron IDF,percapita_repro,294.15,Per capita reproduction,H1
Erigeron_canadensis,Erigeron_canadensis_Piedmont Prairie,-2.532,0.22,Ordbeta,T0-T2,DIST,1,Piedmont Prairie,FirstStepAtt,0.05008482463146319,First step attenuation,H3
Erigeron_canadensis,Erigeron_canadensis_Piedmont Prairie,-2.532,0.22,Ordbeta,T0-T2,DIST,1,Piedmont Prairie,Lambda,NA,Population growth rate,H4
Erigeron_canadensis,Erigeron_canadensis_Piedmont Prairie,-2.532,0.22,Ordbeta,T0-T2,DIST,1,Piedmont Prairie,R0,15.649250374812592,Net reproductive rate,H1
Erigeron_canadensis,Erigeron_canadensis_Piedmont Prairie,-2.532,0.22,Ordbeta,T0-T2,DIST,1,Piedmont Prairie,Reactivity,41.49986243759126,Reactivity,H3
Erigeron_canadensis,Erigeron_canadensis_Piedmont Prairie,-2.532,0.22,Ordbeta,T0-T2,DIST,1,Piedmont Prairie,T_generation,1.138856955086996,Generation time,H2
Erigeron_canadensis,Erigeron_canadensis_Piedmont Prairie,-2.532,0.22,Ordbeta,T0-T2,DIST,1,Piedmont Prairie,age_repro,2.4992503748125943,Age at first reproduction,H2
Erigeron_canadensis,Erigeron_canadensis_Piedmont Prairie,-2.532,0.22,Ordbeta,T0-T2,DIST,1,Piedmont Prairie,percapita_repro,294.15,Per capita reproduction,H1
Erigeron_canadensis,Erigeron_canadensis_University of Michigan Biological Station,-2.685,0.403,Ordbeta,T0-T2,DIST,1,University of Michigan Biological Station,FirstStepAtt,0.05008482463146319,First step attenuation,H3
Erigeron_canadensis,Erigeron_canadensis_University of Michigan Biological Station,-2.685,0.403,Ordbeta,T0-T2,DIST,1,University of Michigan Biological Station,Lambda,NA,Population growth rate,H4
Erigeron_canadensis,Erigeron_canadensis_University of Michigan Biological Station,-2.685,0.403,Ordbeta,T0-T2,DIST,1,University of Michigan Biological Station,R0,15.649250374812592,Net reproductive rate,H1
Erigeron_canadensis,Erigeron_canadensis_University of Michigan Biological Station,-2.685,0.403,Ordbeta,T0-T2,DIST,1,University of Michigan Biological Station,Reactivity,41.49986243759126,Reactivity,H3
Erigeron_canadensis,Erigeron_canadensis_University of Michigan Biological Station,-2.685,0.403,Ordbeta,T0-T2,DIST,1,University of Michigan Biological Station,T_generation,1.138856955086996,Generation time,H2
Erigeron_canadensis,Erigeron_canadensis_University of Michigan Biological Station,-2.685,0.403,Ordbeta,T0-T2,DIST,1,University of Michigan Biological Station,age_repro,2.4992503748125943,Age at first reproduction,H2
Erigeron_canadensis,Erigeron_canadensis_University of Michigan Biological Station,-2.685,0.403,Ordbeta,T0-T2,DIST,1,University of Michigan Biological Station,percapita_repro,294.15,Per capita reproduction,H1
Knautia_arvensis,Knautia_arvensis_Agroscope Changins,-2.654,0.492,Ordbeta,T0-T2,DIST,1,Agroscope Changins,FirstStepAtt,0.05200716641231833,First step attenuation,H3
Knautia_arvensis,Knautia_arvensis_Agroscope Changins,-2.654,0.492,Ordbeta,T0-T2,DIST,1,Agroscope Changins,Lambda,0.30764990872892983,Population growth rate,H4
Knautia_arvensis,Knautia_arvensis_Agroscope Changins,-2.654,0.492,Ordbeta,T0-T2,DIST,1,Agroscope Changins,R0,4.7693604043490315e-5,Net reproductive rate,H1
Knautia_arvensis,Knautia_arvensis_Agroscope Changins,-2.654,0.492,Ordbeta,T0-T2,DIST,1,Agroscope Changins,Reactivity,1.4204457326364444,Reactivity,H3
Knautia_arvensis,Knautia_arvensis_Agroscope Changins,-2.654,0.492,Ordbeta,T0-T2,DIST,1,Agroscope Changins,T_generation,NA,Generation time,H2
Knautia_arvensis,Knautia_arvensis_Agroscope Changins,-2.654,0.492,Ordbeta,T0-T2,DIST,1,Agroscope Changins,age_repro,2.5403183768394886,Age at first reproduction,H2
Knautia_arvensis,Knautia_arvensis_Agroscope Changins,-2.654,0.492,Ordbeta,T0-T2,DIST,1,Agroscope Changins,percapita_repro,0.01268104807351584,Per capita reproduction,H1
Knautia_arvensis,Knautia_arvensis_Bayreuth DRAGNet,-1.581,0.45,Ordbeta,T0-T2,DIST,1,Bayreuth DRAGNet,FirstStepAtt,0.05200716641231833,First step attenuation,H3
Knautia_arvensis,Knautia_arvensis_Bayreuth DRAGNet,-1.581,0.45,Ordbeta,T0-T2,DIST,1,Bayreuth DRAGNet,Lambda,0.30764990872892983,Population growth rate,H4
Knautia_arvensis,Knautia_arvensis_Bayreuth DRAGNet,-1.581,0.45,Ordbeta,T0-T2,DIST,1,Bayreuth DRAGNet,R0,4.7693604043490315e-5,Net reproductive rate,H1
Knautia_arvensis,Knautia_arvensis_Bayreuth DRAGNet,-1.581,0.45,Ordbeta,T0-T2,DIST,1,Bayreuth DRAGNet,Reactivity,1.4204457326364444,Reactivity,H3
Knautia_arvensis,Knautia_arvensis_Bayreuth DRAGNet,-1.581,0.45,Ordbeta,T0-T2,DIST,1,Bayreuth DRAGNet,T_generation,NA,Generation time,H2
Knautia_arvensis,Knautia_arvensis_Bayreuth DRAGNet,-1.581,0.45,Ordbeta,T0-T2,DIST,1,Bayreuth DRAGNet,age_repro,2.5403183768394886,Age at first reproduction,H2
Knautia_arvensis,Knautia_arvensis_Bayreuth DRAGNet,-1.581,0.45,Ordbeta,T0-T2,DIST,1,Bayreuth DRAGNet,percapita_repro,0.01268104807351584,Per capita reproduction,H1
Knautia_arvensis,Knautia_arvensis_WSL,-2.162,0.454,Ordbeta,T0-T2,DIST,1,WSL,FirstStepAtt,0.05200716641231833,First step attenuation,H3
Knautia_arvensis,Knautia_arvensis_WSL,-2.162,0.454,Ordbeta,T0-T2,DIST,1,WSL,Lambda,0.30764990872892983,Population growth rate,H4
Knautia_arvensis,Knautia_arvensis_WSL,-2.162,0.454,Ordbeta,T0-T2,DIST,1,WSL,R0,4.7693604043490315e-5,Net reproductive rate,H1
Knautia_arvensis,Knautia_arvensis_WSL,-2.162,0.454,Ordbeta,T0-T2,DIST,1,WSL,Reactivity,1.4204457326364444,Reactivity,H3
Knautia_arvensis,Knautia_arvensis_WSL,-2.162,0.454,Ordbeta,T0-T2,DIST,1,WSL,T_generation,NA,Generation time,H2
Knautia_arvensis,Knautia_arvensis_WSL,-2.162,0.454,Ordbeta,T0-T2,DIST,1,WSL,age_repro,2.5403183768394886,Age at first reproduction,H2
Knautia_arvensis,Knautia_arvensis_WSL,-2.162,0.454,Ordbeta,T0-T2,DIST,1,WSL,percapita_repro,0.01268104807351584,Per capita reproduction,H1
Knautia_arvensis,Knautia_arvensis_Wytham Woods,-2.106,0.458,Ordbeta,T0-T2,DIST,1,Wytham Woods,FirstStepAtt,0.05200716641231833,First step attenuation,H3
Knautia_arvensis,Knautia_arvensis_Wytham Woods,-2.106,0.458,Ordbeta,T0-T2,DIST,1,Wytham Woods,Lambda,0.30764990872892983,Population growth rate,H4
Knautia_arvensis,Knautia_arvensis_Wytham Woods,-2.106,0.458,Ordbeta,T0-T2,DIST,1,Wytham Woods,R0,4.7693604043490315e-5,Net reproductive rate,H1
Knautia_arvensis,Knautia_arvensis_Wytham Woods,-2.106,0.458,Ordbeta,T0-T2,DIST,1,Wytham Woods,Reactivity,1.4204457326364444,Reactivity,H3
Knautia_arvensis,Knautia_arvensis_Wytham Woods,-2.106,0.458,Ordbeta,T0-T2,DIST,1,Wytham Woods,T_generation,NA,Generation time,H2
Knautia_arvensis,Knautia_arvensis_Wytham Woods,-2.106,0.458,Ordbeta,T0-T2,DIST,1,Wytham Woods,age_repro,2.5403183768394886,Age at first reproduction,H2
Knautia_arvensis,Knautia_arvensis_Wytham Woods,-2.106,0.458,Ordbeta,T0-T2,DIST,1,Wytham Woods,percapita_repro,0.01268104807351584,Per capita reproduction,H1
Lactuca_serriola,Lactuca_serriola_Bayreuth DRAGNet,-2.781,0.474,Ordbeta,T0-T2,DIST,1,Bayreuth DRAGNet,FirstStepAtt,0.079848166385871,First step attenuation,H3
Lactuca_serriola,Lactuca_serriola_Bayreuth DRAGNet,-2.781,0.474,Ordbeta,T0-T2,DIST,1,Bayreuth DRAGNet,Lambda,NA,Population growth rate,H4
Lactuca_serriola,Lactuca_serriola_Bayreuth DRAGNet,-2.781,0.474,Ordbeta,T0-T2,DIST,1,Bayreuth DRAGNet,R0,19.330966057441255,Net reproductive rate,H1
Lactuca_serriola,Lactuca_serriola_Bayreuth DRAGNet,-2.781,0.474,Ordbeta,T0-T2,DIST,1,Bayreuth DRAGNet,Reactivity,163.51957669793515,Reactivity,H3
Lactuca_serriola,Lactuca_serriola_Bayreuth DRAGNet,-2.781,0.474,Ordbeta,T0-T2,DIST,1,Bayreuth DRAGNet,T_generation,1.091316030252614,Generation time,H2
Lactuca_serriola,Lactuca_serriola_Bayreuth DRAGNet,-2.781,0.474,Ordbeta,T0-T2,DIST,1,Bayreuth DRAGNet,age_repro,3.6109660574412534,Age at first reproduction,H2
Lactuca_serriola,Lactuca_serriola_Bayreuth DRAGNet,-2.781,0.474,Ordbeta,T0-T2,DIST,1,Bayreuth DRAGNet,percapita_repro,1271.12,Per capita reproduction,H1
Lactuca_serriola,Lactuca_serriola_Jena,-2.233,0.493,Ordbeta,T0-T2,DIST,1,Jena,FirstStepAtt,0.079848166385871,First step attenuation,H3
Lactuca_serriola,Lactuca_serriola_Jena,-2.233,0.493,Ordbeta,T0-T2,DIST,1,Jena,Lambda,NA,Population growth rate,H4
Lactuca_serriola,Lactuca_serriola_Jena,-2.233,0.493,Ordbeta,T0-T2,DIST,1,Jena,R0,19.330966057441255,Net reproductive rate,H1
Lactuca_serriola,Lactuca_serriola_Jena,-2.233,0.493,Ordbeta,T0-T2,DIST,1,Jena,Reactivity,163.51957669793515,Reactivity,H3
Lactuca_serriola,Lactuca_serriola_Jena,-2.233,0.493,Ordbeta,T0-T2,DIST,1,Jena,T_generation,1.091316030252614,Generation time,H2
Lactuca_serriola,Lactuca_serriola_Jena,-2.233,0.493,Ordbeta,T0-T2,DIST,1,Jena,age_repro,3.6109660574412534,Age at first reproduction,H2
Lactuca_serriola,Lactuca_serriola_Jena,-2.233,0.493,Ordbeta,T0-T2,DIST,1,Jena,percapita_repro,1271.12,Per capita reproduction,H1
Linum_catharticum,Linum_catharticum_Wytham Woods,-2.746,0.33,Ordbeta,T0-T2,DIST,1,Wytham Woods,FirstStepAtt,0.040953888653857,First step attenuation,H3
Linum_catharticum,Linum_catharticum_Wytham Woods,-2.746,0.33,Ordbeta,T0-T2,DIST,1,Wytham Woods,Lambda,NA,Population growth rate,H4
Linum_catharticum,Linum_catharticum_Wytham Woods,-2.746,0.33,Ordbeta,T0-T2,DIST,1,Wytham Woods,R0,6.015129312162303,Net reproductive rate,H1
Linum_catharticum,Linum_catharticum_Wytham Woods,-2.746,0.33,Ordbeta,T0-T2,DIST,1,Wytham Woods,Reactivity,45.44525239406598,Reactivity,H3
Linum_catharticum,Linum_catharticum_Wytham Woods,-2.746,0.33,Ordbeta,T0-T2,DIST,1,Wytham Woods,T_generation,1.3509279319177003,Generation time,H2
Linum_catharticum,Linum_catharticum_Wytham Woods,-2.746,0.33,Ordbeta,T0-T2,DIST,1,Wytham Woods,age_repro,2.0207556473368453,Age at first reproduction,H2
Linum_catharticum,Linum_catharticum_Wytham Woods,-2.746,0.33,Ordbeta,T0-T2,DIST,1,Wytham Woods,percapita_repro,20.756348164604148,Per capita reproduction,H1
Myosotis_ramosissima,Myosotis_ramosissima_CEREEP - Ecotron IDF,-2.39,0.501,Ordbeta,T0-T2,DIST,1,CEREEP - Ecotron IDF,FirstStepAtt,0.0261107820804419,First step attenuation,H3
Myosotis_ramosissima,Myosotis_ramosissima_CEREEP - Ecotron IDF,-2.39,0.501,Ordbeta,T0-T2,DIST,1,CEREEP - Ecotron IDF,Lambda,1.4558843238144925,Population growth rate,H4
Myosotis_ramosissima,Myosotis_ramosissima_CEREEP - Ecotron IDF,-2.39,0.501,Ordbeta,T0-T2,DIST,1,CEREEP - Ecotron IDF,R0,4.42368849999232,Net reproductive rate,H1
Myosotis_ramosissima,Myosotis_ramosissima_CEREEP - Ecotron IDF,-2.39,0.501,Ordbeta,T0-T2,DIST,1,CEREEP - Ecotron IDF,Reactivity,1.7731216130647875,Reactivity,H3
Myosotis_ramosissima,Myosotis_ramosissima_CEREEP - Ecotron IDF,-2.39,0.501,Ordbeta,T0-T2,DIST,1,CEREEP - Ecotron IDF,T_generation,1.0139399978384733,Generation time,H2
Myosotis_ramosissima,Myosotis_ramosissima_CEREEP - Ecotron IDF,-2.39,0.501,Ordbeta,T0-T2,DIST,1,CEREEP - Ecotron IDF,age_repro,2.0454488385420193,Age at first reproduction,H2
Myosotis_ramosissima,Myosotis_ramosissima_CEREEP - Ecotron IDF,-2.39,0.501,Ordbeta,T0-T2,DIST,1,CEREEP - Ecotron IDF,percapita_repro,6.962385866666667,Per capita reproduction,H1
Picris_hieracioides,Picris_hieracioides_Bad Lauchstaedt,-1.103,0.245,Ordbeta,T0-T2,DIST,1,Bad Lauchstaedt,FirstStepAtt,0.01808625404850854,First step attenuation,H3
Picris_hieracioides,Picris_hieracioides_Bad Lauchstaedt,-1.103,0.245,Ordbeta,T0-T2,DIST,1,Bad Lauchstaedt,Lambda,0.8846497432296888,Population growth rate,H4
Picris_hieracioides,Picris_hieracioides_Bad Lauchstaedt,-1.103,0.245,Ordbeta,T0-T2,DIST,1,Bad Lauchstaedt,R0,0.60578254836,Net reproductive rate,H1
Picris_hieracioides,Picris_hieracioides_Bad Lauchstaedt,-1.103,0.245,Ordbeta,T0-T2,DIST,1,Bad Lauchstaedt,Reactivity,310.8574914587405,Reactivity,H3
Picris_hieracioides,Picris_hieracioides_Bad Lauchstaedt,-1.103,0.245,Ordbeta,T0-T2,DIST,1,Bad Lauchstaedt,T_generation,4.117282843535449,Generation time,H2
Picris_hieracioides,Picris_hieracioides_Bad Lauchstaedt,-1.103,0.245,Ordbeta,T0-T2,DIST,1,Bad Lauchstaedt,age_repro,4.678714859437751,Age at first reproduction,H2
Picris_hieracioides,Picris_hieracioides_Bad Lauchstaedt,-1.103,0.245,Ordbeta,T0-T2,DIST,1,Bad Lauchstaedt,percapita_repro,275,Per capita reproduction,H1
Picris_hieracioides,Picris_hieracioides_CEREEP - Ecotron IDF,-2.422,0.387,Ordbeta,T0-T2,DIST,1,CEREEP - Ecotron IDF,FirstStepAtt,0.01808625404850854,First step attenuation,H3
Picris_hieracioides,Picris_hieracioides_CEREEP - Ecotron IDF,-2.422,0.387,Ordbeta,T0-T2,DIST,1,CEREEP - Ecotron IDF,Lambda,0.8846497432296888,Population growth rate,H4
Picris_hieracioides,Picris_hieracioides_CEREEP - Ecotron IDF,-2.422,0.387,Ordbeta,T0-T2,DIST,1,CEREEP - Ecotron IDF,R0,0.60578254836,Net reproductive rate,H1
Picris_hieracioides,Picris_hieracioides_CEREEP - Ecotron IDF,-2.422,0.387,Ordbeta,T0-T2,DIST,1,CEREEP - Ecotron IDF,Reactivity,310.8574914587405,Reactivity,H3
Picris_hieracioides,Picris_hieracioides_CEREEP - Ecotron IDF,-2.422,0.387,Ordbeta,T0-T2,DIST,1,CEREEP - Ecotron IDF,T_generation,4.117282843535449,Generation time,H2
Picris_hieracioides,Picris_hieracioides_CEREEP - Ecotron IDF,-2.422,0.387,Ordbeta,T0-T2,DIST,1,CEREEP - Ecotron IDF,age_repro,4.678714859437751,Age at first reproduction,H2
Picris_hieracioides,Picris_hieracioides_CEREEP - Ecotron IDF,-2.422,0.387,Ordbeta,T0-T2,DIST,1,CEREEP - Ecotron IDF,percapita_repro,275,Per capita reproduction,H1
Picris_hieracioides,Picris_hieracioides_Jena,-2.697,0.437,Ordbeta,T0-T2,DIST,1,Jena,FirstStepAtt,0.01808625404850854,First step attenuation,H3
Picris_hieracioides,Picris_hieracioides_Jena,-2.697,0.437,Ordbeta,T0-T2,DIST,1,Jena,Lambda,0.8846497432296888,Population growth rate,H4
Picris_hieracioides,Picris_hieracioides_Jena,-2.697,0.437,Ordbeta,T0-T2,DIST,1,Jena,R0,0.60578254836,Net reproductive rate,H1
Picris_hieracioides,Picris_hieracioides_Jena,-2.697,0.437,Ordbeta,T0-T2,DIST,1,Jena,Reactivity,310.8574914587405,Reactivity,H3
Picris_hieracioides,Picris_hieracioides_Jena,-2.697,0.437,Ordbeta,T0-T2,DIST,1,Jena,T_generation,4.117282843535449,Generation time,H2
Picris_hieracioides,Picris_hieracioides_Jena,-2.697,0.437,Ordbeta,T0-T2,DIST,1,Jena,age_repro,4.678714859437751,Age at first reproduction,H2
Picris_hieracioides,Picris_hieracioides_Jena,-2.697,0.437,Ordbeta,T0-T2,DIST,1,Jena,percapita_repro,275,Per capita reproduction,H1
Picris_hieracioides,Picris_hieracioides_Saihanba,-2.483,0.49,Ordbeta,T0-T2,DIST,1,Saihanba,FirstStepAtt,0.01808625404850854,First step attenuation,H3
Picris_hieracioides,Picris_hieracioides_Saihanba,-2.483,0.49,Ordbeta,T0-T2,DIST,1,Saihanba,Lambda,0.8846497432296888,Population growth rate,H4
Picris_hieracioides,Picris_hieracioides_Saihanba,-2.483,0.49,Ordbeta,T0-T2,DIST,1,Saihanba,R0,0.60578254836,Net reproductive rate,H1
Picris_hieracioides,Picris_hieracioides_Saihanba,-2.483,0.49,Ordbeta,T0-T2,DIST,1,Saihanba,Reactivity,310.8574914587405,Reactivity,H3
Picris_hieracioides,Picris_hieracioides_Saihanba,-2.483,0.49,Ordbeta,T0-T2,DIST,1,Saihanba,T_generation,4.117282843535449,Generation time,H2
Picris_hieracioides,Picris_hieracioides_Saihanba,-2.483,0.49,Ordbeta,T0-T2,DIST,1,Saihanba,age_repro,4.678714859437751,Age at first reproduction,H2
Picris_hieracioides,Picris_hieracioides_Saihanba,-2.483,0.49,Ordbeta,T0-T2,DIST,1,Saihanba,percapita_repro,275,Per capita reproduction,H1
Pimpinella_saxifraga,Pimpinella_saxifraga_Meranges,-1.917,0.282,Ordbeta,T0-T2,DIST,1,Meranges,FirstStepAtt,0.5669191170421927,First step attenuation,H3
Pimpinella_saxifraga,Pimpinella_saxifraga_Meranges,-1.917,0.282,Ordbeta,T0-T2,DIST,1,Meranges,Lambda,0.9547406316474246,Population growth rate,H4
Pimpinella_saxifraga,Pimpinella_saxifraga_Meranges,-1.917,0.282,Ordbeta,T0-T2,DIST,1,Meranges,R0,0.5471414026251576,Net reproductive rate,H1
Pimpinella_saxifraga,Pimpinella_saxifraga_Meranges,-1.917,0.282,Ordbeta,T0-T2,DIST,1,Meranges,Reactivity,2.7710835208056657,Reactivity,H3
Pimpinella_saxifraga,Pimpinella_saxifraga_Meranges,-1.917,0.282,Ordbeta,T0-T2,DIST,1,Meranges,T_generation,17.438029755269824,Generation time,H2
Pimpinella_saxifraga,Pimpinella_saxifraga_Meranges,-1.917,0.282,Ordbeta,T0-T2,DIST,1,Meranges,age_repro,5.999046320215505,Age at first reproduction,H2
Pimpinella_saxifraga,Pimpinella_saxifraga_Meranges,-1.917,0.282,Ordbeta,T0-T2,DIST,1,Meranges,percapita_repro,1.3108604113212015,Per capita reproduction,H1
Plantago_coronopus,Plantago_coronopus_Algaida,-1.87,0.248,Ordbeta,T0-T2,DIST,1,Algaida,FirstStepAtt,0.3814857191224125,First step attenuation,H3
Plantago_coronopus,Plantago_coronopus_Algaida,-1.87,0.248,Ordbeta,T0-T2,DIST,1,Algaida,Lambda,0.8883340096307588,Population growth rate,H4
Plantago_coronopus,Plantago_coronopus_Algaida,-1.87,0.248,Ordbeta,T0-T2,DIST,1,Algaida,R0,1.2205028226846837,Net reproductive rate,H1
Plantago_coronopus,Plantago_coronopus_Algaida,-1.87,0.248,Ordbeta,T0-T2,DIST,1,Algaida,Reactivity,4.263174228373315,Reactivity,H3
Plantago_coronopus,Plantago_coronopus_Algaida,-1.87,0.248,Ordbeta,T0-T2,DIST,1,Algaida,T_generation,4.958221345536785,Generation time,H2
Plantago_coronopus,Plantago_coronopus_Algaida,-1.87,0.248,Ordbeta,T0-T2,DIST,1,Algaida,age_repro,2.066021816480012,Age at first reproduction,H2
Plantago_coronopus,Plantago_coronopus_Algaida,-1.87,0.248,Ordbeta,T0-T2,DIST,1,Algaida,percapita_repro,1.1775669020351314,Per capita reproduction,H1
Plantago_coronopus,Plantago_coronopus_Caracoles,-2.606,0.342,Ordbeta,T0-T2,DIST,1,Caracoles,FirstStepAtt,0.3814857191224125,First step attenuation,H3
Plantago_coronopus,Plantago_coronopus_Caracoles,-2.606,0.342,Ordbeta,T0-T2,DIST,1,Caracoles,Lambda,0.8883340096307588,Population growth rate,H4
Plantago_coronopus,Plantago_coronopus_Caracoles,-2.606,0.342,Ordbeta,T0-T2,DIST,1,Caracoles,R0,1.2205028226846837,Net reproductive rate,H1
Plantago_coronopus,Plantago_coronopus_Caracoles,-2.606,0.342,Ordbeta,T0-T2,DIST,1,Caracoles,Reactivity,4.263174228373315,Reactivity,H3
Plantago_coronopus,Plantago_coronopus_Caracoles,-2.606,0.342,Ordbeta,T0-T2,DIST,1,Caracoles,T_generation,4.958221345536785,Generation time,H2
Plantago_coronopus,Plantago_coronopus_Caracoles,-2.606,0.342,Ordbeta,T0-T2,DIST,1,Caracoles,age_repro,2.066021816480012,Age at first reproduction,H2
Plantago_coronopus,Plantago_coronopus_Caracoles,-2.606,0.342,Ordbeta,T0-T2,DIST,1,Caracoles,percapita_repro,1.1775669020351314,Per capita reproduction,H1
Plantago_media,Plantago_media_Meranges,-2.354,0.312,Ordbeta,T0-T2,DIST,1,Meranges,FirstStepAtt,0.09763837076732365,First step attenuation,H3
Plantago_media,Plantago_media_Meranges,-2.354,0.312,Ordbeta,T0-T2,DIST,1,Meranges,Lambda,0.9166479924897526,Population growth rate,H4
Plantago_media,Plantago_media_Meranges,-2.354,0.312,Ordbeta,T0-T2,DIST,1,Meranges,R0,0.08234226650862676,Net reproductive rate,H1
Plantago_media,Plantago_media_Meranges,-2.354,0.312,Ordbeta,T0-T2,DIST,1,Meranges,Reactivity,2.6187483541110055,Reactivity,H3
Plantago_media,Plantago_media_Meranges,-2.354,0.312,Ordbeta,T0-T2,DIST,1,Meranges,T_generation,26.65759376141882,Generation time,H2
Plantago_media,Plantago_media_Meranges,-2.354,0.312,Ordbeta,T0-T2,DIST,1,Meranges,age_repro,7.781907794631257,Age at first reproduction,H2
Plantago_media,Plantago_media_Meranges,-2.354,0.312,Ordbeta,T0-T2,DIST,1,Meranges,percapita_repro,1.45375,Per capita reproduction,H1
Plantago_media,Plantago_media_Stoderzinken,-2.298,0.513,Ordbeta,T0-T2,DIST,1,Stoderzinken,FirstStepAtt,0.09763837076732365,First step attenuation,H3
Plantago_media,Plantago_media_Stoderzinken,-2.298,0.513,Ordbeta,T0-T2,DIST,1,Stoderzinken,Lambda,0.9166479924897526,Population growth rate,H4
Plantago_media,Plantago_media_Stoderzinken,-2.298,0.513,Ordbeta,T0-T2,DIST,1,Stoderzinken,R0,0.08234226650862676,Net reproductive rate,H1
Plantago_media,Plantago_media_Stoderzinken,-2.298,0.513,Ordbeta,T0-T2,DIST,1,Stoderzinken,Reactivity,2.6187483541110055,Reactivity,H3
Plantago_media,Plantago_media_Stoderzinken,-2.298,0.513,Ordbeta,T0-T2,DIST,1,Stoderzinken,T_generation,26.65759376141882,Generation time,H2
Plantago_media,Plantago_media_Stoderzinken,-2.298,0.513,Ordbeta,T0-T2,DIST,1,Stoderzinken,age_repro,7.781907794631257,Age at first reproduction,H2
Plantago_media,Plantago_media_Stoderzinken,-2.298,0.513,Ordbeta,T0-T2,DIST,1,Stoderzinken,percapita_repro,1.45375,Per capita reproduction,H1
Poa_alpina,Poa_alpina_Stoderzinken,-2.378,0.502,Ordbeta,T0-T2,DIST,1,Stoderzinken,FirstStepAtt,0.5593809694080667,First step attenuation,H3
Poa_alpina,Poa_alpina_Stoderzinken,-2.378,0.502,Ordbeta,T0-T2,DIST,1,Stoderzinken,Lambda,0.9289514100594023,Population growth rate,H4
Poa_alpina,Poa_alpina_Stoderzinken,-2.378,0.502,Ordbeta,T0-T2,DIST,1,Stoderzinken,R0,0.275044534651221,Net reproductive rate,H1
Poa_alpina,Poa_alpina_Stoderzinken,-2.378,0.502,Ordbeta,T0-T2,DIST,1,Stoderzinken,Reactivity,2.1100625678449862,Reactivity,H3
Poa_alpina,Poa_alpina_Stoderzinken,-2.378,0.502,Ordbeta,T0-T2,DIST,1,Stoderzinken,T_generation,25.34169491084177,Generation time,H2
Poa_alpina,Poa_alpina_Stoderzinken,-2.378,0.502,Ordbeta,T0-T2,DIST,1,Stoderzinken,age_repro,2.340067942070445,Age at first reproduction,H2
Poa_alpina,Poa_alpina_Stoderzinken,-2.378,0.502,Ordbeta,T0-T2,DIST,1,Stoderzinken,percapita_repro,0.12206831550638118,Per capita reproduction,H1
Potentilla_recta,Potentilla_recta_Churning Rapids,-2.315,0.235,Ordbeta,T0-T2,DIST,1,Churning Rapids,FirstStepAtt,0.46395475886623727,First step attenuation,H3
Potentilla_recta,Potentilla_recta_Churning Rapids,-2.315,0.235,Ordbeta,T0-T2,DIST,1,Churning Rapids,Lambda,1.3233051390988662,Population growth rate,H4
Potentilla_recta,Potentilla_recta_Churning Rapids,-2.315,0.235,Ordbeta,T0-T2,DIST,1,Churning Rapids,R0,4.554568494295668,Net reproductive rate,H1
Potentilla_recta,Potentilla_recta_Churning Rapids,-2.315,0.235,Ordbeta,T0-T2,DIST,1,Churning Rapids,Reactivity,50.87649164118185,Reactivity,H3
Potentilla_recta,Potentilla_recta_Churning Rapids,-2.315,0.235,Ordbeta,T0-T2,DIST,1,Churning Rapids,T_generation,3.0912219825611436,Generation time,H2
Potentilla_recta,Potentilla_recta_Churning Rapids,-2.315,0.235,Ordbeta,T0-T2,DIST,1,Churning Rapids,age_repro,4.350285421282276,Age at first reproduction,H2
Potentilla_recta,Potentilla_recta_Churning Rapids,-2.315,0.235,Ordbeta,T0-T2,DIST,1,Churning Rapids,percapita_repro,178.41933,Per capita reproduction,H1
Potentilla_recta,Potentilla_recta_Kellogg Biological Station (KBS),-2.635,0.444,Ordbeta,T0-T2,DIST,1,Kellogg Biological Station (KBS),FirstStepAtt,0.46395475886623727,First step attenuation,H3
Potentilla_recta,Potentilla_recta_Kellogg Biological Station (KBS),-2.635,0.444,Ordbeta,T0-T2,DIST,1,Kellogg Biological Station (KBS),Lambda,1.3233051390988662,Population growth rate,H4
Potentilla_recta,Potentilla_recta_Kellogg Biological Station (KBS),-2.635,0.444,Ordbeta,T0-T2,DIST,1,Kellogg Biological Station (KBS),R0,4.554568494295668,Net reproductive rate,H1
Potentilla_recta,Potentilla_recta_Kellogg Biological Station (KBS),-2.635,0.444,Ordbeta,T0-T2,DIST,1,Kellogg Biological Station (KBS),Reactivity,50.87649164118185,Reactivity,H3
Potentilla_recta,Potentilla_recta_Kellogg Biological Station (KBS),-2.635,0.444,Ordbeta,T0-T2,DIST,1,Kellogg Biological Station (KBS),T_generation,3.0912219825611436,Generation time,H2
Potentilla_recta,Potentilla_recta_Kellogg Biological Station (KBS),-2.635,0.444,Ordbeta,T0-T2,DIST,1,Kellogg Biological Station (KBS),age_repro,4.350285421282276,Age at first reproduction,H2
Potentilla_recta,Potentilla_recta_Kellogg Biological Station (KBS),-2.635,0.444,Ordbeta,T0-T2,DIST,1,Kellogg Biological Station (KBS),percapita_repro,178.41933,Per capita reproduction,H1
Primula_elatior,Primula_elatior_Stoderzinken,-2.349,0.391,Ordbeta,T0-T2,DIST,1,Stoderzinken,FirstStepAtt,0.09071608925229445,First step attenuation,H3
Primula_elatior,Primula_elatior_Stoderzinken,-2.349,0.391,Ordbeta,T0-T2,DIST,1,Stoderzinken,Lambda,1.0243599289476764,Population growth rate,H4
Primula_elatior,Primula_elatior_Stoderzinken,-2.349,0.391,Ordbeta,T0-T2,DIST,1,Stoderzinken,R0,5.205777227247124,Net reproductive rate,H1
Primula_elatior,Primula_elatior_Stoderzinken,-2.349,0.391,Ordbeta,T0-T2,DIST,1,Stoderzinken,Reactivity,3.497296267043912,Reactivity,H3
Primula_elatior,Primula_elatior_Stoderzinken,-2.349,0.391,Ordbeta,T0-T2,DIST,1,Stoderzinken,T_generation,16.378189606020538,Generation time,H2
Primula_elatior,Primula_elatior_Stoderzinken,-2.349,0.391,Ordbeta,T0-T2,DIST,1,Stoderzinken,age_repro,4.940070913622387,Age at first reproduction,H2
Primula_elatior,Primula_elatior_Stoderzinken,-2.349,0.391,Ordbeta,T0-T2,DIST,1,Stoderzinken,percapita_repro,2.033292907202877,Per capita reproduction,H1
Primula_veris,Primula_veris_Wytham Woods,-2.253,0.363,Ordbeta,T0-T2,DIST,1,Wytham Woods,FirstStepAtt,0.11620331876130521,First step attenuation,H3
Primula_veris,Primula_veris_Wytham Woods,-2.253,0.363,Ordbeta,T0-T2,DIST,1,Wytham Woods,Lambda,0.9177166512186883,Population growth rate,H4
Primula_veris,Primula_veris_Wytham Woods,-2.253,0.363,Ordbeta,T0-T2,DIST,1,Wytham Woods,R0,0.8822595024722741,Net reproductive rate,H1
Primula_veris,Primula_veris_Wytham Woods,-2.253,0.363,Ordbeta,T0-T2,DIST,1,Wytham Woods,Reactivity,14.4046160118657,Reactivity,H3
Primula_veris,Primula_veris_Wytham Woods,-2.253,0.363,Ordbeta,T0-T2,DIST,1,Wytham Woods,T_generation,31.085943346226824,Generation time,H2
Primula_veris,Primula_veris_Wytham Woods,-2.253,0.363,Ordbeta,T0-T2,DIST,1,Wytham Woods,age_repro,8.31254459714844,Age at first reproduction,H2
Primula_veris,Primula_veris_Wytham Woods,-2.253,0.363,Ordbeta,T0-T2,DIST,1,Wytham Woods,percapita_repro,13.574022714285713,Per capita reproduction,H1
Ranunculus_acris,Ranunculus_acris_Agroscope Changins,-2.201,0.228,Ordbeta,T0-T2,DIST,1,Agroscope Changins,FirstStepAtt,0.10835396206826964,First step attenuation,H3
Ranunculus_acris,Ranunculus_acris_Agroscope Changins,-2.201,0.228,Ordbeta,T0-T2,DIST,1,Agroscope Changins,Lambda,1.1474253581153837,Population growth rate,H4
Ranunculus_acris,Ranunculus_acris_Agroscope Changins,-2.201,0.228,Ordbeta,T0-T2,DIST,1,Agroscope Changins,R0,1.55497855361596,Net reproductive rate,H1
Ranunculus_acris,Ranunculus_acris_Agroscope Changins,-2.201,0.228,Ordbeta,T0-T2,DIST,1,Agroscope Changins,Reactivity,6.68037129041872,Reactivity,H3
Ranunculus_acris,Ranunculus_acris_Agroscope Changins,-2.201,0.228,Ordbeta,T0-T2,DIST,1,Agroscope Changins,T_generation,3.829023387316118,Generation time,H2
Ranunculus_acris,Ranunculus_acris_Agroscope Changins,-2.201,0.228,Ordbeta,T0-T2,DIST,1,Agroscope Changins,age_repro,3.0548523206751055,Age at first reproduction,H2
Ranunculus_acris,Ranunculus_acris_Agroscope Changins,-2.201,0.228,Ordbeta,T0-T2,DIST,1,Agroscope Changins,percapita_repro,6.96,Per capita reproduction,H1
Ranunculus_acris,Ranunculus_acris_Bayreuth DRAGNet,-2.452,0.321,Ordbeta,T0-T2,DIST,1,Bayreuth DRAGNet,FirstStepAtt,0.10835396206826964,First step attenuation,H3
Ranunculus_acris,Ranunculus_acris_Bayreuth DRAGNet,-2.452,0.321,Ordbeta,T0-T2,DIST,1,Bayreuth DRAGNet,Lambda,1.1474253581153837,Population growth rate,H4
Ranunculus_acris,Ranunculus_acris_Bayreuth DRAGNet,-2.452,0.321,Ordbeta,T0-T2,DIST,1,Bayreuth DRAGNet,R0,1.55497855361596,Net reproductive rate,H1
Ranunculus_acris,Ranunculus_acris_Bayreuth DRAGNet,-2.452,0.321,Ordbeta,T0-T2,DIST,1,Bayreuth DRAGNet,Reactivity,6.68037129041872,Reactivity,H3
Ranunculus_acris,Ranunculus_acris_Bayreuth DRAGNet,-2.452,0.321,Ordbeta,T0-T2,DIST,1,Bayreuth DRAGNet,T_generation,3.829023387316118,Generation time,H2
Ranunculus_acris,Ranunculus_acris_Bayreuth DRAGNet,-2.452,0.321,Ordbeta,T0-T2,DIST,1,Bayreuth DRAGNet,age_repro,3.0548523206751055,Age at first reproduction,H2
Ranunculus_acris,Ranunculus_acris_Bayreuth DRAGNet,-2.452,0.321,Ordbeta,T0-T2,DIST,1,Bayreuth DRAGNet,percapita_repro,6.96,Per capita reproduction,H1
Ranunculus_acris,Ranunculus_acris_Churning Rapids,-2.475,0.518,Ordbeta,T0-T2,DIST,1,Churning Rapids,FirstStepAtt,0.10835396206826964,First step attenuation,H3
Ranunculus_acris,Ranunculus_acris_Churning Rapids,-2.475,0.518,Ordbeta,T0-T2,DIST,1,Churning Rapids,Lambda,1.1474253581153837,Population growth rate,H4
Ranunculus_acris,Ranunculus_acris_Churning Rapids,-2.475,0.518,Ordbeta,T0-T2,DIST,1,Churning Rapids,R0,1.55497855361596,Net reproductive rate,H1
Ranunculus_acris,Ranunculus_acris_Churning Rapids,-2.475,0.518,Ordbeta,T0-T2,DIST,1,Churning Rapids,Reactivity,6.68037129041872,Reactivity,H3
Ranunculus_acris,Ranunculus_acris_Churning Rapids,-2.475,0.518,Ordbeta,T0-T2,DIST,1,Churning Rapids,T_generation,3.829023387316118,Generation time,H2
Ranunculus_acris,Ranunculus_acris_Churning Rapids,-2.475,0.518,Ordbeta,T0-T2,DIST,1,Churning Rapids,age_repro,3.0548523206751055,Age at first reproduction,H2
Ranunculus_acris,Ranunculus_acris_Churning Rapids,-2.475,0.518,Ordbeta,T0-T2,DIST,1,Churning Rapids,percapita_repro,6.96,Per capita reproduction,H1
Ranunculus_acris,Ranunculus_acris_Kniezenberg,-2.642,0.443,Ordbeta,T0-T2,DIST,1,Kniezenberg,FirstStepAtt,0.10835396206826964,First step attenuation,H3
Ranunculus_acris,Ranunculus_acris_Kniezenberg,-2.642,0.443,Ordbeta,T0-T2,DIST,1,Kniezenberg,Lambda,1.1474253581153837,Population growth rate,H4
Ranunculus_acris,Ranunculus_acris_Kniezenberg,-2.642,0.443,Ordbeta,T0-T2,DIST,1,Kniezenberg,R0,1.55497855361596,Net reproductive rate,H1
Ranunculus_acris,Ranunculus_acris_Kniezenberg,-2.642,0.443,Ordbeta,T0-T2,DIST,1,Kniezenberg,Reactivity,6.68037129041872,Reactivity,H3
Ranunculus_acris,Ranunculus_acris_Kniezenberg,-2.642,0.443,Ordbeta,T0-T2,DIST,1,Kniezenberg,T_generation,3.829023387316118,Generation time,H2
Ranunculus_acris,Ranunculus_acris_Kniezenberg,-2.642,0.443,Ordbeta,T0-T2,DIST,1,Kniezenberg,age_repro,3.0548523206751055,Age at first reproduction,H2
Ranunculus_acris,Ranunculus_acris_Kniezenberg,-2.642,0.443,Ordbeta,T0-T2,DIST,1,Kniezenberg,percapita_repro,6.96,Per capita reproduction,H1
Ranunculus_acris,Ranunculus_acris_Meranges,-2.48,0.308,Ordbeta,T0-T2,DIST,1,Meranges,FirstStepAtt,0.10835396206826964,First step attenuation,H3
Ranunculus_acris,Ranunculus_acris_Meranges,-2.48,0.308,Ordbeta,T0-T2,DIST,1,Meranges,Lambda,1.1474253581153837,Population growth rate,H4
Ranunculus_acris,Ranunculus_acris_Meranges,-2.48,0.308,Ordbeta,T0-T2,DIST,1,Meranges,R0,1.55497855361596,Net reproductive rate,H1
Ranunculus_acris,Ranunculus_acris_Meranges,-2.48,0.308,Ordbeta,T0-T2,DIST,1,Meranges,Reactivity,6.68037129041872,Reactivity,H3
Ranunculus_acris,Ranunculus_acris_Meranges,-2.48,0.308,Ordbeta,T0-T2,DIST,1,Meranges,T_generation,3.829023387316118,Generation time,H2
Ranunculus_acris,Ranunculus_acris_Meranges,-2.48,0.308,Ordbeta,T0-T2,DIST,1,Meranges,age_repro,3.0548523206751055,Age at first reproduction,H2
Ranunculus_acris,Ranunculus_acris_Meranges,-2.48,0.308,Ordbeta,T0-T2,DIST,1,Meranges,percapita_repro,6.96,Per capita reproduction,H1
Ranunculus_acris,Ranunculus_acris_Stoderzinken,-2.359,0.358,Ordbeta,T0-T2,DIST,1,Stoderzinken,FirstStepAtt,0.10835396206826964,First step attenuation,H3
Ranunculus_acris,Ranunculus_acris_Stoderzinken,-2.359,0.358,Ordbeta,T0-T2,DIST,1,Stoderzinken,Lambda,1.1474253581153837,Population growth rate,H4
Ranunculus_acris,Ranunculus_acris_Stoderzinken,-2.359,0.358,Ordbeta,T0-T2,DIST,1,Stoderzinken,R0,1.55497855361596,Net reproductive rate,H1
Ranunculus_acris,Ranunculus_acris_Stoderzinken,-2.359,0.358,Ordbeta,T0-T2,DIST,1,Stoderzinken,Reactivity,6.68037129041872,Reactivity,H3
Ranunculus_acris,Ranunculus_acris_Stoderzinken,-2.359,0.358,Ordbeta,T0-T2,DIST,1,Stoderzinken,T_generation,3.829023387316118,Generation time,H2
Ranunculus_acris,Ranunculus_acris_Stoderzinken,-2.359,0.358,Ordbeta,T0-T2,DIST,1,Stoderzinken,age_repro,3.0548523206751055,Age at first reproduction,H2
Ranunculus_acris,Ranunculus_acris_Stoderzinken,-2.359,0.358,Ordbeta,T0-T2,DIST,1,Stoderzinken,percapita_repro,6.96,Per capita reproduction,H1
Ranunculus_acris,Ranunculus_acris_WSL,-2.367,0.325,Ordbeta,T0-T2,DIST,1,WSL,FirstStepAtt,0.10835396206826964,First step attenuation,H3
Ranunculus_acris,Ranunculus_acris_WSL,-2.367,0.325,Ordbeta,T0-T2,DIST,1,WSL,Lambda,1.1474253581153837,Population growth rate,H4
Ranunculus_acris,Ranunculus_acris_WSL,-2.367,0.325,Ordbeta,T0-T2,DIST,1,WSL,R0,1.55497855361596,Net reproductive rate,H1
Ranunculus_acris,Ranunculus_acris_WSL,-2.367,0.325,Ordbeta,T0-T2,DIST,1,WSL,Reactivity,6.68037129041872,Reactivity,H3
Ranunculus_acris,Ranunculus_acris_WSL,-2.367,0.325,Ordbeta,T0-T2,DIST,1,WSL,T_generation,3.829023387316118,Generation time,H2
Ranunculus_acris,Ranunculus_acris_WSL,-2.367,0.325,Ordbeta,T0-T2,DIST,1,WSL,age_repro,3.0548523206751055,Age at first reproduction,H2
Ranunculus_acris,Ranunculus_acris_WSL,-2.367,0.325,Ordbeta,T0-T2,DIST,1,WSL,percapita_repro,6.96,Per capita reproduction,H1
Ranunculus_acris,Ranunculus_acris_Wytham Woods,-2.657,0.442,Ordbeta,T0-T2,DIST,1,Wytham Woods,FirstStepAtt,0.10835396206826964,First step attenuation,H3
Ranunculus_acris,Ranunculus_acris_Wytham Woods,-2.657,0.442,Ordbeta,T0-T2,DIST,1,Wytham Woods,Lambda,1.1474253581153837,Population growth rate,H4
Ranunculus_acris,Ranunculus_acris_Wytham Woods,-2.657,0.442,Ordbeta,T0-T2,DIST,1,Wytham Woods,R0,1.55497855361596,Net reproductive rate,H1
Ranunculus_acris,Ranunculus_acris_Wytham Woods,-2.657,0.442,Ordbeta,T0-T2,DIST,1,Wytham Woods,Reactivity,6.68037129041872,Reactivity,H3
Ranunculus_acris,Ranunculus_acris_Wytham Woods,-2.657,0.442,Ordbeta,T0-T2,DIST,1,Wytham Woods,T_generation,3.829023387316118,Generation time,H2
Ranunculus_acris,Ranunculus_acris_Wytham Woods,-2.657,0.442,Ordbeta,T0-T2,DIST,1,Wytham Woods,age_repro,3.0548523206751055,Age at first reproduction,H2
Ranunculus_acris,Ranunculus_acris_Wytham Woods,-2.657,0.442,Ordbeta,T0-T2,DIST,1,Wytham Woods,percapita_repro,6.96,Per capita reproduction,H1
Salsola_kali,Salsola_kali_Sandflats,-2.628,0.496,Ordbeta,T0-T2,DIST,1,Sandflats,FirstStepAtt,7.190249115029098e-4,First step attenuation,H3
Salsola_kali,Salsola_kali_Sandflats,-2.628,0.496,Ordbeta,T0-T2,DIST,1,Sandflats,Lambda,0.5896874965204653,Population growth rate,H4
Salsola_kali,Salsola_kali_Sandflats,-2.628,0.496,Ordbeta,T0-T2,DIST,1,Sandflats,R0,0.04204373526550297,Net reproductive rate,H1
Salsola_kali,Salsola_kali_Sandflats,-2.628,0.496,Ordbeta,T0-T2,DIST,1,Sandflats,Reactivity,NA,Reactivity,H3
Salsola_kali,Salsola_kali_Sandflats,-2.628,0.496,Ordbeta,T0-T2,DIST,1,Sandflats,T_generation,6.000169610109778,Generation time,H2
Salsola_kali,Salsola_kali_Sandflats,-2.628,0.496,Ordbeta,T0-T2,DIST,1,Sandflats,age_repro,6.000100010001,Age at first reproduction,H2
Salsola_kali,Salsola_kali_Sandflats,-2.628,0.496,Ordbeta,T0-T2,DIST,1,Sandflats,percapita_repro,NA,Per capita reproduction,H1
Sphaeralcea_coccinea,Sphaeralcea_coccinea_Shortgrass Steppe LTER,-2.245,0.294,Ordbeta,T0-T2,DIST,1,Shortgrass Steppe LTER,FirstStepAtt,0.9788261596776104,First step attenuation,H3
Sphaeralcea_coccinea,Sphaeralcea_coccinea_Shortgrass Steppe LTER,-2.245,0.294,Ordbeta,T0-T2,DIST,1,Shortgrass Steppe LTER,Lambda,0.9140916052986946,Population growth rate,H4
Sphaeralcea_coccinea,Sphaeralcea_coccinea_Shortgrass Steppe LTER,-2.245,0.294,Ordbeta,T0-T2,DIST,1,Shortgrass Steppe LTER,R0,1.0497677328830435,Net reproductive rate,H1
Sphaeralcea_coccinea,Sphaeralcea_coccinea_Shortgrass Steppe LTER,-2.245,0.294,Ordbeta,T0-T2,DIST,1,Shortgrass Steppe LTER,Reactivity,1.0671952343744,Reactivity,H3
Sphaeralcea_coccinea,Sphaeralcea_coccinea_Shortgrass Steppe LTER,-2.245,0.294,Ordbeta,T0-T2,DIST,1,Shortgrass Steppe LTER,T_generation,1.2977127780843936,Generation time,H2
Sphaeralcea_coccinea,Sphaeralcea_coccinea_Shortgrass Steppe LTER,-2.245,0.294,Ordbeta,T0-T2,DIST,1,Shortgrass Steppe LTER,age_repro,1,Age at first reproduction,H2
Sphaeralcea_coccinea,Sphaeralcea_coccinea_Shortgrass Steppe LTER,-2.245,0.294,Ordbeta,T0-T2,DIST,1,Shortgrass Steppe LTER,percapita_repro,0.8557142777777778,Per capita reproduction,H1
Stenaria_nigricans,Stenaria_nigricans_Temple,-2.101,0.335,Ordbeta,T0-T2,DIST,1,Temple,FirstStepAtt,0.9984969413842903,First step attenuation,H3
Stenaria_nigricans,Stenaria_nigricans_Temple,-2.101,0.335,Ordbeta,T0-T2,DIST,1,Temple,Lambda,0.9901413361648121,Population growth rate,H4
Stenaria_nigricans,Stenaria_nigricans_Temple,-2.101,0.335,Ordbeta,T0-T2,DIST,1,Temple,R0,1.6245457643658545,Net reproductive rate,H1
Stenaria_nigricans,Stenaria_nigricans_Temple,-2.101,0.335,Ordbeta,T0-T2,DIST,1,Temple,Reactivity,1.00926761725409,Reactivity,H3
Stenaria_nigricans,Stenaria_nigricans_Temple,-2.101,0.335,Ordbeta,T0-T2,DIST,1,Temple,T_generation,1.1114440769106202,Generation time,H2
Stenaria_nigricans,Stenaria_nigricans_Temple,-2.101,0.335,Ordbeta,T0-T2,DIST,1,Temple,age_repro,1,Age at first reproduction,H2
Stenaria_nigricans,Stenaria_nigricans_Temple,-2.101,0.335,Ordbeta,T0-T2,DIST,1,Temple,percapita_repro,1.4610344666666668,Per capita reproduction,H1
Taraxacum_campylodes,Taraxacum_campylodes_Bayreuth DRAGNet,-2.299,0.382,Ordbeta,T0-T2,DIST,1,Bayreuth DRAGNet,FirstStepAtt,0.18122936095531808,First step attenuation,H3
Taraxacum_campylodes,Taraxacum_campylodes_Bayreuth DRAGNet,-2.299,0.382,Ordbeta,T0-T2,DIST,1,Bayreuth DRAGNet,Lambda,0.08041791145870329,Population growth rate,H4
Taraxacum_campylodes,Taraxacum_campylodes_Bayreuth DRAGNet,-2.299,0.382,Ordbeta,T0-T2,DIST,1,Bayreuth DRAGNet,R0,9.004714273919254e-7,Net reproductive rate,H1
Taraxacum_campylodes,Taraxacum_campylodes_Bayreuth DRAGNet,-2.299,0.382,Ordbeta,T0-T2,DIST,1,Bayreuth DRAGNet,Reactivity,57.90876911473913,Reactivity,H3
Taraxacum_campylodes,Taraxacum_campylodes_Bayreuth DRAGNet,-2.299,0.382,Ordbeta,T0-T2,DIST,1,Bayreuth DRAGNet,T_generation,NA,Generation time,H2
Taraxacum_campylodes,Taraxacum_campylodes_Bayreuth DRAGNet,-2.299,0.382,Ordbeta,T0-T2,DIST,1,Bayreuth DRAGNet,age_repro,1,Age at first reproduction,H2
Taraxacum_campylodes,Taraxacum_campylodes_Bayreuth DRAGNet,-2.299,0.382,Ordbeta,T0-T2,DIST,1,Bayreuth DRAGNet,percapita_repro,1.3490166782018932e-5,Per capita reproduction,H1
Taraxacum_campylodes,Taraxacum_campylodes_Kellogg Biological Station (KBS),-2.591,0.5,Ordbeta,T0-T2,DIST,1,Kellogg Biological Station (KBS),FirstStepAtt,0.18122936095531808,First step attenuation,H3
Taraxacum_campylodes,Taraxacum_campylodes_Kellogg Biological Station (KBS),-2.591,0.5,Ordbeta,T0-T2,DIST,1,Kellogg Biological Station (KBS),Lambda,0.08041791145870329,Population growth rate,H4
Taraxacum_campylodes,Taraxacum_campylodes_Kellogg Biological Station (KBS),-2.591,0.5,Ordbeta,T0-T2,DIST,1,Kellogg Biological Station (KBS),R0,9.004714273919254e-7,Net reproductive rate,H1
Taraxacum_campylodes,Taraxacum_campylodes_Kellogg Biological Station (KBS),-2.591,0.5,Ordbeta,T0-T2,DIST,1,Kellogg Biological Station (KBS),Reactivity,57.90876911473913,Reactivity,H3
Taraxacum_campylodes,Taraxacum_campylodes_Kellogg Biological Station (KBS),-2.591,0.5,Ordbeta,T0-T2,DIST,1,Kellogg Biological Station (KBS),T_generation,NA,Generation time,H2
Taraxacum_campylodes,Taraxacum_campylodes_Kellogg Biological Station (KBS),-2.591,0.5,Ordbeta,T0-T2,DIST,1,Kellogg Biological Station (KBS),age_repro,1,Age at first reproduction,H2
Taraxacum_campylodes,Taraxacum_campylodes_Kellogg Biological Station (KBS),-2.591,0.5,Ordbeta,T0-T2,DIST,1,Kellogg Biological Station (KBS),percapita_repro,1.3490166782018932e-5,Per capita reproduction,H1
Thymus_vulgaris,Thymus_vulgaris_Morella la Vella,-2.332,0.334,Ordbeta,T0-T2,DIST,1,Morella la Vella,FirstStepAtt,0.9941521717357211,First step attenuation,H3
Thymus_vulgaris,Thymus_vulgaris_Morella la Vella,-2.332,0.334,Ordbeta,T0-T2,DIST,1,Morella la Vella,Lambda,0.9926751959162854,Population growth rate,H4
Thymus_vulgaris,Thymus_vulgaris_Morella la Vella,-2.332,0.334,Ordbeta,T0-T2,DIST,1,Morella la Vella,R0,0.3434937835569579,Net reproductive rate,H1
Thymus_vulgaris,Thymus_vulgaris_Morella la Vella,-2.332,0.334,Ordbeta,T0-T2,DIST,1,Morella la Vella,Reactivity,1.0104094818415374,Reactivity,H3
Thymus_vulgaris,Thymus_vulgaris_Morella la Vella,-2.332,0.334,Ordbeta,T0-T2,DIST,1,Morella la Vella,T_generation,NA,Generation time,H2
Thymus_vulgaris,Thymus_vulgaris_Morella la Vella,-2.332,0.334,Ordbeta,T0-T2,DIST,1,Morella la Vella,age_repro,NA,Age at first reproduction,H2
Thymus_vulgaris,Thymus_vulgaris_Morella la Vella,-2.332,0.334,Ordbeta,T0-T2,DIST,1,Morella la Vella,percapita_repro,0.0062509982916058755,Per capita reproduction,H1
Verbascum_thapsus,Verbascum_thapsus_Cedar Creek LTER,-2.455,0.466,Ordbeta,T0-T2,DIST,1,Cedar Creek LTER,FirstStepAtt,0.01808607278854514,First step attenuation,H3
Verbascum_thapsus,Verbascum_thapsus_Cedar Creek LTER,-2.455,0.466,Ordbeta,T0-T2,DIST,1,Cedar Creek LTER,Lambda,NA,Population growth rate,H4
Verbascum_thapsus,Verbascum_thapsus_Cedar Creek LTER,-2.455,0.466,Ordbeta,T0-T2,DIST,1,Cedar Creek LTER,R0,29.421212008404037,Net reproductive rate,H1
Verbascum_thapsus,Verbascum_thapsus_Cedar Creek LTER,-2.455,0.466,Ordbeta,T0-T2,DIST,1,Cedar Creek LTER,Reactivity,NA,Reactivity,H3
Verbascum_thapsus,Verbascum_thapsus_Cedar Creek LTER,-2.455,0.466,Ordbeta,T0-T2,DIST,1,Cedar Creek LTER,T_generation,2.173708938183875,Generation time,H2
Verbascum_thapsus,Verbascum_thapsus_Cedar Creek LTER,-2.455,0.466,Ordbeta,T0-T2,DIST,1,Cedar Creek LTER,age_repro,12.83717149823896,Age at first reproduction,H2
Verbascum_thapsus,Verbascum_thapsus_Cedar Creek LTER,-2.455,0.466,Ordbeta,T0-T2,DIST,1,Cedar Creek LTER,percapita_repro,NA,Per capita reproduction,H1
Veronica_arvensis,Veronica_arvensis_Agroscope Changins,-2.782,0.474,Ordbeta,T0-T2,DIST,1,Agroscope Changins,FirstStepAtt,0.30601817657235825,First step attenuation,H3
Veronica_arvensis,Veronica_arvensis_Agroscope Changins,-2.782,0.474,Ordbeta,T0-T2,DIST,1,Agroscope Changins,Lambda,1.0575348190993947,Population growth rate,H4
Veronica_arvensis,Veronica_arvensis_Agroscope Changins,-2.782,0.474,Ordbeta,T0-T2,DIST,1,Agroscope Changins,R0,1.159057082246136,Net reproductive rate,H1
Veronica_arvensis,Veronica_arvensis_Agroscope Changins,-2.782,0.474,Ordbeta,T0-T2,DIST,1,Agroscope Changins,Reactivity,11.981784395247908,Reactivity,H3
Veronica_arvensis,Veronica_arvensis_Agroscope Changins,-2.782,0.474,Ordbeta,T0-T2,DIST,1,Agroscope Changins,T_generation,1.6876451180776884,Generation time,H2
Veronica_arvensis,Veronica_arvensis_Agroscope Changins,-2.782,0.474,Ordbeta,T0-T2,DIST,1,Agroscope Changins,age_repro,2.460420577382994,Age at first reproduction,H2
Veronica_arvensis,Veronica_arvensis_Agroscope Changins,-2.782,0.474,Ordbeta,T0-T2,DIST,1,Agroscope Changins,percapita_repro,10.783102,Per capita reproduction,H1
Veronica_arvensis,Veronica_arvensis_Bad Lauchstaedt,-2.693,0.298,Ordbeta,T0-T2,DIST,1,Bad Lauchstaedt,FirstStepAtt,0.30601817657235825,First step attenuation,H3
Veronica_arvensis,Veronica_arvensis_Bad Lauchstaedt,-2.693,0.298,Ordbeta,T0-T2,DIST,1,Bad Lauchstaedt,Lambda,1.0575348190993947,Population growth rate,H4
Veronica_arvensis,Veronica_arvensis_Bad Lauchstaedt,-2.693,0.298,Ordbeta,T0-T2,DIST,1,Bad Lauchstaedt,R0,1.159057082246136,Net reproductive rate,H1
Veronica_arvensis,Veronica_arvensis_Bad Lauchstaedt,-2.693,0.298,Ordbeta,T0-T2,DIST,1,Bad Lauchstaedt,Reactivity,11.981784395247908,Reactivity,H3
Veronica_arvensis,Veronica_arvensis_Bad Lauchstaedt,-2.693,0.298,Ordbeta,T0-T2,DIST,1,Bad Lauchstaedt,T_generation,1.6876451180776884,Generation time,H2
Veronica_arvensis,Veronica_arvensis_Bad Lauchstaedt,-2.693,0.298,Ordbeta,T0-T2,DIST,1,Bad Lauchstaedt,age_repro,2.460420577382994,Age at first reproduction,H2
Veronica_arvensis,Veronica_arvensis_Bad Lauchstaedt,-2.693,0.298,Ordbeta,T0-T2,DIST,1,Bad Lauchstaedt,percapita_repro,10.783102,Per capita reproduction,H1
Veronica_arvensis,Veronica_arvensis_Bayreuth DRAGNet,-2.713,0.435,Ordbeta,T0-T2,DIST,1,Bayreuth DRAGNet,FirstStepAtt,0.30601817657235825,First step attenuation,H3
Veronica_arvensis,Veronica_arvensis_Bayreuth DRAGNet,-2.713,0.435,Ordbeta,T0-T2,DIST,1,Bayreuth DRAGNet,Lambda,1.0575348190993947,Population growth rate,H4
Veronica_arvensis,Veronica_arvensis_Bayreuth DRAGNet,-2.713,0.435,Ordbeta,T0-T2,DIST,1,Bayreuth DRAGNet,R0,1.159057082246136,Net reproductive rate,H1
Veronica_arvensis,Veronica_arvensis_Bayreuth DRAGNet,-2.713,0.435,Ordbeta,T0-T2,DIST,1,Bayreuth DRAGNet,Reactivity,11.981784395247908,Reactivity,H3
Veronica_arvensis,Veronica_arvensis_Bayreuth DRAGNet,-2.713,0.435,Ordbeta,T0-T2,DIST,1,Bayreuth DRAGNet,T_generation,1.6876451180776884,Generation time,H2
Veronica_arvensis,Veronica_arvensis_Bayreuth DRAGNet,-2.713,0.435,Ordbeta,T0-T2,DIST,1,Bayreuth DRAGNet,age_repro,2.460420577382994,Age at first reproduction,H2
Veronica_arvensis,Veronica_arvensis_Bayreuth DRAGNet,-2.713,0.435,Ordbeta,T0-T2,DIST,1,Bayreuth DRAGNet,percapita_repro,10.783102,Per capita reproduction,H1
Veronica_arvensis,Veronica_arvensis_CEREEP - Ecotron IDF,-2.54,0.307,Ordbeta,T0-T2,DIST,1,CEREEP - Ecotron IDF,FirstStepAtt,0.30601817657235825,First step attenuation,H3
Veronica_arvensis,Veronica_arvensis_CEREEP - Ecotron IDF,-2.54,0.307,Ordbeta,T0-T2,DIST,1,CEREEP - Ecotron IDF,Lambda,1.0575348190993947,Population growth rate,H4
Veronica_arvensis,Veronica_arvensis_CEREEP - Ecotron IDF,-2.54,0.307,Ordbeta,T0-T2,DIST,1,CEREEP - Ecotron IDF,R0,1.159057082246136,Net reproductive rate,H1
Veronica_arvensis,Veronica_arvensis_CEREEP - Ecotron IDF,-2.54,0.307,Ordbeta,T0-T2,DIST,1,CEREEP - Ecotron IDF,Reactivity,11.981784395247908,Reactivity,H3
Veronica_arvensis,Veronica_arvensis_CEREEP - Ecotron IDF,-2.54,0.307,Ordbeta,T0-T2,DIST,1,CEREEP - Ecotron IDF,T_generation,1.6876451180776884,Generation time,H2
Veronica_arvensis,Veronica_arvensis_CEREEP - Ecotron IDF,-2.54,0.307,Ordbeta,T0-T2,DIST,1,CEREEP - Ecotron IDF,age_repro,2.460420577382994,Age at first reproduction,H2
Veronica_arvensis,Veronica_arvensis_CEREEP - Ecotron IDF,-2.54,0.307,Ordbeta,T0-T2,DIST,1,CEREEP - Ecotron IDF,percapita_repro,10.783102,Per capita reproduction,H1
Veronica_arvensis,Veronica_arvensis_Cowichan,-2.452,0.43,Ordbeta,T0-T2,DIST,1,Cowichan,FirstStepAtt,0.30601817657235825,First step attenuation,H3
Veronica_arvensis,Veronica_arvensis_Cowichan,-2.452,0.43,Ordbeta,T0-T2,DIST,1,Cowichan,Lambda,1.0575348190993947,Population growth rate,H4
Veronica_arvensis,Veronica_arvensis_Cowichan,-2.452,0.43,Ordbeta,T0-T2,DIST,1,Cowichan,R0,1.159057082246136,Net reproductive rate,H1
Veronica_arvensis,Veronica_arvensis_Cowichan,-2.452,0.43,Ordbeta,T0-T2,DIST,1,Cowichan,Reactivity,11.981784395247908,Reactivity,H3
Veronica_arvensis,Veronica_arvensis_Cowichan,-2.452,0.43,Ordbeta,T0-T2,DIST,1,Cowichan,T_generation,1.6876451180776884,Generation time,H2
Veronica_arvensis,Veronica_arvensis_Cowichan,-2.452,0.43,Ordbeta,T0-T2,DIST,1,Cowichan,age_repro,2.460420577382994,Age at first reproduction,H2
Veronica_arvensis,Veronica_arvensis_Cowichan,-2.452,0.43,Ordbeta,T0-T2,DIST,1,Cowichan,percapita_repro,10.783102,Per capita reproduction,H1
Veronica_arvensis,Veronica_arvensis_Domaninek,-2.39,0.431,Ordbeta,T0-T2,DIST,1,Domaninek,FirstStepAtt,0.30601817657235825,First step attenuation,H3
Veronica_arvensis,Veronica_arvensis_Domaninek,-2.39,0.431,Ordbeta,T0-T2,DIST,1,Domaninek,Lambda,1.0575348190993947,Population growth rate,H4
Veronica_arvensis,Veronica_arvensis_Domaninek,-2.39,0.431,Ordbeta,T0-T2,DIST,1,Domaninek,R0,1.159057082246136,Net reproductive rate,H1
Veronica_arvensis,Veronica_arvensis_Domaninek,-2.39,0.431,Ordbeta,T0-T2,DIST,1,Domaninek,Reactivity,11.981784395247908,Reactivity,H3
Veronica_arvensis,Veronica_arvensis_Domaninek,-2.39,0.431,Ordbeta,T0-T2,DIST,1,Domaninek,T_generation,1.6876451180776884,Generation time,H2
Veronica_arvensis,Veronica_arvensis_Domaninek,-2.39,0.431,Ordbeta,T0-T2,DIST,1,Domaninek,age_repro,2.460420577382994,Age at first reproduction,H2
Veronica_arvensis,Veronica_arvensis_Domaninek,-2.39,0.431,Ordbeta,T0-T2,DIST,1,Domaninek,percapita_repro,10.783102,Per capita reproduction,H1
Veronica_arvensis,Veronica_arvensis_Jena,-2.446,0.252,Ordbeta,T0-T2,DIST,1,Jena,FirstStepAtt,0.30601817657235825,First step attenuation,H3
Veronica_arvensis,Veronica_arvensis_Jena,-2.446,0.252,Ordbeta,T0-T2,DIST,1,Jena,Lambda,1.0575348190993947,Population growth rate,H4
Veronica_arvensis,Veronica_arvensis_Jena,-2.446,0.252,Ordbeta,T0-T2,DIST,1,Jena,R0,1.159057082246136,Net reproductive rate,H1
Veronica_arvensis,Veronica_arvensis_Jena,-2.446,0.252,Ordbeta,T0-T2,DIST,1,Jena,Reactivity,11.981784395247908,Reactivity,H3
Veronica_arvensis,Veronica_arvensis_Jena,-2.446,0.252,Ordbeta,T0-T2,DIST,1,Jena,T_generation,1.6876451180776884,Generation time,H2
Veronica_arvensis,Veronica_arvensis_Jena,-2.446,0.252,Ordbeta,T0-T2,DIST,1,Jena,age_repro,2.460420577382994,Age at first reproduction,H2
Veronica_arvensis,Veronica_arvensis_Jena,-2.446,0.252,Ordbeta,T0-T2,DIST,1,Jena,percapita_repro,10.783102,Per capita reproduction,H1
Veronica_arvensis,Veronica_arvensis_WSL,-2.653,0.442,Ordbeta,T0-T2,DIST,1,WSL,FirstStepAtt,0.30601817657235825,First step attenuation,H3
Veronica_arvensis,Veronica_arvensis_WSL,-2.653,0.442,Ordbeta,T0-T2,DIST,1,WSL,Lambda,1.0575348190993947,Population growth rate,H4
Veronica_arvensis,Veronica_arvensis_WSL,-2.653,0.442,Ordbeta,T0-T2,DIST,1,WSL,R0,1.159057082246136,Net reproductive rate,H1
Veronica_arvensis,Veronica_arvensis_WSL,-2.653,0.442,Ordbeta,T0-T2,DIST,1,WSL,Reactivity,11.981784395247908,Reactivity,H3
Veronica_arvensis,Veronica_arvensis_WSL,-2.653,0.442,Ordbeta,T0-T2,DIST,1,WSL,T_generation,1.6876451180776884,Generation time,H2
Veronica_arvensis,Veronica_arvensis_WSL,-2.653,0.442,Ordbeta,T0-T2,DIST,1,WSL,age_repro,2.460420577382994,Age at first reproduction,H2
Veronica_arvensis,Veronica_arvensis_WSL,-2.653,0.442,Ordbeta,T0-T2,DIST,1,WSL,percapita_repro,10.783102,Per capita reproduction,H1
Acer_saccharum,Acer_saccharum_Cary IES,-2.532,0.545,Ordbeta,T0-T2,NPK,1,Cary IES,Lmax,290.57142857142856,Maximum length of life,H5
Acer_saccharum,Acer_saccharum_Cary IES,-2.532,0.545,Ordbeta,T0-T2,NPK,1,Cary IES,Lmean,188.7156431309309,Mean life expectancy,H5
Agrimonia_eupatoria,Agrimonia_eupatoria_Wytham Woods,-2.227,0.238,Ordbeta,T0-T2,NPK,1,Wytham Woods,Lmax,116,Maximum length of life,H5
Agrimonia_eupatoria,Agrimonia_eupatoria_Wytham Woods,-2.227,0.238,Ordbeta,T0-T2,NPK,1,Wytham Woods,Lmean,12.642773170370798,Mean life expectancy,H5
Allium_vineale,Allium_vineale_Blandy Experimental Farm,-2.376,0.457,Ordbeta,T0-T2,NPK,1,Blandy Experimental Farm,Lmax,3,Maximum length of life,H5
Allium_vineale,Allium_vineale_Blandy Experimental Farm,-2.376,0.457,Ordbeta,T0-T2,NPK,1,Blandy Experimental Farm,Lmean,1.1811322636765564,Mean life expectancy,H5
Andropogon_gerardii,Andropogon_gerardii_Kellogg Biological Station (KBS),-0.263,0.252,Ordbeta,T0-T2,NPK,1,Kellogg Biological Station (KBS),Lmax,6.125,Maximum length of life,H5
Andropogon_gerardii,Andropogon_gerardii_Kellogg Biological Station (KBS),-0.263,0.252,Ordbeta,T0-T2,NPK,1,Kellogg Biological Station (KBS),Lmean,1.9948836791855034,Mean life expectancy,H5
Andropogon_gerardii,Andropogon_gerardii_Oak Lake Field Station,-2.339,0.538,Ordbeta,T0-T2,NPK,1,Oak Lake Field Station,Lmax,6.125,Maximum length of life,H5
Andropogon_gerardii,Andropogon_gerardii_Oak Lake Field Station,-2.339,0.538,Ordbeta,T0-T2,NPK,1,Oak Lake Field Station,Lmean,1.9948836791855034,Mean life expectancy,H5
Arenaria_serpyllifolia,Arenaria_serpyllifolia_Bad Lauchstaedt,-2.635,0.532,Ordbeta,T0-T2,NPK,1,Bad Lauchstaedt,Lmax,1,Maximum length of life,H5
Arenaria_serpyllifolia,Arenaria_serpyllifolia_Bad Lauchstaedt,-2.635,0.532,Ordbeta,T0-T2,NPK,1,Bad Lauchstaedt,Lmean,1,Mean life expectancy,H5
Arenaria_serpyllifolia,Arenaria_serpyllifolia_Jena,-2.222,0.256,Ordbeta,T0-T2,NPK,1,Jena,Lmax,1,Maximum length of life,H5
Arenaria_serpyllifolia,Arenaria_serpyllifolia_Jena,-2.222,0.256,Ordbeta,T0-T2,NPK,1,Jena,Lmean,1,Mean life expectancy,H5
Armeria_maritima,Armeria_maritima_Potrok Aike,-2.579,0.316,Ordbeta,T0-T2,NPK,1,Potrok Aike,Lmax,20,Maximum length of life,H5
Armeria_maritima,Armeria_maritima_Potrok Aike,-2.579,0.316,Ordbeta,T0-T2,NPK,1,Potrok Aike,Lmean,1.8445912885672673,Mean life expectancy,H5
Centaurea_jacea,Centaurea_jacea_Agroscope Changins,-2.465,0.321,Ordbeta,T0-T2,NPK,1,Agroscope Changins,Lmax,11.25,Maximum length of life,H5
Centaurea_jacea,Centaurea_jacea_Agroscope Changins,-2.465,0.321,Ordbeta,T0-T2,NPK,1,Agroscope Changins,Lmean,4.011159664905857,Mean life expectancy,H5
Centaurea_jacea,Centaurea_jacea_Bayreuth DRAGNet,-1.992,0.339,Ordbeta,T0-T2,NPK,1,Bayreuth DRAGNet,Lmax,11.25,Maximum length of life,H5
Centaurea_jacea,Centaurea_jacea_Bayreuth DRAGNet,-1.992,0.339,Ordbeta,T0-T2,NPK,1,Bayreuth DRAGNet,Lmean,4.011159664905857,Mean life expectancy,H5
Cerastium_fontanum,Cerastium_fontanum_Agroscope Changins,-2.894,0.282,Ordbeta,T0-T2,NPK,1,Agroscope Changins,Lmax,1,Maximum length of life,H5
Cerastium_fontanum,Cerastium_fontanum_Agroscope Changins,-2.894,0.282,Ordbeta,T0-T2,NPK,1,Agroscope Changins,Lmean,1,Mean life expectancy,H5
Cerastium_fontanum,Cerastium_fontanum_Bad Lauchstaedt,-2.598,0.329,Ordbeta,T0-T2,NPK,1,Bad Lauchstaedt,Lmax,1,Maximum length of life,H5
Cerastium_fontanum,Cerastium_fontanum_Bad Lauchstaedt,-2.598,0.329,Ordbeta,T0-T2,NPK,1,Bad Lauchstaedt,Lmean,1,Mean life expectancy,H5
Cerastium_fontanum,Cerastium_fontanum_Bayreuth DRAGNet,-2.82,0.386,Ordbeta,T0-T2,NPK,1,Bayreuth DRAGNet,Lmax,1,Maximum length of life,H5
Cerastium_fontanum,Cerastium_fontanum_Bayreuth DRAGNet,-2.82,0.386,Ordbeta,T0-T2,NPK,1,Bayreuth DRAGNet,Lmean,1,Mean life expectancy,H5
Cerastium_fontanum,Cerastium_fontanum_CEREEP - Ecotron IDF,-2.309,0.542,Ordbeta,T0-T2,NPK,1,CEREEP - Ecotron IDF,Lmax,1,Maximum length of life,H5
Cerastium_fontanum,Cerastium_fontanum_CEREEP - Ecotron IDF,-2.309,0.542,Ordbeta,T0-T2,NPK,1,CEREEP - Ecotron IDF,Lmean,1,Mean life expectancy,H5
Cerastium_fontanum,Cerastium_fontanum_Hazelrigg,-2.59,0.538,Ordbeta,T0-T2,NPK,1,Hazelrigg,Lmax,1,Maximum length of life,H5
Cerastium_fontanum,Cerastium_fontanum_Hazelrigg,-2.59,0.538,Ordbeta,T0-T2,NPK,1,Hazelrigg,Lmean,1,Mean life expectancy,H5
Cerastium_fontanum,Cerastium_fontanum_Jena,-2.04,0.258,Ordbeta,T0-T2,NPK,1,Jena,Lmax,1,Maximum length of life,H5
Cerastium_fontanum,Cerastium_fontanum_Jena,-2.04,0.258,Ordbeta,T0-T2,NPK,1,Jena,Lmean,1,Mean life expectancy,H5
Cerastium_fontanum,Cerastium_fontanum_Kniezenberg,-2.532,0.545,Ordbeta,T0-T2,NPK,1,Kniezenberg,Lmax,1,Maximum length of life,H5
Cerastium_fontanum,Cerastium_fontanum_Kniezenberg,-2.532,0.545,Ordbeta,T0-T2,NPK,1,Kniezenberg,Lmean,1,Mean life expectancy,H5
Cerastium_fontanum,Cerastium_fontanum_Stoderzinken,-2.317,0.462,Ordbeta,T0-T2,NPK,1,Stoderzinken,Lmax,1,Maximum length of life,H5
Cerastium_fontanum,Cerastium_fontanum_Stoderzinken,-2.317,0.462,Ordbeta,T0-T2,NPK,1,Stoderzinken,Lmean,1,Mean life expectancy,H5
Cerastium_fontanum,Cerastium_fontanum_Wytham Woods,-2.591,0.278,Ordbeta,T0-T2,NPK,1,Wytham Woods,Lmax,1,Maximum length of life,H5
Cerastium_fontanum,Cerastium_fontanum_Wytham Woods,-2.591,0.278,Ordbeta,T0-T2,NPK,1,Wytham Woods,Lmean,1,Mean life expectancy,H5
Cirsium_arvense,Cirsium_arvense_Ainsdale Dune Slacks,-2.251,0.593,Ordbeta,T0-T2,NPK,1,Ainsdale Dune Slacks,Lmax,3,Maximum length of life,H5
Cirsium_arvense,Cirsium_arvense_Ainsdale Dune Slacks,-2.251,0.593,Ordbeta,T0-T2,NPK,1,Ainsdale Dune Slacks,Lmean,1.1853002070393377,Mean life expectancy,H5
Cirsium_arvense,Cirsium_arvense_Bad Lauchstaedt,-2.348,0.286,Ordbeta,T0-T2,NPK,1,Bad Lauchstaedt,Lmax,3,Maximum length of life,H5
Cirsium_arvense,Cirsium_arvense_Bad Lauchstaedt,-2.348,0.286,Ordbeta,T0-T2,NPK,1,Bad Lauchstaedt,Lmean,1.1853002070393377,Mean life expectancy,H5
Cirsium_arvense,Cirsium_arvense_Blandy Experimental Farm,-1.731,0.367,Ordbeta,T0-T2,NPK,1,Blandy Experimental Farm,Lmax,3,Maximum length of life,H5
Cirsium_arvense,Cirsium_arvense_Blandy Experimental Farm,-1.731,0.367,Ordbeta,T0-T2,NPK,1,Blandy Experimental Farm,Lmean,1.1853002070393377,Mean life expectancy,H5
Cirsium_arvense,Cirsium_arvense_Hazelrigg,-2.344,0.315,Ordbeta,T0-T2,NPK,1,Hazelrigg,Lmax,3,Maximum length of life,H5
Cirsium_arvense,Cirsium_arvense_Hazelrigg,-2.344,0.315,Ordbeta,T0-T2,NPK,1,Hazelrigg,Lmean,1.1853002070393377,Mean life expectancy,H5
Cirsium_arvense,Cirsium_arvense_Jena,-1.768,0.508,Ordbeta,T0-T2,NPK,1,Jena,Lmax,3,Maximum length of life,H5
Cirsium_arvense,Cirsium_arvense_Jena,-1.768,0.508,Ordbeta,T0-T2,NPK,1,Jena,Lmean,1.1853002070393377,Mean life expectancy,H5
Cirsium_arvense,Cirsium_arvense_Lublin,-2.104,0.425,Ordbeta,T0-T2,NPK,1,Lublin,Lmax,3,Maximum length of life,H5
Cirsium_arvense,Cirsium_arvense_Lublin,-2.104,0.425,Ordbeta,T0-T2,NPK,1,Lublin,Lmean,1.1853002070393377,Mean life expectancy,H5
Cirsium_arvense,Cirsium_arvense_Oak Lake Field Station,-2.389,0.326,Ordbeta,T0-T2,NPK,1,Oak Lake Field Station,Lmax,3,Maximum length of life,H5
Cirsium_arvense,Cirsium_arvense_Oak Lake Field Station,-2.389,0.326,Ordbeta,T0-T2,NPK,1,Oak Lake Field Station,Lmean,1.1853002070393377,Mean life expectancy,H5
Cirsium_palustre,Cirsium_palustre_Ainsdale Dune Slacks,-2.619,0.53,Ordbeta,T0-T2,NPK,1,Ainsdale Dune Slacks,Lmax,4.75,Maximum length of life,H5
Cirsium_palustre,Cirsium_palustre_Ainsdale Dune Slacks,-2.619,0.53,Ordbeta,T0-T2,NPK,1,Ainsdale Dune Slacks,Lmean,1.2237448604502328,Mean life expectancy,H5
Cirsium_vulgare,Cirsium_vulgare_Blandy Experimental Farm,-2.148,0.565,Ordbeta,T0-T2,NPK,1,Blandy Experimental Farm,Lmax,4.571428571428571,Maximum length of life,H5
Cirsium_vulgare,Cirsium_vulgare_Blandy Experimental Farm,-2.148,0.565,Ordbeta,T0-T2,NPK,1,Blandy Experimental Farm,Lmean,1.4251535419957013,Mean life expectancy,H5
Cirsium_vulgare,Cirsium_vulgare_Cowichan,-2.224,0.553,Ordbeta,T0-T2,NPK,1,Cowichan,Lmax,4.571428571428571,Maximum length of life,H5
Cirsium_vulgare,Cirsium_vulgare_Cowichan,-2.224,0.553,Ordbeta,T0-T2,NPK,1,Cowichan,Lmean,1.4251535419957013,Mean life expectancy,H5
Cirsium_vulgare,Cirsium_vulgare_San Claudio,-2.399,0.568,Ordbeta,T0-T2,NPK,1,San Claudio,Lmax,4.571428571428571,Maximum length of life,H5
Cirsium_vulgare,Cirsium_vulgare_San Claudio,-2.399,0.568,Ordbeta,T0-T2,NPK,1,San Claudio,Lmean,1.4251535419957013,Mean life expectancy,H5
Daucus_carota,Daucus_carota_Agroscope Changins,-2.813,0.413,Ordbeta,T0-T2,NPK,1,Agroscope Changins,Lmax,3,Maximum length of life,H5
Daucus_carota,Daucus_carota_Agroscope Changins,-2.813,0.413,Ordbeta,T0-T2,NPK,1,Agroscope Changins,Lmean,1.374847097018113,Mean life expectancy,H5
Daucus_carota,Daucus_carota_Bad Lauchstaedt,-2.418,0.419,Ordbeta,T0-T2,NPK,1,Bad Lauchstaedt,Lmax,3,Maximum length of life,H5
Daucus_carota,Daucus_carota_Bad Lauchstaedt,-2.418,0.419,Ordbeta,T0-T2,NPK,1,Bad Lauchstaedt,Lmean,1.374847097018113,Mean life expectancy,H5
Daucus_carota,Daucus_carota_CEREEP - Ecotron IDF,-1.839,0.341,Ordbeta,T0-T2,NPK,1,CEREEP - Ecotron IDF,Lmax,3,Maximum length of life,H5
Daucus_carota,Daucus_carota_CEREEP - Ecotron IDF,-1.839,0.341,Ordbeta,T0-T2,NPK,1,CEREEP - Ecotron IDF,Lmean,1.374847097018113,Mean life expectancy,H5
Daucus_carota,Daucus_carota_Churning Rapids,-2.178,0.408,Ordbeta,T0-T2,NPK,1,Churning Rapids,Lmax,3,Maximum length of life,H5
Daucus_carota,Daucus_carota_Churning Rapids,-2.178,0.408,Ordbeta,T0-T2,NPK,1,Churning Rapids,Lmean,1.374847097018113,Mean life expectancy,H5
Daucus_carota,Daucus_carota_Kellogg Biological Station (KBS),-2.355,0.458,Ordbeta,T0-T2,NPK,1,Kellogg Biological Station (KBS),Lmax,3,Maximum length of life,H5
Daucus_carota,Daucus_carota_Kellogg Biological Station (KBS),-2.355,0.458,Ordbeta,T0-T2,NPK,1,Kellogg Biological Station (KBS),Lmean,1.374847097018113,Mean life expectancy,H5
Daucus_carota,Daucus_carota_Lublin,-2.014,0.489,Ordbeta,T0-T2,NPK,1,Lublin,Lmax,3,Maximum length of life,H5
Daucus_carota,Daucus_carota_Lublin,-2.014,0.489,Ordbeta,T0-T2,NPK,1,Lublin,Lmean,1.374847097018113,Mean life expectancy,H5
Echium_vulgare,Echium_vulgare_Algaida,-2.261,0.307,Ordbeta,T0-T2,NPK,1,Algaida,Lmax,4,Maximum length of life,H5
Echium_vulgare,Echium_vulgare_Algaida,-2.261,0.307,Ordbeta,T0-T2,NPK,1,Algaida,Lmean,1.650496,Mean life expectancy,H5
Elymus_repens,Elymus_repens_Agroscope Changins,-2.662,0.469,Ordbeta,T0-T2,NPK,1,Agroscope Changins,Lmax,2,Maximum length of life,H5
Elymus_repens,Elymus_repens_Agroscope Changins,-2.662,0.469,Ordbeta,T0-T2,NPK,1,Agroscope Changins,Lmean,1.416665295884593,Mean life expectancy,H5
Elymus_repens,Elymus_repens_Cary IES,-2.559,0.344,Ordbeta,T0-T2,NPK,1,Cary IES,Lmax,2,Maximum length of life,H5
Elymus_repens,Elymus_repens_Cary IES,-2.559,0.344,Ordbeta,T0-T2,NPK,1,Cary IES,Lmean,1.416665295884593,Mean life expectancy,H5
Elymus_repens,Elymus_repens_Cedar Creek LTER,-1.197,0.259,Ordbeta,T0-T2,NPK,1,Cedar Creek LTER,Lmax,2,Maximum length of life,H5
Elymus_repens,Elymus_repens_Cedar Creek LTER,-1.197,0.259,Ordbeta,T0-T2,NPK,1,Cedar Creek LTER,Lmean,1.416665295884593,Mean life expectancy,H5
Elymus_repens,Elymus_repens_Churning Rapids,-2.508,0.414,Ordbeta,T0-T2,NPK,1,Churning Rapids,Lmax,2,Maximum length of life,H5
Elymus_repens,Elymus_repens_Churning Rapids,-2.508,0.414,Ordbeta,T0-T2,NPK,1,Churning Rapids,Lmean,1.416665295884593,Mean life expectancy,H5
Elymus_repens,Elymus_repens_Jena,-2.43,0.301,Ordbeta,T0-T2,NPK,1,Jena,Lmax,2,Maximum length of life,H5
Elymus_repens,Elymus_repens_Jena,-2.43,0.301,Ordbeta,T0-T2,NPK,1,Jena,Lmean,1.416665295884593,Mean life expectancy,H5
Elymus_repens,Elymus_repens_Kellogg Biological Station (KBS),-2.569,0.542,Ordbeta,T0-T2,NPK,1,Kellogg Biological Station (KBS),Lmax,2,Maximum length of life,H5
Elymus_repens,Elymus_repens_Kellogg Biological Station (KBS),-2.569,0.542,Ordbeta,T0-T2,NPK,1,Kellogg Biological Station (KBS),Lmean,1.416665295884593,Mean life expectancy,H5
Elymus_repens,Elymus_repens_Kniezenberg,-2.461,0.556,Ordbeta,T0-T2,NPK,1,Kniezenberg,Lmax,2,Maximum length of life,H5
Elymus_repens,Elymus_repens_Kniezenberg,-2.461,0.556,Ordbeta,T0-T2,NPK,1,Kniezenberg,Lmean,1.416665295884593,Mean life expectancy,H5
Elymus_repens,Elymus_repens_Lublin,-1.189,0.342,Ordbeta,T0-T2,NPK,1,Lublin,Lmax,2,Maximum length of life,H5
Elymus_repens,Elymus_repens_Lublin,-1.189,0.342,Ordbeta,T0-T2,NPK,1,Lublin,Lmean,1.416665295884593,Mean life expectancy,H5
Elymus_repens,Elymus_repens_Millville,-2.601,0.38,Ordbeta,T0-T2,NPK,1,Millville,Lmax,2,Maximum length of life,H5
Elymus_repens,Elymus_repens_Millville,-2.601,0.38,Ordbeta,T0-T2,NPK,1,Millville,Lmean,1.416665295884593,Mean life expectancy,H5
Erigeron_canadensis,Erigeron_canadensis_Piedmont Prairie,-2.577,0.244,Ordbeta,T0-T2,NPK,1,Piedmont Prairie,Lmax,1,Maximum length of life,H5
Erigeron_canadensis,Erigeron_canadensis_Piedmont Prairie,-2.577,0.244,Ordbeta,T0-T2,NPK,1,Piedmont Prairie,Lmean,1,Mean life expectancy,H5
Knautia_arvensis,Knautia_arvensis_Bad Lauchstaedt,-2.495,0.553,Ordbeta,T0-T2,NPK,1,Bad Lauchstaedt,Lmax,2,Maximum length of life,H5
Knautia_arvensis,Knautia_arvensis_Bad Lauchstaedt,-2.495,0.553,Ordbeta,T0-T2,NPK,1,Bad Lauchstaedt,Lmean,1.02238662148266,Mean life expectancy,H5
Knautia_arvensis,Knautia_arvensis_Bayreuth DRAGNet,-1.32,0.381,Ordbeta,T0-T2,NPK,1,Bayreuth DRAGNet,Lmax,2,Maximum length of life,H5
Knautia_arvensis,Knautia_arvensis_Bayreuth DRAGNet,-1.32,0.381,Ordbeta,T0-T2,NPK,1,Bayreuth DRAGNet,Lmean,1.02238662148266,Mean life expectancy,H5
Lactuca_serriola,Lactuca_serriola_Bayreuth DRAGNet,-2.59,0.538,Ordbeta,T0-T2,NPK,1,Bayreuth DRAGNet,Lmax,1,Maximum length of life,H5
Lactuca_serriola,Lactuca_serriola_Bayreuth DRAGNet,-2.59,0.538,Ordbeta,T0-T2,NPK,1,Bayreuth DRAGNet,Lmean,1,Mean life expectancy,H5
Linum_catharticum,Linum_catharticum_Wytham Woods,-2.75,0.418,Ordbeta,T0-T2,NPK,1,Wytham Woods,Lmax,8,Maximum length of life,H5
Linum_catharticum,Linum_catharticum_Wytham Woods,-2.75,0.418,Ordbeta,T0-T2,NPK,1,Wytham Woods,Lmean,2.1631811016051863,Mean life expectancy,H5
Myosotis_ramosissima,Myosotis_ramosissima_CEREEP - Ecotron IDF,-2.309,0.542,Ordbeta,T0-T2,NPK,1,CEREEP - Ecotron IDF,Lmax,1,Maximum length of life,H5
Myosotis_ramosissima,Myosotis_ramosissima_CEREEP - Ecotron IDF,-2.309,0.542,Ordbeta,T0-T2,NPK,1,CEREEP - Ecotron IDF,Lmean,1,Mean life expectancy,H5
Picris_hieracioides,Picris_hieracioides_Bad Lauchstaedt,-0.965,0.257,Ordbeta,T0-T2,NPK,1,Bad Lauchstaedt,Lmax,2,Maximum length of life,H5
Picris_hieracioides,Picris_hieracioides_Bad Lauchstaedt,-0.965,0.257,Ordbeta,T0-T2,NPK,1,Bad Lauchstaedt,Lmean,1.0258256,Mean life expectancy,H5
Picris_hieracioides,Picris_hieracioides_CEREEP - Ecotron IDF,-2.335,0.376,Ordbeta,T0-T2,NPK,1,CEREEP - Ecotron IDF,Lmax,2,Maximum length of life,H5
Picris_hieracioides,Picris_hieracioides_CEREEP - Ecotron IDF,-2.335,0.376,Ordbeta,T0-T2,NPK,1,CEREEP - Ecotron IDF,Lmean,1.0258256,Mean life expectancy,H5
Picris_hieracioides,Picris_hieracioides_Jena,-2.553,0.541,Ordbeta,T0-T2,NPK,1,Jena,Lmax,2,Maximum length of life,H5
Picris_hieracioides,Picris_hieracioides_Jena,-2.553,0.541,Ordbeta,T0-T2,NPK,1,Jena,Lmean,1.0258256,Mean life expectancy,H5
Picris_hieracioides,Picris_hieracioides_Saihanba,-2.517,0.4,Ordbeta,T0-T2,NPK,1,Saihanba,Lmax,2,Maximum length of life,H5
Picris_hieracioides,Picris_hieracioides_Saihanba,-2.517,0.4,Ordbeta,T0-T2,NPK,1,Saihanba,Lmean,1.0258256,Mean life expectancy,H5
Pimpinella_saxifraga,Pimpinella_saxifraga_Meranges,-1.822,0.273,Ordbeta,T0-T2,NPK,1,Meranges,Lmax,27.666666666666668,Maximum length of life,H5
Pimpinella_saxifraga,Pimpinella_saxifraga_Meranges,-1.822,0.273,Ordbeta,T0-T2,NPK,1,Meranges,Lmean,4.354337442075448,Mean life expectancy,H5
Plantago_coronopus,Plantago_coronopus_Algaida,-1.501,0.262,Ordbeta,T0-T2,NPK,1,Algaida,Lmax,7.619047619047619,Maximum length of life,H5
Plantago_coronopus,Plantago_coronopus_Algaida,-1.501,0.262,Ordbeta,T0-T2,NPK,1,Algaida,Lmean,1.9177547829279984,Mean life expectancy,H5
Plantago_coronopus,Plantago_coronopus_Caracoles,-2.49,0.413,Ordbeta,T0-T2,NPK,1,Caracoles,Lmax,7.619047619047619,Maximum length of life,H5
Plantago_coronopus,Plantago_coronopus_Caracoles,-2.49,0.413,Ordbeta,T0-T2,NPK,1,Caracoles,Lmean,1.9177547829279984,Mean life expectancy,H5
Plantago_media,Plantago_media_Meranges,-2.572,0.381,Ordbeta,T0-T2,NPK,1,Meranges,Lmax,7.333333333333334,Maximum length of life,H5
Plantago_media,Plantago_media_Meranges,-2.572,0.381,Ordbeta,T0-T2,NPK,1,Meranges,Lmean,1.2882439020931529,Mean life expectancy,H5
Potentilla_recta,Potentilla_recta_Churning Rapids,-2.433,0.276,Ordbeta,T0-T2,NPK,1,Churning Rapids,Lmax,20.5,Maximum length of life,H5
Potentilla_recta,Potentilla_recta_Churning Rapids,-2.433,0.276,Ordbeta,T0-T2,NPK,1,Churning Rapids,Lmean,3.5678848238306284,Mean life expectancy,H5
Primula_elatior,Primula_elatior_Stoderzinken,-2.252,0.55,Ordbeta,T0-T2,NPK,1,Stoderzinken,Lmax,52.666666666666664,Maximum length of life,H5
Primula_elatior,Primula_elatior_Stoderzinken,-2.252,0.55,Ordbeta,T0-T2,NPK,1,Stoderzinken,Lmean,3.267510472030423,Mean life expectancy,H5
Primula_veris,Primula_veris_Wytham Woods,-2.163,0.383,Ordbeta,T0-T2,NPK,1,Wytham Woods,Lmax,6.428571428571429,Maximum length of life,H5
Primula_veris,Primula_veris_Wytham Woods,-2.163,0.383,Ordbeta,T0-T2,NPK,1,Wytham Woods,Lmean,1.4265501826723619,Mean life expectancy,H5
Ranunculus_acris,Ranunculus_acris_Agroscope Changins,-2.062,0.239,Ordbeta,T0-T2,NPK,1,Agroscope Changins,Lmax,6,Maximum length of life,H5
Ranunculus_acris,Ranunculus_acris_Agroscope Changins,-2.062,0.239,Ordbeta,T0-T2,NPK,1,Agroscope Changins,Lmean,1.309226932668329,Mean life expectancy,H5
Ranunculus_acris,Ranunculus_acris_Bayreuth DRAGNet,-2.633,0.358,Ordbeta,T0-T2,NPK,1,Bayreuth DRAGNet,Lmax,6,Maximum length of life,H5
Ranunculus_acris,Ranunculus_acris_Bayreuth DRAGNet,-2.633,0.358,Ordbeta,T0-T2,NPK,1,Bayreuth DRAGNet,Lmean,1.309226932668329,Mean life expectancy,H5
Ranunculus_acris,Ranunculus_acris_Churning Rapids,-2.433,0.56,Ordbeta,T0-T2,NPK,1,Churning Rapids,Lmax,6,Maximum length of life,H5
Ranunculus_acris,Ranunculus_acris_Churning Rapids,-2.433,0.56,Ordbeta,T0-T2,NPK,1,Churning Rapids,Lmean,1.309226932668329,Mean life expectancy,H5
Ranunculus_acris,Ranunculus_acris_Kniezenberg,-2.691,0.466,Ordbeta,T0-T2,NPK,1,Kniezenberg,Lmax,6,Maximum length of life,H5
Ranunculus_acris,Ranunculus_acris_Kniezenberg,-2.691,0.466,Ordbeta,T0-T2,NPK,1,Kniezenberg,Lmean,1.309226932668329,Mean life expectancy,H5
Ranunculus_acris,Ranunculus_acris_Meranges,-2.294,0.287,Ordbeta,T0-T2,NPK,1,Meranges,Lmax,6,Maximum length of life,H5
Ranunculus_acris,Ranunculus_acris_Meranges,-2.294,0.287,Ordbeta,T0-T2,NPK,1,Meranges,Lmean,1.309226932668329,Mean life expectancy,H5
Ranunculus_acris,Ranunculus_acris_Stoderzinken,-2.376,0.457,Ordbeta,T0-T2,NPK,1,Stoderzinken,Lmax,6,Maximum length of life,H5
Ranunculus_acris,Ranunculus_acris_Stoderzinken,-2.376,0.457,Ordbeta,T0-T2,NPK,1,Stoderzinken,Lmean,1.309226932668329,Mean life expectancy,H5
Ranunculus_acris,Ranunculus_acris_WSL,-2.351,0.304,Ordbeta,T0-T2,NPK,1,WSL,Lmax,6,Maximum length of life,H5
Ranunculus_acris,Ranunculus_acris_WSL,-2.351,0.304,Ordbeta,T0-T2,NPK,1,WSL,Lmean,1.309226932668329,Mean life expectancy,H5
Ranunculus_acris,Ranunculus_acris_Wytham Woods,-2.72,0.393,Ordbeta,T0-T2,NPK,1,Wytham Woods,Lmax,6,Maximum length of life,H5
Ranunculus_acris,Ranunculus_acris_Wytham Woods,-2.72,0.393,Ordbeta,T0-T2,NPK,1,Wytham Woods,Lmean,1.309226932668329,Mean life expectancy,H5
Sphaeralcea_coccinea,Sphaeralcea_coccinea_Shortgrass Steppe LTER,-2.294,0.287,Ordbeta,T0-T2,NPK,1,Shortgrass Steppe LTER,Lmax,3.2777777777777777,Maximum length of life,H5
Sphaeralcea_coccinea,Sphaeralcea_coccinea_Shortgrass Steppe LTER,-2.294,0.287,Ordbeta,T0-T2,NPK,1,Shortgrass Steppe LTER,Lmean,1.2137270585719466,Mean life expectancy,H5
Stenaria_nigricans,Stenaria_nigricans_Temple,-2.083,0.335,Ordbeta,T0-T2,NPK,1,Temple,Lmax,2.5,Maximum length of life,H5
Stenaria_nigricans,Stenaria_nigricans_Temple,-2.083,0.335,Ordbeta,T0-T2,NPK,1,Temple,Lmean,1.1146540108396092,Mean life expectancy,H5
Taraxacum_campylodes,Taraxacum_campylodes_Bayreuth DRAGNet,-2.631,0.473,Ordbeta,T0-T2,NPK,1,Bayreuth DRAGNet,Lmax,2,Maximum length of life,H5
Taraxacum_campylodes,Taraxacum_campylodes_Bayreuth DRAGNet,-2.631,0.473,Ordbeta,T0-T2,NPK,1,Bayreuth DRAGNet,Lmean,1.072473871422717,Mean life expectancy,H5
Taraxacum_campylodes,Taraxacum_campylodes_Kellogg Biological Station (KBS),-2.798,0.418,Ordbeta,T0-T2,NPK,1,Kellogg Biological Station (KBS),Lmax,2,Maximum length of life,H5
Taraxacum_campylodes,Taraxacum_campylodes_Kellogg Biological Station (KBS),-2.798,0.418,Ordbeta,T0-T2,NPK,1,Kellogg Biological Station (KBS),Lmean,1.072473871422717,Mean life expectancy,H5
Thymus_vulgaris,Thymus_vulgaris_Morella la Vella,-2.034,0.428,Ordbeta,T0-T2,NPK,1,Morella la Vella,Lmax,410.5,Maximum length of life,H5
Thymus_vulgaris,Thymus_vulgaris_Morella la Vella,-2.034,0.428,Ordbeta,T0-T2,NPK,1,Morella la Vella,Lmean,90.68192577927488,Mean life expectancy,H5
Verbascum_thapsus,Verbascum_thapsus_Cedar Creek LTER,-2.495,0.49,Ordbeta,T0-T2,NPK,1,Cedar Creek LTER,Lmax,2,Maximum length of life,H5
Verbascum_thapsus,Verbascum_thapsus_Cedar Creek LTER,-2.495,0.49,Ordbeta,T0-T2,NPK,1,Cedar Creek LTER,Lmean,1.052632,Mean life expectancy,H5
Verbascum_thapsus,Verbascum_thapsus_Piedmont Prairie,-2.448,0.561,Ordbeta,T0-T2,NPK,1,Piedmont Prairie,Lmax,2,Maximum length of life,H5
Verbascum_thapsus,Verbascum_thapsus_Piedmont Prairie,-2.448,0.561,Ordbeta,T0-T2,NPK,1,Piedmont Prairie,Lmean,1.052632,Mean life expectancy,H5
Veronica_arvensis,Veronica_arvensis_Agroscope Changins,-2.874,0.445,Ordbeta,T0-T2,NPK,1,Agroscope Changins,Lmax,1.4705882352941178,Maximum length of life,H5
Veronica_arvensis,Veronica_arvensis_Agroscope Changins,-2.874,0.445,Ordbeta,T0-T2,NPK,1,Agroscope Changins,Lmean,1.084648493543759,Mean life expectancy,H5
Veronica_arvensis,Veronica_arvensis_Bad Lauchstaedt,-2.709,0.353,Ordbeta,T0-T2,NPK,1,Bad Lauchstaedt,Lmax,1.4705882352941178,Maximum length of life,H5
Veronica_arvensis,Veronica_arvensis_Bad Lauchstaedt,-2.709,0.353,Ordbeta,T0-T2,NPK,1,Bad Lauchstaedt,Lmean,1.084648493543759,Mean life expectancy,H5
Veronica_arvensis,Veronica_arvensis_CEREEP - Ecotron IDF,-2.35,0.327,Ordbeta,T0-T2,NPK,1,CEREEP - Ecotron IDF,Lmax,1.4705882352941178,Maximum length of life,H5
Veronica_arvensis,Veronica_arvensis_CEREEP - Ecotron IDF,-2.35,0.327,Ordbeta,T0-T2,NPK,1,CEREEP - Ecotron IDF,Lmean,1.084648493543759,Mean life expectancy,H5
Veronica_arvensis,Veronica_arvensis_Jena,-2.448,0.263,Ordbeta,T0-T2,NPK,1,Jena,Lmax,1.4705882352941178,Maximum length of life,H5
Veronica_arvensis,Veronica_arvensis_Jena,-2.448,0.263,Ordbeta,T0-T2,NPK,1,Jena,Lmean,1.084648493543759,Mean life expectancy,H5
Veronica_arvensis,Veronica_arvensis_WSL,-2.553,0.541,Ordbeta,T0-T2,NPK,1,WSL,Lmax,1.4705882352941178,Maximum length of life,H5
Veronica_arvensis,Veronica_arvensis_WSL,-2.553,0.541,Ordbeta,T0-T2,NPK,1,WSL,Lmean,1.084648493543759,Mean life expectancy,H5
Agrimonia_eupatoria,Agrimonia_eupatoria_Wytham Woods,-2.301,0.207,Ordbeta,T0-T3,DIST,1,Wytham Woods,FirstStepAtt,0.6842796214646216,First step attenuation,H3
Agrimonia_eupatoria,Agrimonia_eupatoria_Wytham Woods,-2.301,0.207,Ordbeta,T0-T3,DIST,1,Wytham Woods,Lambda,0.99064442494128635,Population growth rate,H4
Agrimonia_eupatoria,Agrimonia_eupatoria_Wytham Woods,-2.301,0.207,Ordbeta,T0-T3,DIST,1,Wytham Woods,R0,1.6114677027277815,Net reproductive rate,H1
Agrimonia_eupatoria,Agrimonia_eupatoria_Wytham Woods,-2.301,0.207,Ordbeta,T0-T3,DIST,1,Wytham Woods,Reactivity,1.211787103394109,Reactivity,H3
Agrimonia_eupatoria,Agrimonia_eupatoria_Wytham Woods,-2.301,0.207,Ordbeta,T0-T3,DIST,1,Wytham Woods,T_generation,39.10376182698671,Generation time,H2
Agrimonia_eupatoria,Agrimonia_eupatoria_Wytham Woods,-2.301,0.207,Ordbeta,T0-T3,DIST,1,Wytham Woods,age_repro,8.104361720252461,Age at first reproduction,H2
Agrimonia_eupatoria,Agrimonia_eupatoria_Wytham Woods,-2.301,0.207,Ordbeta,T0-T3,DIST,1,Wytham Woods,percapita_repro,0.211625,Per capita reproduction,H1
Allium_vineale,Allium_vineale_Blandy Experimental Farm,-2.584,0.393,Ordbeta,T0-T3,DIST,1,Blandy Experimental Farm,FirstStepAtt,0.1305458328616013,First step attenuation,H3
Allium_vineale,Allium_vineale_Blandy Experimental Farm,-2.584,0.393,Ordbeta,T0-T3,DIST,1,Blandy Experimental Farm,Lambda,1.170906773884173,Population growth rate,H4
Allium_vineale,Allium_vineale_Blandy Experimental Farm,-2.584,0.393,Ordbeta,T0-T3,DIST,1,Blandy Experimental Farm,R0,1.4061237821153136,Net reproductive rate,H1
Allium_vineale,Allium_vineale_Blandy Experimental Farm,-2.584,0.393,Ordbeta,T0-T3,DIST,1,Blandy Experimental Farm,Reactivity,8.971770626240456,Reactivity,H3
Allium_vineale,Allium_vineale_Blandy Experimental Farm,-2.584,0.393,Ordbeta,T0-T3,DIST,1,Blandy Experimental Farm,T_generation,2.145843186509487,Generation time,H2
Allium_vineale,Allium_vineale_Blandy Experimental Farm,-2.584,0.393,Ordbeta,T0-T3,DIST,1,Blandy Experimental Farm,age_repro,3.3204456569500245,Age at first reproduction,H2
Allium_vineale,Allium_vineale_Blandy Experimental Farm,-2.584,0.393,Ordbeta,T0-T3,DIST,1,Blandy Experimental Farm,percapita_repro,10.348743,Per capita reproduction,H1
Andropogon_gerardii,Andropogon_gerardii_Kellogg Biological Station (KBS),-0.056,0.237,Ordbeta,T0-T3,DIST,1,Kellogg Biological Station (KBS),FirstStepAtt,0.3116481071355576,First step attenuation,H3
Andropogon_gerardii,Andropogon_gerardii_Kellogg Biological Station (KBS),-0.056,0.237,Ordbeta,T0-T3,DIST,1,Kellogg Biological Station (KBS),Lambda,1.5058732521698401,Population growth rate,H4
Andropogon_gerardii,Andropogon_gerardii_Kellogg Biological Station (KBS),-0.056,0.237,Ordbeta,T0-T3,DIST,1,Kellogg Biological Station (KBS),R0,2.443680378740669,Net reproductive rate,H1
Andropogon_gerardii,Andropogon_gerardii_Kellogg Biological Station (KBS),-0.056,0.237,Ordbeta,T0-T3,DIST,1,Kellogg Biological Station (KBS),Reactivity,6.099850854275642,Reactivity,H3
Andropogon_gerardii,Andropogon_gerardii_Kellogg Biological Station (KBS),-0.056,0.237,Ordbeta,T0-T3,DIST,1,Kellogg Biological Station (KBS),T_generation,2.0960825145363127,Generation time,H2
Andropogon_gerardii,Andropogon_gerardii_Kellogg Biological Station (KBS),-0.056,0.237,Ordbeta,T0-T3,DIST,1,Kellogg Biological Station (KBS),age_repro,2.1989772112328003,Age at first reproduction,H2
Andropogon_gerardii,Andropogon_gerardii_Kellogg Biological Station (KBS),-0.056,0.237,Ordbeta,T0-T3,DIST,1,Kellogg Biological Station (KBS),percapita_repro,8.151920916772541,Per capita reproduction,H1
Andropogon_gerardii,Andropogon_gerardii_Oak Lake Field Station,-2.5,0.518,Ordbeta,T0-T3,DIST,1,Oak Lake Field Station,FirstStepAtt,0.3116481071355576,First step attenuation,H3
Andropogon_gerardii,Andropogon_gerardii_Oak Lake Field Station,-2.5,0.518,Ordbeta,T0-T3,DIST,1,Oak Lake Field Station,Lambda,1.5058732521698401,Population growth rate,H4
Andropogon_gerardii,Andropogon_gerardii_Oak Lake Field Station,-2.5,0.518,Ordbeta,T0-T3,DIST,1,Oak Lake Field Station,R0,2.443680378740669,Net reproductive rate,H1
Andropogon_gerardii,Andropogon_gerardii_Oak Lake Field Station,-2.5,0.518,Ordbeta,T0-T3,DIST,1,Oak Lake Field Station,Reactivity,6.099850854275642,Reactivity,H3
Andropogon_gerardii,Andropogon_gerardii_Oak Lake Field Station,-2.5,0.518,Ordbeta,T0-T3,DIST,1,Oak Lake Field Station,T_generation,2.0960825145363127,Generation time,H2
Andropogon_gerardii,Andropogon_gerardii_Oak Lake Field Station,-2.5,0.518,Ordbeta,T0-T3,DIST,1,Oak Lake Field Station,age_repro,2.1989772112328003,Age at first reproduction,H2
Andropogon_gerardii,Andropogon_gerardii_Oak Lake Field Station,-2.5,0.518,Ordbeta,T0-T3,DIST,1,Oak Lake Field Station,percapita_repro,8.151920916772541,Per capita reproduction,H1
Andropogon_gerardii,Andropogon_gerardii_Temple,-2.437,0.416,Ordbeta,T0-T3,DIST,1,Temple,FirstStepAtt,0.3116481071355576,First step attenuation,H3
Andropogon_gerardii,Andropogon_gerardii_Temple,-2.437,0.416,Ordbeta,T0-T3,DIST,1,Temple,Lambda,1.5058732521698401,Population growth rate,H4
Andropogon_gerardii,Andropogon_gerardii_Temple,-2.437,0.416,Ordbeta,T0-T3,DIST,1,Temple,R0,2.443680378740669,Net reproductive rate,H1
Andropogon_gerardii,Andropogon_gerardii_Temple,-2.437,0.416,Ordbeta,T0-T3,DIST,1,Temple,Reactivity,6.099850854275642,Reactivity,H3
Andropogon_gerardii,Andropogon_gerardii_Temple,-2.437,0.416,Ordbeta,T0-T3,DIST,1,Temple,T_generation,2.0960825145363127,Generation time,H2
Andropogon_gerardii,Andropogon_gerardii_Temple,-2.437,0.416,Ordbeta,T0-T3,DIST,1,Temple,age_repro,2.1989772112328003,Age at first reproduction,H2
Andropogon_gerardii,Andropogon_gerardii_Temple,-2.437,0.416,Ordbeta,T0-T3,DIST,1,Temple,percapita_repro,8.151920916772541,Per capita reproduction,H1
Arenaria_serpyllifolia,Arenaria_serpyllifolia_Bad Lauchstaedt,-2.812,0.367,Ordbeta,T0-T3,DIST,1,Bad Lauchstaedt,FirstStepAtt,0.13426829798432044,First step attenuation,H3
Arenaria_serpyllifolia,Arenaria_serpyllifolia_Bad Lauchstaedt,-2.812,0.367,Ordbeta,T0-T3,DIST,1,Bad Lauchstaedt,Lambda,0.860684361881849,Population growth rate,H4
Arenaria_serpyllifolia,Arenaria_serpyllifolia_Bad Lauchstaedt,-2.812,0.367,Ordbeta,T0-T3,DIST,1,Bad Lauchstaedt,R0,1.8060863194427321,Net reproductive rate,H1
Arenaria_serpyllifolia,Arenaria_serpyllifolia_Bad Lauchstaedt,-2.812,0.367,Ordbeta,T0-T3,DIST,1,Bad Lauchstaedt,Reactivity,21.515885693564854,Reactivity,H3
Arenaria_serpyllifolia,Arenaria_serpyllifolia_Bad Lauchstaedt,-2.812,0.367,Ordbeta,T0-T3,DIST,1,Bad Lauchstaedt,T_generation,1.1925026183239507,Generation time,H2
Arenaria_serpyllifolia,Arenaria_serpyllifolia_Bad Lauchstaedt,-2.812,0.367,Ordbeta,T0-T3,DIST,1,Bad Lauchstaedt,age_repro,2.3096403543497828,Age at first reproduction,H2
Arenaria_serpyllifolia,Arenaria_serpyllifolia_Bad Lauchstaedt,-2.812,0.367,Ordbeta,T0-T3,DIST,1,Bad Lauchstaedt,percapita_repro,22.8957281875,Per capita reproduction,H1
Arenaria_serpyllifolia,Arenaria_serpyllifolia_Jena,-2.164,0.324,Ordbeta,T0-T3,DIST,1,Jena,FirstStepAtt,0.13426829798432044,First step attenuation,H3
Arenaria_serpyllifolia,Arenaria_serpyllifolia_Jena,-2.164,0.324,Ordbeta,T0-T3,DIST,1,Jena,Lambda,0.860684361881849,Population growth rate,H4
Arenaria_serpyllifolia,Arenaria_serpyllifolia_Jena,-2.164,0.324,Ordbeta,T0-T3,DIST,1,Jena,R0,1.8060863194427321,Net reproductive rate,H1
Arenaria_serpyllifolia,Arenaria_serpyllifolia_Jena,-2.164,0.324,Ordbeta,T0-T3,DIST,1,Jena,Reactivity,21.515885693564854,Reactivity,H3
Arenaria_serpyllifolia,Arenaria_serpyllifolia_Jena,-2.164,0.324,Ordbeta,T0-T3,DIST,1,Jena,T_generation,1.1925026183239507,Generation time,H2
Arenaria_serpyllifolia,Arenaria_serpyllifolia_Jena,-2.164,0.324,Ordbeta,T0-T3,DIST,1,Jena,age_repro,2.3096403543497828,Age at first reproduction,H2
Arenaria_serpyllifolia,Arenaria_serpyllifolia_Jena,-2.164,0.324,Ordbeta,T0-T3,DIST,1,Jena,percapita_repro,22.8957281875,Per capita reproduction,H1
Arenaria_serpyllifolia,Arenaria_serpyllifolia_Wytham Woods,-2.543,0.49,Ordbeta,T0-T3,DIST,1,Wytham Woods,FirstStepAtt,0.13426829798432044,First step attenuation,H3
Arenaria_serpyllifolia,Arenaria_serpyllifolia_Wytham Woods,-2.543,0.49,Ordbeta,T0-T3,DIST,1,Wytham Woods,Lambda,0.860684361881849,Population growth rate,H4
Arenaria_serpyllifolia,Arenaria_serpyllifolia_Wytham Woods,-2.543,0.49,Ordbeta,T0-T3,DIST,1,Wytham Woods,R0,1.8060863194427321,Net reproductive rate,H1
Arenaria_serpyllifolia,Arenaria_serpyllifolia_Wytham Woods,-2.543,0.49,Ordbeta,T0-T3,DIST,1,Wytham Woods,Reactivity,21.515885693564854,Reactivity,H3
Arenaria_serpyllifolia,Arenaria_serpyllifolia_Wytham Woods,-2.543,0.49,Ordbeta,T0-T3,DIST,1,Wytham Woods,T_generation,1.1925026183239507,Generation time,H2
Arenaria_serpyllifolia,Arenaria_serpyllifolia_Wytham Woods,-2.543,0.49,Ordbeta,T0-T3,DIST,1,Wytham Woods,age_repro,2.3096403543497828,Age at first reproduction,H2
Arenaria_serpyllifolia,Arenaria_serpyllifolia_Wytham Woods,-2.543,0.49,Ordbeta,T0-T3,DIST,1,Wytham Woods,percapita_repro,22.8957281875,Per capita reproduction,H1
Armeria_maritima,Armeria_maritima_Potrok Aike,-2.833,0.345,Ordbeta,T0-T3,DIST,1,Potrok Aike,FirstStepAtt,0.10630681626910626,First step attenuation,H3
Armeria_maritima,Armeria_maritima_Potrok Aike,-2.833,0.345,Ordbeta,T0-T3,DIST,1,Potrok Aike,Lambda,1.4580438530642406,Population growth rate,H4
Armeria_maritima,Armeria_maritima_Potrok Aike,-2.833,0.345,Ordbeta,T0-T3,DIST,1,Potrok Aike,R0,85.20700476884507,Net reproductive rate,H1
Armeria_maritima,Armeria_maritima_Potrok Aike,-2.833,0.345,Ordbeta,T0-T3,DIST,1,Potrok Aike,Reactivity,243.66070969221192,Reactivity,H3
Armeria_maritima,Armeria_maritima_Potrok Aike,-2.833,0.345,Ordbeta,T0-T3,DIST,1,Potrok Aike,T_generation,8.162938838891863,Generation time,H2
Armeria_maritima,Armeria_maritima_Potrok Aike,-2.833,0.345,Ordbeta,T0-T3,DIST,1,Potrok Aike,age_repro,4.597444089456871,Age at first reproduction,H2
Armeria_maritima,Armeria_maritima_Potrok Aike,-2.833,0.345,Ordbeta,T0-T3,DIST,1,Potrok Aike,percapita_repro,37.236222855051835,Per capita reproduction,H1
Centaurea_jacea,Centaurea_jacea_Agroscope Changins,-2.792,0.285,Ordbeta,T0-T3,DIST,1,Agroscope Changins,FirstStepAtt,0.5628538515110156,First step attenuation,H3
Centaurea_jacea,Centaurea_jacea_Agroscope Changins,-2.792,0.285,Ordbeta,T0-T3,DIST,1,Agroscope Changins,Lambda,0.9157150879324937,Population growth rate,H4
Centaurea_jacea,Centaurea_jacea_Agroscope Changins,-2.792,0.285,Ordbeta,T0-T3,DIST,1,Agroscope Changins,R0,0.04342014145873782,Net reproductive rate,H1
Centaurea_jacea,Centaurea_jacea_Agroscope Changins,-2.792,0.285,Ordbeta,T0-T3,DIST,1,Agroscope Changins,Reactivity,1.5281791960385789,Reactivity,H3
Centaurea_jacea,Centaurea_jacea_Agroscope Changins,-2.792,0.285,Ordbeta,T0-T3,DIST,1,Agroscope Changins,T_generation,24.967550315740162,Generation time,H2
Centaurea_jacea,Centaurea_jacea_Agroscope Changins,-2.792,0.285,Ordbeta,T0-T3,DIST,1,Agroscope Changins,age_repro,5.189279856148214,Age at first reproduction,H2
Centaurea_jacea,Centaurea_jacea_Agroscope Changins,-2.792,0.285,Ordbeta,T0-T3,DIST,1,Agroscope Changins,percapita_repro,0.194462,Per capita reproduction,H1
Centaurea_jacea,Centaurea_jacea_Bayreuth DRAGNet,-2.517,0.285,Ordbeta,T0-T3,DIST,1,Bayreuth DRAGNet,FirstStepAtt,0.5628538515110156,First step attenuation,H3
Centaurea_jacea,Centaurea_jacea_Bayreuth DRAGNet,-2.517,0.285,Ordbeta,T0-T3,DIST,1,Bayreuth DRAGNet,Lambda,0.9157150879324937,Population growth rate,H4
Centaurea_jacea,Centaurea_jacea_Bayreuth DRAGNet,-2.517,0.285,Ordbeta,T0-T3,DIST,1,Bayreuth DRAGNet,R0,0.04342014145873782,Net reproductive rate,H1
Centaurea_jacea,Centaurea_jacea_Bayreuth DRAGNet,-2.517,0.285,Ordbeta,T0-T3,DIST,1,Bayreuth DRAGNet,Reactivity,1.5281791960385789,Reactivity,H3
Centaurea_jacea,Centaurea_jacea_Bayreuth DRAGNet,-2.517,0.285,Ordbeta,T0-T3,DIST,1,Bayreuth DRAGNet,T_generation,24.967550315740162,Generation time,H2
Centaurea_jacea,Centaurea_jacea_Bayreuth DRAGNet,-2.517,0.285,Ordbeta,T0-T3,DIST,1,Bayreuth DRAGNet,age_repro,5.189279856148214,Age at first reproduction,H2
Centaurea_jacea,Centaurea_jacea_Bayreuth DRAGNet,-2.517,0.285,Ordbeta,T0-T3,DIST,1,Bayreuth DRAGNet,percapita_repro,0.194462,Per capita reproduction,H1
Cerastium_fontanum,Cerastium_fontanum_Agroscope Changins,-2.77,0.233,Ordbeta,T0-T3,DIST,1,Agroscope Changins,FirstStepAtt,0.06747272390385081,First step attenuation,H3
Cerastium_fontanum,Cerastium_fontanum_Agroscope Changins,-2.77,0.233,Ordbeta,T0-T3,DIST,1,Agroscope Changins,Lambda,NA,Population growth rate,H4
Cerastium_fontanum,Cerastium_fontanum_Agroscope Changins,-2.77,0.233,Ordbeta,T0-T3,DIST,1,Agroscope Changins,R0,4.565200000000001,Net reproductive rate,H1
Cerastium_fontanum,Cerastium_fontanum_Agroscope Changins,-2.77,0.233,Ordbeta,T0-T3,DIST,1,Agroscope Changins,Reactivity,20.64082530586905,Reactivity,H3
Cerastium_fontanum,Cerastium_fontanum_Agroscope Changins,-2.77,0.233,Ordbeta,T0-T3,DIST,1,Agroscope Changins,T_generation,1.005061672121481,Generation time,H2
Cerastium_fontanum,Cerastium_fontanum_Agroscope Changins,-2.77,0.233,Ordbeta,T0-T3,DIST,1,Agroscope Changins,age_repro,2.428571428571429,Age at first reproduction,H2
Cerastium_fontanum,Cerastium_fontanum_Agroscope Changins,-2.77,0.233,Ordbeta,T0-T3,DIST,1,Agroscope Changins,percapita_repro,92.08,Per capita reproduction,H1
Cerastium_fontanum,Cerastium_fontanum_Bad Lauchstaedt,-2.565,0.409,Ordbeta,T0-T3,DIST,1,Bad Lauchstaedt,FirstStepAtt,0.06747272390385081,First step attenuation,H3
Cerastium_fontanum,Cerastium_fontanum_Bad Lauchstaedt,-2.565,0.409,Ordbeta,T0-T3,DIST,1,Bad Lauchstaedt,Lambda,NA,Population growth rate,H4
Cerastium_fontanum,Cerastium_fontanum_Bad Lauchstaedt,-2.565,0.409,Ordbeta,T0-T3,DIST,1,Bad Lauchstaedt,R0,4.565200000000001,Net reproductive rate,H1
Cerastium_fontanum,Cerastium_fontanum_Bad Lauchstaedt,-2.565,0.409,Ordbeta,T0-T3,DIST,1,Bad Lauchstaedt,Reactivity,20.64082530586905,Reactivity,H3
Cerastium_fontanum,Cerastium_fontanum_Bad Lauchstaedt,-2.565,0.409,Ordbeta,T0-T3,DIST,1,Bad Lauchstaedt,T_generation,1.005061672121481,Generation time,H2
Cerastium_fontanum,Cerastium_fontanum_Bad Lauchstaedt,-2.565,0.409,Ordbeta,T0-T3,DIST,1,Bad Lauchstaedt,age_repro,2.428571428571429,Age at first reproduction,H2
Cerastium_fontanum,Cerastium_fontanum_Bad Lauchstaedt,-2.565,0.409,Ordbeta,T0-T3,DIST,1,Bad Lauchstaedt,percapita_repro,92.08,Per capita reproduction,H1
Cerastium_fontanum,Cerastium_fontanum_Bayreuth DRAGNet,-2.375,0.373,Ordbeta,T0-T3,DIST,1,Bayreuth DRAGNet,FirstStepAtt,0.06747272390385081,First step attenuation,H3
Cerastium_fontanum,Cerastium_fontanum_Bayreuth DRAGNet,-2.375,0.373,Ordbeta,T0-T3,DIST,1,Bayreuth DRAGNet,Lambda,NA,Population growth rate,H4
Cerastium_fontanum,Cerastium_fontanum_Bayreuth DRAGNet,-2.375,0.373,Ordbeta,T0-T3,DIST,1,Bayreuth DRAGNet,R0,4.565200000000001,Net reproductive rate,H1
Cerastium_fontanum,Cerastium_fontanum_Bayreuth DRAGNet,-2.375,0.373,Ordbeta,T0-T3,DIST,1,Bayreuth DRAGNet,Reactivity,20.64082530586905,Reactivity,H3
Cerastium_fontanum,Cerastium_fontanum_Bayreuth DRAGNet,-2.375,0.373,Ordbeta,T0-T3,DIST,1,Bayreuth DRAGNet,T_generation,1.005061672121481,Generation time,H2
Cerastium_fontanum,Cerastium_fontanum_Bayreuth DRAGNet,-2.375,0.373,Ordbeta,T0-T3,DIST,1,Bayreuth DRAGNet,age_repro,2.428571428571429,Age at first reproduction,H2
Cerastium_fontanum,Cerastium_fontanum_Bayreuth DRAGNet,-2.375,0.373,Ordbeta,T0-T3,DIST,1,Bayreuth DRAGNet,percapita_repro,92.08,Per capita reproduction,H1
Cerastium_fontanum,Cerastium_fontanum_CEREEP - Ecotron IDF,-2.442,0.401,Ordbeta,T0-T3,DIST,1,CEREEP - Ecotron IDF,FirstStepAtt,0.06747272390385081,First step attenuation,H3
Cerastium_fontanum,Cerastium_fontanum_CEREEP - Ecotron IDF,-2.442,0.401,Ordbeta,T0-T3,DIST,1,CEREEP - Ecotron IDF,Lambda,NA,Population growth rate,H4
Cerastium_fontanum,Cerastium_fontanum_CEREEP - Ecotron IDF,-2.442,0.401,Ordbeta,T0-T3,DIST,1,CEREEP - Ecotron IDF,R0,4.565200000000001,Net reproductive rate,H1
Cerastium_fontanum,Cerastium_fontanum_CEREEP - Ecotron IDF,-2.442,0.401,Ordbeta,T0-T3,DIST,1,CEREEP - Ecotron IDF,Reactivity,20.64082530586905,Reactivity,H3
Cerastium_fontanum,Cerastium_fontanum_CEREEP - Ecotron IDF,-2.442,0.401,Ordbeta,T0-T3,DIST,1,CEREEP - Ecotron IDF,T_generation,1.005061672121481,Generation time,H2
Cerastium_fontanum,Cerastium_fontanum_CEREEP - Ecotron IDF,-2.442,0.401,Ordbeta,T0-T3,DIST,1,CEREEP - Ecotron IDF,age_repro,2.428571428571429,Age at first reproduction,H2
Cerastium_fontanum,Cerastium_fontanum_CEREEP - Ecotron IDF,-2.442,0.401,Ordbeta,T0-T3,DIST,1,CEREEP - Ecotron IDF,percapita_repro,92.08,Per capita reproduction,H1
Cerastium_fontanum,Cerastium_fontanum_Hazelrigg,-2.489,0.519,Ordbeta,T0-T3,DIST,1,Hazelrigg,FirstStepAtt,0.06747272390385081,First step attenuation,H3
Cerastium_fontanum,Cerastium_fontanum_Hazelrigg,-2.489,0.519,Ordbeta,T0-T3,DIST,1,Hazelrigg,Lambda,NA,Population growth rate,H4
Cerastium_fontanum,Cerastium_fontanum_Hazelrigg,-2.489,0.519,Ordbeta,T0-T3,DIST,1,Hazelrigg,R0,4.565200000000001,Net reproductive rate,H1
Cerastium_fontanum,Cerastium_fontanum_Hazelrigg,-2.489,0.519,Ordbeta,T0-T3,DIST,1,Hazelrigg,Reactivity,20.64082530586905,Reactivity,H3
Cerastium_fontanum,Cerastium_fontanum_Hazelrigg,-2.489,0.519,Ordbeta,T0-T3,DIST,1,Hazelrigg,T_generation,1.005061672121481,Generation time,H2
Cerastium_fontanum,Cerastium_fontanum_Hazelrigg,-2.489,0.519,Ordbeta,T0-T3,DIST,1,Hazelrigg,age_repro,2.428571428571429,Age at first reproduction,H2
Cerastium_fontanum,Cerastium_fontanum_Hazelrigg,-2.489,0.519,Ordbeta,T0-T3,DIST,1,Hazelrigg,percapita_repro,92.08,Per capita reproduction,H1
Cerastium_fontanum,Cerastium_fontanum_Jena,-1.732,0.326,Ordbeta,T0-T3,DIST,1,Jena,FirstStepAtt,0.06747272390385081,First step attenuation,H3
Cerastium_fontanum,Cerastium_fontanum_Jena,-1.732,0.326,Ordbeta,T0-T3,DIST,1,Jena,Lambda,NA,Population growth rate,H4
Cerastium_fontanum,Cerastium_fontanum_Jena,-1.732,0.326,Ordbeta,T0-T3,DIST,1,Jena,R0,4.565200000000001,Net reproductive rate,H1
Cerastium_fontanum,Cerastium_fontanum_Jena,-1.732,0.326,Ordbeta,T0-T3,DIST,1,Jena,Reactivity,20.64082530586905,Reactivity,H3
Cerastium_fontanum,Cerastium_fontanum_Jena,-1.732,0.326,Ordbeta,T0-T3,DIST,1,Jena,T_generation,1.005061672121481,Generation time,H2
Cerastium_fontanum,Cerastium_fontanum_Jena,-1.732,0.326,Ordbeta,T0-T3,DIST,1,Jena,age_repro,2.428571428571429,Age at first reproduction,H2
Cerastium_fontanum,Cerastium_fontanum_Jena,-1.732,0.326,Ordbeta,T0-T3,DIST,1,Jena,percapita_repro,92.08,Per capita reproduction,H1
Cerastium_fontanum,Cerastium_fontanum_Kellogg Biological Station (KBS),-2.729,0.466,Ordbeta,T0-T3,DIST,1,Kellogg Biological Station (KBS),FirstStepAtt,0.06747272390385081,First step attenuation,H3
Cerastium_fontanum,Cerastium_fontanum_Kellogg Biological Station (KBS),-2.729,0.466,Ordbeta,T0-T3,DIST,1,Kellogg Biological Station (KBS),Lambda,NA,Population growth rate,H4
Cerastium_fontanum,Cerastium_fontanum_Kellogg Biological Station (KBS),-2.729,0.466,Ordbeta,T0-T3,DIST,1,Kellogg Biological Station (KBS),R0,4.565200000000001,Net reproductive rate,H1
Cerastium_fontanum,Cerastium_fontanum_Kellogg Biological Station (KBS),-2.729,0.466,Ordbeta,T0-T3,DIST,1,Kellogg Biological Station (KBS),Reactivity,20.64082530586905,Reactivity,H3
Cerastium_fontanum,Cerastium_fontanum_Kellogg Biological Station (KBS),-2.729,0.466,Ordbeta,T0-T3,DIST,1,Kellogg Biological Station (KBS),T_generation,1.005061672121481,Generation time,H2
Cerastium_fontanum,Cerastium_fontanum_Kellogg Biological Station (KBS),-2.729,0.466,Ordbeta,T0-T3,DIST,1,Kellogg Biological Station (KBS),age_repro,2.428571428571429,Age at first reproduction,H2
Cerastium_fontanum,Cerastium_fontanum_Kellogg Biological Station (KBS),-2.729,0.466,Ordbeta,T0-T3,DIST,1,Kellogg Biological Station (KBS),percapita_repro,92.08,Per capita reproduction,H1
Cerastium_fontanum,Cerastium_fontanum_Lublin,-2.489,0.519,Ordbeta,T0-T3,DIST,1,Lublin,FirstStepAtt,0.06747272390385081,First step attenuation,H3
Cerastium_fontanum,Cerastium_fontanum_Lublin,-2.489,0.519,Ordbeta,T0-T3,DIST,1,Lublin,Lambda,NA,Population growth rate,H4
Cerastium_fontanum,Cerastium_fontanum_Lublin,-2.489,0.519,Ordbeta,T0-T3,DIST,1,Lublin,R0,4.565200000000001,Net reproductive rate,H1
Cerastium_fontanum,Cerastium_fontanum_Lublin,-2.489,0.519,Ordbeta,T0-T3,DIST,1,Lublin,Reactivity,20.64082530586905,Reactivity,H3
Cerastium_fontanum,Cerastium_fontanum_Lublin,-2.489,0.519,Ordbeta,T0-T3,DIST,1,Lublin,T_generation,1.005061672121481,Generation time,H2
Cerastium_fontanum,Cerastium_fontanum_Lublin,-2.489,0.519,Ordbeta,T0-T3,DIST,1,Lublin,age_repro,2.428571428571429,Age at first reproduction,H2
Cerastium_fontanum,Cerastium_fontanum_Lublin,-2.489,0.519,Ordbeta,T0-T3,DIST,1,Lublin,percapita_repro,92.08,Per capita reproduction,H1
Cerastium_fontanum,Cerastium_fontanum_Stoderzinken,-2.535,0.395,Ordbeta,T0-T3,DIST,1,Stoderzinken,FirstStepAtt,0.06747272390385081,First step attenuation,H3
Cerastium_fontanum,Cerastium_fontanum_Stoderzinken,-2.535,0.395,Ordbeta,T0-T3,DIST,1,Stoderzinken,Lambda,NA,Population growth rate,H4
Cerastium_fontanum,Cerastium_fontanum_Stoderzinken,-2.535,0.395,Ordbeta,T0-T3,DIST,1,Stoderzinken,R0,4.565200000000001,Net reproductive rate,H1
Cerastium_fontanum,Cerastium_fontanum_Stoderzinken,-2.535,0.395,Ordbeta,T0-T3,DIST,1,Stoderzinken,Reactivity,20.64082530586905,Reactivity,H3
Cerastium_fontanum,Cerastium_fontanum_Stoderzinken,-2.535,0.395,Ordbeta,T0-T3,DIST,1,Stoderzinken,T_generation,1.005061672121481,Generation time,H2
Cerastium_fontanum,Cerastium_fontanum_Stoderzinken,-2.535,0.395,Ordbeta,T0-T3,DIST,1,Stoderzinken,age_repro,2.428571428571429,Age at first reproduction,H2
Cerastium_fontanum,Cerastium_fontanum_Stoderzinken,-2.535,0.395,Ordbeta,T0-T3,DIST,1,Stoderzinken,percapita_repro,92.08,Per capita reproduction,H1
Cerastium_fontanum,Cerastium_fontanum_Wytham Woods,-2.595,0.238,Ordbeta,T0-T3,DIST,1,Wytham Woods,FirstStepAtt,0.06747272390385081,First step attenuation,H3
Cerastium_fontanum,Cerastium_fontanum_Wytham Woods,-2.595,0.238,Ordbeta,T0-T3,DIST,1,Wytham Woods,Lambda,NA,Population growth rate,H4
Cerastium_fontanum,Cerastium_fontanum_Wytham Woods,-2.595,0.238,Ordbeta,T0-T3,DIST,1,Wytham Woods,R0,4.565200000000001,Net reproductive rate,H1
Cerastium_fontanum,Cerastium_fontanum_Wytham Woods,-2.595,0.238,Ordbeta,T0-T3,DIST,1,Wytham Woods,Reactivity,20.64082530586905,Reactivity,H3
Cerastium_fontanum,Cerastium_fontanum_Wytham Woods,-2.595,0.238,Ordbeta,T0-T3,DIST,1,Wytham Woods,T_generation,1.005061672121481,Generation time,H2
Cerastium_fontanum,Cerastium_fontanum_Wytham Woods,-2.595,0.238,Ordbeta,T0-T3,DIST,1,Wytham Woods,age_repro,2.428571428571429,Age at first reproduction,H2
Cerastium_fontanum,Cerastium_fontanum_Wytham Woods,-2.595,0.238,Ordbeta,T0-T3,DIST,1,Wytham Woods,percapita_repro,92.08,Per capita reproduction,H1
Cirsium_arvense,Cirsium_arvense_Bad Lauchstaedt,-2.2,0.267,Ordbeta,T0-T3,DIST,1,Bad Lauchstaedt,FirstStepAtt,0.03582886143808612,First step attenuation,H3
Cirsium_arvense,Cirsium_arvense_Bad Lauchstaedt,-2.2,0.267,Ordbeta,T0-T3,DIST,1,Bad Lauchstaedt,Lambda,NA,Population growth rate,H4
Cirsium_arvense,Cirsium_arvense_Bad Lauchstaedt,-2.2,0.267,Ordbeta,T0-T3,DIST,1,Bad Lauchstaedt,R0,25.252242926155972,Net reproductive rate,H1
Cirsium_arvense,Cirsium_arvense_Bad Lauchstaedt,-2.2,0.267,Ordbeta,T0-T3,DIST,1,Bad Lauchstaedt,Reactivity,58.34730085192325,Reactivity,H3
Cirsium_arvense,Cirsium_arvense_Bad Lauchstaedt,-2.2,0.267,Ordbeta,T0-T3,DIST,1,Bad Lauchstaedt,T_generation,2.1605465557061296,Generation time,H2
Cirsium_arvense,Cirsium_arvense_Bad Lauchstaedt,-2.2,0.267,Ordbeta,T0-T3,DIST,1,Bad Lauchstaedt,age_repro,3.1980676328502415,Age at first reproduction,H2
Cirsium_arvense,Cirsium_arvense_Bad Lauchstaedt,-2.2,0.267,Ordbeta,T0-T3,DIST,1,Bad Lauchstaedt,percapita_repro,227.69000000000003,Per capita reproduction,H1
Cirsium_arvense,Cirsium_arvense_Blandy Experimental Farm,-1.221,0.378,Ordbeta,T0-T3,DIST,1,Blandy Experimental Farm,FirstStepAtt,0.03582886143808612,First step attenuation,H3
Cirsium_arvense,Cirsium_arvense_Blandy Experimental Farm,-1.221,0.378,Ordbeta,T0-T3,DIST,1,Blandy Experimental Farm,Lambda,NA,Population growth rate,H4
Cirsium_arvense,Cirsium_arvense_Blandy Experimental Farm,-1.221,0.378,Ordbeta,T0-T3,DIST,1,Blandy Experimental Farm,R0,25.252242926155972,Net reproductive rate,H1
Cirsium_arvense,Cirsium_arvense_Blandy Experimental Farm,-1.221,0.378,Ordbeta,T0-T3,DIST,1,Blandy Experimental Farm,Reactivity,58.34730085192325,Reactivity,H3
Cirsium_arvense,Cirsium_arvense_Blandy Experimental Farm,-1.221,0.378,Ordbeta,T0-T3,DIST,1,Blandy Experimental Farm,T_generation,2.1605465557061296,Generation time,H2
Cirsium_arvense,Cirsium_arvense_Blandy Experimental Farm,-1.221,0.378,Ordbeta,T0-T3,DIST,1,Blandy Experimental Farm,age_repro,3.1980676328502415,Age at first reproduction,H2
Cirsium_arvense,Cirsium_arvense_Blandy Experimental Farm,-1.221,0.378,Ordbeta,T0-T3,DIST,1,Blandy Experimental Farm,percapita_repro,227.69000000000003,Per capita reproduction,H1
Cirsium_arvense,Cirsium_arvense_Hazelrigg,-2.351,0.368,Ordbeta,T0-T3,DIST,1,Hazelrigg,FirstStepAtt,0.03582886143808612,First step attenuation,H3
Cirsium_arvense,Cirsium_arvense_Hazelrigg,-2.351,0.368,Ordbeta,T0-T3,DIST,1,Hazelrigg,Lambda,NA,Population growth rate,H4
Cirsium_arvense,Cirsium_arvense_Hazelrigg,-2.351,0.368,Ordbeta,T0-T3,DIST,1,Hazelrigg,R0,25.252242926155972,Net reproductive rate,H1
Cirsium_arvense,Cirsium_arvense_Hazelrigg,-2.351,0.368,Ordbeta,T0-T3,DIST,1,Hazelrigg,Reactivity,58.34730085192325,Reactivity,H3
Cirsium_arvense,Cirsium_arvense_Hazelrigg,-2.351,0.368,Ordbeta,T0-T3,DIST,1,Hazelrigg,T_generation,2.1605465557061296,Generation time,H2
Cirsium_arvense,Cirsium_arvense_Hazelrigg,-2.351,0.368,Ordbeta,T0-T3,DIST,1,Hazelrigg,age_repro,3.1980676328502415,Age at first reproduction,H2
Cirsium_arvense,Cirsium_arvense_Hazelrigg,-2.351,0.368,Ordbeta,T0-T3,DIST,1,Hazelrigg,percapita_repro,227.69000000000003,Per capita reproduction,H1
Cirsium_arvense,Cirsium_arvense_Jena,-2.054,0.574,Ordbeta,T0-T3,DIST,1,Jena,FirstStepAtt,0.03582886143808612,First step attenuation,H3
Cirsium_arvense,Cirsium_arvense_Jena,-2.054,0.574,Ordbeta,T0-T3,DIST,1,Jena,Lambda,NA,Population growth rate,H4
Cirsium_arvense,Cirsium_arvense_Jena,-2.054,0.574,Ordbeta,T0-T3,DIST,1,Jena,R0,25.252242926155972,Net reproductive rate,H1
Cirsium_arvense,Cirsium_arvense_Jena,-2.054,0.574,Ordbeta,T0-T3,DIST,1,Jena,Reactivity,58.34730085192325,Reactivity,H3
Cirsium_arvense,Cirsium_arvense_Jena,-2.054,0.574,Ordbeta,T0-T3,DIST,1,Jena,T_generation,2.1605465557061296,Generation time,H2
Cirsium_arvense,Cirsium_arvense_Jena,-2.054,0.574,Ordbeta,T0-T3,DIST,1,Jena,age_repro,3.1980676328502415,Age at first reproduction,H2
Cirsium_arvense,Cirsium_arvense_Jena,-2.054,0.574,Ordbeta,T0-T3,DIST,1,Jena,percapita_repro,227.69000000000003,Per capita reproduction,H1
Cirsium_arvense,Cirsium_arvense_Lublin,-2.027,0.419,Ordbeta,T0-T3,DIST,1,Lublin,FirstStepAtt,0.03582886143808612,First step attenuation,H3
Cirsium_arvense,Cirsium_arvense_Lublin,-2.027,0.419,Ordbeta,T0-T3,DIST,1,Lublin,Lambda,NA,Population growth rate,H4
Cirsium_arvense,Cirsium_arvense_Lublin,-2.027,0.419,Ordbeta,T0-T3,DIST,1,Lublin,R0,25.252242926155972,Net reproductive rate,H1
Cirsium_arvense,Cirsium_arvense_Lublin,-2.027,0.419,Ordbeta,T0-T3,DIST,1,Lublin,Reactivity,58.34730085192325,Reactivity,H3
Cirsium_arvense,Cirsium_arvense_Lublin,-2.027,0.419,Ordbeta,T0-T3,DIST,1,Lublin,T_generation,2.1605465557061296,Generation time,H2
Cirsium_arvense,Cirsium_arvense_Lublin,-2.027,0.419,Ordbeta,T0-T3,DIST,1,Lublin,age_repro,3.1980676328502415,Age at first reproduction,H2
Cirsium_arvense,Cirsium_arvense_Lublin,-2.027,0.419,Ordbeta,T0-T3,DIST,1,Lublin,percapita_repro,227.69000000000003,Per capita reproduction,H1
Cirsium_arvense,Cirsium_arvense_Oak Lake Field Station,-2.443,0.339,Ordbeta,T0-T3,DIST,1,Oak Lake Field Station,FirstStepAtt,0.03582886143808612,First step attenuation,H3
Cirsium_arvense,Cirsium_arvense_Oak Lake Field Station,-2.443,0.339,Ordbeta,T0-T3,DIST,1,Oak Lake Field Station,Lambda,NA,Population growth rate,H4
Cirsium_arvense,Cirsium_arvense_Oak Lake Field Station,-2.443,0.339,Ordbeta,T0-T3,DIST,1,Oak Lake Field Station,R0,25.252242926155972,Net reproductive rate,H1
Cirsium_arvense,Cirsium_arvense_Oak Lake Field Station,-2.443,0.339,Ordbeta,T0-T3,DIST,1,Oak Lake Field Station,Reactivity,58.34730085192325,Reactivity,H3
Cirsium_arvense,Cirsium_arvense_Oak Lake Field Station,-2.443,0.339,Ordbeta,T0-T3,DIST,1,Oak Lake Field Station,T_generation,2.1605465557061296,Generation time,H2
Cirsium_arvense,Cirsium_arvense_Oak Lake Field Station,-2.443,0.339,Ordbeta,T0-T3,DIST,1,Oak Lake Field Station,age_repro,3.1980676328502415,Age at first reproduction,H2
Cirsium_arvense,Cirsium_arvense_Oak Lake Field Station,-2.443,0.339,Ordbeta,T0-T3,DIST,1,Oak Lake Field Station,percapita_repro,227.69000000000003,Per capita reproduction,H1
Cirsium_palustre,Cirsium_palustre_Ainsdale Dune Slacks,-2.731,0.427,Ordbeta,T0-T3,DIST,1,Ainsdale Dune Slacks,FirstStepAtt,0.07529815241716949,First step attenuation,H3
Cirsium_palustre,Cirsium_palustre_Ainsdale Dune Slacks,-2.731,0.427,Ordbeta,T0-T3,DIST,1,Ainsdale Dune Slacks,Lambda,1.4428002172428838,Population growth rate,H4
Cirsium_palustre,Cirsium_palustre_Ainsdale Dune Slacks,-2.731,0.427,Ordbeta,T0-T3,DIST,1,Ainsdale Dune Slacks,R0,3.9765390918588195,Net reproductive rate,H1
Cirsium_palustre,Cirsium_palustre_Ainsdale Dune Slacks,-2.731,0.427,Ordbeta,T0-T3,DIST,1,Ainsdale Dune Slacks,Reactivity,135.40925764244574,Reactivity,H3
Cirsium_palustre,Cirsium_palustre_Ainsdale Dune Slacks,-2.731,0.427,Ordbeta,T0-T3,DIST,1,Ainsdale Dune Slacks,T_generation,3.4105738426838377,Generation time,H2
Cirsium_palustre,Cirsium_palustre_Ainsdale Dune Slacks,-2.731,0.427,Ordbeta,T0-T3,DIST,1,Ainsdale Dune Slacks,age_repro,4.644439392456942,Age at first reproduction,H2
Cirsium_palustre,Cirsium_palustre_Ainsdale Dune Slacks,-2.731,0.427,Ordbeta,T0-T3,DIST,1,Ainsdale Dune Slacks,percapita_repro,144.421424196392,Per capita reproduction,H1
Cirsium_vulgare,Cirsium_vulgare_Bad Lauchstaedt,-2.682,0.527,Ordbeta,T0-T3,DIST,1,Bad Lauchstaedt,FirstStepAtt,0.08162031038146667,First step attenuation,H3
Cirsium_vulgare,Cirsium_vulgare_Bad Lauchstaedt,-2.682,0.527,Ordbeta,T0-T3,DIST,1,Bad Lauchstaedt,Lambda,0.7844344795818798,Population growth rate,H4
Cirsium_vulgare,Cirsium_vulgare_Bad Lauchstaedt,-2.682,0.527,Ordbeta,T0-T3,DIST,1,Bad Lauchstaedt,R0,0.8195072926757908,Net reproductive rate,H1
Cirsium_vulgare,Cirsium_vulgare_Bad Lauchstaedt,-2.682,0.527,Ordbeta,T0-T3,DIST,1,Bad Lauchstaedt,Reactivity,59.024158645538215,Reactivity,H3
Cirsium_vulgare,Cirsium_vulgare_Bad Lauchstaedt,-2.682,0.527,Ordbeta,T0-T3,DIST,1,Bad Lauchstaedt,T_generation,7.14988746903825,Generation time,H2
Cirsium_vulgare,Cirsium_vulgare_Bad Lauchstaedt,-2.682,0.527,Ordbeta,T0-T3,DIST,1,Bad Lauchstaedt,age_repro,2.6409359478553704,Age at first reproduction,H2
Cirsium_vulgare,Cirsium_vulgare_Bad Lauchstaedt,-2.682,0.527,Ordbeta,T0-T3,DIST,1,Bad Lauchstaedt,percapita_repro,63.92145,Per capita reproduction,H1
Cirsium_vulgare,Cirsium_vulgare_Bayreuth DRAGNet,-2.615,0.536,Ordbeta,T0-T3,DIST,1,Bayreuth DRAGNet,FirstStepAtt,0.08162031038146667,First step attenuation,H3
Cirsium_vulgare,Cirsium_vulgare_Bayreuth DRAGNet,-2.615,0.536,Ordbeta,T0-T3,DIST,1,Bayreuth DRAGNet,Lambda,0.7844344795818798,Population growth rate,H4
Cirsium_vulgare,Cirsium_vulgare_Bayreuth DRAGNet,-2.615,0.536,Ordbeta,T0-T3,DIST,1,Bayreuth DRAGNet,R0,0.8195072926757908,Net reproductive rate,H1
Cirsium_vulgare,Cirsium_vulgare_Bayreuth DRAGNet,-2.615,0.536,Ordbeta,T0-T3,DIST,1,Bayreuth DRAGNet,Reactivity,59.024158645538215,Reactivity,H3
Cirsium_vulgare,Cirsium_vulgare_Bayreuth DRAGNet,-2.615,0.536,Ordbeta,T0-T3,DIST,1,Bayreuth DRAGNet,T_generation,7.14988746903825,Generation time,H2
Cirsium_vulgare,Cirsium_vulgare_Bayreuth DRAGNet,-2.615,0.536,Ordbeta,T0-T3,DIST,1,Bayreuth DRAGNet,age_repro,2.6409359478553704,Age at first reproduction,H2
Cirsium_vulgare,Cirsium_vulgare_Bayreuth DRAGNet,-2.615,0.536,Ordbeta,T0-T3,DIST,1,Bayreuth DRAGNet,percapita_repro,63.92145,Per capita reproduction,H1
Cirsium_vulgare,Cirsium_vulgare_Cowichan,-2.416,0.403,Ordbeta,T0-T3,DIST,1,Cowichan,FirstStepAtt,0.08162031038146667,First step attenuation,H3
Cirsium_vulgare,Cirsium_vulgare_Cowichan,-2.416,0.403,Ordbeta,T0-T3,DIST,1,Cowichan,Lambda,0.7844344795818798,Population growth rate,H4
Cirsium_vulgare,Cirsium_vulgare_Cowichan,-2.416,0.403,Ordbeta,T0-T3,DIST,1,Cowichan,R0,0.8195072926757908,Net reproductive rate,H1
Cirsium_vulgare,Cirsium_vulgare_Cowichan,-2.416,0.403,Ordbeta,T0-T3,DIST,1,Cowichan,Reactivity,59.024158645538215,Reactivity,H3
Cirsium_vulgare,Cirsium_vulgare_Cowichan,-2.416,0.403,Ordbeta,T0-T3,DIST,1,Cowichan,T_generation,7.14988746903825,Generation time,H2
Cirsium_vulgare,Cirsium_vulgare_Cowichan,-2.416,0.403,Ordbeta,T0-T3,DIST,1,Cowichan,age_repro,2.6409359478553704,Age at first reproduction,H2
Cirsium_vulgare,Cirsium_vulgare_Cowichan,-2.416,0.403,Ordbeta,T0-T3,DIST,1,Cowichan,percapita_repro,63.92145,Per capita reproduction,H1
Cirsium_vulgare,Cirsium_vulgare_Ukulinga,-2.422,0.57,Ordbeta,T0-T3,DIST,1,Ukulinga,FirstStepAtt,0.08162031038146667,First step attenuation,H3
Cirsium_vulgare,Cirsium_vulgare_Ukulinga,-2.422,0.57,Ordbeta,T0-T3,DIST,1,Ukulinga,Lambda,0.7844344795818798,Population growth rate,H4
Cirsium_vulgare,Cirsium_vulgare_Ukulinga,-2.422,0.57,Ordbeta,T0-T3,DIST,1,Ukulinga,R0,0.8195072926757908,Net reproductive rate,H1
Cirsium_vulgare,Cirsium_vulgare_Ukulinga,-2.422,0.57,Ordbeta,T0-T3,DIST,1,Ukulinga,Reactivity,59.024158645538215,Reactivity,H3
Cirsium_vulgare,Cirsium_vulgare_Ukulinga,-2.422,0.57,Ordbeta,T0-T3,DIST,1,Ukulinga,T_generation,7.14988746903825,Generation time,H2
Cirsium_vulgare,Cirsium_vulgare_Ukulinga,-2.422,0.57,Ordbeta,T0-T3,DIST,1,Ukulinga,age_repro,2.6409359478553704,Age at first reproduction,H2
Cirsium_vulgare,Cirsium_vulgare_Ukulinga,-2.422,0.57,Ordbeta,T0-T3,DIST,1,Ukulinga,percapita_repro,63.92145,Per capita reproduction,H1
Cytisus_scoparius,Cytisus_scoparius_CEREEP - Ecotron IDF,-2.343,0.537,Ordbeta,T0-T3,DIST,1,CEREEP - Ecotron IDF,FirstStepAtt,0.3795191054277517,First step attenuation,H3
Cytisus_scoparius,Cytisus_scoparius_CEREEP - Ecotron IDF,-2.343,0.537,Ordbeta,T0-T3,DIST,1,CEREEP - Ecotron IDF,Lambda,1.213292465253893,Population growth rate,H4
Cytisus_scoparius,Cytisus_scoparius_CEREEP - Ecotron IDF,-2.343,0.537,Ordbeta,T0-T3,DIST,1,CEREEP - Ecotron IDF,R0,165.42888777388325,Net reproductive rate,H1
Cytisus_scoparius,Cytisus_scoparius_CEREEP - Ecotron IDF,-2.343,0.537,Ordbeta,T0-T3,DIST,1,CEREEP - Ecotron IDF,Reactivity,1813.0487036999689,Reactivity,H3
Cytisus_scoparius,Cytisus_scoparius_CEREEP - Ecotron IDF,-2.343,0.537,Ordbeta,T0-T3,DIST,1,CEREEP - Ecotron IDF,T_generation,15.508802660332345,Generation time,H2
Cytisus_scoparius,Cytisus_scoparius_CEREEP - Ecotron IDF,-2.343,0.537,Ordbeta,T0-T3,DIST,1,CEREEP - Ecotron IDF,age_repro,5.705020983020115,Age at first reproduction,H2
Cytisus_scoparius,Cytisus_scoparius_CEREEP - Ecotron IDF,-2.343,0.537,Ordbeta,T0-T3,DIST,1,CEREEP - Ecotron IDF,percapita_repro,536.9848833458216,Per capita reproduction,H1
Daucus_carota,Daucus_carota_Agroscope Changins,-2.514,0.295,Ordbeta,T0-T3,DIST,1,Agroscope Changins,FirstStepAtt,0.01758673530383129,First step attenuation,H3
Daucus_carota,Daucus_carota_Agroscope Changins,-2.514,0.295,Ordbeta,T0-T3,DIST,1,Agroscope Changins,Lambda,1.7161044748521754,Population growth rate,H4
Daucus_carota,Daucus_carota_Agroscope Changins,-2.514,0.295,Ordbeta,T0-T3,DIST,1,Agroscope Changins,R0,6.1698230778493,Net reproductive rate,H1
Daucus_carota,Daucus_carota_Agroscope Changins,-2.514,0.295,Ordbeta,T0-T3,DIST,1,Agroscope Changins,Reactivity,NA,Reactivity,H3
Daucus_carota,Daucus_carota_Agroscope Changins,-2.514,0.295,Ordbeta,T0-T3,DIST,1,Agroscope Changins,T_generation,3.286335771933298,Generation time,H2
Daucus_carota,Daucus_carota_Agroscope Changins,-2.514,0.295,Ordbeta,T0-T3,DIST,1,Agroscope Changins,age_repro,4.184020439472138,Age at first reproduction,H2
Daucus_carota,Daucus_carota_Agroscope Changins,-2.514,0.295,Ordbeta,T0-T3,DIST,1,Agroscope Changins,percapita_repro,NA,Per capita reproduction,H1
Daucus_carota,Daucus_carota_Bad Lauchstaedt,-2.42,0.418,Ordbeta,T0-T3,DIST,1,Bad Lauchstaedt,FirstStepAtt,0.01758673530383129,First step attenuation,H3
Daucus_carota,Daucus_carota_Bad Lauchstaedt,-2.42,0.418,Ordbeta,T0-T3,DIST,1,Bad Lauchstaedt,Lambda,1.7161044748521754,Population growth rate,H4
Daucus_carota,Daucus_carota_Bad Lauchstaedt,-2.42,0.418,Ordbeta,T0-T3,DIST,1,Bad Lauchstaedt,R0,6.1698230778493,Net reproductive rate,H1
Daucus_carota,Daucus_carota_Bad Lauchstaedt,-2.42,0.418,Ordbeta,T0-T3,DIST,1,Bad Lauchstaedt,Reactivity,NA,Reactivity,H3
Daucus_carota,Daucus_carota_Bad Lauchstaedt,-2.42,0.418,Ordbeta,T0-T3,DIST,1,Bad Lauchstaedt,T_generation,3.286335771933298,Generation time,H2
Daucus_carota,Daucus_carota_Bad Lauchstaedt,-2.42,0.418,Ordbeta,T0-T3,DIST,1,Bad Lauchstaedt,age_repro,4.184020439472138,Age at first reproduction,H2
Daucus_carota,Daucus_carota_Bad Lauchstaedt,-2.42,0.418,Ordbeta,T0-T3,DIST,1,Bad Lauchstaedt,percapita_repro,NA,Per capita reproduction,H1
Daucus_carota,Daucus_carota_CEREEP - Ecotron IDF,-1.715,0.333,Ordbeta,T0-T3,DIST,1,CEREEP - Ecotron IDF,FirstStepAtt,0.01758673530383129,First step attenuation,H3
Daucus_carota,Daucus_carota_CEREEP - Ecotron IDF,-1.715,0.333,Ordbeta,T0-T3,DIST,1,CEREEP - Ecotron IDF,Lambda,1.7161044748521754,Population growth rate,H4
Daucus_carota,Daucus_carota_CEREEP - Ecotron IDF,-1.715,0.333,Ordbeta,T0-T3,DIST,1,CEREEP - Ecotron IDF,R0,6.1698230778493,Net reproductive rate,H1
Daucus_carota,Daucus_carota_CEREEP - Ecotron IDF,-1.715,0.333,Ordbeta,T0-T3,DIST,1,CEREEP - Ecotron IDF,Reactivity,NA,Reactivity,H3
Daucus_carota,Daucus_carota_CEREEP - Ecotron IDF,-1.715,0.333,Ordbeta,T0-T3,DIST,1,CEREEP - Ecotron IDF,T_generation,3.286335771933298,Generation time,H2
Daucus_carota,Daucus_carota_CEREEP - Ecotron IDF,-1.715,0.333,Ordbeta,T0-T3,DIST,1,CEREEP - Ecotron IDF,age_repro,4.184020439472138,Age at first reproduction,H2
Daucus_carota,Daucus_carota_CEREEP - Ecotron IDF,-1.715,0.333,Ordbeta,T0-T3,DIST,1,CEREEP - Ecotron IDF,percapita_repro,NA,Per capita reproduction,H1
Daucus_carota,Daucus_carota_Churning Rapids,-2.092,0.474,Ordbeta,T0-T3,DIST,1,Churning Rapids,FirstStepAtt,0.01758673530383129,First step attenuation,H3
Daucus_carota,Daucus_carota_Churning Rapids,-2.092,0.474,Ordbeta,T0-T3,DIST,1,Churning Rapids,Lambda,1.7161044748521754,Population growth rate,H4
Daucus_carota,Daucus_carota_Churning Rapids,-2.092,0.474,Ordbeta,T0-T3,DIST,1,Churning Rapids,R0,6.1698230778493,Net reproductive rate,H1
Daucus_carota,Daucus_carota_Churning Rapids,-2.092,0.474,Ordbeta,T0-T3,DIST,1,Churning Rapids,Reactivity,NA,Reactivity,H3
Daucus_carota,Daucus_carota_Churning Rapids,-2.092,0.474,Ordbeta,T0-T3,DIST,1,Churning Rapids,T_generation,3.286335771933298,Generation time,H2
Daucus_carota,Daucus_carota_Churning Rapids,-2.092,0.474,Ordbeta,T0-T3,DIST,1,Churning Rapids,age_repro,4.184020439472138,Age at first reproduction,H2
Daucus_carota,Daucus_carota_Churning Rapids,-2.092,0.474,Ordbeta,T0-T3,DIST,1,Churning Rapids,percapita_repro,NA,Per capita reproduction,H1
Daucus_carota,Daucus_carota_Kellogg Biological Station (KBS),-2.504,0.331,Ordbeta,T0-T3,DIST,1,Kellogg Biological Station (KBS),FirstStepAtt,0.01758673530383129,First step attenuation,H3
Daucus_carota,Daucus_carota_Kellogg Biological Station (KBS),-2.504,0.331,Ordbeta,T0-T3,DIST,1,Kellogg Biological Station (KBS),Lambda,1.7161044748521754,Population growth rate,H4
Daucus_carota,Daucus_carota_Kellogg Biological Station (KBS),-2.504,0.331,Ordbeta,T0-T3,DIST,1,Kellogg Biological Station (KBS),R0,6.1698230778493,Net reproductive rate,H1
Daucus_carota,Daucus_carota_Kellogg Biological Station (KBS),-2.504,0.331,Ordbeta,T0-T3,DIST,1,Kellogg Biological Station (KBS),Reactivity,NA,Reactivity,H3
Daucus_carota,Daucus_carota_Kellogg Biological Station (KBS),-2.504,0.331,Ordbeta,T0-T3,DIST,1,Kellogg Biological Station (KBS),T_generation,3.286335771933298,Generation time,H2
Daucus_carota,Daucus_carota_Kellogg Biological Station (KBS),-2.504,0.331,Ordbeta,T0-T3,DIST,1,Kellogg Biological Station (KBS),age_repro,4.184020439472138,Age at first reproduction,H2
Daucus_carota,Daucus_carota_Kellogg Biological Station (KBS),-2.504,0.331,Ordbeta,T0-T3,DIST,1,Kellogg Biological Station (KBS),percapita_repro,NA,Per capita reproduction,H1
Daucus_carota,Daucus_carota_Kniezenberg,-2.489,0.519,Ordbeta,T0-T3,DIST,1,Kniezenberg,FirstStepAtt,0.01758673530383129,First step attenuation,H3
Daucus_carota,Daucus_carota_Kniezenberg,-2.489,0.519,Ordbeta,T0-T3,DIST,1,Kniezenberg,Lambda,1.7161044748521754,Population growth rate,H4
Daucus_carota,Daucus_carota_Kniezenberg,-2.489,0.519,Ordbeta,T0-T3,DIST,1,Kniezenberg,R0,6.1698230778493,Net reproductive rate,H1
Daucus_carota,Daucus_carota_Kniezenberg,-2.489,0.519,Ordbeta,T0-T3,DIST,1,Kniezenberg,Reactivity,NA,Reactivity,H3
Daucus_carota,Daucus_carota_Kniezenberg,-2.489,0.519,Ordbeta,T0-T3,DIST,1,Kniezenberg,T_generation,3.286335771933298,Generation time,H2
Daucus_carota,Daucus_carota_Kniezenberg,-2.489,0.519,Ordbeta,T0-T3,DIST,1,Kniezenberg,age_repro,4.184020439472138,Age at first reproduction,H2
Daucus_carota,Daucus_carota_Kniezenberg,-2.489,0.519,Ordbeta,T0-T3,DIST,1,Kniezenberg,percapita_repro,NA,Per capita reproduction,H1
Daucus_carota,Daucus_carota_Lublin,-2.169,0.413,Ordbeta,T0-T3,DIST,1,Lublin,FirstStepAtt,0.01758673530383129,First step attenuation,H3
Daucus_carota,Daucus_carota_Lublin,-2.169,0.413,Ordbeta,T0-T3,DIST,1,Lublin,Lambda,1.7161044748521754,Population growth rate,H4
Daucus_carota,Daucus_carota_Lublin,-2.169,0.413,Ordbeta,T0-T3,DIST,1,Lublin,R0,6.1698230778493,Net reproductive rate,H1
Daucus_carota,Daucus_carota_Lublin,-2.169,0.413,Ordbeta,T0-T3,DIST,1,Lublin,Reactivity,NA,Reactivity,H3
Daucus_carota,Daucus_carota_Lublin,-2.169,0.413,Ordbeta,T0-T3,DIST,1,Lublin,T_generation,3.286335771933298,Generation time,H2
Daucus_carota,Daucus_carota_Lublin,-2.169,0.413,Ordbeta,T0-T3,DIST,1,Lublin,age_repro,4.184020439472138,Age at first reproduction,H2
Daucus_carota,Daucus_carota_Lublin,-2.169,0.413,Ordbeta,T0-T3,DIST,1,Lublin,percapita_repro,NA,Per capita reproduction,H1
Echium_vulgare,Echium_vulgare_Algaida,-2.282,0.408,Ordbeta,T0-T3,DIST,1,Algaida,FirstStepAtt,0.22744924671374073,First step attenuation,H3
Echium_vulgare,Echium_vulgare_Algaida,-2.282,0.408,Ordbeta,T0-T3,DIST,1,Algaida,Lambda,1.5475980030086196,Population growth rate,H4
Echium_vulgare,Echium_vulgare_Algaida,-2.282,0.408,Ordbeta,T0-T3,DIST,1,Algaida,R0,4.969907712,Net reproductive rate,H1
Echium_vulgare,Echium_vulgare_Algaida,-2.282,0.408,Ordbeta,T0-T3,DIST,1,Algaida,Reactivity,26.21611033428946,Reactivity,H3
Echium_vulgare,Echium_vulgare_Algaida,-2.282,0.408,Ordbeta,T0-T3,DIST,1,Algaida,T_generation,3.622409834789642,Generation time,H2
Echium_vulgare,Echium_vulgare_Algaida,-2.282,0.408,Ordbeta,T0-T3,DIST,1,Algaida,age_repro,3.718390804597701,Age at first reproduction,H2
Echium_vulgare,Echium_vulgare_Algaida,-2.282,0.408,Ordbeta,T0-T3,DIST,1,Algaida,percapita_repro,40.572,Per capita reproduction,H1
Elymus_repens,Elymus_repens_Agroscope Changins,-2.523,0.55,Ordbeta,T0-T3,DIST,1,Agroscope Changins,FirstStepAtt,3.047385171708314e-9,First step attenuation,H3
Elymus_repens,Elymus_repens_Agroscope Changins,-2.523,0.55,Ordbeta,T0-T3,DIST,1,Agroscope Changins,Lambda,NA,Population growth rate,H4
Elymus_repens,Elymus_repens_Agroscope Changins,-2.523,0.55,Ordbeta,T0-T3,DIST,1,Agroscope Changins,R0,74.20285511581929,Net reproductive rate,H1
Elymus_repens,Elymus_repens_Agroscope Changins,-2.523,0.55,Ordbeta,T0-T3,DIST,1,Agroscope Changins,Reactivity,NA,Reactivity,H3
Elymus_repens,Elymus_repens_Agroscope Changins,-2.523,0.55,Ordbeta,T0-T3,DIST,1,Agroscope Changins,T_generation,1.007744366082548,Generation time,H2
Elymus_repens,Elymus_repens_Agroscope Changins,-2.523,0.55,Ordbeta,T0-T3,DIST,1,Agroscope Changins,age_repro,1,Age at first reproduction,H2
Elymus_repens,Elymus_repens_Agroscope Changins,-2.523,0.55,Ordbeta,T0-T3,DIST,1,Agroscope Changins,percapita_repro,0.00320816967645402,Per capita reproduction,H1
Elymus_repens,Elymus_repens_Bad Lauchstaedt,-2.278,0.527,Ordbeta,T0-T3,DIST,1,Bad Lauchstaedt,FirstStepAtt,3.047385171708314e-9,First step attenuation,H3
Elymus_repens,Elymus_repens_Bad Lauchstaedt,-2.278,0.527,Ordbeta,T0-T3,DIST,1,Bad Lauchstaedt,Lambda,NA,Population growth rate,H4
Elymus_repens,Elymus_repens_Bad Lauchstaedt,-2.278,0.527,Ordbeta,T0-T3,DIST,1,Bad Lauchstaedt,R0,74.20285511581929,Net reproductive rate,H1
Elymus_repens,Elymus_repens_Bad Lauchstaedt,-2.278,0.527,Ordbeta,T0-T3,DIST,1,Bad Lauchstaedt,Reactivity,NA,Reactivity,H3
Elymus_repens,Elymus_repens_Bad Lauchstaedt,-2.278,0.527,Ordbeta,T0-T3,DIST,1,Bad Lauchstaedt,T_generation,1.007744366082548,Generation time,H2
Elymus_repens,Elymus_repens_Bad Lauchstaedt,-2.278,0.527,Ordbeta,T0-T3,DIST,1,Bad Lauchstaedt,age_repro,1,Age at first reproduction,H2
Elymus_repens,Elymus_repens_Bad Lauchstaedt,-2.278,0.527,Ordbeta,T0-T3,DIST,1,Bad Lauchstaedt,percapita_repro,0.00320816967645402,Per capita reproduction,H1
Elymus_repens,Elymus_repens_Cary IES,-2.214,0.373,Ordbeta,T0-T3,DIST,1,Cary IES,FirstStepAtt,3.047385171708314e-9,First step attenuation,H3
Elymus_repens,Elymus_repens_Cary IES,-2.214,0.373,Ordbeta,T0-T3,DIST,1,Cary IES,Lambda,NA,Population growth rate,H4
Elymus_repens,Elymus_repens_Cary IES,-2.214,0.373,Ordbeta,T0-T3,DIST,1,Cary IES,R0,74.20285511581929,Net reproductive rate,H1
Elymus_repens,Elymus_repens_Cary IES,-2.214,0.373,Ordbeta,T0-T3,DIST,1,Cary IES,Reactivity,NA,Reactivity,H3
Elymus_repens,Elymus_repens_Cary IES,-2.214,0.373,Ordbeta,T0-T3,DIST,1,Cary IES,T_generation,1.007744366082548,Generation time,H2
Elymus_repens,Elymus_repens_Cary IES,-2.214,0.373,Ordbeta,T0-T3,DIST,1,Cary IES,age_repro,1,Age at first reproduction,H2
Elymus_repens,Elymus_repens_Cary IES,-2.214,0.373,Ordbeta,T0-T3,DIST,1,Cary IES,percapita_repro,0.00320816967645402,Per capita reproduction,H1
Elymus_repens,Elymus_repens_Cedar Creek LTER,-1.528,0.325,Ordbeta,T0-T3,DIST,1,Cedar Creek LTER,FirstStepAtt,3.047385171708314e-9,First step attenuation,H3
Elymus_repens,Elymus_repens_Cedar Creek LTER,-1.528,0.325,Ordbeta,T0-T3,DIST,1,Cedar Creek LTER,Lambda,NA,Population growth rate,H4
Elymus_repens,Elymus_repens_Cedar Creek LTER,-1.528,0.325,Ordbeta,T0-T3,DIST,1,Cedar Creek LTER,R0,74.20285511581929,Net reproductive rate,H1
Elymus_repens,Elymus_repens_Cedar Creek LTER,-1.528,0.325,Ordbeta,T0-T3,DIST,1,Cedar Creek LTER,Reactivity,NA,Reactivity,H3
Elymus_repens,Elymus_repens_Cedar Creek LTER,-1.528,0.325,Ordbeta,T0-T3,DIST,1,Cedar Creek LTER,T_generation,1.007744366082548,Generation time,H2
Elymus_repens,Elymus_repens_Cedar Creek LTER,-1.528,0.325,Ordbeta,T0-T3,DIST,1,Cedar Creek LTER,age_repro,1,Age at first reproduction,H2
Elymus_repens,Elymus_repens_Cedar Creek LTER,-1.528,0.325,Ordbeta,T0-T3,DIST,1,Cedar Creek LTER,percapita_repro,0.00320816967645402,Per capita reproduction,H1
Elymus_repens,Elymus_repens_Jena,-2.519,0.363,Ordbeta,T0-T3,DIST,1,Jena,FirstStepAtt,3.047385171708314e-9,First step attenuation,H3
Elymus_repens,Elymus_repens_Jena,-2.519,0.363,Ordbeta,T0-T3,DIST,1,Jena,Lambda,NA,Population growth rate,H4
Elymus_repens,Elymus_repens_Jena,-2.519,0.363,Ordbeta,T0-T3,DIST,1,Jena,R0,74.20285511581929,Net reproductive rate,H1
Elymus_repens,Elymus_repens_Jena,-2.519,0.363,Ordbeta,T0-T3,DIST,1,Jena,Reactivity,NA,Reactivity,H3
Elymus_repens,Elymus_repens_Jena,-2.519,0.363,Ordbeta,T0-T3,DIST,1,Jena,T_generation,1.007744366082548,Generation time,H2
Elymus_repens,Elymus_repens_Jena,-2.519,0.363,Ordbeta,T0-T3,DIST,1,Jena,age_repro,1,Age at first reproduction,H2
Elymus_repens,Elymus_repens_Jena,-2.519,0.363,Ordbeta,T0-T3,DIST,1,Jena,percapita_repro,0.00320816967645402,Per capita reproduction,H1
Elymus_repens,Elymus_repens_Kellogg Biological Station (KBS),-2.551,0.543,Ordbeta,T0-T3,DIST,1,Kellogg Biological Station (KBS),FirstStepAtt,3.047385171708314e-9,First step attenuation,H3
Elymus_repens,Elymus_repens_Kellogg Biological Station (KBS),-2.551,0.543,Ordbeta,T0-T3,DIST,1,Kellogg Biological Station (KBS),Lambda,NA,Population growth rate,H4
Elymus_repens,Elymus_repens_Kellogg Biological Station (KBS),-2.551,0.543,Ordbeta,T0-T3,DIST,1,Kellogg Biological Station (KBS),R0,74.20285511581929,Net reproductive rate,H1
Elymus_repens,Elymus_repens_Kellogg Biological Station (KBS),-2.551,0.543,Ordbeta,T0-T3,DIST,1,Kellogg Biological Station (KBS),Reactivity,NA,Reactivity,H3
Elymus_repens,Elymus_repens_Kellogg Biological Station (KBS),-2.551,0.543,Ordbeta,T0-T3,DIST,1,Kellogg Biological Station (KBS),T_generation,1.007744366082548,Generation time,H2
Elymus_repens,Elymus_repens_Kellogg Biological Station (KBS),-2.551,0.543,Ordbeta,T0-T3,DIST,1,Kellogg Biological Station (KBS),age_repro,1,Age at first reproduction,H2
Elymus_repens,Elymus_repens_Kellogg Biological Station (KBS),-2.551,0.543,Ordbeta,T0-T3,DIST,1,Kellogg Biological Station (KBS),percapita_repro,0.00320816967645402,Per capita reproduction,H1
Elymus_repens,Elymus_repens_Lublin,-1.732,0.326,Ordbeta,T0-T3,DIST,1,Lublin,FirstStepAtt,3.047385171708314e-9,First step attenuation,H3
Elymus_repens,Elymus_repens_Lublin,-1.732,0.326,Ordbeta,T0-T3,DIST,1,Lublin,Lambda,NA,Population growth rate,H4
Elymus_repens,Elymus_repens_Lublin,-1.732,0.326,Ordbeta,T0-T3,DIST,1,Lublin,R0,74.20285511581929,Net reproductive rate,H1
Elymus_repens,Elymus_repens_Lublin,-1.732,0.326,Ordbeta,T0-T3,DIST,1,Lublin,Reactivity,NA,Reactivity,H3
Elymus_repens,Elymus_repens_Lublin,-1.732,0.326,Ordbeta,T0-T3,DIST,1,Lublin,T_generation,1.007744366082548,Generation time,H2
Elymus_repens,Elymus_repens_Lublin,-1.732,0.326,Ordbeta,T0-T3,DIST,1,Lublin,age_repro,1,Age at first reproduction,H2
Elymus_repens,Elymus_repens_Lublin,-1.732,0.326,Ordbeta,T0-T3,DIST,1,Lublin,percapita_repro,0.00320816967645402,Per capita reproduction,H1
Erigeron_canadensis,Erigeron_canadensis_CEREEP - Ecotron IDF,-2.036,0.484,Ordbeta,T0-T3,DIST,1,CEREEP - Ecotron IDF,FirstStepAtt,0.05008482463146319,First step attenuation,H3
Erigeron_canadensis,Erigeron_canadensis_CEREEP - Ecotron IDF,-2.036,0.484,Ordbeta,T0-T3,DIST,1,CEREEP - Ecotron IDF,Lambda,NA,Population growth rate,H4
Erigeron_canadensis,Erigeron_canadensis_CEREEP - Ecotron IDF,-2.036,0.484,Ordbeta,T0-T3,DIST,1,CEREEP - Ecotron IDF,R0,15.649250374812592,Net reproductive rate,H1
Erigeron_canadensis,Erigeron_canadensis_CEREEP - Ecotron IDF,-2.036,0.484,Ordbeta,T0-T3,DIST,1,CEREEP - Ecotron IDF,Reactivity,41.49986243759126,Reactivity,H3
Erigeron_canadensis,Erigeron_canadensis_CEREEP - Ecotron IDF,-2.036,0.484,Ordbeta,T0-T3,DIST,1,CEREEP - Ecotron IDF,T_generation,1.138856955086996,Generation time,H2
Erigeron_canadensis,Erigeron_canadensis_CEREEP - Ecotron IDF,-2.036,0.484,Ordbeta,T0-T3,DIST,1,CEREEP - Ecotron IDF,age_repro,2.4992503748125943,Age at first reproduction,H2
Erigeron_canadensis,Erigeron_canadensis_CEREEP - Ecotron IDF,-2.036,0.484,Ordbeta,T0-T3,DIST,1,CEREEP - Ecotron IDF,percapita_repro,294.15,Per capita reproduction,H1
Erigeron_canadensis,Erigeron_canadensis_Piedmont Prairie,-2.802,0.292,Ordbeta,T0-T3,DIST,1,Piedmont Prairie,FirstStepAtt,0.05008482463146319,First step attenuation,H3
Erigeron_canadensis,Erigeron_canadensis_Piedmont Prairie,-2.802,0.292,Ordbeta,T0-T3,DIST,1,Piedmont Prairie,Lambda,NA,Population growth rate,H4
Erigeron_canadensis,Erigeron_canadensis_Piedmont Prairie,-2.802,0.292,Ordbeta,T0-T3,DIST,1,Piedmont Prairie,R0,15.649250374812592,Net reproductive rate,H1
Erigeron_canadensis,Erigeron_canadensis_Piedmont Prairie,-2.802,0.292,Ordbeta,T0-T3,DIST,1,Piedmont Prairie,Reactivity,41.49986243759126,Reactivity,H3
Erigeron_canadensis,Erigeron_canadensis_Piedmont Prairie,-2.802,0.292,Ordbeta,T0-T3,DIST,1,Piedmont Prairie,T_generation,1.138856955086996,Generation time,H2
Erigeron_canadensis,Erigeron_canadensis_Piedmont Prairie,-2.802,0.292,Ordbeta,T0-T3,DIST,1,Piedmont Prairie,age_repro,2.4992503748125943,Age at first reproduction,H2
Erigeron_canadensis,Erigeron_canadensis_Piedmont Prairie,-2.802,0.292,Ordbeta,T0-T3,DIST,1,Piedmont Prairie,percapita_repro,294.15,Per capita reproduction,H1
Erigeron_canadensis,Erigeron_canadensis_University of Michigan Biological Station,-2.646,0.476,Ordbeta,T0-T3,DIST,1,University of Michigan Biological Station,FirstStepAtt,0.05008482463146319,First step attenuation,H3
Erigeron_canadensis,Erigeron_canadensis_University of Michigan Biological Station,-2.646,0.476,Ordbeta,T0-T3,DIST,1,University of Michigan Biological Station,Lambda,NA,Population growth rate,H4
Erigeron_canadensis,Erigeron_canadensis_University of Michigan Biological Station,-2.646,0.476,Ordbeta,T0-T3,DIST,1,University of Michigan Biological Station,R0,15.649250374812592,Net reproductive rate,H1
Erigeron_canadensis,Erigeron_canadensis_University of Michigan Biological Station,-2.646,0.476,Ordbeta,T0-T3,DIST,1,University of Michigan Biological Station,Reactivity,41.49986243759126,Reactivity,H3
Erigeron_canadensis,Erigeron_canadensis_University of Michigan Biological Station,-2.646,0.476,Ordbeta,T0-T3,DIST,1,University of Michigan Biological Station,T_generation,1.138856955086996,Generation time,H2
Erigeron_canadensis,Erigeron_canadensis_University of Michigan Biological Station,-2.646,0.476,Ordbeta,T0-T3,DIST,1,University of Michigan Biological Station,age_repro,2.4992503748125943,Age at first reproduction,H2
Erigeron_canadensis,Erigeron_canadensis_University of Michigan Biological Station,-2.646,0.476,Ordbeta,T0-T3,DIST,1,University of Michigan Biological Station,percapita_repro,294.15,Per capita reproduction,H1
Knautia_arvensis,Knautia_arvensis_Agroscope Changins,-2.829,0.457,Ordbeta,T0-T3,DIST,1,Agroscope Changins,FirstStepAtt,0.05200716641231833,First step attenuation,H3
Knautia_arvensis,Knautia_arvensis_Agroscope Changins,-2.829,0.457,Ordbeta,T0-T3,DIST,1,Agroscope Changins,Lambda,0.30764990872892983,Population growth rate,H4
Knautia_arvensis,Knautia_arvensis_Agroscope Changins,-2.829,0.457,Ordbeta,T0-T3,DIST,1,Agroscope Changins,R0,4.7693604043490315e-5,Net reproductive rate,H1
Knautia_arvensis,Knautia_arvensis_Agroscope Changins,-2.829,0.457,Ordbeta,T0-T3,DIST,1,Agroscope Changins,Reactivity,1.4204457326364444,Reactivity,H3
Knautia_arvensis,Knautia_arvensis_Agroscope Changins,-2.829,0.457,Ordbeta,T0-T3,DIST,1,Agroscope Changins,T_generation,NA,Generation time,H2
Knautia_arvensis,Knautia_arvensis_Agroscope Changins,-2.829,0.457,Ordbeta,T0-T3,DIST,1,Agroscope Changins,age_repro,2.5403183768394886,Age at first reproduction,H2
Knautia_arvensis,Knautia_arvensis_Agroscope Changins,-2.829,0.457,Ordbeta,T0-T3,DIST,1,Agroscope Changins,percapita_repro,0.01268104807351584,Per capita reproduction,H1
Knautia_arvensis,Knautia_arvensis_Bayreuth DRAGNet,-1.599,0.452,Ordbeta,T0-T3,DIST,1,Bayreuth DRAGNet,FirstStepAtt,0.05200716641231833,First step attenuation,H3
Knautia_arvensis,Knautia_arvensis_Bayreuth DRAGNet,-1.599,0.452,Ordbeta,T0-T3,DIST,1,Bayreuth DRAGNet,Lambda,0.30764990872892983,Population growth rate,H4
Knautia_arvensis,Knautia_arvensis_Bayreuth DRAGNet,-1.599,0.452,Ordbeta,T0-T3,DIST,1,Bayreuth DRAGNet,R0,4.7693604043490315e-5,Net reproductive rate,H1
Knautia_arvensis,Knautia_arvensis_Bayreuth DRAGNet,-1.599,0.452,Ordbeta,T0-T3,DIST,1,Bayreuth DRAGNet,Reactivity,1.4204457326364444,Reactivity,H3
Knautia_arvensis,Knautia_arvensis_Bayreuth DRAGNet,-1.599,0.452,Ordbeta,T0-T3,DIST,1,Bayreuth DRAGNet,T_generation,NA,Generation time,H2
Knautia_arvensis,Knautia_arvensis_Bayreuth DRAGNet,-1.599,0.452,Ordbeta,T0-T3,DIST,1,Bayreuth DRAGNet,age_repro,2.5403183768394886,Age at first reproduction,H2
Knautia_arvensis,Knautia_arvensis_Bayreuth DRAGNet,-1.599,0.452,Ordbeta,T0-T3,DIST,1,Bayreuth DRAGNet,percapita_repro,0.01268104807351584,Per capita reproduction,H1
Knautia_arvensis,Knautia_arvensis_WSL,-2.018,0.482,Ordbeta,T0-T3,DIST,1,WSL,FirstStepAtt,0.05200716641231833,First step attenuation,H3
Knautia_arvensis,Knautia_arvensis_WSL,-2.018,0.482,Ordbeta,T0-T3,DIST,1,WSL,Lambda,0.30764990872892983,Population growth rate,H4
Knautia_arvensis,Knautia_arvensis_WSL,-2.018,0.482,Ordbeta,T0-T3,DIST,1,WSL,R0,4.7693604043490315e-5,Net reproductive rate,H1
Knautia_arvensis,Knautia_arvensis_WSL,-2.018,0.482,Ordbeta,T0-T3,DIST,1,WSL,Reactivity,1.4204457326364444,Reactivity,H3
Knautia_arvensis,Knautia_arvensis_WSL,-2.018,0.482,Ordbeta,T0-T3,DIST,1,WSL,T_generation,NA,Generation time,H2
Knautia_arvensis,Knautia_arvensis_WSL,-2.018,0.482,Ordbeta,T0-T3,DIST,1,WSL,age_repro,2.5403183768394886,Age at first reproduction,H2
Knautia_arvensis,Knautia_arvensis_WSL,-2.018,0.482,Ordbeta,T0-T3,DIST,1,WSL,percapita_repro,0.01268104807351584,Per capita reproduction,H1
Knautia_arvensis,Knautia_arvensis_Wytham Woods,-2.331,0.458,Ordbeta,T0-T3,DIST,1,Wytham Woods,FirstStepAtt,0.05200716641231833,First step attenuation,H3
Knautia_arvensis,Knautia_arvensis_Wytham Woods,-2.331,0.458,Ordbeta,T0-T3,DIST,1,Wytham Woods,Lambda,0.30764990872892983,Population growth rate,H4
Knautia_arvensis,Knautia_arvensis_Wytham Woods,-2.331,0.458,Ordbeta,T0-T3,DIST,1,Wytham Woods,R0,4.7693604043490315e-5,Net reproductive rate,H1
Knautia_arvensis,Knautia_arvensis_Wytham Woods,-2.331,0.458,Ordbeta,T0-T3,DIST,1,Wytham Woods,Reactivity,1.4204457326364444,Reactivity,H3
Knautia_arvensis,Knautia_arvensis_Wytham Woods,-2.331,0.458,Ordbeta,T0-T3,DIST,1,Wytham Woods,T_generation,NA,Generation time,H2
Knautia_arvensis,Knautia_arvensis_Wytham Woods,-2.331,0.458,Ordbeta,T0-T3,DIST,1,Wytham Woods,age_repro,2.5403183768394886,Age at first reproduction,H2
Knautia_arvensis,Knautia_arvensis_Wytham Woods,-2.331,0.458,Ordbeta,T0-T3,DIST,1,Wytham Woods,percapita_repro,0.01268104807351584,Per capita reproduction,H1
Lactuca_serriola,Lactuca_serriola_Bad Lauchstaedt,-2.682,0.527,Ordbeta,T0-T3,DIST,1,Bad Lauchstaedt,FirstStepAtt,0.079848166385871,First step attenuation,H3
Lactuca_serriola,Lactuca_serriola_Bad Lauchstaedt,-2.682,0.527,Ordbeta,T0-T3,DIST,1,Bad Lauchstaedt,Lambda,NA,Population growth rate,H4
Lactuca_serriola,Lactuca_serriola_Bad Lauchstaedt,-2.682,0.527,Ordbeta,T0-T3,DIST,1,Bad Lauchstaedt,R0,19.330966057441255,Net reproductive rate,H1
Lactuca_serriola,Lactuca_serriola_Bad Lauchstaedt,-2.682,0.527,Ordbeta,T0-T3,DIST,1,Bad Lauchstaedt,Reactivity,163.51957669793515,Reactivity,H3
Lactuca_serriola,Lactuca_serriola_Bad Lauchstaedt,-2.682,0.527,Ordbeta,T0-T3,DIST,1,Bad Lauchstaedt,T_generation,1.091316030252614,Generation time,H2
Lactuca_serriola,Lactuca_serriola_Bad Lauchstaedt,-2.682,0.527,Ordbeta,T0-T3,DIST,1,Bad Lauchstaedt,age_repro,3.6109660574412534,Age at first reproduction,H2
Lactuca_serriola,Lactuca_serriola_Bad Lauchstaedt,-2.682,0.527,Ordbeta,T0-T3,DIST,1,Bad Lauchstaedt,percapita_repro,1271.12,Per capita reproduction,H1
Lactuca_serriola,Lactuca_serriola_Wallula Gap Biological Station-North Face,-2.539,0.549,Ordbeta,T0-T3,DIST,1,Wallula Gap Biological Station-North Face,FirstStepAtt,0.079848166385871,First step attenuation,H3
Lactuca_serriola,Lactuca_serriola_Wallula Gap Biological Station-North Face,-2.539,0.549,Ordbeta,T0-T3,DIST,1,Wallula Gap Biological Station-North Face,Lambda,NA,Population growth rate,H4
Lactuca_serriola,Lactuca_serriola_Wallula Gap Biological Station-North Face,-2.539,0.549,Ordbeta,T0-T3,DIST,1,Wallula Gap Biological Station-North Face,R0,19.330966057441255,Net reproductive rate,H1
Lactuca_serriola,Lactuca_serriola_Wallula Gap Biological Station-North Face,-2.539,0.549,Ordbeta,T0-T3,DIST,1,Wallula Gap Biological Station-North Face,Reactivity,163.51957669793515,Reactivity,H3
Lactuca_serriola,Lactuca_serriola_Wallula Gap Biological Station-North Face,-2.539,0.549,Ordbeta,T0-T3,DIST,1,Wallula Gap Biological Station-North Face,T_generation,1.091316030252614,Generation time,H2
Lactuca_serriola,Lactuca_serriola_Wallula Gap Biological Station-North Face,-2.539,0.549,Ordbeta,T0-T3,DIST,1,Wallula Gap Biological Station-North Face,age_repro,3.6109660574412534,Age at first reproduction,H2
Lactuca_serriola,Lactuca_serriola_Wallula Gap Biological Station-North Face,-2.539,0.549,Ordbeta,T0-T3,DIST,1,Wallula Gap Biological Station-North Face,percapita_repro,1271.12,Per capita reproduction,H1
Linum_catharticum,Linum_catharticum_Wytham Woods,-2.563,0.246,Ordbeta,T0-T3,DIST,1,Wytham Woods,FirstStepAtt,0.040953888653857,First step attenuation,H3
Linum_catharticum,Linum_catharticum_Wytham Woods,-2.563,0.246,Ordbeta,T0-T3,DIST,1,Wytham Woods,Lambda,NA,Population growth rate,H4
Linum_catharticum,Linum_catharticum_Wytham Woods,-2.563,0.246,Ordbeta,T0-T3,DIST,1,Wytham Woods,R0,6.015129312162303,Net reproductive rate,H1
Linum_catharticum,Linum_catharticum_Wytham Woods,-2.563,0.246,Ordbeta,T0-T3,DIST,1,Wytham Woods,Reactivity,45.44525239406598,Reactivity,H3
Linum_catharticum,Linum_catharticum_Wytham Woods,-2.563,0.246,Ordbeta,T0-T3,DIST,1,Wytham Woods,T_generation,1.3509279319177003,Generation time,H2
Linum_catharticum,Linum_catharticum_Wytham Woods,-2.563,0.246,Ordbeta,T0-T3,DIST,1,Wytham Woods,age_repro,2.0207556473368453,Age at first reproduction,H2
Linum_catharticum,Linum_catharticum_Wytham Woods,-2.563,0.246,Ordbeta,T0-T3,DIST,1,Wytham Woods,percapita_repro,20.756348164604148,Per capita reproduction,H1
Myosotis_ramosissima,Myosotis_ramosissima_CEREEP - Ecotron IDF,-2.436,0.526,Ordbeta,T0-T3,DIST,1,CEREEP - Ecotron IDF,FirstStepAtt,0.0261107820804419,First step attenuation,H3
Myosotis_ramosissima,Myosotis_ramosissima_CEREEP - Ecotron IDF,-2.436,0.526,Ordbeta,T0-T3,DIST,1,CEREEP - Ecotron IDF,Lambda,1.4558843238144925,Population growth rate,H4
Myosotis_ramosissima,Myosotis_ramosissima_CEREEP - Ecotron IDF,-2.436,0.526,Ordbeta,T0-T3,DIST,1,CEREEP - Ecotron IDF,R0,4.42368849999232,Net reproductive rate,H1
Myosotis_ramosissima,Myosotis_ramosissima_CEREEP - Ecotron IDF,-2.436,0.526,Ordbeta,T0-T3,DIST,1,CEREEP - Ecotron IDF,Reactivity,1.7731216130647875,Reactivity,H3
Myosotis_ramosissima,Myosotis_ramosissima_CEREEP - Ecotron IDF,-2.436,0.526,Ordbeta,T0-T3,DIST,1,CEREEP - Ecotron IDF,T_generation,1.0139399978384733,Generation time,H2
Myosotis_ramosissima,Myosotis_ramosissima_CEREEP - Ecotron IDF,-2.436,0.526,Ordbeta,T0-T3,DIST,1,CEREEP - Ecotron IDF,age_repro,2.0454488385420193,Age at first reproduction,H2
Myosotis_ramosissima,Myosotis_ramosissima_CEREEP - Ecotron IDF,-2.436,0.526,Ordbeta,T0-T3,DIST,1,CEREEP - Ecotron IDF,percapita_repro,6.962385866666667,Per capita reproduction,H1
Myosotis_ramosissima,Myosotis_ramosissima_Wytham Woods,-2.615,0.536,Ordbeta,T0-T3,DIST,1,Wytham Woods,FirstStepAtt,0.0261107820804419,First step attenuation,H3
Myosotis_ramosissima,Myosotis_ramosissima_Wytham Woods,-2.615,0.536,Ordbeta,T0-T3,DIST,1,Wytham Woods,Lambda,1.4558843238144925,Population growth rate,H4
Myosotis_ramosissima,Myosotis_ramosissima_Wytham Woods,-2.615,0.536,Ordbeta,T0-T3,DIST,1,Wytham Woods,R0,4.42368849999232,Net reproductive rate,H1
Myosotis_ramosissima,Myosotis_ramosissima_Wytham Woods,-2.615,0.536,Ordbeta,T0-T3,DIST,1,Wytham Woods,Reactivity,1.7731216130647875,Reactivity,H3
Myosotis_ramosissima,Myosotis_ramosissima_Wytham Woods,-2.615,0.536,Ordbeta,T0-T3,DIST,1,Wytham Woods,T_generation,1.0139399978384733,Generation time,H2
Myosotis_ramosissima,Myosotis_ramosissima_Wytham Woods,-2.615,0.536,Ordbeta,T0-T3,DIST,1,Wytham Woods,age_repro,2.0454488385420193,Age at first reproduction,H2
Myosotis_ramosissima,Myosotis_ramosissima_Wytham Woods,-2.615,0.536,Ordbeta,T0-T3,DIST,1,Wytham Woods,percapita_repro,6.962385866666667,Per capita reproduction,H1
Picris_hieracioides,Picris_hieracioides_Bad Lauchstaedt,-0.804,0.235,Ordbeta,T0-T3,DIST,1,Bad Lauchstaedt,FirstStepAtt,0.01808625404850854,First step attenuation,H3
Picris_hieracioides,Picris_hieracioides_Bad Lauchstaedt,-0.804,0.235,Ordbeta,T0-T3,DIST,1,Bad Lauchstaedt,Lambda,0.8846497432296888,Population growth rate,H4
Picris_hieracioides,Picris_hieracioides_Bad Lauchstaedt,-0.804,0.235,Ordbeta,T0-T3,DIST,1,Bad Lauchstaedt,R0,0.60578254836,Net reproductive rate,H1
Picris_hieracioides,Picris_hieracioides_Bad Lauchstaedt,-0.804,0.235,Ordbeta,T0-T3,DIST,1,Bad Lauchstaedt,Reactivity,310.8574914587405,Reactivity,H3
Picris_hieracioides,Picris_hieracioides_Bad Lauchstaedt,-0.804,0.235,Ordbeta,T0-T3,DIST,1,Bad Lauchstaedt,T_generation,4.117282843535449,Generation time,H2
Picris_hieracioides,Picris_hieracioides_Bad Lauchstaedt,-0.804,0.235,Ordbeta,T0-T3,DIST,1,Bad Lauchstaedt,age_repro,4.678714859437751,Age at first reproduction,H2
Picris_hieracioides,Picris_hieracioides_Bad Lauchstaedt,-0.804,0.235,Ordbeta,T0-T3,DIST,1,Bad Lauchstaedt,percapita_repro,275,Per capita reproduction,H1
Picris_hieracioides,Picris_hieracioides_CEREEP - Ecotron IDF,-2.317,0.409,Ordbeta,T0-T3,DIST,1,CEREEP - Ecotron IDF,FirstStepAtt,0.01808625404850854,First step attenuation,H3
Picris_hieracioides,Picris_hieracioides_CEREEP - Ecotron IDF,-2.317,0.409,Ordbeta,T0-T3,DIST,1,CEREEP - Ecotron IDF,Lambda,0.8846497432296888,Population growth rate,H4
Picris_hieracioides,Picris_hieracioides_CEREEP - Ecotron IDF,-2.317,0.409,Ordbeta,T0-T3,DIST,1,CEREEP - Ecotron IDF,R0,0.60578254836,Net reproductive rate,H1
Picris_hieracioides,Picris_hieracioides_CEREEP - Ecotron IDF,-2.317,0.409,Ordbeta,T0-T3,DIST,1,CEREEP - Ecotron IDF,Reactivity,310.8574914587405,Reactivity,H3
Picris_hieracioides,Picris_hieracioides_CEREEP - Ecotron IDF,-2.317,0.409,Ordbeta,T0-T3,DIST,1,CEREEP - Ecotron IDF,T_generation,4.117282843535449,Generation time,H2
Picris_hieracioides,Picris_hieracioides_CEREEP - Ecotron IDF,-2.317,0.409,Ordbeta,T0-T3,DIST,1,CEREEP - Ecotron IDF,age_repro,4.678714859437751,Age at first reproduction,H2
Picris_hieracioides,Picris_hieracioides_CEREEP - Ecotron IDF,-2.317,0.409,Ordbeta,T0-T3,DIST,1,CEREEP - Ecotron IDF,percapita_repro,275,Per capita reproduction,H1
Picris_hieracioides,Picris_hieracioides_Jena,-2.55,0.441,Ordbeta,T0-T3,DIST,1,Jena,FirstStepAtt,0.01808625404850854,First step attenuation,H3
Picris_hieracioides,Picris_hieracioides_Jena,-2.55,0.441,Ordbeta,T0-T3,DIST,1,Jena,Lambda,0.8846497432296888,Population growth rate,H4
Picris_hieracioides,Picris_hieracioides_Jena,-2.55,0.441,Ordbeta,T0-T3,DIST,1,Jena,R0,0.60578254836,Net reproductive rate,H1
Picris_hieracioides,Picris_hieracioides_Jena,-2.55,0.441,Ordbeta,T0-T3,DIST,1,Jena,Reactivity,310.8574914587405,Reactivity,H3
Picris_hieracioides,Picris_hieracioides_Jena,-2.55,0.441,Ordbeta,T0-T3,DIST,1,Jena,T_generation,4.117282843535449,Generation time,H2
Picris_hieracioides,Picris_hieracioides_Jena,-2.55,0.441,Ordbeta,T0-T3,DIST,1,Jena,age_repro,4.678714859437751,Age at first reproduction,H2
Picris_hieracioides,Picris_hieracioides_Jena,-2.55,0.441,Ordbeta,T0-T3,DIST,1,Jena,percapita_repro,275,Per capita reproduction,H1
Picris_hieracioides,Picris_hieracioides_Saihanba,-2.586,0.508,Ordbeta,T0-T3,DIST,1,Saihanba,FirstStepAtt,0.01808625404850854,First step attenuation,H3
Picris_hieracioides,Picris_hieracioides_Saihanba,-2.586,0.508,Ordbeta,T0-T3,DIST,1,Saihanba,Lambda,0.8846497432296888,Population growth rate,H4
Picris_hieracioides,Picris_hieracioides_Saihanba,-2.586,0.508,Ordbeta,T0-T3,DIST,1,Saihanba,R0,0.60578254836,Net reproductive rate,H1
Picris_hieracioides,Picris_hieracioides_Saihanba,-2.586,0.508,Ordbeta,T0-T3,DIST,1,Saihanba,Reactivity,310.8574914587405,Reactivity,H3
Picris_hieracioides,Picris_hieracioides_Saihanba,-2.586,0.508,Ordbeta,T0-T3,DIST,1,Saihanba,T_generation,4.117282843535449,Generation time,H2
Picris_hieracioides,Picris_hieracioides_Saihanba,-2.586,0.508,Ordbeta,T0-T3,DIST,1,Saihanba,age_repro,4.678714859437751,Age at first reproduction,H2
Picris_hieracioides,Picris_hieracioides_Saihanba,-2.586,0.508,Ordbeta,T0-T3,DIST,1,Saihanba,percapita_repro,275,Per capita reproduction,H1
Pimpinella_saxifraga,Pimpinella_saxifraga_Meranges,-2.469,0.318,Ordbeta,T0-T3,DIST,1,Meranges,FirstStepAtt,0.5669191170421927,First step attenuation,H3
Pimpinella_saxifraga,Pimpinella_saxifraga_Meranges,-2.469,0.318,Ordbeta,T0-T3,DIST,1,Meranges,Lambda,0.9547406316474246,Population growth rate,H4
Pimpinella_saxifraga,Pimpinella_saxifraga_Meranges,-2.469,0.318,Ordbeta,T0-T3,DIST,1,Meranges,R0,0.5471414026251576,Net reproductive rate,H1
Pimpinella_saxifraga,Pimpinella_saxifraga_Meranges,-2.469,0.318,Ordbeta,T0-T3,DIST,1,Meranges,Reactivity,2.7710835208056657,Reactivity,H3
Pimpinella_saxifraga,Pimpinella_saxifraga_Meranges,-2.469,0.318,Ordbeta,T0-T3,DIST,1,Meranges,T_generation,17.438029755269824,Generation time,H2
Pimpinella_saxifraga,Pimpinella_saxifraga_Meranges,-2.469,0.318,Ordbeta,T0-T3,DIST,1,Meranges,age_repro,5.999046320215505,Age at first reproduction,H2
Pimpinella_saxifraga,Pimpinella_saxifraga_Meranges,-2.469,0.318,Ordbeta,T0-T3,DIST,1,Meranges,percapita_repro,1.3108604113212015,Per capita reproduction,H1
Plantago_coronopus,Plantago_coronopus_Algaida,-1.923,0.251,Ordbeta,T0-T3,DIST,1,Algaida,FirstStepAtt,0.3814857191224125,First step attenuation,H3
Plantago_coronopus,Plantago_coronopus_Algaida,-1.923,0.251,Ordbeta,T0-T3,DIST,1,Algaida,Lambda,0.8883340096307588,Population growth rate,H4
Plantago_coronopus,Plantago_coronopus_Algaida,-1.923,0.251,Ordbeta,T0-T3,DIST,1,Algaida,R0,1.2205028226846837,Net reproductive rate,H1
Plantago_coronopus,Plantago_coronopus_Algaida,-1.923,0.251,Ordbeta,T0-T3,DIST,1,Algaida,Reactivity,4.263174228373315,Reactivity,H3
Plantago_coronopus,Plantago_coronopus_Algaida,-1.923,0.251,Ordbeta,T0-T3,DIST,1,Algaida,T_generation,4.958221345536785,Generation time,H2
Plantago_coronopus,Plantago_coronopus_Algaida,-1.923,0.251,Ordbeta,T0-T3,DIST,1,Algaida,age_repro,2.066021816480012,Age at first reproduction,H2
Plantago_coronopus,Plantago_coronopus_Algaida,-1.923,0.251,Ordbeta,T0-T3,DIST,1,Algaida,percapita_repro,1.1775669020351314,Per capita reproduction,H1
Plantago_coronopus,Plantago_coronopus_Caracoles,-2.546,0.328,Ordbeta,T0-T3,DIST,1,Caracoles,FirstStepAtt,0.3814857191224125,First step attenuation,H3
Plantago_coronopus,Plantago_coronopus_Caracoles,-2.546,0.328,Ordbeta,T0-T3,DIST,1,Caracoles,Lambda,0.8883340096307588,Population growth rate,H4
Plantago_coronopus,Plantago_coronopus_Caracoles,-2.546,0.328,Ordbeta,T0-T3,DIST,1,Caracoles,R0,1.2205028226846837,Net reproductive rate,H1
Plantago_coronopus,Plantago_coronopus_Caracoles,-2.546,0.328,Ordbeta,T0-T3,DIST,1,Caracoles,Reactivity,4.263174228373315,Reactivity,H3
Plantago_coronopus,Plantago_coronopus_Caracoles,-2.546,0.328,Ordbeta,T0-T3,DIST,1,Caracoles,T_generation,4.958221345536785,Generation time,H2
Plantago_coronopus,Plantago_coronopus_Caracoles,-2.546,0.328,Ordbeta,T0-T3,DIST,1,Caracoles,age_repro,2.066021816480012,Age at first reproduction,H2
Plantago_coronopus,Plantago_coronopus_Caracoles,-2.546,0.328,Ordbeta,T0-T3,DIST,1,Caracoles,percapita_repro,1.1775669020351314,Per capita reproduction,H1
Plantago_media,Plantago_media_Meranges,-2.402,0.321,Ordbeta,T0-T3,DIST,1,Meranges,FirstStepAtt,0.09763837076732365,First step attenuation,H3
Plantago_media,Plantago_media_Meranges,-2.402,0.321,Ordbeta,T0-T3,DIST,1,Meranges,Lambda,0.9166479924897526,Population growth rate,H4
Plantago_media,Plantago_media_Meranges,-2.402,0.321,Ordbeta,T0-T3,DIST,1,Meranges,R0,0.08234226650862676,Net reproductive rate,H1
Plantago_media,Plantago_media_Meranges,-2.402,0.321,Ordbeta,T0-T3,DIST,1,Meranges,Reactivity,2.6187483541110055,Reactivity,H3
Plantago_media,Plantago_media_Meranges,-2.402,0.321,Ordbeta,T0-T3,DIST,1,Meranges,T_generation,26.65759376141882,Generation time,H2
Plantago_media,Plantago_media_Meranges,-2.402,0.321,Ordbeta,T0-T3,DIST,1,Meranges,age_repro,7.781907794631257,Age at first reproduction,H2
Plantago_media,Plantago_media_Meranges,-2.402,0.321,Ordbeta,T0-T3,DIST,1,Meranges,percapita_repro,1.45375,Per capita reproduction,H1
Plantago_media,Plantago_media_Stoderzinken,-2.392,0.531,Ordbeta,T0-T3,DIST,1,Stoderzinken,FirstStepAtt,0.09763837076732365,First step attenuation,H3
Plantago_media,Plantago_media_Stoderzinken,-2.392,0.531,Ordbeta,T0-T3,DIST,1,Stoderzinken,Lambda,0.9166479924897526,Population growth rate,H4
Plantago_media,Plantago_media_Stoderzinken,-2.392,0.531,Ordbeta,T0-T3,DIST,1,Stoderzinken,R0,0.08234226650862676,Net reproductive rate,H1
Plantago_media,Plantago_media_Stoderzinken,-2.392,0.531,Ordbeta,T0-T3,DIST,1,Stoderzinken,Reactivity,2.6187483541110055,Reactivity,H3
Plantago_media,Plantago_media_Stoderzinken,-2.392,0.531,Ordbeta,T0-T3,DIST,1,Stoderzinken,T_generation,26.65759376141882,Generation time,H2
Plantago_media,Plantago_media_Stoderzinken,-2.392,0.531,Ordbeta,T0-T3,DIST,1,Stoderzinken,age_repro,7.781907794631257,Age at first reproduction,H2
Plantago_media,Plantago_media_Stoderzinken,-2.392,0.531,Ordbeta,T0-T3,DIST,1,Stoderzinken,percapita_repro,1.45375,Per capita reproduction,H1
Poa_alpina,Poa_alpina_Stoderzinken,-2.489,0.519,Ordbeta,T0-T3,DIST,1,Stoderzinken,FirstStepAtt,0.5593809694080667,First step attenuation,H3
Poa_alpina,Poa_alpina_Stoderzinken,-2.489,0.519,Ordbeta,T0-T3,DIST,1,Stoderzinken,Lambda,0.9289514100594023,Population growth rate,H4
Poa_alpina,Poa_alpina_Stoderzinken,-2.489,0.519,Ordbeta,T0-T3,DIST,1,Stoderzinken,R0,0.275044534651221,Net reproductive rate,H1
Poa_alpina,Poa_alpina_Stoderzinken,-2.489,0.519,Ordbeta,T0-T3,DIST,1,Stoderzinken,Reactivity,2.1100625678449862,Reactivity,H3
Poa_alpina,Poa_alpina_Stoderzinken,-2.489,0.519,Ordbeta,T0-T3,DIST,1,Stoderzinken,T_generation,25.34169491084177,Generation time,H2
Poa_alpina,Poa_alpina_Stoderzinken,-2.489,0.519,Ordbeta,T0-T3,DIST,1,Stoderzinken,age_repro,2.340067942070445,Age at first reproduction,H2
Poa_alpina,Poa_alpina_Stoderzinken,-2.489,0.519,Ordbeta,T0-T3,DIST,1,Stoderzinken,percapita_repro,0.12206831550638118,Per capita reproduction,H1
Potentilla_recta,Potentilla_recta_Churning Rapids,-2.29,0.304,Ordbeta,T0-T3,DIST,1,Churning Rapids,FirstStepAtt,0.46395475886623727,First step attenuation,H3
Potentilla_recta,Potentilla_recta_Churning Rapids,-2.29,0.304,Ordbeta,T0-T3,DIST,1,Churning Rapids,Lambda,1.3233051390988662,Population growth rate,H4
Potentilla_recta,Potentilla_recta_Churning Rapids,-2.29,0.304,Ordbeta,T0-T3,DIST,1,Churning Rapids,R0,4.554568494295668,Net reproductive rate,H1
Potentilla_recta,Potentilla_recta_Churning Rapids,-2.29,0.304,Ordbeta,T0-T3,DIST,1,Churning Rapids,Reactivity,50.87649164118185,Reactivity,H3
Potentilla_recta,Potentilla_recta_Churning Rapids,-2.29,0.304,Ordbeta,T0-T3,DIST,1,Churning Rapids,T_generation,3.0912219825611436,Generation time,H2
Potentilla_recta,Potentilla_recta_Churning Rapids,-2.29,0.304,Ordbeta,T0-T3,DIST,1,Churning Rapids,age_repro,4.350285421282276,Age at first reproduction,H2
Potentilla_recta,Potentilla_recta_Churning Rapids,-2.29,0.304,Ordbeta,T0-T3,DIST,1,Churning Rapids,percapita_repro,178.41933,Per capita reproduction,H1
Potentilla_recta,Potentilla_recta_Kellogg Biological Station (KBS),-2.588,0.405,Ordbeta,T0-T3,DIST,1,Kellogg Biological Station (KBS),FirstStepAtt,0.46395475886623727,First step attenuation,H3
Potentilla_recta,Potentilla_recta_Kellogg Biological Station (KBS),-2.588,0.405,Ordbeta,T0-T3,DIST,1,Kellogg Biological Station (KBS),Lambda,1.3233051390988662,Population growth rate,H4
Potentilla_recta,Potentilla_recta_Kellogg Biological Station (KBS),-2.588,0.405,Ordbeta,T0-T3,DIST,1,Kellogg Biological Station (KBS),R0,4.554568494295668,Net reproductive rate,H1
Potentilla_recta,Potentilla_recta_Kellogg Biological Station (KBS),-2.588,0.405,Ordbeta,T0-T3,DIST,1,Kellogg Biological Station (KBS),Reactivity,50.87649164118185,Reactivity,H3
Potentilla_recta,Potentilla_recta_Kellogg Biological Station (KBS),-2.588,0.405,Ordbeta,T0-T3,DIST,1,Kellogg Biological Station (KBS),T_generation,3.0912219825611436,Generation time,H2
Potentilla_recta,Potentilla_recta_Kellogg Biological Station (KBS),-2.588,0.405,Ordbeta,T0-T3,DIST,1,Kellogg Biological Station (KBS),age_repro,4.350285421282276,Age at first reproduction,H2
Potentilla_recta,Potentilla_recta_Kellogg Biological Station (KBS),-2.588,0.405,Ordbeta,T0-T3,DIST,1,Kellogg Biological Station (KBS),percapita_repro,178.41933,Per capita reproduction,H1
Primula_elatior,Primula_elatior_Stoderzinken,-2.477,0.399,Ordbeta,T0-T3,DIST,1,Stoderzinken,FirstStepAtt,0.09071608925229445,First step attenuation,H3
Primula_elatior,Primula_elatior_Stoderzinken,-2.477,0.399,Ordbeta,T0-T3,DIST,1,Stoderzinken,Lambda,1.0243599289476764,Population growth rate,H4
Primula_elatior,Primula_elatior_Stoderzinken,-2.477,0.399,Ordbeta,T0-T3,DIST,1,Stoderzinken,R0,5.205777227247124,Net reproductive rate,H1
Primula_elatior,Primula_elatior_Stoderzinken,-2.477,0.399,Ordbeta,T0-T3,DIST,1,Stoderzinken,Reactivity,3.497296267043912,Reactivity,H3
Primula_elatior,Primula_elatior_Stoderzinken,-2.477,0.399,Ordbeta,T0-T3,DIST,1,Stoderzinken,T_generation,16.378189606020538,Generation time,H2
Primula_elatior,Primula_elatior_Stoderzinken,-2.477,0.399,Ordbeta,T0-T3,DIST,1,Stoderzinken,age_repro,4.940070913622387,Age at first reproduction,H2
Primula_elatior,Primula_elatior_Stoderzinken,-2.477,0.399,Ordbeta,T0-T3,DIST,1,Stoderzinken,percapita_repro,2.033292907202877,Per capita reproduction,H1
Primula_veris,Primula_veris_Wytham Woods,-2.574,0.407,Ordbeta,T0-T3,DIST,1,Wytham Woods,FirstStepAtt,0.11620331876130521,First step attenuation,H3
Primula_veris,Primula_veris_Wytham Woods,-2.574,0.407,Ordbeta,T0-T3,DIST,1,Wytham Woods,Lambda,0.9177166512186883,Population growth rate,H4
Primula_veris,Primula_veris_Wytham Woods,-2.574,0.407,Ordbeta,T0-T3,DIST,1,Wytham Woods,R0,0.8822595024722741,Net reproductive rate,H1
Primula_veris,Primula_veris_Wytham Woods,-2.574,0.407,Ordbeta,T0-T3,DIST,1,Wytham Woods,Reactivity,14.4046160118657,Reactivity,H3
Primula_veris,Primula_veris_Wytham Woods,-2.574,0.407,Ordbeta,T0-T3,DIST,1,Wytham Woods,T_generation,31.085943346226824,Generation time,H2
Primula_veris,Primula_veris_Wytham Woods,-2.574,0.407,Ordbeta,T0-T3,DIST,1,Wytham Woods,age_repro,8.31254459714844,Age at first reproduction,H2
Primula_veris,Primula_veris_Wytham Woods,-2.574,0.407,Ordbeta,T0-T3,DIST,1,Wytham Woods,percapita_repro,13.574022714285713,Per capita reproduction,H1
Ranunculus_acris,Ranunculus_acris_Agroscope Changins,-2.344,0.248,Ordbeta,T0-T3,DIST,1,Agroscope Changins,FirstStepAtt,0.10835396206826964,First step attenuation,H3
Ranunculus_acris,Ranunculus_acris_Agroscope Changins,-2.344,0.248,Ordbeta,T0-T3,DIST,1,Agroscope Changins,Lambda,1.1474253581153837,Population growth rate,H4
Ranunculus_acris,Ranunculus_acris_Agroscope Changins,-2.344,0.248,Ordbeta,T0-T3,DIST,1,Agroscope Changins,R0,1.55497855361596,Net reproductive rate,H1
Ranunculus_acris,Ranunculus_acris_Agroscope Changins,-2.344,0.248,Ordbeta,T0-T3,DIST,1,Agroscope Changins,Reactivity,6.68037129041872,Reactivity,H3
Ranunculus_acris,Ranunculus_acris_Agroscope Changins,-2.344,0.248,Ordbeta,T0-T3,DIST,1,Agroscope Changins,T_generation,3.829023387316118,Generation time,H2
Ranunculus_acris,Ranunculus_acris_Agroscope Changins,-2.344,0.248,Ordbeta,T0-T3,DIST,1,Agroscope Changins,age_repro,3.0548523206751055,Age at first reproduction,H2
Ranunculus_acris,Ranunculus_acris_Agroscope Changins,-2.344,0.248,Ordbeta,T0-T3,DIST,1,Agroscope Changins,percapita_repro,6.96,Per capita reproduction,H1
Ranunculus_acris,Ranunculus_acris_Bayreuth DRAGNet,-2.632,0.312,Ordbeta,T0-T3,DIST,1,Bayreuth DRAGNet,FirstStepAtt,0.10835396206826964,First step attenuation,H3
Ranunculus_acris,Ranunculus_acris_Bayreuth DRAGNet,-2.632,0.312,Ordbeta,T0-T3,DIST,1,Bayreuth DRAGNet,Lambda,1.1474253581153837,Population growth rate,H4
Ranunculus_acris,Ranunculus_acris_Bayreuth DRAGNet,-2.632,0.312,Ordbeta,T0-T3,DIST,1,Bayreuth DRAGNet,R0,1.55497855361596,Net reproductive rate,H1
Ranunculus_acris,Ranunculus_acris_Bayreuth DRAGNet,-2.632,0.312,Ordbeta,T0-T3,DIST,1,Bayreuth DRAGNet,Reactivity,6.68037129041872,Reactivity,H3
Ranunculus_acris,Ranunculus_acris_Bayreuth DRAGNet,-2.632,0.312,Ordbeta,T0-T3,DIST,1,Bayreuth DRAGNet,T_generation,3.829023387316118,Generation time,H2
Ranunculus_acris,Ranunculus_acris_Bayreuth DRAGNet,-2.632,0.312,Ordbeta,T0-T3,DIST,1,Bayreuth DRAGNet,age_repro,3.0548523206751055,Age at first reproduction,H2
Ranunculus_acris,Ranunculus_acris_Bayreuth DRAGNet,-2.632,0.312,Ordbeta,T0-T3,DIST,1,Bayreuth DRAGNet,percapita_repro,6.96,Per capita reproduction,H1
Ranunculus_acris,Ranunculus_acris_CEREEP - Ecotron IDF,-2.436,0.526,Ordbeta,T0-T3,DIST,1,CEREEP - Ecotron IDF,FirstStepAtt,0.10835396206826964,First step attenuation,H3
Ranunculus_acris,Ranunculus_acris_CEREEP - Ecotron IDF,-2.436,0.526,Ordbeta,T0-T3,DIST,1,CEREEP - Ecotron IDF,Lambda,1.1474253581153837,Population growth rate,H4
Ranunculus_acris,Ranunculus_acris_CEREEP - Ecotron IDF,-2.436,0.526,Ordbeta,T0-T3,DIST,1,CEREEP - Ecotron IDF,R0,1.55497855361596,Net reproductive rate,H1
Ranunculus_acris,Ranunculus_acris_CEREEP - Ecotron IDF,-2.436,0.526,Ordbeta,T0-T3,DIST,1,CEREEP - Ecotron IDF,Reactivity,6.68037129041872,Reactivity,H3
Ranunculus_acris,Ranunculus_acris_CEREEP - Ecotron IDF,-2.436,0.526,Ordbeta,T0-T3,DIST,1,CEREEP - Ecotron IDF,T_generation,3.829023387316118,Generation time,H2
Ranunculus_acris,Ranunculus_acris_CEREEP - Ecotron IDF,-2.436,0.526,Ordbeta,T0-T3,DIST,1,CEREEP - Ecotron IDF,age_repro,3.0548523206751055,Age at first reproduction,H2
Ranunculus_acris,Ranunculus_acris_CEREEP - Ecotron IDF,-2.436,0.526,Ordbeta,T0-T3,DIST,1,CEREEP - Ecotron IDF,percapita_repro,6.96,Per capita reproduction,H1
Ranunculus_acris,Ranunculus_acris_Churning Rapids,-2.339,0.537,Ordbeta,T0-T3,DIST,1,Churning Rapids,FirstStepAtt,0.10835396206826964,First step attenuation,H3
Ranunculus_acris,Ranunculus_acris_Churning Rapids,-2.339,0.537,Ordbeta,T0-T3,DIST,1,Churning Rapids,Lambda,1.1474253581153837,Population growth rate,H4
Ranunculus_acris,Ranunculus_acris_Churning Rapids,-2.339,0.537,Ordbeta,T0-T3,DIST,1,Churning Rapids,R0,1.55497855361596,Net reproductive rate,H1
Ranunculus_acris,Ranunculus_acris_Churning Rapids,-2.339,0.537,Ordbeta,T0-T3,DIST,1,Churning Rapids,Reactivity,6.68037129041872,Reactivity,H3
Ranunculus_acris,Ranunculus_acris_Churning Rapids,-2.339,0.537,Ordbeta,T0-T3,DIST,1,Churning Rapids,T_generation,3.829023387316118,Generation time,H2
Ranunculus_acris,Ranunculus_acris_Churning Rapids,-2.339,0.537,Ordbeta,T0-T3,DIST,1,Churning Rapids,age_repro,3.0548523206751055,Age at first reproduction,H2
Ranunculus_acris,Ranunculus_acris_Churning Rapids,-2.339,0.537,Ordbeta,T0-T3,DIST,1,Churning Rapids,percapita_repro,6.96,Per capita reproduction,H1
Ranunculus_acris,Ranunculus_acris_Kniezenberg,-2.392,0.531,Ordbeta,T0-T3,DIST,1,Kniezenberg,FirstStepAtt,0.10835396206826964,First step attenuation,H3
Ranunculus_acris,Ranunculus_acris_Kniezenberg,-2.392,0.531,Ordbeta,T0-T3,DIST,1,Kniezenberg,Lambda,1.1474253581153837,Population growth rate,H4
Ranunculus_acris,Ranunculus_acris_Kniezenberg,-2.392,0.531,Ordbeta,T0-T3,DIST,1,Kniezenberg,R0,1.55497855361596,Net reproductive rate,H1
Ranunculus_acris,Ranunculus_acris_Kniezenberg,-2.392,0.531,Ordbeta,T0-T3,DIST,1,Kniezenberg,Reactivity,6.68037129041872,Reactivity,H3
Ranunculus_acris,Ranunculus_acris_Kniezenberg,-2.392,0.531,Ordbeta,T0-T3,DIST,1,Kniezenberg,T_generation,3.829023387316118,Generation time,H2
Ranunculus_acris,Ranunculus_acris_Kniezenberg,-2.392,0.531,Ordbeta,T0-T3,DIST,1,Kniezenberg,age_repro,3.0548523206751055,Age at first reproduction,H2
Ranunculus_acris,Ranunculus_acris_Kniezenberg,-2.392,0.531,Ordbeta,T0-T3,DIST,1,Kniezenberg,percapita_repro,6.96,Per capita reproduction,H1
Ranunculus_acris,Ranunculus_acris_Meranges,-2.407,0.311,Ordbeta,T0-T3,DIST,1,Meranges,FirstStepAtt,0.10835396206826964,First step attenuation,H3
Ranunculus_acris,Ranunculus_acris_Meranges,-2.407,0.311,Ordbeta,T0-T3,DIST,1,Meranges,Lambda,1.1474253581153837,Population growth rate,H4
Ranunculus_acris,Ranunculus_acris_Meranges,-2.407,0.311,Ordbeta,T0-T3,DIST,1,Meranges,R0,1.55497855361596,Net reproductive rate,H1
Ranunculus_acris,Ranunculus_acris_Meranges,-2.407,0.311,Ordbeta,T0-T3,DIST,1,Meranges,Reactivity,6.68037129041872,Reactivity,H3
Ranunculus_acris,Ranunculus_acris_Meranges,-2.407,0.311,Ordbeta,T0-T3,DIST,1,Meranges,T_generation,3.829023387316118,Generation time,H2
Ranunculus_acris,Ranunculus_acris_Meranges,-2.407,0.311,Ordbeta,T0-T3,DIST,1,Meranges,age_repro,3.0548523206751055,Age at first reproduction,H2
Ranunculus_acris,Ranunculus_acris_Meranges,-2.407,0.311,Ordbeta,T0-T3,DIST,1,Meranges,percapita_repro,6.96,Per capita reproduction,H1
Ranunculus_acris,Ranunculus_acris_Stoderzinken,-2.485,0.364,Ordbeta,T0-T3,DIST,1,Stoderzinken,FirstStepAtt,0.10835396206826964,First step attenuation,H3
Ranunculus_acris,Ranunculus_acris_Stoderzinken,-2.485,0.364,Ordbeta,T0-T3,DIST,1,Stoderzinken,Lambda,1.1474253581153837,Population growth rate,H4
Ranunculus_acris,Ranunculus_acris_Stoderzinken,-2.485,0.364,Ordbeta,T0-T3,DIST,1,Stoderzinken,R0,1.55497855361596,Net reproductive rate,H1
Ranunculus_acris,Ranunculus_acris_Stoderzinken,-2.485,0.364,Ordbeta,T0-T3,DIST,1,Stoderzinken,Reactivity,6.68037129041872,Reactivity,H3
Ranunculus_acris,Ranunculus_acris_Stoderzinken,-2.485,0.364,Ordbeta,T0-T3,DIST,1,Stoderzinken,T_generation,3.829023387316118,Generation time,H2
Ranunculus_acris,Ranunculus_acris_Stoderzinken,-2.485,0.364,Ordbeta,T0-T3,DIST,1,Stoderzinken,age_repro,3.0548523206751055,Age at first reproduction,H2
Ranunculus_acris,Ranunculus_acris_Stoderzinken,-2.485,0.364,Ordbeta,T0-T3,DIST,1,Stoderzinken,percapita_repro,6.96,Per capita reproduction,H1
Ranunculus_acris,Ranunculus_acris_WSL,-2.547,0.362,Ordbeta,T0-T3,DIST,1,WSL,FirstStepAtt,0.10835396206826964,First step attenuation,H3
Ranunculus_acris,Ranunculus_acris_WSL,-2.547,0.362,Ordbeta,T0-T3,DIST,1,WSL,Lambda,1.1474253581153837,Population growth rate,H4
Ranunculus_acris,Ranunculus_acris_WSL,-2.547,0.362,Ordbeta,T0-T3,DIST,1,WSL,R0,1.55497855361596,Net reproductive rate,H1
Ranunculus_acris,Ranunculus_acris_WSL,-2.547,0.362,Ordbeta,T0-T3,DIST,1,WSL,Reactivity,6.68037129041872,Reactivity,H3
Ranunculus_acris,Ranunculus_acris_WSL,-2.547,0.362,Ordbeta,T0-T3,DIST,1,WSL,T_generation,3.829023387316118,Generation time,H2
Ranunculus_acris,Ranunculus_acris_WSL,-2.547,0.362,Ordbeta,T0-T3,DIST,1,WSL,age_repro,3.0548523206751055,Age at first reproduction,H2
Ranunculus_acris,Ranunculus_acris_WSL,-2.547,0.362,Ordbeta,T0-T3,DIST,1,WSL,percapita_repro,6.96,Per capita reproduction,H1
Ranunculus_acris,Ranunculus_acris_Wytham Woods,-2.858,0.385,Ordbeta,T0-T3,DIST,1,Wytham Woods,FirstStepAtt,0.10835396206826964,First step attenuation,H3
Ranunculus_acris,Ranunculus_acris_Wytham Woods,-2.858,0.385,Ordbeta,T0-T3,DIST,1,Wytham Woods,Lambda,1.1474253581153837,Population growth rate,H4
Ranunculus_acris,Ranunculus_acris_Wytham Woods,-2.858,0.385,Ordbeta,T0-T3,DIST,1,Wytham Woods,R0,1.55497855361596,Net reproductive rate,H1
Ranunculus_acris,Ranunculus_acris_Wytham Woods,-2.858,0.385,Ordbeta,T0-T3,DIST,1,Wytham Woods,Reactivity,6.68037129041872,Reactivity,H3
Ranunculus_acris,Ranunculus_acris_Wytham Woods,-2.858,0.385,Ordbeta,T0-T3,DIST,1,Wytham Woods,T_generation,3.829023387316118,Generation time,H2
Ranunculus_acris,Ranunculus_acris_Wytham Woods,-2.858,0.385,Ordbeta,T0-T3,DIST,1,Wytham Woods,age_repro,3.0548523206751055,Age at first reproduction,H2
Ranunculus_acris,Ranunculus_acris_Wytham Woods,-2.858,0.385,Ordbeta,T0-T3,DIST,1,Wytham Woods,percapita_repro,6.96,Per capita reproduction,H1
Salsola_kali,Salsola_kali_Sandflats,-2.59,0.437,Ordbeta,T0-T3,DIST,1,Sandflats,FirstStepAtt,7.190249115029098e-4,First step attenuation,H3
Salsola_kali,Salsola_kali_Sandflats,-2.59,0.437,Ordbeta,T0-T3,DIST,1,Sandflats,Lambda,0.5896874965204653,Population growth rate,H4
Salsola_kali,Salsola_kali_Sandflats,-2.59,0.437,Ordbeta,T0-T3,DIST,1,Sandflats,R0,0.04204373526550297,Net reproductive rate,H1
Salsola_kali,Salsola_kali_Sandflats,-2.59,0.437,Ordbeta,T0-T3,DIST,1,Sandflats,Reactivity,NA,Reactivity,H3
Salsola_kali,Salsola_kali_Sandflats,-2.59,0.437,Ordbeta,T0-T3,DIST,1,Sandflats,T_generation,6.000169610109778,Generation time,H2
Salsola_kali,Salsola_kali_Sandflats,-2.59,0.437,Ordbeta,T0-T3,DIST,1,Sandflats,age_repro,6.000100010001,Age at first reproduction,H2
Salsola_kali,Salsola_kali_Sandflats,-2.59,0.437,Ordbeta,T0-T3,DIST,1,Sandflats,percapita_repro,NA,Per capita reproduction,H1
Sphaeralcea_coccinea,Sphaeralcea_coccinea_Shortgrass Steppe LTER,-2.243,0.344,Ordbeta,T0-T3,DIST,1,Shortgrass Steppe LTER,FirstStepAtt,0.9788261596776104,First step attenuation,H3
Sphaeralcea_coccinea,Sphaeralcea_coccinea_Shortgrass Steppe LTER,-2.243,0.344,Ordbeta,T0-T3,DIST,1,Shortgrass Steppe LTER,Lambda,0.9140916052986946,Population growth rate,H4
Sphaeralcea_coccinea,Sphaeralcea_coccinea_Shortgrass Steppe LTER,-2.243,0.344,Ordbeta,T0-T3,DIST,1,Shortgrass Steppe LTER,R0,1.0497677328830435,Net reproductive rate,H1
Sphaeralcea_coccinea,Sphaeralcea_coccinea_Shortgrass Steppe LTER,-2.243,0.344,Ordbeta,T0-T3,DIST,1,Shortgrass Steppe LTER,Reactivity,1.0671952343744,Reactivity,H3
Sphaeralcea_coccinea,Sphaeralcea_coccinea_Shortgrass Steppe LTER,-2.243,0.344,Ordbeta,T0-T3,DIST,1,Shortgrass Steppe LTER,T_generation,1.2977127780843936,Generation time,H2
Sphaeralcea_coccinea,Sphaeralcea_coccinea_Shortgrass Steppe LTER,-2.243,0.344,Ordbeta,T0-T3,DIST,1,Shortgrass Steppe LTER,age_repro,1,Age at first reproduction,H2
Sphaeralcea_coccinea,Sphaeralcea_coccinea_Shortgrass Steppe LTER,-2.243,0.344,Ordbeta,T0-T3,DIST,1,Shortgrass Steppe LTER,percapita_repro,0.8557142777777778,Per capita reproduction,H1
Stenaria_nigricans,Stenaria_nigricans_Temple,-2.335,0.372,Ordbeta,T0-T3,DIST,1,Temple,FirstStepAtt,0.9984969413842903,First step attenuation,H3
Stenaria_nigricans,Stenaria_nigricans_Temple,-2.335,0.372,Ordbeta,T0-T3,DIST,1,Temple,Lambda,0.9901413361648121,Population growth rate,H4
Stenaria_nigricans,Stenaria_nigricans_Temple,-2.335,0.372,Ordbeta,T0-T3,DIST,1,Temple,R0,1.6245457643658545,Net reproductive rate,H1
Stenaria_nigricans,Stenaria_nigricans_Temple,-2.335,0.372,Ordbeta,T0-T3,DIST,1,Temple,Reactivity,1.00926761725409,Reactivity,H3
Stenaria_nigricans,Stenaria_nigricans_Temple,-2.335,0.372,Ordbeta,T0-T3,DIST,1,Temple,T_generation,1.1114440769106202,Generation time,H2
Stenaria_nigricans,Stenaria_nigricans_Temple,-2.335,0.372,Ordbeta,T0-T3,DIST,1,Temple,age_repro,1,Age at first reproduction,H2
Stenaria_nigricans,Stenaria_nigricans_Temple,-2.335,0.372,Ordbeta,T0-T3,DIST,1,Temple,percapita_repro,1.4610344666666668,Per capita reproduction,H1
Taraxacum_campylodes,Taraxacum_campylodes_Bayreuth DRAGNet,-2.635,0.432,Ordbeta,T0-T3,DIST,1,Bayreuth DRAGNet,FirstStepAtt,0.18122936095531808,First step attenuation,H3
Taraxacum_campylodes,Taraxacum_campylodes_Bayreuth DRAGNet,-2.635,0.432,Ordbeta,T0-T3,DIST,1,Bayreuth DRAGNet,Lambda,0.08041791145870329,Population growth rate,H4
Taraxacum_campylodes,Taraxacum_campylodes_Bayreuth DRAGNet,-2.635,0.432,Ordbeta,T0-T3,DIST,1,Bayreuth DRAGNet,R0,9.004714273919254e-7,Net reproductive rate,H1
Taraxacum_campylodes,Taraxacum_campylodes_Bayreuth DRAGNet,-2.635,0.432,Ordbeta,T0-T3,DIST,1,Bayreuth DRAGNet,Reactivity,57.90876911473913,Reactivity,H3
Taraxacum_campylodes,Taraxacum_campylodes_Bayreuth DRAGNet,-2.635,0.432,Ordbeta,T0-T3,DIST,1,Bayreuth DRAGNet,T_generation,NA,Generation time,H2
Taraxacum_campylodes,Taraxacum_campylodes_Bayreuth DRAGNet,-2.635,0.432,Ordbeta,T0-T3,DIST,1,Bayreuth DRAGNet,age_repro,1,Age at first reproduction,H2
Taraxacum_campylodes,Taraxacum_campylodes_Bayreuth DRAGNet,-2.635,0.432,Ordbeta,T0-T3,DIST,1,Bayreuth DRAGNet,percapita_repro,1.3490166782018932e-5,Per capita reproduction,H1
Thymus_vulgaris,Thymus_vulgaris_Morella la Vella,-2.47,0.338,Ordbeta,T0-T3,DIST,1,Morella la Vella,FirstStepAtt,0.9941521717357211,First step attenuation,H3
Thymus_vulgaris,Thymus_vulgaris_Morella la Vella,-2.47,0.338,Ordbeta,T0-T3,DIST,1,Morella la Vella,Lambda,0.9926751959162854,Population growth rate,H4
Thymus_vulgaris,Thymus_vulgaris_Morella la Vella,-2.47,0.338,Ordbeta,T0-T3,DIST,1,Morella la Vella,R0,0.3434937835569579,Net reproductive rate,H1
Thymus_vulgaris,Thymus_vulgaris_Morella la Vella,-2.47,0.338,Ordbeta,T0-T3,DIST,1,Morella la Vella,Reactivity,1.0104094818415374,Reactivity,H3
Thymus_vulgaris,Thymus_vulgaris_Morella la Vella,-2.47,0.338,Ordbeta,T0-T3,DIST,1,Morella la Vella,T_generation,NA,Generation time,H2
Thymus_vulgaris,Thymus_vulgaris_Morella la Vella,-2.47,0.338,Ordbeta,T0-T3,DIST,1,Morella la Vella,age_repro,NA,Age at first reproduction,H2
Thymus_vulgaris,Thymus_vulgaris_Morella la Vella,-2.47,0.338,Ordbeta,T0-T3,DIST,1,Morella la Vella,percapita_repro,0.0062509982916058755,Per capita reproduction,H1
Verbascum_thapsus,Verbascum_thapsus_Cedar Creek LTER,-2.199,0.467,Ordbeta,T0-T3,DIST,1,Cedar Creek LTER,FirstStepAtt,0.01808607278854514,First step attenuation,H3
Verbascum_thapsus,Verbascum_thapsus_Cedar Creek LTER,-2.199,0.467,Ordbeta,T0-T3,DIST,1,Cedar Creek LTER,Lambda,NA,Population growth rate,H4
Verbascum_thapsus,Verbascum_thapsus_Cedar Creek LTER,-2.199,0.467,Ordbeta,T0-T3,DIST,1,Cedar Creek LTER,R0,29.421212008404037,Net reproductive rate,H1
Verbascum_thapsus,Verbascum_thapsus_Cedar Creek LTER,-2.199,0.467,Ordbeta,T0-T3,DIST,1,Cedar Creek LTER,Reactivity,NA,Reactivity,H3
Verbascum_thapsus,Verbascum_thapsus_Cedar Creek LTER,-2.199,0.467,Ordbeta,T0-T3,DIST,1,Cedar Creek LTER,T_generation,2.173708938183875,Generation time,H2
Verbascum_thapsus,Verbascum_thapsus_Cedar Creek LTER,-2.199,0.467,Ordbeta,T0-T3,DIST,1,Cedar Creek LTER,age_repro,12.83717149823896,Age at first reproduction,H2
Verbascum_thapsus,Verbascum_thapsus_Cedar Creek LTER,-2.199,0.467,Ordbeta,T0-T3,DIST,1,Cedar Creek LTER,percapita_repro,NA,Per capita reproduction,H1
Verbascum_thapsus,Verbascum_thapsus_University of Michigan Biological Station,-2.277,0.598,Ordbeta,T0-T3,DIST,1,University of Michigan Biological Station,FirstStepAtt,0.01808607278854514,First step attenuation,H3
Verbascum_thapsus,Verbascum_thapsus_University of Michigan Biological Station,-2.277,0.598,Ordbeta,T0-T3,DIST,1,University of Michigan Biological Station,Lambda,NA,Population growth rate,H4
Verbascum_thapsus,Verbascum_thapsus_University of Michigan Biological Station,-2.277,0.598,Ordbeta,T0-T3,DIST,1,University of Michigan Biological Station,R0,29.421212008404037,Net reproductive rate,H1
Verbascum_thapsus,Verbascum_thapsus_University of Michigan Biological Station,-2.277,0.598,Ordbeta,T0-T3,DIST,1,University of Michigan Biological Station,Reactivity,NA,Reactivity,H3
Verbascum_thapsus,Verbascum_thapsus_University of Michigan Biological Station,-2.277,0.598,Ordbeta,T0-T3,DIST,1,University of Michigan Biological Station,T_generation,2.173708938183875,Generation time,H2
Verbascum_thapsus,Verbascum_thapsus_University of Michigan Biological Station,-2.277,0.598,Ordbeta,T0-T3,DIST,1,University of Michigan Biological Station,age_repro,12.83717149823896,Age at first reproduction,H2
Verbascum_thapsus,Verbascum_thapsus_University of Michigan Biological Station,-2.277,0.598,Ordbeta,T0-T3,DIST,1,University of Michigan Biological Station,percapita_repro,NA,Per capita reproduction,H1
Veronica_arvensis,Veronica_arvensis_Agroscope Changins,-2.92,0.493,Ordbeta,T0-T3,DIST,1,Agroscope Changins,FirstStepAtt,0.30601817657235825,First step attenuation,H3
Veronica_arvensis,Veronica_arvensis_Agroscope Changins,-2.92,0.493,Ordbeta,T0-T3,DIST,1,Agroscope Changins,Lambda,1.0575348190993947,Population growth rate,H4
Veronica_arvensis,Veronica_arvensis_Agroscope Changins,-2.92,0.493,Ordbeta,T0-T3,DIST,1,Agroscope Changins,R0,1.159057082246136,Net reproductive rate,H1
Veronica_arvensis,Veronica_arvensis_Agroscope Changins,-2.92,0.493,Ordbeta,T0-T3,DIST,1,Agroscope Changins,Reactivity,11.981784395247908,Reactivity,H3
Veronica_arvensis,Veronica_arvensis_Agroscope Changins,-2.92,0.493,Ordbeta,T0-T3,DIST,1,Agroscope Changins,T_generation,1.6876451180776884,Generation time,H2
Veronica_arvensis,Veronica_arvensis_Agroscope Changins,-2.92,0.493,Ordbeta,T0-T3,DIST,1,Agroscope Changins,age_repro,2.460420577382994,Age at first reproduction,H2
Veronica_arvensis,Veronica_arvensis_Agroscope Changins,-2.92,0.493,Ordbeta,T0-T3,DIST,1,Agroscope Changins,percapita_repro,10.783102,Per capita reproduction,H1
Veronica_arvensis,Veronica_arvensis_Bad Lauchstaedt,-2.842,0.346,Ordbeta,T0-T3,DIST,1,Bad Lauchstaedt,FirstStepAtt,0.30601817657235825,First step attenuation,H3
Veronica_arvensis,Veronica_arvensis_Bad Lauchstaedt,-2.842,0.346,Ordbeta,T0-T3,DIST,1,Bad Lauchstaedt,Lambda,1.0575348190993947,Population growth rate,H4
Veronica_arvensis,Veronica_arvensis_Bad Lauchstaedt,-2.842,0.346,Ordbeta,T0-T3,DIST,1,Bad Lauchstaedt,R0,1.159057082246136,Net reproductive rate,H1
Veronica_arvensis,Veronica_arvensis_Bad Lauchstaedt,-2.842,0.346,Ordbeta,T0-T3,DIST,1,Bad Lauchstaedt,Reactivity,11.981784395247908,Reactivity,H3
Veronica_arvensis,Veronica_arvensis_Bad Lauchstaedt,-2.842,0.346,Ordbeta,T0-T3,DIST,1,Bad Lauchstaedt,T_generation,1.6876451180776884,Generation time,H2
Veronica_arvensis,Veronica_arvensis_Bad Lauchstaedt,-2.842,0.346,Ordbeta,T0-T3,DIST,1,Bad Lauchstaedt,age_repro,2.460420577382994,Age at first reproduction,H2
Veronica_arvensis,Veronica_arvensis_Bad Lauchstaedt,-2.842,0.346,Ordbeta,T0-T3,DIST,1,Bad Lauchstaedt,percapita_repro,10.783102,Per capita reproduction,H1
Veronica_arvensis,Veronica_arvensis_Cowichan,-2.302,0.543,Ordbeta,T0-T3,DIST,1,Cowichan,FirstStepAtt,0.30601817657235825,First step attenuation,H3
Veronica_arvensis,Veronica_arvensis_Cowichan,-2.302,0.543,Ordbeta,T0-T3,DIST,1,Cowichan,Lambda,1.0575348190993947,Population growth rate,H4
Veronica_arvensis,Veronica_arvensis_Cowichan,-2.302,0.543,Ordbeta,T0-T3,DIST,1,Cowichan,R0,1.159057082246136,Net reproductive rate,H1
Veronica_arvensis,Veronica_arvensis_Cowichan,-2.302,0.543,Ordbeta,T0-T3,DIST,1,Cowichan,Reactivity,11.981784395247908,Reactivity,H3
Veronica_arvensis,Veronica_arvensis_Cowichan,-2.302,0.543,Ordbeta,T0-T3,DIST,1,Cowichan,T_generation,1.6876451180776884,Generation time,H2
Veronica_arvensis,Veronica_arvensis_Cowichan,-2.302,0.543,Ordbeta,T0-T3,DIST,1,Cowichan,age_repro,2.460420577382994,Age at first reproduction,H2
Veronica_arvensis,Veronica_arvensis_Cowichan,-2.302,0.543,Ordbeta,T0-T3,DIST,1,Cowichan,percapita_repro,10.783102,Per capita reproduction,H1
Veronica_arvensis,Veronica_arvensis_Jena,-2.405,0.319,Ordbeta,T0-T3,DIST,1,Jena,FirstStepAtt,0.30601817657235825,First step attenuation,H3
Veronica_arvensis,Veronica_arvensis_Jena,-2.405,0.319,Ordbeta,T0-T3,DIST,1,Jena,Lambda,1.0575348190993947,Population growth rate,H4
Veronica_arvensis,Veronica_arvensis_Jena,-2.405,0.319,Ordbeta,T0-T3,DIST,1,Jena,R0,1.159057082246136,Net reproductive rate,H1
Veronica_arvensis,Veronica_arvensis_Jena,-2.405,0.319,Ordbeta,T0-T3,DIST,1,Jena,Reactivity,11.981784395247908,Reactivity,H3
Veronica_arvensis,Veronica_arvensis_Jena,-2.405,0.319,Ordbeta,T0-T3,DIST,1,Jena,T_generation,1.6876451180776884,Generation time,H2
Veronica_arvensis,Veronica_arvensis_Jena,-2.405,0.319,Ordbeta,T0-T3,DIST,1,Jena,age_repro,2.460420577382994,Age at first reproduction,H2
Veronica_arvensis,Veronica_arvensis_Jena,-2.405,0.319,Ordbeta,T0-T3,DIST,1,Jena,percapita_repro,10.783102,Per capita reproduction,H1
Veronica_arvensis,Veronica_arvensis_WSL,-2.782,0.458,Ordbeta,T0-T3,DIST,1,WSL,FirstStepAtt,0.30601817657235825,First step attenuation,H3
Veronica_arvensis,Veronica_arvensis_WSL,-2.782,0.458,Ordbeta,T0-T3,DIST,1,WSL,Lambda,1.0575348190993947,Population growth rate,H4
Veronica_arvensis,Veronica_arvensis_WSL,-2.782,0.458,Ordbeta,T0-T3,DIST,1,WSL,R0,1.159057082246136,Net reproductive rate,H1
Veronica_arvensis,Veronica_arvensis_WSL,-2.782,0.458,Ordbeta,T0-T3,DIST,1,WSL,Reactivity,11.981784395247908,Reactivity,H3
Veronica_arvensis,Veronica_arvensis_WSL,-2.782,0.458,Ordbeta,T0-T3,DIST,1,WSL,T_generation,1.6876451180776884,Generation time,H2
Veronica_arvensis,Veronica_arvensis_WSL,-2.782,0.458,Ordbeta,T0-T3,DIST,1,WSL,age_repro,2.460420577382994,Age at first reproduction,H2
Veronica_arvensis,Veronica_arvensis_WSL,-2.782,0.458,Ordbeta,T0-T3,DIST,1,WSL,percapita_repro,10.783102,Per capita reproduction,H1
Agrimonia_eupatoria,Agrimonia_eupatoria_Wytham Woods,-2.175,0.22,Ordbeta,T0-T3,NPK,1,Wytham Woods,Lmax,116,Maximum length of life,H5
Agrimonia_eupatoria,Agrimonia_eupatoria_Wytham Woods,-2.175,0.22,Ordbeta,T0-T3,NPK,1,Wytham Woods,Lmean,12.642773170370798,Mean life expectancy,H5
Allium_vineale,Allium_vineale_Blandy Experimental Farm,-2.339,0.452,Ordbeta,T0-T3,NPK,1,Blandy Experimental Farm,Lmax,3,Maximum length of life,H5
Allium_vineale,Allium_vineale_Blandy Experimental Farm,-2.339,0.452,Ordbeta,T0-T3,NPK,1,Blandy Experimental Farm,Lmean,1.1811322636765564,Mean life expectancy,H5
Andropogon_gerardii,Andropogon_gerardii_Kellogg Biological Station (KBS),0.327,0.257,Ordbeta,T0-T3,NPK,1,Kellogg Biological Station (KBS),Lmax,6.125,Maximum length of life,H5
Andropogon_gerardii,Andropogon_gerardii_Kellogg Biological Station (KBS),0.327,0.257,Ordbeta,T0-T3,NPK,1,Kellogg Biological Station (KBS),Lmean,1.9948836791855034,Mean life expectancy,H5
Andropogon_gerardii,Andropogon_gerardii_Oak Lake Field Station,-2.288,0.53,Ordbeta,T0-T3,NPK,1,Oak Lake Field Station,Lmax,6.125,Maximum length of life,H5
Andropogon_gerardii,Andropogon_gerardii_Oak Lake Field Station,-2.288,0.53,Ordbeta,T0-T3,NPK,1,Oak Lake Field Station,Lmean,1.9948836791855034,Mean life expectancy,H5
Arenaria_serpyllifolia,Arenaria_serpyllifolia_Bad Lauchstaedt,-2.496,0.534,Ordbeta,T0-T3,NPK,1,Bad Lauchstaedt,Lmax,1,Maximum length of life,H5
Arenaria_serpyllifolia,Arenaria_serpyllifolia_Bad Lauchstaedt,-2.496,0.534,Ordbeta,T0-T3,NPK,1,Bad Lauchstaedt,Lmean,1,Mean life expectancy,H5
Arenaria_serpyllifolia,Arenaria_serpyllifolia_Jena,-2.053,0.335,Ordbeta,T0-T3,NPK,1,Jena,Lmax,1,Maximum length of life,H5
Arenaria_serpyllifolia,Arenaria_serpyllifolia_Jena,-2.053,0.335,Ordbeta,T0-T3,NPK,1,Jena,Lmean,1,Mean life expectancy,H5
Armeria_maritima,Armeria_maritima_Potrok Aike,-2.642,0.336,Ordbeta,T0-T3,NPK,1,Potrok Aike,Lmax,20,Maximum length of life,H5
Armeria_maritima,Armeria_maritima_Potrok Aike,-2.642,0.336,Ordbeta,T0-T3,NPK,1,Potrok Aike,Lmean,1.8445912885672673,Mean life expectancy,H5
Centaurea_jacea,Centaurea_jacea_Agroscope Changins,-2.419,0.291,Ordbeta,T0-T3,NPK,1,Agroscope Changins,Lmax,11.25,Maximum length of life,H5
Centaurea_jacea,Centaurea_jacea_Agroscope Changins,-2.419,0.291,Ordbeta,T0-T3,NPK,1,Agroscope Changins,Lmean,4.011159664905857,Mean life expectancy,H5
Centaurea_jacea,Centaurea_jacea_Bayreuth DRAGNet,-2.427,0.321,Ordbeta,T0-T3,NPK,1,Bayreuth DRAGNet,Lmax,11.25,Maximum length of life,H5
Centaurea_jacea,Centaurea_jacea_Bayreuth DRAGNet,-2.427,0.321,Ordbeta,T0-T3,NPK,1,Bayreuth DRAGNet,Lmean,4.011159664905857,Mean life expectancy,H5
Cerastium_fontanum,Cerastium_fontanum_Agroscope Changins,-2.62,0.252,Ordbeta,T0-T3,NPK,1,Agroscope Changins,Lmax,1,Maximum length of life,H5
Cerastium_fontanum,Cerastium_fontanum_Agroscope Changins,-2.62,0.252,Ordbeta,T0-T3,NPK,1,Agroscope Changins,Lmean,1,Mean life expectancy,H5
Cerastium_fontanum,Cerastium_fontanum_Bad Lauchstaedt,-2.419,0.31,Ordbeta,T0-T3,NPK,1,Bad Lauchstaedt,Lmax,1,Maximum length of life,H5
Cerastium_fontanum,Cerastium_fontanum_Bad Lauchstaedt,-2.419,0.31,Ordbeta,T0-T3,NPK,1,Bad Lauchstaedt,Lmean,1,Mean life expectancy,H5
Cerastium_fontanum,Cerastium_fontanum_Bayreuth DRAGNet,-2.621,0.427,Ordbeta,T0-T3,NPK,1,Bayreuth DRAGNet,Lmax,1,Maximum length of life,H5
Cerastium_fontanum,Cerastium_fontanum_Bayreuth DRAGNet,-2.621,0.427,Ordbeta,T0-T3,NPK,1,Bayreuth DRAGNet,Lmean,1,Mean life expectancy,H5
Cerastium_fontanum,Cerastium_fontanum_CEREEP - Ecotron IDF,-2.205,0.539,Ordbeta,T0-T3,NPK,1,CEREEP - Ecotron IDF,Lmax,1,Maximum length of life,H5
Cerastium_fontanum,Cerastium_fontanum_CEREEP - Ecotron IDF,-2.205,0.539,Ordbeta,T0-T3,NPK,1,CEREEP - Ecotron IDF,Lmean,1,Mean life expectancy,H5
Cerastium_fontanum,Cerastium_fontanum_Hazelrigg,-2.296,0.529,Ordbeta,T0-T3,NPK,1,Hazelrigg,Lmax,1,Maximum length of life,H5
Cerastium_fontanum,Cerastium_fontanum_Hazelrigg,-2.296,0.529,Ordbeta,T0-T3,NPK,1,Hazelrigg,Lmean,1,Mean life expectancy,H5
Cerastium_fontanum,Cerastium_fontanum_Jena,-1.576,0.343,Ordbeta,T0-T3,NPK,1,Jena,Lmax,1,Maximum length of life,H5
Cerastium_fontanum,Cerastium_fontanum_Jena,-1.576,0.343,Ordbeta,T0-T3,NPK,1,Jena,Lmean,1,Mean life expectancy,H5
Cerastium_fontanum,Cerastium_fontanum_Stoderzinken,-2.281,0.457,Ordbeta,T0-T3,NPK,1,Stoderzinken,Lmax,1,Maximum length of life,H5
Cerastium_fontanum,Cerastium_fontanum_Stoderzinken,-2.281,0.457,Ordbeta,T0-T3,NPK,1,Stoderzinken,Lmean,1,Mean life expectancy,H5
Cerastium_fontanum,Cerastium_fontanum_Wytham Woods,-2.486,0.243,Ordbeta,T0-T3,NPK,1,Wytham Woods,Lmax,1,Maximum length of life,H5
Cerastium_fontanum,Cerastium_fontanum_Wytham Woods,-2.486,0.243,Ordbeta,T0-T3,NPK,1,Wytham Woods,Lmean,1,Mean life expectancy,H5
Cirsium_arvense,Cirsium_arvense_Bad Lauchstaedt,-2.272,0.287,Ordbeta,T0-T3,NPK,1,Bad Lauchstaedt,Lmax,3,Maximum length of life,H5
Cirsium_arvense,Cirsium_arvense_Bad Lauchstaedt,-2.272,0.287,Ordbeta,T0-T3,NPK,1,Bad Lauchstaedt,Lmean,1.1853002070393377,Mean life expectancy,H5
Cirsium_arvense,Cirsium_arvense_Blandy Experimental Farm,-1.688,0.366,Ordbeta,T0-T3,NPK,1,Blandy Experimental Farm,Lmax,3,Maximum length of life,H5
Cirsium_arvense,Cirsium_arvense_Blandy Experimental Farm,-1.688,0.366,Ordbeta,T0-T3,NPK,1,Blandy Experimental Farm,Lmean,1.1853002070393377,Mean life expectancy,H5
Cirsium_arvense,Cirsium_arvense_Hazelrigg,-2.13,0.381,Ordbeta,T0-T3,NPK,1,Hazelrigg,Lmax,3,Maximum length of life,H5
Cirsium_arvense,Cirsium_arvense_Hazelrigg,-2.13,0.381,Ordbeta,T0-T3,NPK,1,Hazelrigg,Lmean,1.1853002070393377,Mean life expectancy,H5
Cirsium_arvense,Cirsium_arvense_Jena,-1.905,0.582,Ordbeta,T0-T3,NPK,1,Jena,Lmax,3,Maximum length of life,H5
Cirsium_arvense,Cirsium_arvense_Jena,-1.905,0.582,Ordbeta,T0-T3,NPK,1,Jena,Lmean,1.1853002070393377,Mean life expectancy,H5
Cirsium_arvense,Cirsium_arvense_Lublin,-2.047,0.423,Ordbeta,T0-T3,NPK,1,Lublin,Lmax,3,Maximum length of life,H5
Cirsium_arvense,Cirsium_arvense_Lublin,-2.047,0.423,Ordbeta,T0-T3,NPK,1,Lublin,Lmean,1.1853002070393377,Mean life expectancy,H5
Cirsium_arvense,Cirsium_arvense_Oak Lake Field Station,-2.335,0.326,Ordbeta,T0-T3,NPK,1,Oak Lake Field Station,Lmax,3,Maximum length of life,H5
Cirsium_arvense,Cirsium_arvense_Oak Lake Field Station,-2.335,0.326,Ordbeta,T0-T3,NPK,1,Oak Lake Field Station,Lmean,1.1853002070393377,Mean life expectancy,H5
Cirsium_palustre,Cirsium_palustre_Ainsdale Dune Slacks,-2.364,0.52,Ordbeta,T0-T3,NPK,1,Ainsdale Dune Slacks,Lmax,4.75,Maximum length of life,H5
Cirsium_palustre,Cirsium_palustre_Ainsdale Dune Slacks,-2.364,0.52,Ordbeta,T0-T3,NPK,1,Ainsdale Dune Slacks,Lmean,1.2237448604502328,Mean life expectancy,H5
Cirsium_vulgare,Cirsium_vulgare_Blandy Experimental Farm,-2.074,0.558,Ordbeta,T0-T3,NPK,1,Blandy Experimental Farm,Lmax,4.571428571428571,Maximum length of life,H5
Cirsium_vulgare,Cirsium_vulgare_Blandy Experimental Farm,-2.074,0.558,Ordbeta,T0-T3,NPK,1,Blandy Experimental Farm,Lmean,1.4251535419957013,Mean life expectancy,H5
Cirsium_vulgare,Cirsium_vulgare_Cowichan,-2.167,0.466,Ordbeta,T0-T3,NPK,1,Cowichan,Lmax,4.571428571428571,Maximum length of life,H5
Cirsium_vulgare,Cirsium_vulgare_Cowichan,-2.167,0.466,Ordbeta,T0-T3,NPK,1,Cowichan,Lmean,1.4251535419957013,Mean life expectancy,H5
Cirsium_vulgare,Cirsium_vulgare_San Claudio,-2.074,0.558,Ordbeta,T0-T3,NPK,1,San Claudio,Lmax,4.571428571428571,Maximum length of life,H5
Cirsium_vulgare,Cirsium_vulgare_San Claudio,-2.074,0.558,Ordbeta,T0-T3,NPK,1,San Claudio,Lmean,1.4251535419957013,Mean life expectancy,H5
Cytisus_scoparius,Cytisus_scoparius_CEREEP - Ecotron IDF,-2.124,0.551,Ordbeta,T0-T3,NPK,1,CEREEP - Ecotron IDF,Lmax,67.5,Maximum length of life,H5
Cytisus_scoparius,Cytisus_scoparius_CEREEP - Ecotron IDF,-2.124,0.551,Ordbeta,T0-T3,NPK,1,CEREEP - Ecotron IDF,Lmean,9.572309102285598,Mean life expectancy,H5
Daucus_carota,Daucus_carota_Agroscope Changins,-2.595,0.376,Ordbeta,T0-T3,NPK,1,Agroscope Changins,Lmax,3,Maximum length of life,H5
Daucus_carota,Daucus_carota_Agroscope Changins,-2.595,0.376,Ordbeta,T0-T3,NPK,1,Agroscope Changins,Lmean,1.374847097018113,Mean life expectancy,H5
Daucus_carota,Daucus_carota_Bad Lauchstaedt,-2.407,0.414,Ordbeta,T0-T3,NPK,1,Bad Lauchstaedt,Lmax,3,Maximum length of life,H5
Daucus_carota,Daucus_carota_Bad Lauchstaedt,-2.407,0.414,Ordbeta,T0-T3,NPK,1,Bad Lauchstaedt,Lmean,1.374847097018113,Mean life expectancy,H5
Daucus_carota,Daucus_carota_CEREEP - Ecotron IDF,-1.591,0.349,Ordbeta,T0-T3,NPK,1,CEREEP - Ecotron IDF,Lmax,3,Maximum length of life,H5
Daucus_carota,Daucus_carota_CEREEP - Ecotron IDF,-1.591,0.349,Ordbeta,T0-T3,NPK,1,CEREEP - Ecotron IDF,Lmean,1.374847097018113,Mean life expectancy,H5
Daucus_carota,Daucus_carota_Churning Rapids,-1.986,0.482,Ordbeta,T0-T3,NPK,1,Churning Rapids,Lmax,3,Maximum length of life,H5
Daucus_carota,Daucus_carota_Churning Rapids,-1.986,0.482,Ordbeta,T0-T3,NPK,1,Churning Rapids,Lmean,1.374847097018113,Mean life expectancy,H5
Daucus_carota,Daucus_carota_Kellogg Biological Station (KBS),-2.497,0.532,Ordbeta,T0-T3,NPK,1,Kellogg Biological Station (KBS),Lmax,3,Maximum length of life,H5
Daucus_carota,Daucus_carota_Kellogg Biological Station (KBS),-2.497,0.532,Ordbeta,T0-T3,NPK,1,Kellogg Biological Station (KBS),Lmean,1.374847097018113,Mean life expectancy,H5
Daucus_carota,Daucus_carota_Lublin,-1.957,0.485,Ordbeta,T0-T3,NPK,1,Lublin,Lmax,3,Maximum length of life,H5
Daucus_carota,Daucus_carota_Lublin,-1.957,0.485,Ordbeta,T0-T3,NPK,1,Lublin,Lmean,1.374847097018113,Mean life expectancy,H5
Echium_vulgare,Echium_vulgare_Algaida,-1.672,0.324,Ordbeta,T0-T3,NPK,1,Algaida,Lmax,4,Maximum length of life,H5
Echium_vulgare,Echium_vulgare_Algaida,-1.672,0.324,Ordbeta,T0-T3,NPK,1,Algaida,Lmean,1.650496,Mean life expectancy,H5
Elymus_repens,Elymus_repens_Agroscope Changins,-2.597,0.466,Ordbeta,T0-T3,NPK,1,Agroscope Changins,Lmax,2,Maximum length of life,H5
Elymus_repens,Elymus_repens_Agroscope Changins,-2.597,0.466,Ordbeta,T0-T3,NPK,1,Agroscope Changins,Lmean,1.416665295884593,Mean life expectancy,H5
Elymus_repens,Elymus_repens_Cary IES,-2.184,0.352,Ordbeta,T0-T3,NPK,1,Cary IES,Lmax,2,Maximum length of life,H5
Elymus_repens,Elymus_repens_Cary IES,-2.184,0.352,Ordbeta,T0-T3,NPK,1,Cary IES,Lmean,1.416665295884593,Mean life expectancy,H5
Elymus_repens,Elymus_repens_Cedar Creek LTER,-1.571,0.343,Ordbeta,T0-T3,NPK,1,Cedar Creek LTER,Lmax,2,Maximum length of life,H5
Elymus_repens,Elymus_repens_Cedar Creek LTER,-1.571,0.343,Ordbeta,T0-T3,NPK,1,Cedar Creek LTER,Lmean,1.416665295884593,Mean life expectancy,H5
Elymus_repens,Elymus_repens_Jena,-2.255,0.375,Ordbeta,T0-T3,NPK,1,Jena,Lmax,2,Maximum length of life,H5
Elymus_repens,Elymus_repens_Jena,-2.255,0.375,Ordbeta,T0-T3,NPK,1,Jena,Lmean,1.416665295884593,Mean life expectancy,H5
Elymus_repens,Elymus_repens_Lublin,-1.162,0.343,Ordbeta,T0-T3,NPK,1,Lublin,Lmax,2,Maximum length of life,H5
Elymus_repens,Elymus_repens_Lublin,-1.162,0.343,Ordbeta,T0-T3,NPK,1,Lublin,Lmean,1.416665295884593,Mean life expectancy,H5
Erigeron_canadensis,Erigeron_canadensis_Piedmont Prairie,-2.587,0.316,Ordbeta,T0-T3,NPK,1,Piedmont Prairie,Lmax,1,Maximum length of life,H5
Erigeron_canadensis,Erigeron_canadensis_Piedmont Prairie,-2.587,0.316,Ordbeta,T0-T3,NPK,1,Piedmont Prairie,Lmean,1,Mean life expectancy,H5
Erigeron_canadensis,Erigeron_canadensis_University of Michigan Biological Station,-2.292,0.569,Ordbeta,T0-T3,NPK,1,University of Michigan Biological Station,Lmax,1,Maximum length of life,H5
Erigeron_canadensis,Erigeron_canadensis_University of Michigan Biological Station,-2.292,0.569,Ordbeta,T0-T3,NPK,1,University of Michigan Biological Station,Lmean,1,Mean life expectancy,H5
Knautia_arvensis,Knautia_arvensis_Agroscope Changins,-2.599,0.468,Ordbeta,T0-T3,NPK,1,Agroscope Changins,Lmax,2,Maximum length of life,H5
Knautia_arvensis,Knautia_arvensis_Agroscope Changins,-2.599,0.468,Ordbeta,T0-T3,NPK,1,Agroscope Changins,Lmean,1.02238662148266,Mean life expectancy,H5
Knautia_arvensis,Knautia_arvensis_Bad Lauchstaedt,-2.329,0.563,Ordbeta,T0-T3,NPK,1,Bad Lauchstaedt,Lmax,2,Maximum length of life,H5
Knautia_arvensis,Knautia_arvensis_Bad Lauchstaedt,-2.329,0.563,Ordbeta,T0-T3,NPK,1,Bad Lauchstaedt,Lmean,1.02238662148266,Mean life expectancy,H5
Knautia_arvensis,Knautia_arvensis_Bayreuth DRAGNet,-1.363,0.384,Ordbeta,T0-T3,NPK,1,Bayreuth DRAGNet,Lmax,2,Maximum length of life,H5
Knautia_arvensis,Knautia_arvensis_Bayreuth DRAGNet,-1.363,0.384,Ordbeta,T0-T3,NPK,1,Bayreuth DRAGNet,Lmean,1.02238662148266,Mean life expectancy,H5
Lactuca_serriola,Lactuca_serriola_Bayreuth DRAGNet,-2.505,0.531,Ordbeta,T0-T3,NPK,1,Bayreuth DRAGNet,Lmax,1,Maximum length of life,H5
Lactuca_serriola,Lactuca_serriola_Bayreuth DRAGNet,-2.505,0.531,Ordbeta,T0-T3,NPK,1,Bayreuth DRAGNet,Lmean,1,Mean life expectancy,H5
Lactuca_serriola,Lactuca_serriola_Wallula Gap Biological Station-North Face,-2.563,0.474,Ordbeta,T0-T3,NPK,1,Wallula Gap Biological Station-North Face,Lmax,1,Maximum length of life,H5
Lactuca_serriola,Lactuca_serriola_Wallula Gap Biological Station-North Face,-2.563,0.474,Ordbeta,T0-T3,NPK,1,Wallula Gap Biological Station-North Face,Lmean,1,Mean life expectancy,H5
Linum_catharticum,Linum_catharticum_Wytham Woods,-2.549,0.268,Ordbeta,T0-T3,NPK,1,Wytham Woods,Lmax,8,Maximum length of life,H5
Linum_catharticum,Linum_catharticum_Wytham Woods,-2.549,0.268,Ordbeta,T0-T3,NPK,1,Wytham Woods,Lmean,2.1631811016051863,Mean life expectancy,H5
Myosotis_ramosissima,Myosotis_ramosissima_CEREEP - Ecotron IDF,-2.205,0.539,Ordbeta,T0-T3,NPK,1,CEREEP - Ecotron IDF,Lmax,1,Maximum length of life,H5
Myosotis_ramosissima,Myosotis_ramosissima_CEREEP - Ecotron IDF,-2.205,0.539,Ordbeta,T0-T3,NPK,1,CEREEP - Ecotron IDF,Lmean,1,Mean life expectancy,H5
Picris_hieracioides,Picris_hieracioides_Bad Lauchstaedt,-0.956,0.26,Ordbeta,T0-T3,NPK,1,Bad Lauchstaedt,Lmax,2,Maximum length of life,H5
Picris_hieracioides,Picris_hieracioides_Bad Lauchstaedt,-0.956,0.26,Ordbeta,T0-T3,NPK,1,Bad Lauchstaedt,Lmean,1.0258256,Mean life expectancy,H5
Picris_hieracioides,Picris_hieracioides_CEREEP - Ecotron IDF,-2.086,0.473,Ordbeta,T0-T3,NPK,1,CEREEP - Ecotron IDF,Lmax,2,Maximum length of life,H5
Picris_hieracioides,Picris_hieracioides_CEREEP - Ecotron IDF,-2.086,0.473,Ordbeta,T0-T3,NPK,1,CEREEP - Ecotron IDF,Lmean,1.0258256,Mean life expectancy,H5
Picris_hieracioides,Picris_hieracioides_Jena,-2.288,0.53,Ordbeta,T0-T3,NPK,1,Jena,Lmax,2,Maximum length of life,H5
Picris_hieracioides,Picris_hieracioides_Jena,-2.288,0.53,Ordbeta,T0-T3,NPK,1,Jena,Lmean,1.0258256,Mean life expectancy,H5
Picris_hieracioides,Picris_hieracioides_Saihanba,-2.458,0.399,Ordbeta,T0-T3,NPK,1,Saihanba,Lmax,2,Maximum length of life,H5
Picris_hieracioides,Picris_hieracioides_Saihanba,-2.458,0.399,Ordbeta,T0-T3,NPK,1,Saihanba,Lmean,1.0258256,Mean life expectancy,H5
Pimpinella_saxifraga,Pimpinella_saxifraga_Meranges,-2.366,0.353,Ordbeta,T0-T3,NPK,1,Meranges,Lmax,27.666666666666668,Maximum length of life,H5
Pimpinella_saxifraga,Pimpinella_saxifraga_Meranges,-2.366,0.353,Ordbeta,T0-T3,NPK,1,Meranges,Lmean,4.354337442075448,Mean life expectancy,H5
Plantago_coronopus,Plantago_coronopus_Algaida,-1.597,0.265,Ordbeta,T0-T3,NPK,1,Algaida,Lmax,7.619047619047619,Maximum length of life,H5
Plantago_coronopus,Plantago_coronopus_Algaida,-1.597,0.265,Ordbeta,T0-T3,NPK,1,Algaida,Lmean,1.9177547829279984,Mean life expectancy,H5
Plantago_coronopus,Plantago_coronopus_Caracoles,-2.38,0.37,Ordbeta,T0-T3,NPK,1,Caracoles,Lmax,7.619047619047619,Maximum length of life,H5
Plantago_coronopus,Plantago_coronopus_Caracoles,-2.38,0.37,Ordbeta,T0-T3,NPK,1,Caracoles,Lmean,1.9177547829279984,Mean life expectancy,H5
Plantago_media,Plantago_media_Meranges,-2.288,0.327,Ordbeta,T0-T3,NPK,1,Meranges,Lmax,7.333333333333334,Maximum length of life,H5
Plantago_media,Plantago_media_Meranges,-2.288,0.327,Ordbeta,T0-T3,NPK,1,Meranges,Lmean,1.2882439020931529,Mean life expectancy,H5
Potentilla_recta,Potentilla_recta_Churning Rapids,-2.149,0.332,Ordbeta,T0-T3,NPK,1,Churning Rapids,Lmax,20.5,Maximum length of life,H5
Potentilla_recta,Potentilla_recta_Churning Rapids,-2.149,0.332,Ordbeta,T0-T3,NPK,1,Churning Rapids,Lmean,3.5678848238306284,Mean life expectancy,H5
Primula_elatior,Primula_elatior_Stoderzinken,-2.201,0.541,Ordbeta,T0-T3,NPK,1,Stoderzinken,Lmax,52.666666666666664,Maximum length of life,H5
Primula_elatior,Primula_elatior_Stoderzinken,-2.201,0.541,Ordbeta,T0-T3,NPK,1,Stoderzinken,Lmean,3.267510472030423,Mean life expectancy,H5
Primula_veris,Primula_veris_Wytham Woods,-2.357,0.417,Ordbeta,T0-T3,NPK,1,Wytham Woods,Lmax,6.428571428571429,Maximum length of life,H5
Primula_veris,Primula_veris_Wytham Woods,-2.357,0.417,Ordbeta,T0-T3,NPK,1,Wytham Woods,Lmean,1.4265501826723619,Mean life expectancy,H5
Ranunculus_acris,Ranunculus_acris_Agroscope Changins,-2.044,0.26,Ordbeta,T0-T3,NPK,1,Agroscope Changins,Lmax,6,Maximum length of life,H5
Ranunculus_acris,Ranunculus_acris_Agroscope Changins,-2.044,0.26,Ordbeta,T0-T3,NPK,1,Agroscope Changins,Lmean,1.309226932668329,Mean life expectancy,H5
Ranunculus_acris,Ranunculus_acris_Bayreuth DRAGNet,-2.528,0.329,Ordbeta,T0-T3,NPK,1,Bayreuth DRAGNet,Lmax,6,Maximum length of life,H5
Ranunculus_acris,Ranunculus_acris_Bayreuth DRAGNet,-2.528,0.329,Ordbeta,T0-T3,NPK,1,Bayreuth DRAGNet,Lmean,1.309226932668329,Mean life expectancy,H5
Ranunculus_acris,Ranunculus_acris_CEREEP - Ecotron IDF,-2.205,0.539,Ordbeta,T0-T3,NPK,1,CEREEP - Ecotron IDF,Lmax,6,Maximum length of life,H5
Ranunculus_acris,Ranunculus_acris_CEREEP - Ecotron IDF,-2.205,0.539,Ordbeta,T0-T3,NPK,1,CEREEP - Ecotron IDF,Lmean,1.309226932668329,Mean life expectancy,H5
Ranunculus_acris,Ranunculus_acris_Churning Rapids,-2.145,0.548,Ordbeta,T0-T3,NPK,1,Churning Rapids,Lmax,6,Maximum length of life,H5
Ranunculus_acris,Ranunculus_acris_Churning Rapids,-2.145,0.548,Ordbeta,T0-T3,NPK,1,Churning Rapids,Lmean,1.309226932668329,Mean life expectancy,H5
Ranunculus_acris,Ranunculus_acris_Kniezenberg,-2.296,0.529,Ordbeta,T0-T3,NPK,1,Kniezenberg,Lmax,6,Maximum length of life,H5
Ranunculus_acris,Ranunculus_acris_Kniezenberg,-2.296,0.529,Ordbeta,T0-T3,NPK,1,Kniezenberg,Lmean,1.309226932668329,Mean life expectancy,H5
Ranunculus_acris,Ranunculus_acris_Meranges,-2.141,0.284,Ordbeta,T0-T3,NPK,1,Meranges,Lmax,6,Maximum length of life,H5
Ranunculus_acris,Ranunculus_acris_Meranges,-2.141,0.284,Ordbeta,T0-T3,NPK,1,Meranges,Lmean,1.309226932668329,Mean life expectancy,H5
Ranunculus_acris,Ranunculus_acris_Stoderzinken,-2.339,0.452,Ordbeta,T0-T3,NPK,1,Stoderzinken,Lmax,6,Maximum length of life,H5
Ranunculus_acris,Ranunculus_acris_Stoderzinken,-2.339,0.452,Ordbeta,T0-T3,NPK,1,Stoderzinken,Lmean,1.309226932668329,Mean life expectancy,H5
Ranunculus_acris,Ranunculus_acris_WSL,-2.391,0.323,Ordbeta,T0-T3,NPK,1,WSL,Lmax,6,Maximum length of life,H5
Ranunculus_acris,Ranunculus_acris_WSL,-2.391,0.323,Ordbeta,T0-T3,NPK,1,WSL,Lmean,1.309226932668329,Mean life expectancy,H5
Ranunculus_acris,Ranunculus_acris_Wytham Woods,-2.561,0.342,Ordbeta,T0-T3,NPK,1,Wytham Woods,Lmax,6,Maximum length of life,H5
Ranunculus_acris,Ranunculus_acris_Wytham Woods,-2.561,0.342,Ordbeta,T0-T3,NPK,1,Wytham Woods,Lmean,1.309226932668329,Mean life expectancy,H5
Sphaeralcea_coccinea,Sphaeralcea_coccinea_Shortgrass Steppe LTER,-2.258,0.349,Ordbeta,T0-T3,NPK,1,Shortgrass Steppe LTER,Lmax,3.2777777777777777,Maximum length of life,H5
Sphaeralcea_coccinea,Sphaeralcea_coccinea_Shortgrass Steppe LTER,-2.258,0.349,Ordbeta,T0-T3,NPK,1,Shortgrass Steppe LTER,Lmean,1.2137270585719466,Mean life expectancy,H5
Stenaria_nigricans,Stenaria_nigricans_Temple,-2.397,0.391,Ordbeta,T0-T3,NPK,1,Temple,Lmax,2.5,Maximum length of life,H5
Stenaria_nigricans,Stenaria_nigricans_Temple,-2.397,0.391,Ordbeta,T0-T3,NPK,1,Temple,Lmean,1.1146540108396092,Mean life expectancy,H5
Taraxacum_campylodes,Taraxacum_campylodes_Bayreuth DRAGNet,-2.568,0.469,Ordbeta,T0-T3,NPK,1,Bayreuth DRAGNet,Lmax,2,Maximum length of life,H5
Taraxacum_campylodes,Taraxacum_campylodes_Bayreuth DRAGNet,-2.568,0.469,Ordbeta,T0-T3,NPK,1,Bayreuth DRAGNet,Lmean,1.072473871422717,Mean life expectancy,H5
Taraxacum_campylodes,Taraxacum_campylodes_Kellogg Biological Station (KBS),-2.648,0.46,Ordbeta,T0-T3,NPK,1,Kellogg Biological Station (KBS),Lmax,2,Maximum length of life,H5
Taraxacum_campylodes,Taraxacum_campylodes_Kellogg Biological Station (KBS),-2.648,0.46,Ordbeta,T0-T3,NPK,1,Kellogg Biological Station (KBS),Lmean,1.072473871422717,Mean life expectancy,H5
Thymus_vulgaris,Thymus_vulgaris_Morella la Vella,-1.997,0.426,Ordbeta,T0-T3,NPK,1,Morella la Vella,Lmax,410.5,Maximum length of life,H5
Thymus_vulgaris,Thymus_vulgaris_Morella la Vella,-1.997,0.426,Ordbeta,T0-T3,NPK,1,Morella la Vella,Lmean,90.68192577927488,Mean life expectancy,H5
Verbascum_thapsus,Verbascum_thapsus_Cedar Creek LTER,-2.087,0.473,Ordbeta,T0-T3,NPK,1,Cedar Creek LTER,Lmax,2,Maximum length of life,H5
Verbascum_thapsus,Verbascum_thapsus_Cedar Creek LTER,-2.087,0.473,Ordbeta,T0-T3,NPK,1,Cedar Creek LTER,Lmean,1.052632,Mean life expectancy,H5
Veronica_arvensis,Veronica_arvensis_Agroscope Changins,-2.814,0.441,Ordbeta,T0-T3,NPK,1,Agroscope Changins,Lmax,1.4705882352941178,Maximum length of life,H5
Veronica_arvensis,Veronica_arvensis_Agroscope Changins,-2.814,0.441,Ordbeta,T0-T3,NPK,1,Agroscope Changins,Lmean,1.084648493543759,Mean life expectancy,H5
Veronica_arvensis,Veronica_arvensis_Bad Lauchstaedt,-2.561,0.329,Ordbeta,T0-T3,NPK,1,Bad Lauchstaedt,Lmax,1.4705882352941178,Maximum length of life,H5
Veronica_arvensis,Veronica_arvensis_Bad Lauchstaedt,-2.561,0.329,Ordbeta,T0-T3,NPK,1,Bad Lauchstaedt,Lmean,1.084648493543759,Mean life expectancy,H5
Veronica_arvensis,Veronica_arvensis_CEREEP - Ecotron IDF,-2.239,0.413,Ordbeta,T0-T3,NPK,1,CEREEP - Ecotron IDF,Lmax,1.4705882352941178,Maximum length of life,H5
Veronica_arvensis,Veronica_arvensis_CEREEP - Ecotron IDF,-2.239,0.413,Ordbeta,T0-T3,NPK,1,CEREEP - Ecotron IDF,Lmean,1.084648493543759,Mean life expectancy,H5
Veronica_arvensis,Veronica_arvensis_Jena,-2.188,0.33,Ordbeta,T0-T3,NPK,1,Jena,Lmax,1.4705882352941178,Maximum length of life,H5
Veronica_arvensis,Veronica_arvensis_Jena,-2.188,0.33,Ordbeta,T0-T3,NPK,1,Jena,Lmean,1.084648493543759,Mean life expectancy,H5
Veronica_arvensis,Veronica_arvensis_WSL,-2.497,0.532,Ordbeta,T0-T3,NPK,1,WSL,Lmax,1.4705882352941178,Maximum length of life,H5
Veronica_arvensis,Veronica_arvensis_WSL,-2.497,0.532,Ordbeta,T0-T3,NPK,1,WSL,Lmean,1.084648493543759,Mean life expectancy,H5
