Taxon,RE,RE_se,model,time_period,experiment,ID,Demo_trait,Demo_value
Agrimonia_eupatoria,-2.339,0.308,Hurdle_cond,T0-T1,DIST,1,FirstStepAtt,-0.40426778811109665
Agrimonia_eupatoria,-2.339,0.308,Hurdle_cond,T0-T1,DIST,1,Lambda,0.99064442494128635
Agrimonia_eupatoria,-2.339,0.308,Hurdle_cond,T0-T1,DIST,1,Lmax,4.5330412476880015
Agrimonia_eupatoria,-2.339,0.308,Hurdle_cond,T0-T1,DIST,1,Lmean,2.276623485281897
Agrimonia_eupatoria,-2.339,0.308,Hurdle_cond,T0-T1,DIST,1,R0,-0.38127020833005776
Agrimonia_eupatoria,-2.339,0.308,Hurdle_cond,T0-T1,DIST,1,Reactivity,0.19207496843703886
Agrimonia_eupatoria,-2.339,0.308,Hurdle_cond,T0-T1,DIST,1,T_generation,3.6207086258222283
Agrimonia_eupatoria,-2.339,0.308,Hurdle_cond,T0-T1,DIST,1,age_repro,2.087394345070076
Agrimonia_eupatoria,-2.339,0.308,Hurdle_cond,T0-T1,DIST,1,percapita_repro,-1.5661843426366495
Allium_vineale,-2.829,0.414,Hurdle_cond,T0-T1,DIST,1,FirstStepAtt,-2.036030904211625
Allium_vineale,-2.829,0.414,Hurdle_cond,T0-T1,DIST,1,Lambda,1.170906773884173
Allium_vineale,-2.829,0.414,Hurdle_cond,T0-T1,DIST,1,Lmax,1.0986122886681098
Allium_vineale,-2.829,0.414,Hurdle_cond,T0-T1,DIST,1,Lmean,0.16647352389668973
Allium_vineale,-2.829,0.414,Hurdle_cond,T0-T1,DIST,1,R0,0.3408368280021561
Allium_vineale,-2.829,0.414,Hurdle_cond,T0-T1,DIST,1,Reactivity,2.1940830508207325
Allium_vineale,-2.829,0.414,Hurdle_cond,T0-T1,DIST,1,T_generation,0.7635325690826141
Allium_vineale,-2.829,0.414,Hurdle_cond,T0-T1,DIST,1,age_repro,1.2000990079409088
Allium_vineale,-2.829,0.414,Hurdle_cond,T0-T1,DIST,1,percapita_repro,2.3368650630604555
Andropogon_gerardii,-1.568,0.279,Hurdle_cond,T0-T1,DIST,1,FirstStepAtt,-1.1908608264270113
Andropogon_gerardii,-1.568,0.279,Hurdle_cond,T0-T1,DIST,1,Lambda,1.5058732521698401
Andropogon_gerardii,-1.568,0.279,Hurdle_cond,T0-T1,DIST,1,Lmax,1.764891121214301
Andropogon_gerardii,-1.568,0.279,Hurdle_cond,T0-T1,DIST,1,Lmean,0.6723210807858808
Andropogon_gerardii,-1.568,0.279,Hurdle_cond,T0-T1,DIST,1,R0,0.8354773555720532
Andropogon_gerardii,-1.568,0.279,Hurdle_cond,T0-T1,DIST,1,Reactivity,1.7926841280473302
Andropogon_gerardii,-1.568,0.279,Hurdle_cond,T0-T1,DIST,1,T_generation,0.7395193223181743
Andropogon_gerardii,-1.568,0.279,Hurdle_cond,T0-T1,DIST,1,age_repro,0.7862530575220442
Andropogon_gerardii,-1.568,0.279,Hurdle_cond,T0-T1,DIST,1,percapita_repro,2.0924307697315556
Arenaria_serpyllifolia,-2.722,0.317,Hurdle_cond,T0-T1,DIST,1,FirstStepAtt,-2.2176497264357233
Arenaria_serpyllifolia,-2.722,0.317,Hurdle_cond,T0-T1,DIST,1,Lambda,0.860684361881849
Arenaria_serpyllifolia,-2.722,0.317,Hurdle_cond,T0-T1,DIST,1,Lmax,0
Arenaria_serpyllifolia,-2.722,0.317,Hurdle_cond,T0-T1,DIST,1,Lmean,0
Arenaria_serpyllifolia,-2.722,0.317,Hurdle_cond,T0-T1,DIST,1,R0,0.13128547046852534
Arenaria_serpyllifolia,-2.722,0.317,Hurdle_cond,T0-T1,DIST,1,Reactivity,2.5929750386335604
Arenaria_serpyllifolia,-2.722,0.317,Hurdle_cond,T0-T1,DIST,1,T_generation,0.1698858306660028
Arenaria_serpyllifolia,-2.722,0.317,Hurdle_cond,T0-T1,DIST,1,age_repro,0.8303384136066279
Arenaria_serpyllifolia,-2.722,0.317,Hurdle_cond,T0-T1,DIST,1,percapita_repro,2.639396025140823
Armeria_maritima,-2.874,0.422,Hurdle_cond,T0-T1,DIST,1,FirstStepAtt,-2.2414258727445264
Armeria_maritima,-2.874,0.422,Hurdle_cond,T0-T1,DIST,1,Lambda,1.4580438530642406
Armeria_maritima,-2.874,0.422,Hurdle_cond,T0-T1,DIST,1,Lmax,2.995732273553991
Armeria_maritima,-2.874,0.422,Hurdle_cond,T0-T1,DIST,1,Lmean,0.6122577291406874
Armeria_maritima,-2.874,0.422,Hurdle_cond,T0-T1,DIST,1,R0,4.4450836460525265
Armeria_maritima,-2.874,0.422,Hurdle_cond,T0-T1,DIST,1,Reactivity,5.495776723555246
Armeria_maritima,-2.874,0.422,Hurdle_cond,T0-T1,DIST,1,T_generation,2.0996042559618977
Armeria_maritima,-2.874,0.422,Hurdle_cond,T0-T1,DIST,1,age_repro,1.525500516347215
Armeria_maritima,-2.874,0.422,Hurdle_cond,T0-T1,DIST,1,percapita_repro,3.6172820201716607
Centaurea_jacea,-2.564,0.291,Hurdle_cond,T0-T1,DIST,1,FirstStepAtt,-0.6368104471974831
Centaurea_jacea,-2.564,0.291,Hurdle_cond,T0-T1,DIST,1,Lambda,0.9157150879324937
Centaurea_jacea,-2.564,0.291,Hurdle_cond,T0-T1,DIST,1,Lmax,2.4003251984703664
Centaurea_jacea,-2.564,0.291,Hurdle_cond,T0-T1,DIST,1,Lmean,1.372271579332501
Centaurea_jacea,-2.564,0.291,Hurdle_cond,T0-T1,DIST,1,R0,-3.4842742317189583
Centaurea_jacea,-2.564,0.291,Hurdle_cond,T0-T1,DIST,1,Reactivity,0.4168576413811439
Centaurea_jacea,-2.564,0.291,Hurdle_cond,T0-T1,DIST,1,T_generation,2.978872381362829
Centaurea_jacea,-2.564,0.291,Hurdle_cond,T0-T1,DIST,1,age_repro,1.6363011514297372
Centaurea_jacea,-2.564,0.291,Hurdle_cond,T0-T1,DIST,1,percapita_repro,-1.7828083742933423
Cerastium_fontanum,-2.685,0.225,Hurdle_cond,T0-T1,DIST,1,FirstStepAtt,-2.696031853083466
Cerastium_fontanum,-2.685,0.225,Hurdle_cond,T0-T1,DIST,1,Lambda,NA
Cerastium_fontanum,-2.685,0.225,Hurdle_cond,T0-T1,DIST,1,Lmax,0
Cerastium_fontanum,-2.685,0.225,Hurdle_cond,T0-T1,DIST,1,Lmean,0
Cerastium_fontanum,-2.685,0.225,Hurdle_cond,T0-T1,DIST,1,R0,1.5184623246973081
Cerastium_fontanum,-2.685,0.225,Hurdle_cond,T0-T1,DIST,1,Reactivity,3.027270925563423
Cerastium_fontanum,-2.685,0.225,Hurdle_cond,T0-T1,DIST,1,T_generation,0.005048904923272251
Cerastium_fontanum,-2.685,0.225,Hurdle_cond,T0-T1,DIST,1,age_repro,0.8873031950009029
Cerastium_fontanum,-2.685,0.225,Hurdle_cond,T0-T1,DIST,1,percapita_repro,4.522657764413627
Cirsium_arvense,-2.055,0.221,Hurdle_cond,T0-T1,DIST,1,FirstStepAtt,-3.3290015249469986
Cirsium_arvense,-2.055,0.221,Hurdle_cond,T0-T1,DIST,1,Lambda,NA
Cirsium_arvense,-2.055,0.221,Hurdle_cond,T0-T1,DIST,1,Lmax,1.0986122886681098
Cirsium_arvense,-2.055,0.221,Hurdle_cond,T0-T1,DIST,1,Lmean,0.1699960817758222
Cirsium_arvense,-2.055,0.221,Hurdle_cond,T0-T1,DIST,1,R0,3.228914980534981
Cirsium_arvense,-2.055,0.221,Hurdle_cond,T0-T1,DIST,1,Reactivity,4.0664130997692896
Cirsium_arvense,-2.055,0.221,Hurdle_cond,T0-T1,DIST,1,T_generation,0.770361224737239
Cirsium_arvense,-2.055,0.221,Hurdle_cond,T0-T1,DIST,1,age_repro,1.162546762671639
Cirsium_arvense,-2.055,0.221,Hurdle_cond,T0-T1,DIST,1,percapita_repro,5.427985054670073
Cirsium_palustre,-2.785,0.399,Hurdle_cond,T0-T1,DIST,1,FirstStepAtt,-2.5937654771378242
Cirsium_palustre,-2.785,0.399,Hurdle_cond,T0-T1,DIST,1,Lambda,1.4428002172428838
Cirsium_palustre,-2.785,0.399,Hurdle_cond,T0-T1,DIST,1,Lmax,1.5273118956910914
Cirsium_palustre,-2.785,0.399,Hurdle_cond,T0-T1,DIST,1,Lmean,0.20135107219302092
Cirsium_palustre,-2.785,0.399,Hurdle_cond,T0-T1,DIST,1,R0,1.2807231364002394
Cirsium_palustre,-2.785,0.399,Hurdle_cond,T0-T1,DIST,1,Reactivity,4.898747288058176
Cirsium_palustre,-2.785,0.399,Hurdle_cond,T0-T1,DIST,1,T_generation,1.2255759905166657
Cirsium_palustre,-2.785,0.399,Hurdle_cond,T0-T1,DIST,1,age_repro,1.534647496889771
Cirsium_palustre,-2.785,0.399,Hurdle_cond,T0-T1,DIST,1,percapita_repro,4.957313127808717
Cirsium_vulgare,-2.477,0.309,Hurdle_cond,T0-T1,DIST,1,FirstStepAtt,-3.1910655226282234
Cirsium_vulgare,-2.477,0.309,Hurdle_cond,T0-T1,DIST,1,Lambda,0.7844344795818798
Cirsium_vulgare,-2.477,0.309,Hurdle_cond,T0-T1,DIST,1,Lmax,1.507973248367974
Cirsium_vulgare,-2.477,0.309,Hurdle_cond,T0-T1,DIST,1,Lmean,0.3479988332516422
Cirsium_vulgare,-2.477,0.309,Hurdle_cond,T0-T1,DIST,1,R0,-1.420279247517773
Cirsium_vulgare,-2.477,0.309,Hurdle_cond,T0-T1,DIST,1,Reactivity,2.641485998869525
Cirsium_vulgare,-2.477,0.309,Hurdle_cond,T0-T1,DIST,1,T_generation,1.4828783988333107
Cirsium_vulgare,-2.477,0.309,Hurdle_cond,T0-T1,DIST,1,age_repro,0.9323966804077027
Cirsium_vulgare,-2.477,0.309,Hurdle_cond,T0-T1,DIST,1,percapita_repro,1.89963041219607
Daucus_carota,-2.507,0.247,Hurdle_cond,T0-T1,DIST,1,FirstStepAtt,-4.040610337013186
Daucus_carota,-2.507,0.247,Hurdle_cond,T0-T1,DIST,1,Lambda,1.7161044748521754
Daucus_carota,-2.507,0.247,Hurdle_cond,T0-T1,DIST,1,Lmax,1.0986122886681098
Daucus_carota,-2.507,0.247,Hurdle_cond,T0-T1,DIST,1,Lmean,0.31834252276646996
Daucus_carota,-2.507,0.247,Hurdle_cond,T0-T1,DIST,1,R0,1.8196701629274532
Daucus_carota,-2.507,0.247,Hurdle_cond,T0-T1,DIST,1,Reactivity,NA
Daucus_carota,-2.507,0.247,Hurdle_cond,T0-T1,DIST,1,T_generation,1.189773196967312
Daucus_carota,-2.507,0.247,Hurdle_cond,T0-T1,DIST,1,age_repro,1.431272611901774
Daucus_carota,-2.507,0.247,Hurdle_cond,T0-T1,DIST,1,percapita_repro,NA
Echium_vulgare,-2.743,0.477,Hurdle_cond,T0-T1,DIST,1,FirstStepAtt,-1.4808281568478856
Echium_vulgare,-2.743,0.477,Hurdle_cond,T0-T1,DIST,1,Lambda,1.5475980030086196
Echium_vulgare,-2.743,0.477,Hurdle_cond,T0-T1,DIST,1,Lmax,1.3862943611198906
Echium_vulgare,-2.743,0.477,Hurdle_cond,T0-T1,DIST,1,Lmean,0.5010758488001461
Echium_vulgare,-2.743,0.477,Hurdle_cond,T0-T1,DIST,1,R0,1.6034012709220467
Echium_vulgare,-2.743,0.477,Hurdle_cond,T0-T1,DIST,1,Reactivity,3.2663741200499037
Echium_vulgare,-2.743,0.477,Hurdle_cond,T0-T1,DIST,1,T_generation,1.2871395045757101
Echium_vulgare,-2.743,0.477,Hurdle_cond,T0-T1,DIST,1,age_repro,1.3132909952863716
Echium_vulgare,-2.743,0.477,Hurdle_cond,T0-T1,DIST,1,percapita_repro,3.7030781735137492
Elymus_repens,-2.056,0.232,Hurdle_cond,T0-T1,DIST,1,FirstStepAtt,-19.608981934788076
Elymus_repens,-2.056,0.232,Hurdle_cond,T0-T1,DIST,1,Lambda,NA
Elymus_repens,-2.056,0.232,Hurdle_cond,T0-T1,DIST,1,Lmax,0.6931471805599453
Elymus_repens,-2.056,0.232,Hurdle_cond,T0-T1,DIST,1,Lmean,0.34830572665687204
Elymus_repens,-2.056,0.232,Hurdle_cond,T0-T1,DIST,1,R0,4.306802628082906
Elymus_repens,-2.056,0.232,Hurdle_cond,T0-T1,DIST,1,Reactivity,NA
Elymus_repens,-2.056,0.232,Hurdle_cond,T0-T1,DIST,1,T_generation,0.00771453240913415
Elymus_repens,-2.056,0.232,Hurdle_cond,T0-T1,DIST,1,age_repro,0
Elymus_repens,-2.056,0.232,Hurdle_cond,T0-T1,DIST,1,percapita_repro,-5.74205469871386
Erigeron_canadensis,-2.962,0.306,Hurdle_cond,T0-T1,DIST,1,FirstStepAtt,-2.9940372183428647
Erigeron_canadensis,-2.962,0.306,Hurdle_cond,T0-T1,DIST,1,Lambda,NA
Erigeron_canadensis,-2.962,0.306,Hurdle_cond,T0-T1,DIST,1,Lmax,0
Erigeron_canadensis,-2.962,0.306,Hurdle_cond,T0-T1,DIST,1,Lmean,0
Erigeron_canadensis,-2.962,0.306,Hurdle_cond,T0-T1,DIST,1,R0,2.750423016465953
Erigeron_canadensis,-2.962,0.306,Hurdle_cond,T0-T1,DIST,1,Reactivity,3.7256901124743216
Erigeron_canadensis,-2.962,0.306,Hurdle_cond,T0-T1,DIST,1,T_generation,0.1300250884192771
Erigeron_canadensis,-2.962,0.306,Hurdle_cond,T0-T1,DIST,1,age_repro,0.9159908368351705
Erigeron_canadensis,-2.962,0.306,Hurdle_cond,T0-T1,DIST,1,percapita_repro,5.684089841310465
Knautia_arvensis,-2.138,0.361,Hurdle_cond,T0-T1,DIST,1,FirstStepAtt,-2.9563737542749036
Knautia_arvensis,-2.138,0.361,Hurdle_cond,T0-T1,DIST,1,Lambda,0.30764990872892983
Knautia_arvensis,-2.138,0.361,Hurdle_cond,T0-T1,DIST,1,Lmax,0.6931471805599453
Knautia_arvensis,-2.138,0.361,Hurdle_cond,T0-T1,DIST,1,Lmean,0.022139719151234638
Knautia_arvensis,-2.138,0.361,Hurdle_cond,T0-T1,DIST,1,R0,-9.95071325619903
Knautia_arvensis,-2.138,0.361,Hurdle_cond,T0-T1,DIST,1,Reactivity,0.35097071858090523
Knautia_arvensis,-2.138,0.361,Hurdle_cond,T0-T1,DIST,1,T_generation,NA
Knautia_arvensis,-2.138,0.361,Hurdle_cond,T0-T1,DIST,1,age_repro,0.9322894183877876
Knautia_arvensis,-2.138,0.361,Hurdle_cond,T0-T1,DIST,1,percapita_repro,-4.367646677748796
Lactuca_serriola,-2.776,0.35,Hurdle_cond,T0-T1,DIST,1,FirstStepAtt,-2.5276283678174485
Lactuca_serriola,-2.776,0.35,Hurdle_cond,T0-T1,DIST,1,Lambda,NA
Lactuca_serriola,-2.776,0.35,Hurdle_cond,T0-T1,DIST,1,Lmax,0
Lactuca_serriola,-2.776,0.35,Hurdle_cond,T0-T1,DIST,1,Lmean,0
Lactuca_serriola,-2.776,0.35,Hurdle_cond,T0-T1,DIST,1,R0,2.961708269076509
Lactuca_serriola,-2.776,0.35,Hurdle_cond,T0-T1,DIST,1,Reactivity,5.096932718325193
Lactuca_serriola,-2.776,0.35,Hurdle_cond,T0-T1,DIST,1,T_generation,0.08738433516364566
Lactuca_serriola,-2.776,0.35,Hurdle_cond,T0-T1,DIST,1,age_repro,1.2839753424841123
Lactuca_serriola,-2.776,0.35,Hurdle_cond,T0-T1,DIST,1,percapita_repro,7.147653680580111
Linum_catharticum,-2.89,0.408,Hurdle_cond,T0-T1,DIST,1,FirstStepAtt,-3.1953085121694222
Linum_catharticum,-2.89,0.408,Hurdle_cond,T0-T1,DIST,1,Lambda,NA
Linum_catharticum,-2.89,0.408,Hurdle_cond,T0-T1,DIST,1,Lmax,2.0794415416798357
Linum_catharticum,-2.89,0.408,Hurdle_cond,T0-T1,DIST,1,Lmean,0.7715798705141755
Linum_catharticum,-2.89,0.408,Hurdle_cond,T0-T1,DIST,1,R0,1.7942778474769046
Linum_catharticum,-2.89,0.408,Hurdle_cond,T0-T1,DIST,1,Reactivity,3.8165083573910685
Linum_catharticum,-2.89,0.408,Hurdle_cond,T0-T1,DIST,1,T_generation,0.3007917133047998
Linum_catharticum,-2.89,0.408,Hurdle_cond,T0-T1,DIST,1,age_repro,0.7034715243015948
Linum_catharticum,-2.89,0.408,Hurdle_cond,T0-T1,DIST,1,percapita_repro,3.0328521355315146
Picris_hieracioides,-1.814,0.27,Hurdle_cond,T0-T1,DIST,1,FirstStepAtt,-4.012603074068455
Picris_hieracioides,-1.814,0.27,Hurdle_cond,T0-T1,DIST,1,Lambda,0.8846497432296888
Picris_hieracioides,-1.814,0.27,Hurdle_cond,T0-T1,DIST,1,Lmax,0.6931471805599453
Picris_hieracioides,-1.814,0.27,Hurdle_cond,T0-T1,DIST,1,Lmean,0.025497751793431413
Picris_hieracioides,-1.814,0.27,Hurdle_cond,T0-T1,DIST,1,R0,-0.5012341883972119
Picris_hieracioides,-1.814,0.27,Hurdle_cond,T0-T1,DIST,1,Reactivity,5.739334580340472
Picris_hieracioides,-1.814,0.27,Hurdle_cond,T0-T1,DIST,1,T_generation,1.4151934417967609
Picris_hieracioides,-1.814,0.27,Hurdle_cond,T0-T1,DIST,1,age_repro,1.5430234695350933
Picris_hieracioides,-1.814,0.27,Hurdle_cond,T0-T1,DIST,1,percapita_repro,5.616771097666572
Pimpinella_saxifraga,-2.535,0.389,Hurdle_cond,T0-T1,DIST,1,FirstStepAtt,-0.5923077657542145
Pimpinella_saxifraga,-2.535,0.389,Hurdle_cond,T0-T1,DIST,1,Lambda,0.9547406316474246
Pimpinella_saxifraga,-2.535,0.389,Hurdle_cond,T0-T1,DIST,1,Lmax,3.2778313935718644
Pimpinella_saxifraga,-2.535,0.389,Hurdle_cond,T0-T1,DIST,1,Lmean,1.3985454207581607
Pimpinella_saxifraga,-2.535,0.389,Hurdle_cond,T0-T1,DIST,1,R0,-0.7090626241047243
Pimpinella_saxifraga,-2.535,0.389,Hurdle_cond,T0-T1,DIST,1,Reactivity,0.9233752615973373
Pimpinella_saxifraga,-2.535,0.389,Hurdle_cond,T0-T1,DIST,1,T_generation,2.775613869924522
Pimpinella_saxifraga,-2.535,0.389,Hurdle_cond,T0-T1,DIST,1,age_repro,1.7819632124517442
Pimpinella_saxifraga,-2.535,0.389,Hurdle_cond,T0-T1,DIST,1,percapita_repro,-0.16356267781330006
Plantago_coronopus,-2.528,0.321,Hurdle_cond,T0-T1,DIST,1,FirstStepAtt,-1.0607821044920802
Plantago_coronopus,-2.528,0.321,Hurdle_cond,T0-T1,DIST,1,Lambda,0.8883340096307588
Plantago_coronopus,-2.528,0.321,Hurdle_cond,T0-T1,DIST,1,Lmax,1.907994489728227
Plantago_coronopus,-2.528,0.321,Hurdle_cond,T0-T1,DIST,1,Lmean,0.5836315540514999
Plantago_coronopus,-2.528,0.321,Hurdle_cond,T0-T1,DIST,1,R0,-0.7679497099488539
Plantago_coronopus,-2.528,0.321,Hurdle_cond,T0-T1,DIST,1,Reactivity,1.2700917455756846
Plantago_coronopus,-2.528,0.321,Hurdle_cond,T0-T1,DIST,1,T_generation,1.4792349913940708
Plantago_coronopus,-2.528,0.321,Hurdle_cond,T0-T1,DIST,1,age_repro,0.7227032675127357
Plantago_coronopus,-2.528,0.321,Hurdle_cond,T0-T1,DIST,1,percapita_repro,-0.1607889960080645
Plantago_media,-2.502,0.363,Hurdle_cond,T0-T1,DIST,1,FirstStepAtt,-2.5216721506920545
Plantago_media,-2.502,0.363,Hurdle_cond,T0-T1,DIST,1,Lambda,0.9166479924897526
Plantago_media,-2.502,0.363,Hurdle_cond,T0-T1,DIST,1,Lmax,1.7178918965462198
Plantago_media,-2.502,0.363,Hurdle_cond,T0-T1,DIST,1,Lmean,0.24009345509101096
Plantago_media,-2.502,0.363,Hurdle_cond,T0-T1,DIST,1,R0,-3.703632943874186
Plantago_media,-2.502,0.363,Hurdle_cond,T0-T1,DIST,1,Reactivity,0.9115891884505661
Plantago_media,-2.502,0.363,Hurdle_cond,T0-T1,DIST,1,T_generation,3.283074054166277
Plantago_media,-2.502,0.363,Hurdle_cond,T0-T1,DIST,1,age_repro,2.050568331584061
Plantago_media,-2.502,0.363,Hurdle_cond,T0-T1,DIST,1,percapita_repro,0.21247852101489456
Poa_alpina,-2.704,0.596,Hurdle_cond,T0-T1,DIST,1,FirstStepAtt,-0.6821869840767281
Poa_alpina,-2.704,0.596,Hurdle_cond,T0-T1,DIST,1,Lambda,0.9289514100594023
Poa_alpina,-2.704,0.596,Hurdle_cond,T0-T1,DIST,1,Lmax,3.3423058638339636
Poa_alpina,-2.704,0.596,Hurdle_cond,T0-T1,DIST,1,Lmean,1.53204966522348
Poa_alpina,-2.704,0.596,Hurdle_cond,T0-T1,DIST,1,R0,-1.2908410925748004
Poa_alpina,-2.704,0.596,Hurdle_cond,T0-T1,DIST,1,Reactivity,0.7212213077881131
Poa_alpina,-2.704,0.596,Hurdle_cond,T0-T1,DIST,1,T_generation,3.1870862370839936
Poa_alpina,-2.704,0.596,Hurdle_cond,T0-T1,DIST,1,age_repro,0.8494642415925806
Poa_alpina,-2.704,0.596,Hurdle_cond,T0-T1,DIST,1,percapita_repro,-2.1498564717132638
Potentilla_recta,-2.662,0.314,Hurdle_cond,T0-T1,DIST,1,FirstStepAtt,-1.207246625178343
Potentilla_recta,-2.662,0.314,Hurdle_cond,T0-T1,DIST,1,Lambda,1.3233051390988662
Potentilla_recta,-2.662,0.314,Hurdle_cond,T0-T1,DIST,1,Lmax,2.8995463272302633
Potentilla_recta,-2.662,0.314,Hurdle_cond,T0-T1,DIST,1,Lmean,1.114174982541197
Potentilla_recta,-2.662,0.314,Hurdle_cond,T0-T1,DIST,1,R0,-Inf
Potentilla_recta,-2.662,0.314,Hurdle_cond,T0-T1,DIST,1,Reactivity,2.3355670141886495
Potentilla_recta,-2.662,0.314,Hurdle_cond,T0-T1,DIST,1,T_generation,1.12856647634655
Potentilla_recta,-2.662,0.314,Hurdle_cond,T0-T1,DIST,1,age_repro,1.470241457035962
Potentilla_recta,-2.662,0.314,Hurdle_cond,T0-T1,DIST,1,percapita_repro,5.184136566294191
Primula_elatior,-2.727,0.492,Hurdle_cond,T0-T1,DIST,1,FirstStepAtt,-2.5752591198739894
Primula_elatior,-2.727,0.492,Hurdle_cond,T0-T1,DIST,1,Lambda,1.0243599289476764
Primula_elatior,-2.727,0.492,Hurdle_cond,T0-T1,DIST,1,Lmax,3.078214221499716
Primula_elatior,-2.727,0.492,Hurdle_cond,T0-T1,DIST,1,Lmean,0.934868660605433
Primula_elatior,-2.727,0.492,Hurdle_cond,T0-T1,DIST,1,R0,-0.19834378876572734
Primula_elatior,-2.727,0.492,Hurdle_cond,T0-T1,DIST,1,Reactivity,1.2375774274497275
Primula_elatior,-2.727,0.492,Hurdle_cond,T0-T1,DIST,1,T_generation,2.7743429427827526
Primula_elatior,-2.727,0.492,Hurdle_cond,T0-T1,DIST,1,age_repro,1.5965918444925693
Primula_elatior,-2.727,0.492,Hurdle_cond,T0-T1,DIST,1,percapita_repro,0.6906312588074859
Primula_veris,-2.754,0.452,Hurdle_cond,T0-T1,DIST,1,FirstStepAtt,-3.0996415326914413
Primula_veris,-2.754,0.452,Hurdle_cond,T0-T1,DIST,1,Lambda,0.9177166512186883
Primula_veris,-2.754,0.452,Hurdle_cond,T0-T1,DIST,1,Lmax,1.777554626801171
Primula_veris,-2.754,0.452,Hurdle_cond,T0-T1,DIST,1,Lmean,0.3457340899605148
Primula_veris,-2.754,0.452,Hurdle_cond,T0-T1,DIST,1,R0,-3.5312053848310136
Primula_veris,-2.754,0.452,Hurdle_cond,T0-T1,DIST,1,Reactivity,1.8406103144604358
Primula_veris,-2.754,0.452,Hurdle_cond,T0-T1,DIST,1,T_generation,3.2661511301743356
Primula_veris,-2.754,0.452,Hurdle_cond,T0-T1,DIST,1,age_repro,2.1007008996065113
Primula_veris,-2.754,0.452,Hurdle_cond,T0-T1,DIST,1,percapita_repro,1.3057574210790406
Ranunculus_acris,-2.609,0.235,Hurdle_cond,T0-T1,DIST,1,FirstStepAtt,-2.223673155588096
Ranunculus_acris,-2.609,0.235,Hurdle_cond,T0-T1,DIST,1,Lambda,1.1474253581153837
Ranunculus_acris,-2.609,0.235,Hurdle_cond,T0-T1,DIST,1,Lmax,1.791759469228055
Ranunculus_acris,-2.609,0.235,Hurdle_cond,T0-T1,DIST,1,Lmean,0.2694368352850544
Ranunculus_acris,-2.609,0.235,Hurdle_cond,T0-T1,DIST,1,R0,0.4291243489821683
Ranunculus_acris,-2.609,0.235,Hurdle_cond,T0-T1,DIST,1,Reactivity,1.8978523971700296
Ranunculus_acris,-2.609,0.235,Hurdle_cond,T0-T1,DIST,1,T_generation,1.3335494740785472
Ranunculus_acris,-2.609,0.235,Hurdle_cond,T0-T1,DIST,1,age_repro,1.1167312512505851
Ranunculus_acris,-2.609,0.235,Hurdle_cond,T0-T1,DIST,1,percapita_repro,1.9401794743463283
Ratibida_columnifera,-2.661,0.601,Hurdle_cond,T0-T1,DIST,1,FirstStepAtt,-0.002056079496990296
Ratibida_columnifera,-2.661,0.601,Hurdle_cond,T0-T1,DIST,1,Lambda,0.7243603858174655
Ratibida_columnifera,-2.661,0.601,Hurdle_cond,T0-T1,DIST,1,Lmax,0.8751993382067543
Ratibida_columnifera,-2.661,0.601,Hurdle_cond,T0-T1,DIST,1,Lmean,0.15118484663816348
Ratibida_columnifera,-2.661,0.601,Hurdle_cond,T0-T1,DIST,1,R0,-0.18377717828257087
Ratibida_columnifera,-2.661,0.601,Hurdle_cond,T0-T1,DIST,1,Reactivity,0.0047432640012664016
Ratibida_columnifera,-2.661,0.601,Hurdle_cond,T0-T1,DIST,1,T_generation,0.18788835999659365
Ratibida_columnifera,-2.661,0.601,Hurdle_cond,T0-T1,DIST,1,age_repro,0
Ratibida_columnifera,-2.661,0.601,Hurdle_cond,T0-T1,DIST,1,percapita_repro,-0.3349620249207343
Salsola_kali,-2.867,0.387,Hurdle_cond,T0-T1,DIST,1,FirstStepAtt,-7.237614553412407
Salsola_kali,-2.867,0.387,Hurdle_cond,T0-T1,DIST,1,Lambda,0.5896874965204653
Salsola_kali,-2.867,0.387,Hurdle_cond,T0-T1,DIST,1,Lmax,1.0986122886681098
Salsola_kali,-2.867,0.387,Hurdle_cond,T0-T1,DIST,1,Lmean,0.6329527878317025
Salsola_kali,-2.867,0.387,Hurdle_cond,T0-T1,DIST,1,R0,-3.1690448866467187
Salsola_kali,-2.867,0.387,Hurdle_cond,T0-T1,DIST,1,Reactivity,NA
Salsola_kali,-2.867,0.387,Hurdle_cond,T0-T1,DIST,1,T_generation,1.7917877371801425
Salsola_kali,-2.867,0.387,Hurdle_cond,T0-T1,DIST,1,age_repro,1.7917761374226397
Salsola_kali,-2.867,0.387,Hurdle_cond,T0-T1,DIST,1,percapita_repro,NA
Sphaeralcea_coccinea,-2.676,0.397,Hurdle_cond,T0-T1,DIST,1,FirstStepAtt,-0.021668930362796438
Sphaeralcea_coccinea,-2.676,0.397,Hurdle_cond,T0-T1,DIST,1,Lambda,0.9140916052986946
Sphaeralcea_coccinea,-2.676,0.397,Hurdle_cond,T0-T1,DIST,1,Lmax,1.1291966833851346
Sphaeralcea_coccinea,-2.676,0.397,Hurdle_cond,T0-T1,DIST,1,Lmean,0.18479959171993668
Sphaeralcea_coccinea,-2.676,0.397,Hurdle_cond,T0-T1,DIST,1,R0,-0.1631566065473073
Sphaeralcea_coccinea,-2.676,0.397,Hurdle_cond,T0-T1,DIST,1,Reactivity,0.06479482429602482
Sphaeralcea_coccinea,-2.676,0.397,Hurdle_cond,T0-T1,DIST,1,T_generation,0.2422469272637918
Sphaeralcea_coccinea,-2.676,0.397,Hurdle_cond,T0-T1,DIST,1,age_repro,0
Sphaeralcea_coccinea,-2.676,0.397,Hurdle_cond,T0-T1,DIST,1,percapita_repro,-0.347956198267244
Stenaria_nigricans,-2.008,0.406,Hurdle_cond,T0-T1,DIST,1,FirstStepAtt,-0.001506241946231945
Stenaria_nigricans,-2.008,0.406,Hurdle_cond,T0-T1,DIST,1,Lambda,0.9901413361648121
Stenaria_nigricans,-2.008,0.406,Hurdle_cond,T0-T1,DIST,1,Lmax,0.8841014310483891
Stenaria_nigricans,-2.008,0.406,Hurdle_cond,T0-T1,DIST,1,Lmean,0.1061701762787086
Stenaria_nigricans,-2.008,0.406,Hurdle_cond,T0-T1,DIST,1,R0,0.21085254589803137
Stenaria_nigricans,-2.008,0.406,Hurdle_cond,T0-T1,DIST,1,Reactivity,0.009202684809058356
Stenaria_nigricans,-2.008,0.406,Hurdle_cond,T0-T1,DIST,1,T_generation,0.10216634557653176
Stenaria_nigricans,-2.008,0.406,Hurdle_cond,T0-T1,DIST,1,age_repro,0
Stenaria_nigricans,-2.008,0.406,Hurdle_cond,T0-T1,DIST,1,percapita_repro,0.10468236961932272
Taraxacum_campylodes,-2.494,0.413,Hurdle_cond,T0-T1,DIST,1,FirstStepAtt,-2.3531148413315983
Taraxacum_campylodes,-2.494,0.413,Hurdle_cond,T0-T1,DIST,1,Lambda,0.08041791145870329
Taraxacum_campylodes,-2.494,0.413,Hurdle_cond,T0-T1,DIST,1,Lmax,0.5493061443340549
Taraxacum_campylodes,-2.494,0.413,Hurdle_cond,T0-T1,DIST,1,Lmean,0.06773896227809098
Taraxacum_campylodes,-2.494,0.413,Hurdle_cond,T0-T1,DIST,1,R0,-Inf
Taraxacum_campylodes,-2.494,0.413,Hurdle_cond,T0-T1,DIST,1,Reactivity,2.4046693226371185
Taraxacum_campylodes,-2.494,0.413,Hurdle_cond,T0-T1,DIST,1,T_generation,NA
Taraxacum_campylodes,-2.494,0.413,Hurdle_cond,T0-T1,DIST,1,age_repro,0
Taraxacum_campylodes,-2.494,0.413,Hurdle_cond,T0-T1,DIST,1,percapita_repro,-11.213549524439351
Thymus_vulgaris,-2.735,0.433,Hurdle_cond,T0-T1,DIST,1,FirstStepAtt,-0.005866973847378982
Thymus_vulgaris,-2.735,0.433,Hurdle_cond,T0-T1,DIST,1,Lambda,0.9926751959162854
Thymus_vulgaris,-2.735,0.433,Hurdle_cond,T0-T1,DIST,1,Lmax,5.964961904446033
Thymus_vulgaris,-2.735,0.433,Hurdle_cond,T0-T1,DIST,1,Lmean,4.459892288650257
Thymus_vulgaris,-2.735,0.433,Hurdle_cond,T0-T1,DIST,1,R0,-1.07189733945768
Thymus_vulgaris,-2.735,0.433,Hurdle_cond,T0-T1,DIST,1,Reactivity,0.010349758754626258
Thymus_vulgaris,-2.735,0.433,Hurdle_cond,T0-T1,DIST,1,T_generation,NA
Thymus_vulgaris,-2.735,0.433,Hurdle_cond,T0-T1,DIST,1,age_repro,NA
Thymus_vulgaris,-2.735,0.433,Hurdle_cond,T0-T1,DIST,1,percapita_repro,-5.143380039347928
Verbascum_thapsus,-1.986,0.32,Hurdle_cond,T0-T1,DIST,1,FirstStepAtt,-4.012613096092431
Verbascum_thapsus,-1.986,0.32,Hurdle_cond,T0-T1,DIST,1,Lambda,NA
Verbascum_thapsus,-1.986,0.32,Hurdle_cond,T0-T1,DIST,1,Lmax,0.6931471805599453
Verbascum_thapsus,-1.986,0.32,Hurdle_cond,T0-T1,DIST,1,Lmean,0.05129369438747054
Verbascum_thapsus,-1.986,0.32,Hurdle_cond,T0-T1,DIST,1,R0,3.381715911075376
Verbascum_thapsus,-1.986,0.32,Hurdle_cond,T0-T1,DIST,1,Reactivity,NA
Verbascum_thapsus,-1.986,0.32,Hurdle_cond,T0-T1,DIST,1,T_generation,0.7764348966557838
Verbascum_thapsus,-1.986,0.32,Hurdle_cond,T0-T1,DIST,1,age_repro,2.5523449856956373
Verbascum_thapsus,-1.986,0.32,Hurdle_cond,T0-T1,DIST,1,percapita_repro,NA
Veronica_arvensis,-2.957,0.267,Hurdle_cond,T0-T1,DIST,1,FirstStepAtt,-1.3609972168245543
Veronica_arvensis,-2.957,0.267,Hurdle_cond,T0-T1,DIST,1,Lambda,1.0575348190993947
Veronica_arvensis,-2.957,0.267,Hurdle_cond,T0-T1,DIST,1,Lmax,0.12924850454918937
Veronica_arvensis,-2.957,0.267,Hurdle_cond,T0-T1,DIST,1,Lmean,0.05244694819316372
Veronica_arvensis,-2.957,0.267,Hurdle_cond,T0-T1,DIST,1,R0,-0.014999404757933849
Veronica_arvensis,-2.957,0.267,Hurdle_cond,T0-T1,DIST,1,Reactivity,1.7913324339405632
Veronica_arvensis,-2.957,0.267,Hurdle_cond,T0-T1,DIST,1,T_generation,0.41785049626112153
Veronica_arvensis,-2.957,0.267,Hurdle_cond,T0-T1,DIST,1,age_repro,0.8907769885320955
Veronica_arvensis,-2.957,0.267,Hurdle_cond,T0-T1,DIST,1,percapita_repro,1.8152156216155975
Agrimonia_eupatoria,-1.578,0.324,Hurdle_zi,T0-T1,DIST,1,FirstStepAtt,-0.40426778811109665
Agrimonia_eupatoria,-1.578,0.324,Hurdle_zi,T0-T1,DIST,1,Lambda,0.99064442494128635
Agrimonia_eupatoria,-1.578,0.324,Hurdle_zi,T0-T1,DIST,1,Lmax,4.5330412476880015
Agrimonia_eupatoria,-1.578,0.324,Hurdle_zi,T0-T1,DIST,1,Lmean,2.276623485281897
Agrimonia_eupatoria,-1.578,0.324,Hurdle_zi,T0-T1,DIST,1,R0,-0.38127020833005776
Agrimonia_eupatoria,-1.578,0.324,Hurdle_zi,T0-T1,DIST,1,Reactivity,0.19207496843703886
Agrimonia_eupatoria,-1.578,0.324,Hurdle_zi,T0-T1,DIST,1,T_generation,3.6207086258222283
Agrimonia_eupatoria,-1.578,0.324,Hurdle_zi,T0-T1,DIST,1,age_repro,2.087394345070076
Agrimonia_eupatoria,-1.578,0.324,Hurdle_zi,T0-T1,DIST,1,percapita_repro,-1.5661843426366495
Allium_vineale,-2.068,0.426,Hurdle_zi,T0-T1,DIST,1,FirstStepAtt,-2.036030904211625
Allium_vineale,-2.068,0.426,Hurdle_zi,T0-T1,DIST,1,Lambda,1.170906773884173
Allium_vineale,-2.068,0.426,Hurdle_zi,T0-T1,DIST,1,Lmax,1.0986122886681098
Allium_vineale,-2.068,0.426,Hurdle_zi,T0-T1,DIST,1,Lmean,0.16647352389668973
Allium_vineale,-2.068,0.426,Hurdle_zi,T0-T1,DIST,1,R0,0.3408368280021561
Allium_vineale,-2.068,0.426,Hurdle_zi,T0-T1,DIST,1,Reactivity,2.1940830508207325
Allium_vineale,-2.068,0.426,Hurdle_zi,T0-T1,DIST,1,T_generation,0.7635325690826141
Allium_vineale,-2.068,0.426,Hurdle_zi,T0-T1,DIST,1,age_repro,1.2000990079409088
Allium_vineale,-2.068,0.426,Hurdle_zi,T0-T1,DIST,1,percapita_repro,2.3368650630604555
Andropogon_gerardii,-0.807,0.297,Hurdle_zi,T0-T1,DIST,1,FirstStepAtt,-1.1908608264270113
Andropogon_gerardii,-0.807,0.297,Hurdle_zi,T0-T1,DIST,1,Lambda,1.5058732521698401
Andropogon_gerardii,-0.807,0.297,Hurdle_zi,T0-T1,DIST,1,Lmax,1.764891121214301
Andropogon_gerardii,-0.807,0.297,Hurdle_zi,T0-T1,DIST,1,Lmean,0.6723210807858808
Andropogon_gerardii,-0.807,0.297,Hurdle_zi,T0-T1,DIST,1,R0,0.8354773555720532
Andropogon_gerardii,-0.807,0.297,Hurdle_zi,T0-T1,DIST,1,Reactivity,1.7926841280473302
Andropogon_gerardii,-0.807,0.297,Hurdle_zi,T0-T1,DIST,1,T_generation,0.7395193223181743
Andropogon_gerardii,-0.807,0.297,Hurdle_zi,T0-T1,DIST,1,age_repro,0.7862530575220442
Andropogon_gerardii,-0.807,0.297,Hurdle_zi,T0-T1,DIST,1,percapita_repro,2.0924307697315556
Arenaria_serpyllifolia,-1.961,0.333,Hurdle_zi,T0-T1,DIST,1,FirstStepAtt,-2.2176497264357233
Arenaria_serpyllifolia,-1.961,0.333,Hurdle_zi,T0-T1,DIST,1,Lambda,0.860684361881849
Arenaria_serpyllifolia,-1.961,0.333,Hurdle_zi,T0-T1,DIST,1,Lmax,0
Arenaria_serpyllifolia,-1.961,0.333,Hurdle_zi,T0-T1,DIST,1,Lmean,0
Arenaria_serpyllifolia,-1.961,0.333,Hurdle_zi,T0-T1,DIST,1,R0,0.13128547046852534
Arenaria_serpyllifolia,-1.961,0.333,Hurdle_zi,T0-T1,DIST,1,Reactivity,2.5929750386335604
Arenaria_serpyllifolia,-1.961,0.333,Hurdle_zi,T0-T1,DIST,1,T_generation,0.1698858306660028
Arenaria_serpyllifolia,-1.961,0.333,Hurdle_zi,T0-T1,DIST,1,age_repro,0.8303384136066279
Arenaria_serpyllifolia,-1.961,0.333,Hurdle_zi,T0-T1,DIST,1,percapita_repro,2.639396025140823
Armeria_maritima,-2.113,0.434,Hurdle_zi,T0-T1,DIST,1,FirstStepAtt,-2.2414258727445264
Armeria_maritima,-2.113,0.434,Hurdle_zi,T0-T1,DIST,1,Lambda,1.4580438530642406
Armeria_maritima,-2.113,0.434,Hurdle_zi,T0-T1,DIST,1,Lmax,2.995732273553991
Armeria_maritima,-2.113,0.434,Hurdle_zi,T0-T1,DIST,1,Lmean,0.6122577291406874
Armeria_maritima,-2.113,0.434,Hurdle_zi,T0-T1,DIST,1,R0,4.4450836460525265
Armeria_maritima,-2.113,0.434,Hurdle_zi,T0-T1,DIST,1,Reactivity,5.495776723555246
Armeria_maritima,-2.113,0.434,Hurdle_zi,T0-T1,DIST,1,T_generation,2.0996042559618977
Armeria_maritima,-2.113,0.434,Hurdle_zi,T0-T1,DIST,1,age_repro,1.525500516347215
Armeria_maritima,-2.113,0.434,Hurdle_zi,T0-T1,DIST,1,percapita_repro,3.6172820201716607
Centaurea_jacea,-1.803,0.308,Hurdle_zi,T0-T1,DIST,1,FirstStepAtt,-0.6368104471974831
Centaurea_jacea,-1.803,0.308,Hurdle_zi,T0-T1,DIST,1,Lambda,0.9157150879324937
Centaurea_jacea,-1.803,0.308,Hurdle_zi,T0-T1,DIST,1,Lmax,2.4003251984703664
Centaurea_jacea,-1.803,0.308,Hurdle_zi,T0-T1,DIST,1,Lmean,1.372271579332501
Centaurea_jacea,-1.803,0.308,Hurdle_zi,T0-T1,DIST,1,R0,-3.4842742317189583
Centaurea_jacea,-1.803,0.308,Hurdle_zi,T0-T1,DIST,1,Reactivity,0.4168576413811439
Centaurea_jacea,-1.803,0.308,Hurdle_zi,T0-T1,DIST,1,T_generation,2.978872381362829
Centaurea_jacea,-1.803,0.308,Hurdle_zi,T0-T1,DIST,1,age_repro,1.6363011514297372
Centaurea_jacea,-1.803,0.308,Hurdle_zi,T0-T1,DIST,1,percapita_repro,-1.7828083742933423
Cerastium_fontanum,-1.924,0.247,Hurdle_zi,T0-T1,DIST,1,FirstStepAtt,-2.696031853083466
Cerastium_fontanum,-1.924,0.247,Hurdle_zi,T0-T1,DIST,1,Lambda,NA
Cerastium_fontanum,-1.924,0.247,Hurdle_zi,T0-T1,DIST,1,Lmax,0
Cerastium_fontanum,-1.924,0.247,Hurdle_zi,T0-T1,DIST,1,Lmean,0
Cerastium_fontanum,-1.924,0.247,Hurdle_zi,T0-T1,DIST,1,R0,1.5184623246973081
Cerastium_fontanum,-1.924,0.247,Hurdle_zi,T0-T1,DIST,1,Reactivity,3.027270925563423
Cerastium_fontanum,-1.924,0.247,Hurdle_zi,T0-T1,DIST,1,T_generation,0.005048904923272251
Cerastium_fontanum,-1.924,0.247,Hurdle_zi,T0-T1,DIST,1,age_repro,0.8873031950009029
Cerastium_fontanum,-1.924,0.247,Hurdle_zi,T0-T1,DIST,1,percapita_repro,4.522657764413627
Cirsium_arvense,-1.294,0.244,Hurdle_zi,T0-T1,DIST,1,FirstStepAtt,-3.3290015249469986
Cirsium_arvense,-1.294,0.244,Hurdle_zi,T0-T1,DIST,1,Lambda,NA
Cirsium_arvense,-1.294,0.244,Hurdle_zi,T0-T1,DIST,1,Lmax,1.0986122886681098
Cirsium_arvense,-1.294,0.244,Hurdle_zi,T0-T1,DIST,1,Lmean,0.1699960817758222
Cirsium_arvense,-1.294,0.244,Hurdle_zi,T0-T1,DIST,1,R0,3.228914980534981
Cirsium_arvense,-1.294,0.244,Hurdle_zi,T0-T1,DIST,1,Reactivity,4.0664130997692896
Cirsium_arvense,-1.294,0.244,Hurdle_zi,T0-T1,DIST,1,T_generation,0.770361224737239
Cirsium_arvense,-1.294,0.244,Hurdle_zi,T0-T1,DIST,1,age_repro,1.162546762671639
Cirsium_arvense,-1.294,0.244,Hurdle_zi,T0-T1,DIST,1,percapita_repro,5.427985054670073
Cirsium_palustre,-2.024,0.411,Hurdle_zi,T0-T1,DIST,1,FirstStepAtt,-2.5937654771378242
Cirsium_palustre,-2.024,0.411,Hurdle_zi,T0-T1,DIST,1,Lambda,1.4428002172428838
Cirsium_palustre,-2.024,0.411,Hurdle_zi,T0-T1,DIST,1,Lmax,1.5273118956910914
Cirsium_palustre,-2.024,0.411,Hurdle_zi,T0-T1,DIST,1,Lmean,0.20135107219302092
Cirsium_palustre,-2.024,0.411,Hurdle_zi,T0-T1,DIST,1,R0,1.2807231364002394
Cirsium_palustre,-2.024,0.411,Hurdle_zi,T0-T1,DIST,1,Reactivity,4.898747288058176
Cirsium_palustre,-2.024,0.411,Hurdle_zi,T0-T1,DIST,1,T_generation,1.2255759905166657
Cirsium_palustre,-2.024,0.411,Hurdle_zi,T0-T1,DIST,1,age_repro,1.534647496889771
Cirsium_palustre,-2.024,0.411,Hurdle_zi,T0-T1,DIST,1,percapita_repro,4.957313127808717
Cirsium_vulgare,-1.716,0.325,Hurdle_zi,T0-T1,DIST,1,FirstStepAtt,-3.1910655226282234
Cirsium_vulgare,-1.716,0.325,Hurdle_zi,T0-T1,DIST,1,Lambda,0.7844344795818798
Cirsium_vulgare,-1.716,0.325,Hurdle_zi,T0-T1,DIST,1,Lmax,1.507973248367974
Cirsium_vulgare,-1.716,0.325,Hurdle_zi,T0-T1,DIST,1,Lmean,0.3479988332516422
Cirsium_vulgare,-1.716,0.325,Hurdle_zi,T0-T1,DIST,1,R0,-1.420279247517773
Cirsium_vulgare,-1.716,0.325,Hurdle_zi,T0-T1,DIST,1,Reactivity,2.641485998869525
Cirsium_vulgare,-1.716,0.325,Hurdle_zi,T0-T1,DIST,1,T_generation,1.4828783988333107
Cirsium_vulgare,-1.716,0.325,Hurdle_zi,T0-T1,DIST,1,age_repro,0.9323966804077027
Cirsium_vulgare,-1.716,0.325,Hurdle_zi,T0-T1,DIST,1,percapita_repro,1.89963041219607
Daucus_carota,-1.746,0.267,Hurdle_zi,T0-T1,DIST,1,FirstStepAtt,-4.040610337013186
Daucus_carota,-1.746,0.267,Hurdle_zi,T0-T1,DIST,1,Lambda,1.7161044748521754
Daucus_carota,-1.746,0.267,Hurdle_zi,T0-T1,DIST,1,Lmax,1.0986122886681098
Daucus_carota,-1.746,0.267,Hurdle_zi,T0-T1,DIST,1,Lmean,0.31834252276646996
Daucus_carota,-1.746,0.267,Hurdle_zi,T0-T1,DIST,1,R0,1.8196701629274532
Daucus_carota,-1.746,0.267,Hurdle_zi,T0-T1,DIST,1,Reactivity,NA
Daucus_carota,-1.746,0.267,Hurdle_zi,T0-T1,DIST,1,T_generation,1.189773196967312
Daucus_carota,-1.746,0.267,Hurdle_zi,T0-T1,DIST,1,age_repro,1.431272611901774
Daucus_carota,-1.746,0.267,Hurdle_zi,T0-T1,DIST,1,percapita_repro,NA
Echium_vulgare,-1.982,0.487,Hurdle_zi,T0-T1,DIST,1,FirstStepAtt,-1.4808281568478856
Echium_vulgare,-1.982,0.487,Hurdle_zi,T0-T1,DIST,1,Lambda,1.5475980030086196
Echium_vulgare,-1.982,0.487,Hurdle_zi,T0-T1,DIST,1,Lmax,1.3862943611198906
Echium_vulgare,-1.982,0.487,Hurdle_zi,T0-T1,DIST,1,Lmean,0.5010758488001461
Echium_vulgare,-1.982,0.487,Hurdle_zi,T0-T1,DIST,1,R0,1.6034012709220467
Echium_vulgare,-1.982,0.487,Hurdle_zi,T0-T1,DIST,1,Reactivity,3.2663741200499037
Echium_vulgare,-1.982,0.487,Hurdle_zi,T0-T1,DIST,1,T_generation,1.2871395045757101
Echium_vulgare,-1.982,0.487,Hurdle_zi,T0-T1,DIST,1,age_repro,1.3132909952863716
Echium_vulgare,-1.982,0.487,Hurdle_zi,T0-T1,DIST,1,percapita_repro,3.7030781735137492
Elymus_repens,-1.295,0.253,Hurdle_zi,T0-T1,DIST,1,FirstStepAtt,-19.608981934788076
Elymus_repens,-1.295,0.253,Hurdle_zi,T0-T1,DIST,1,Lambda,NA
Elymus_repens,-1.295,0.253,Hurdle_zi,T0-T1,DIST,1,Lmax,0.6931471805599453
Elymus_repens,-1.295,0.253,Hurdle_zi,T0-T1,DIST,1,Lmean,0.34830572665687204
Elymus_repens,-1.295,0.253,Hurdle_zi,T0-T1,DIST,1,R0,4.306802628082906
Elymus_repens,-1.295,0.253,Hurdle_zi,T0-T1,DIST,1,Reactivity,NA
Elymus_repens,-1.295,0.253,Hurdle_zi,T0-T1,DIST,1,T_generation,0.00771453240913415
Elymus_repens,-1.295,0.253,Hurdle_zi,T0-T1,DIST,1,age_repro,0
Elymus_repens,-1.295,0.253,Hurdle_zi,T0-T1,DIST,1,percapita_repro,-5.74205469871386
Erigeron_canadensis,-2.201,0.323,Hurdle_zi,T0-T1,DIST,1,FirstStepAtt,-2.9940372183428647
Erigeron_canadensis,-2.201,0.323,Hurdle_zi,T0-T1,DIST,1,Lambda,NA
Erigeron_canadensis,-2.201,0.323,Hurdle_zi,T0-T1,DIST,1,Lmax,0
Erigeron_canadensis,-2.201,0.323,Hurdle_zi,T0-T1,DIST,1,Lmean,0
Erigeron_canadensis,-2.201,0.323,Hurdle_zi,T0-T1,DIST,1,R0,2.750423016465953
Erigeron_canadensis,-2.201,0.323,Hurdle_zi,T0-T1,DIST,1,Reactivity,3.7256901124743216
Erigeron_canadensis,-2.201,0.323,Hurdle_zi,T0-T1,DIST,1,T_generation,0.1300250884192771
Erigeron_canadensis,-2.201,0.323,Hurdle_zi,T0-T1,DIST,1,age_repro,0.9159908368351705
Erigeron_canadensis,-2.201,0.323,Hurdle_zi,T0-T1,DIST,1,percapita_repro,5.684089841310465
Knautia_arvensis,-1.377,0.375,Hurdle_zi,T0-T1,DIST,1,FirstStepAtt,-2.9563737542749036
Knautia_arvensis,-1.377,0.375,Hurdle_zi,T0-T1,DIST,1,Lambda,0.30764990872892983
Knautia_arvensis,-1.377,0.375,Hurdle_zi,T0-T1,DIST,1,Lmax,0.6931471805599453
Knautia_arvensis,-1.377,0.375,Hurdle_zi,T0-T1,DIST,1,Lmean,0.022139719151234638
Knautia_arvensis,-1.377,0.375,Hurdle_zi,T0-T1,DIST,1,R0,-9.95071325619903
Knautia_arvensis,-1.377,0.375,Hurdle_zi,T0-T1,DIST,1,Reactivity,0.35097071858090523
Knautia_arvensis,-1.377,0.375,Hurdle_zi,T0-T1,DIST,1,T_generation,NA
Knautia_arvensis,-1.377,0.375,Hurdle_zi,T0-T1,DIST,1,age_repro,0.9322894183877876
Knautia_arvensis,-1.377,0.375,Hurdle_zi,T0-T1,DIST,1,percapita_repro,-4.367646677748796
Lactuca_serriola,-2.015,0.365,Hurdle_zi,T0-T1,DIST,1,FirstStepAtt,-2.5276283678174485
Lactuca_serriola,-2.015,0.365,Hurdle_zi,T0-T1,DIST,1,Lambda,NA
Lactuca_serriola,-2.015,0.365,Hurdle_zi,T0-T1,DIST,1,Lmax,0
Lactuca_serriola,-2.015,0.365,Hurdle_zi,T0-T1,DIST,1,Lmean,0
Lactuca_serriola,-2.015,0.365,Hurdle_zi,T0-T1,DIST,1,R0,2.961708269076509
Lactuca_serriola,-2.015,0.365,Hurdle_zi,T0-T1,DIST,1,Reactivity,5.096932718325193
Lactuca_serriola,-2.015,0.365,Hurdle_zi,T0-T1,DIST,1,T_generation,0.08738433516364566
Lactuca_serriola,-2.015,0.365,Hurdle_zi,T0-T1,DIST,1,age_repro,1.2839753424841123
Lactuca_serriola,-2.015,0.365,Hurdle_zi,T0-T1,DIST,1,percapita_repro,7.147653680580111
Linum_catharticum,-2.129,0.421,Hurdle_zi,T0-T1,DIST,1,FirstStepAtt,-3.1953085121694222
Linum_catharticum,-2.129,0.421,Hurdle_zi,T0-T1,DIST,1,Lambda,NA
Linum_catharticum,-2.129,0.421,Hurdle_zi,T0-T1,DIST,1,Lmax,2.0794415416798357
Linum_catharticum,-2.129,0.421,Hurdle_zi,T0-T1,DIST,1,Lmean,0.7715798705141755
Linum_catharticum,-2.129,0.421,Hurdle_zi,T0-T1,DIST,1,R0,1.7942778474769046
Linum_catharticum,-2.129,0.421,Hurdle_zi,T0-T1,DIST,1,Reactivity,3.8165083573910685
Linum_catharticum,-2.129,0.421,Hurdle_zi,T0-T1,DIST,1,T_generation,0.3007917133047998
Linum_catharticum,-2.129,0.421,Hurdle_zi,T0-T1,DIST,1,age_repro,0.7034715243015948
Linum_catharticum,-2.129,0.421,Hurdle_zi,T0-T1,DIST,1,percapita_repro,3.0328521355315146
Picris_hieracioides,-1.053,0.288,Hurdle_zi,T0-T1,DIST,1,FirstStepAtt,-4.012603074068455
Picris_hieracioides,-1.053,0.288,Hurdle_zi,T0-T1,DIST,1,Lambda,0.8846497432296888
Picris_hieracioides,-1.053,0.288,Hurdle_zi,T0-T1,DIST,1,Lmax,0.6931471805599453
Picris_hieracioides,-1.053,0.288,Hurdle_zi,T0-T1,DIST,1,Lmean,0.025497751793431413
Picris_hieracioides,-1.053,0.288,Hurdle_zi,T0-T1,DIST,1,R0,-0.5012341883972119
Picris_hieracioides,-1.053,0.288,Hurdle_zi,T0-T1,DIST,1,Reactivity,5.739334580340472
Picris_hieracioides,-1.053,0.288,Hurdle_zi,T0-T1,DIST,1,T_generation,1.4151934417967609
Picris_hieracioides,-1.053,0.288,Hurdle_zi,T0-T1,DIST,1,age_repro,1.5430234695350933
Picris_hieracioides,-1.053,0.288,Hurdle_zi,T0-T1,DIST,1,percapita_repro,5.616771097666572
Pimpinella_saxifraga,-1.774,0.402,Hurdle_zi,T0-T1,DIST,1,FirstStepAtt,-0.5923077657542145
Pimpinella_saxifraga,-1.774,0.402,Hurdle_zi,T0-T1,DIST,1,Lambda,0.9547406316474246
Pimpinella_saxifraga,-1.774,0.402,Hurdle_zi,T0-T1,DIST,1,Lmax,3.2778313935718644
Pimpinella_saxifraga,-1.774,0.402,Hurdle_zi,T0-T1,DIST,1,Lmean,1.3985454207581607
Pimpinella_saxifraga,-1.774,0.402,Hurdle_zi,T0-T1,DIST,1,R0,-0.7090626241047243
Pimpinella_saxifraga,-1.774,0.402,Hurdle_zi,T0-T1,DIST,1,Reactivity,0.9233752615973373
Pimpinella_saxifraga,-1.774,0.402,Hurdle_zi,T0-T1,DIST,1,T_generation,2.775613869924522
Pimpinella_saxifraga,-1.774,0.402,Hurdle_zi,T0-T1,DIST,1,age_repro,1.7819632124517442
Pimpinella_saxifraga,-1.774,0.402,Hurdle_zi,T0-T1,DIST,1,percapita_repro,-0.16356267781330006
Plantago_coronopus,-1.767,0.337,Hurdle_zi,T0-T1,DIST,1,FirstStepAtt,-1.0607821044920802
Plantago_coronopus,-1.767,0.337,Hurdle_zi,T0-T1,DIST,1,Lambda,0.8883340096307588
Plantago_coronopus,-1.767,0.337,Hurdle_zi,T0-T1,DIST,1,Lmax,1.907994489728227
Plantago_coronopus,-1.767,0.337,Hurdle_zi,T0-T1,DIST,1,Lmean,0.5836315540514999
Plantago_coronopus,-1.767,0.337,Hurdle_zi,T0-T1,DIST,1,R0,-0.7679497099488539
Plantago_coronopus,-1.767,0.337,Hurdle_zi,T0-T1,DIST,1,Reactivity,1.2700917455756846
Plantago_coronopus,-1.767,0.337,Hurdle_zi,T0-T1,DIST,1,T_generation,1.4792349913940708
Plantago_coronopus,-1.767,0.337,Hurdle_zi,T0-T1,DIST,1,age_repro,0.7227032675127357
Plantago_coronopus,-1.767,0.337,Hurdle_zi,T0-T1,DIST,1,percapita_repro,-0.1607889960080645
Plantago_media,-1.741,0.377,Hurdle_zi,T0-T1,DIST,1,FirstStepAtt,-2.5216721506920545
Plantago_media,-1.741,0.377,Hurdle_zi,T0-T1,DIST,1,Lambda,0.9166479924897526
Plantago_media,-1.741,0.377,Hurdle_zi,T0-T1,DIST,1,Lmax,1.7178918965462198
Plantago_media,-1.741,0.377,Hurdle_zi,T0-T1,DIST,1,Lmean,0.24009345509101096
Plantago_media,-1.741,0.377,Hurdle_zi,T0-T1,DIST,1,R0,-3.703632943874186
Plantago_media,-1.741,0.377,Hurdle_zi,T0-T1,DIST,1,Reactivity,0.9115891884505661
Plantago_media,-1.741,0.377,Hurdle_zi,T0-T1,DIST,1,T_generation,3.283074054166277
Plantago_media,-1.741,0.377,Hurdle_zi,T0-T1,DIST,1,age_repro,2.050568331584061
Plantago_media,-1.741,0.377,Hurdle_zi,T0-T1,DIST,1,percapita_repro,0.21247852101489456
Poa_alpina,-1.943,0.604,Hurdle_zi,T0-T1,DIST,1,FirstStepAtt,-0.6821869840767281
Poa_alpina,-1.943,0.604,Hurdle_zi,T0-T1,DIST,1,Lambda,0.9289514100594023
Poa_alpina,-1.943,0.604,Hurdle_zi,T0-T1,DIST,1,Lmax,3.3423058638339636
Poa_alpina,-1.943,0.604,Hurdle_zi,T0-T1,DIST,1,Lmean,1.53204966522348
Poa_alpina,-1.943,0.604,Hurdle_zi,T0-T1,DIST,1,R0,-1.2908410925748004
Poa_alpina,-1.943,0.604,Hurdle_zi,T0-T1,DIST,1,Reactivity,0.7212213077881131
Poa_alpina,-1.943,0.604,Hurdle_zi,T0-T1,DIST,1,T_generation,3.1870862370839936
Poa_alpina,-1.943,0.604,Hurdle_zi,T0-T1,DIST,1,age_repro,0.8494642415925806
Poa_alpina,-1.943,0.604,Hurdle_zi,T0-T1,DIST,1,percapita_repro,-2.1498564717132638
Potentilla_recta,-1.901,0.33,Hurdle_zi,T0-T1,DIST,1,FirstStepAtt,-1.207246625178343
Potentilla_recta,-1.901,0.33,Hurdle_zi,T0-T1,DIST,1,Lambda,1.3233051390988662
Potentilla_recta,-1.901,0.33,Hurdle_zi,T0-T1,DIST,1,Lmax,2.8995463272302633
Potentilla_recta,-1.901,0.33,Hurdle_zi,T0-T1,DIST,1,Lmean,1.114174982541197
Potentilla_recta,-1.901,0.33,Hurdle_zi,T0-T1,DIST,1,R0,-Inf
Potentilla_recta,-1.901,0.33,Hurdle_zi,T0-T1,DIST,1,Reactivity,2.3355670141886495
Potentilla_recta,-1.901,0.33,Hurdle_zi,T0-T1,DIST,1,T_generation,1.12856647634655
Potentilla_recta,-1.901,0.33,Hurdle_zi,T0-T1,DIST,1,age_repro,1.470241457035962
Potentilla_recta,-1.901,0.33,Hurdle_zi,T0-T1,DIST,1,percapita_repro,5.184136566294191
Primula_elatior,-1.966,0.503,Hurdle_zi,T0-T1,DIST,1,FirstStepAtt,-2.5752591198739894
Primula_elatior,-1.966,0.503,Hurdle_zi,T0-T1,DIST,1,Lambda,1.0243599289476764
Primula_elatior,-1.966,0.503,Hurdle_zi,T0-T1,DIST,1,Lmax,3.078214221499716
Primula_elatior,-1.966,0.503,Hurdle_zi,T0-T1,DIST,1,Lmean,0.934868660605433
Primula_elatior,-1.966,0.503,Hurdle_zi,T0-T1,DIST,1,R0,-0.19834378876572734
Primula_elatior,-1.966,0.503,Hurdle_zi,T0-T1,DIST,1,Reactivity,1.2375774274497275
Primula_elatior,-1.966,0.503,Hurdle_zi,T0-T1,DIST,1,T_generation,2.7743429427827526
Primula_elatior,-1.966,0.503,Hurdle_zi,T0-T1,DIST,1,age_repro,1.5965918444925693
Primula_elatior,-1.966,0.503,Hurdle_zi,T0-T1,DIST,1,percapita_repro,0.6906312588074859
Primula_veris,-1.993,0.464,Hurdle_zi,T0-T1,DIST,1,FirstStepAtt,-3.0996415326914413
Primula_veris,-1.993,0.464,Hurdle_zi,T0-T1,DIST,1,Lambda,0.9177166512186883
Primula_veris,-1.993,0.464,Hurdle_zi,T0-T1,DIST,1,Lmax,1.777554626801171
Primula_veris,-1.993,0.464,Hurdle_zi,T0-T1,DIST,1,Lmean,0.3457340899605148
Primula_veris,-1.993,0.464,Hurdle_zi,T0-T1,DIST,1,R0,-3.5312053848310136
Primula_veris,-1.993,0.464,Hurdle_zi,T0-T1,DIST,1,Reactivity,1.8406103144604358
Primula_veris,-1.993,0.464,Hurdle_zi,T0-T1,DIST,1,T_generation,3.2661511301743356
Primula_veris,-1.993,0.464,Hurdle_zi,T0-T1,DIST,1,age_repro,2.1007008996065113
Primula_veris,-1.993,0.464,Hurdle_zi,T0-T1,DIST,1,percapita_repro,1.3057574210790406
Ranunculus_acris,-1.848,0.256,Hurdle_zi,T0-T1,DIST,1,FirstStepAtt,-2.223673155588096
Ranunculus_acris,-1.848,0.256,Hurdle_zi,T0-T1,DIST,1,Lambda,1.1474253581153837
Ranunculus_acris,-1.848,0.256,Hurdle_zi,T0-T1,DIST,1,Lmax,1.791759469228055
Ranunculus_acris,-1.848,0.256,Hurdle_zi,T0-T1,DIST,1,Lmean,0.2694368352850544
Ranunculus_acris,-1.848,0.256,Hurdle_zi,T0-T1,DIST,1,R0,0.4291243489821683
Ranunculus_acris,-1.848,0.256,Hurdle_zi,T0-T1,DIST,1,Reactivity,1.8978523971700296
Ranunculus_acris,-1.848,0.256,Hurdle_zi,T0-T1,DIST,1,T_generation,1.3335494740785472
Ranunculus_acris,-1.848,0.256,Hurdle_zi,T0-T1,DIST,1,age_repro,1.1167312512505851
Ranunculus_acris,-1.848,0.256,Hurdle_zi,T0-T1,DIST,1,percapita_repro,1.9401794743463283
Ratibida_columnifera,-1.9,0.609,Hurdle_zi,T0-T1,DIST,1,FirstStepAtt,-0.002056079496990296
Ratibida_columnifera,-1.9,0.609,Hurdle_zi,T0-T1,DIST,1,Lambda,0.7243603858174655
Ratibida_columnifera,-1.9,0.609,Hurdle_zi,T0-T1,DIST,1,Lmax,0.8751993382067543
Ratibida_columnifera,-1.9,0.609,Hurdle_zi,T0-T1,DIST,1,Lmean,0.15118484663816348
Ratibida_columnifera,-1.9,0.609,Hurdle_zi,T0-T1,DIST,1,R0,-0.18377717828257087
Ratibida_columnifera,-1.9,0.609,Hurdle_zi,T0-T1,DIST,1,Reactivity,0.0047432640012664016
Ratibida_columnifera,-1.9,0.609,Hurdle_zi,T0-T1,DIST,1,T_generation,0.18788835999659365
Ratibida_columnifera,-1.9,0.609,Hurdle_zi,T0-T1,DIST,1,age_repro,0
Ratibida_columnifera,-1.9,0.609,Hurdle_zi,T0-T1,DIST,1,percapita_repro,-0.3349620249207343
Salsola_kali,-2.106,0.4,Hurdle_zi,T0-T1,DIST,1,FirstStepAtt,-7.237614553412407
Salsola_kali,-2.106,0.4,Hurdle_zi,T0-T1,DIST,1,Lambda,0.5896874965204653
Salsola_kali,-2.106,0.4,Hurdle_zi,T0-T1,DIST,1,Lmax,1.0986122886681098
Salsola_kali,-2.106,0.4,Hurdle_zi,T0-T1,DIST,1,Lmean,0.6329527878317025
Salsola_kali,-2.106,0.4,Hurdle_zi,T0-T1,DIST,1,R0,-3.1690448866467187
Salsola_kali,-2.106,0.4,Hurdle_zi,T0-T1,DIST,1,Reactivity,NA
Salsola_kali,-2.106,0.4,Hurdle_zi,T0-T1,DIST,1,T_generation,1.7917877371801425
Salsola_kali,-2.106,0.4,Hurdle_zi,T0-T1,DIST,1,age_repro,1.7917761374226397
Salsola_kali,-2.106,0.4,Hurdle_zi,T0-T1,DIST,1,percapita_repro,NA
Sphaeralcea_coccinea,-1.915,0.409,Hurdle_zi,T0-T1,DIST,1,FirstStepAtt,-0.021668930362796438
Sphaeralcea_coccinea,-1.915,0.409,Hurdle_zi,T0-T1,DIST,1,Lambda,0.9140916052986946
Sphaeralcea_coccinea,-1.915,0.409,Hurdle_zi,T0-T1,DIST,1,Lmax,1.1291966833851346
Sphaeralcea_coccinea,-1.915,0.409,Hurdle_zi,T0-T1,DIST,1,Lmean,0.18479959171993668
Sphaeralcea_coccinea,-1.915,0.409,Hurdle_zi,T0-T1,DIST,1,R0,-0.1631566065473073
Sphaeralcea_coccinea,-1.915,0.409,Hurdle_zi,T0-T1,DIST,1,Reactivity,0.06479482429602482
Sphaeralcea_coccinea,-1.915,0.409,Hurdle_zi,T0-T1,DIST,1,T_generation,0.2422469272637918
Sphaeralcea_coccinea,-1.915,0.409,Hurdle_zi,T0-T1,DIST,1,age_repro,0
Sphaeralcea_coccinea,-1.915,0.409,Hurdle_zi,T0-T1,DIST,1,percapita_repro,-0.347956198267244
Stenaria_nigricans,-1.247,0.419,Hurdle_zi,T0-T1,DIST,1,FirstStepAtt,-0.001506241946231945
Stenaria_nigricans,-1.247,0.419,Hurdle_zi,T0-T1,DIST,1,Lambda,0.9901413361648121
Stenaria_nigricans,-1.247,0.419,Hurdle_zi,T0-T1,DIST,1,Lmax,0.8841014310483891
Stenaria_nigricans,-1.247,0.419,Hurdle_zi,T0-T1,DIST,1,Lmean,0.1061701762787086
Stenaria_nigricans,-1.247,0.419,Hurdle_zi,T0-T1,DIST,1,R0,0.21085254589803137
Stenaria_nigricans,-1.247,0.419,Hurdle_zi,T0-T1,DIST,1,Reactivity,0.009202684809058356
Stenaria_nigricans,-1.247,0.419,Hurdle_zi,T0-T1,DIST,1,T_generation,0.10216634557653176
Stenaria_nigricans,-1.247,0.419,Hurdle_zi,T0-T1,DIST,1,age_repro,0
Stenaria_nigricans,-1.247,0.419,Hurdle_zi,T0-T1,DIST,1,percapita_repro,0.10468236961932272
Taraxacum_campylodes,-1.733,0.425,Hurdle_zi,T0-T1,DIST,1,FirstStepAtt,-2.3531148413315983
Taraxacum_campylodes,-1.733,0.425,Hurdle_zi,T0-T1,DIST,1,Lambda,0.08041791145870329
Taraxacum_campylodes,-1.733,0.425,Hurdle_zi,T0-T1,DIST,1,Lmax,0.5493061443340549
Taraxacum_campylodes,-1.733,0.425,Hurdle_zi,T0-T1,DIST,1,Lmean,0.06773896227809098
Taraxacum_campylodes,-1.733,0.425,Hurdle_zi,T0-T1,DIST,1,R0,-Inf
Taraxacum_campylodes,-1.733,0.425,Hurdle_zi,T0-T1,DIST,1,Reactivity,2.4046693226371185
Taraxacum_campylodes,-1.733,0.425,Hurdle_zi,T0-T1,DIST,1,T_generation,NA
Taraxacum_campylodes,-1.733,0.425,Hurdle_zi,T0-T1,DIST,1,age_repro,0
Taraxacum_campylodes,-1.733,0.425,Hurdle_zi,T0-T1,DIST,1,percapita_repro,-11.213549524439351
Thymus_vulgaris,-1.974,0.445,Hurdle_zi,T0-T1,DIST,1,FirstStepAtt,-0.005866973847378982
Thymus_vulgaris,-1.974,0.445,Hurdle_zi,T0-T1,DIST,1,Lambda,0.9926751959162854
Thymus_vulgaris,-1.974,0.445,Hurdle_zi,T0-T1,DIST,1,Lmax,5.964961904446033
Thymus_vulgaris,-1.974,0.445,Hurdle_zi,T0-T1,DIST,1,Lmean,4.459892288650257
Thymus_vulgaris,-1.974,0.445,Hurdle_zi,T0-T1,DIST,1,R0,-1.07189733945768
Thymus_vulgaris,-1.974,0.445,Hurdle_zi,T0-T1,DIST,1,Reactivity,0.010349758754626258
Thymus_vulgaris,-1.974,0.445,Hurdle_zi,T0-T1,DIST,1,T_generation,NA
Thymus_vulgaris,-1.974,0.445,Hurdle_zi,T0-T1,DIST,1,age_repro,NA
Thymus_vulgaris,-1.974,0.445,Hurdle_zi,T0-T1,DIST,1,percapita_repro,-5.143380039347928
Verbascum_thapsus,-1.225,0.336,Hurdle_zi,T0-T1,DIST,1,FirstStepAtt,-4.012613096092431
Verbascum_thapsus,-1.225,0.336,Hurdle_zi,T0-T1,DIST,1,Lambda,NA
Verbascum_thapsus,-1.225,0.336,Hurdle_zi,T0-T1,DIST,1,Lmax,0.6931471805599453
Verbascum_thapsus,-1.225,0.336,Hurdle_zi,T0-T1,DIST,1,Lmean,0.05129369438747054
Verbascum_thapsus,-1.225,0.336,Hurdle_zi,T0-T1,DIST,1,R0,3.381715911075376
Verbascum_thapsus,-1.225,0.336,Hurdle_zi,T0-T1,DIST,1,Reactivity,NA
Verbascum_thapsus,-1.225,0.336,Hurdle_zi,T0-T1,DIST,1,T_generation,0.7764348966557838
Verbascum_thapsus,-1.225,0.336,Hurdle_zi,T0-T1,DIST,1,age_repro,2.5523449856956373
Verbascum_thapsus,-1.225,0.336,Hurdle_zi,T0-T1,DIST,1,percapita_repro,NA
Veronica_arvensis,-2.196,0.286,Hurdle_zi,T0-T1,DIST,1,FirstStepAtt,-1.3609972168245543
Veronica_arvensis,-2.196,0.286,Hurdle_zi,T0-T1,DIST,1,Lambda,1.0575348190993947
Veronica_arvensis,-2.196,0.286,Hurdle_zi,T0-T1,DIST,1,Lmax,0.12924850454918937
Veronica_arvensis,-2.196,0.286,Hurdle_zi,T0-T1,DIST,1,Lmean,0.05244694819316372
Veronica_arvensis,-2.196,0.286,Hurdle_zi,T0-T1,DIST,1,R0,-0.014999404757933849
Veronica_arvensis,-2.196,0.286,Hurdle_zi,T0-T1,DIST,1,Reactivity,1.7913324339405632
Veronica_arvensis,-2.196,0.286,Hurdle_zi,T0-T1,DIST,1,T_generation,0.41785049626112153
Veronica_arvensis,-2.196,0.286,Hurdle_zi,T0-T1,DIST,1,age_repro,0.8907769885320955
Veronica_arvensis,-2.196,0.286,Hurdle_zi,T0-T1,DIST,1,percapita_repro,1.8152156216155975
Agrimonia_eupatoria,-2.243,0.291,Ordbeta,T0-T1,DIST,1,FirstStepAtt,-0.40426778811109665
Agrimonia_eupatoria,-2.243,0.291,Ordbeta,T0-T1,DIST,1,Lambda,0.99064442494128635
Agrimonia_eupatoria,-2.243,0.291,Ordbeta,T0-T1,DIST,1,Lmax,4.5330412476880015
Agrimonia_eupatoria,-2.243,0.291,Ordbeta,T0-T1,DIST,1,Lmean,2.276623485281897
Agrimonia_eupatoria,-2.243,0.291,Ordbeta,T0-T1,DIST,1,R0,-0.38127020833005776
Agrimonia_eupatoria,-2.243,0.291,Ordbeta,T0-T1,DIST,1,Reactivity,0.19207496843703886
Agrimonia_eupatoria,-2.243,0.291,Ordbeta,T0-T1,DIST,1,T_generation,3.6207086258222283
Agrimonia_eupatoria,-2.243,0.291,Ordbeta,T0-T1,DIST,1,age_repro,2.087394345070076
Agrimonia_eupatoria,-2.243,0.291,Ordbeta,T0-T1,DIST,1,percapita_repro,-1.5661843426366495
Allium_vineale,-3.013,0.396,Ordbeta,T0-T1,DIST,1,FirstStepAtt,-2.036030904211625
Allium_vineale,-3.013,0.396,Ordbeta,T0-T1,DIST,1,Lambda,1.170906773884173
Allium_vineale,-3.013,0.396,Ordbeta,T0-T1,DIST,1,Lmax,1.0986122886681098
Allium_vineale,-3.013,0.396,Ordbeta,T0-T1,DIST,1,Lmean,0.16647352389668973
Allium_vineale,-3.013,0.396,Ordbeta,T0-T1,DIST,1,R0,0.3408368280021561
Allium_vineale,-3.013,0.396,Ordbeta,T0-T1,DIST,1,Reactivity,2.1940830508207325
Allium_vineale,-3.013,0.396,Ordbeta,T0-T1,DIST,1,T_generation,0.7635325690826141
Allium_vineale,-3.013,0.396,Ordbeta,T0-T1,DIST,1,age_repro,1.2000990079409088
Allium_vineale,-3.013,0.396,Ordbeta,T0-T1,DIST,1,percapita_repro,2.3368650630604555
Andropogon_gerardii,-1.687,0.278,Ordbeta,T0-T1,DIST,1,FirstStepAtt,-1.1908608264270113
Andropogon_gerardii,-1.687,0.278,Ordbeta,T0-T1,DIST,1,Lambda,1.5058732521698401
Andropogon_gerardii,-1.687,0.278,Ordbeta,T0-T1,DIST,1,Lmax,1.764891121214301
Andropogon_gerardii,-1.687,0.278,Ordbeta,T0-T1,DIST,1,Lmean,0.6723210807858808
Andropogon_gerardii,-1.687,0.278,Ordbeta,T0-T1,DIST,1,R0,0.8354773555720532
Andropogon_gerardii,-1.687,0.278,Ordbeta,T0-T1,DIST,1,Reactivity,1.7926841280473302
Andropogon_gerardii,-1.687,0.278,Ordbeta,T0-T1,DIST,1,T_generation,0.7395193223181743
Andropogon_gerardii,-1.687,0.278,Ordbeta,T0-T1,DIST,1,age_repro,0.7862530575220442
Andropogon_gerardii,-1.687,0.278,Ordbeta,T0-T1,DIST,1,percapita_repro,2.0924307697315556
Arenaria_serpyllifolia,-2.707,0.299,Ordbeta,T0-T1,DIST,1,FirstStepAtt,-2.2176497264357233
Arenaria_serpyllifolia,-2.707,0.299,Ordbeta,T0-T1,DIST,1,Lambda,0.860684361881849
Arenaria_serpyllifolia,-2.707,0.299,Ordbeta,T0-T1,DIST,1,Lmax,0
Arenaria_serpyllifolia,-2.707,0.299,Ordbeta,T0-T1,DIST,1,Lmean,0
Arenaria_serpyllifolia,-2.707,0.299,Ordbeta,T0-T1,DIST,1,R0,0.13128547046852534
Arenaria_serpyllifolia,-2.707,0.299,Ordbeta,T0-T1,DIST,1,Reactivity,2.5929750386335604
Arenaria_serpyllifolia,-2.707,0.299,Ordbeta,T0-T1,DIST,1,T_generation,0.1698858306660028
Arenaria_serpyllifolia,-2.707,0.299,Ordbeta,T0-T1,DIST,1,age_repro,0.8303384136066279
Arenaria_serpyllifolia,-2.707,0.299,Ordbeta,T0-T1,DIST,1,percapita_repro,2.639396025140823
Armeria_maritima,-2.819,0.396,Ordbeta,T0-T1,DIST,1,FirstStepAtt,-2.2414258727445264
Armeria_maritima,-2.819,0.396,Ordbeta,T0-T1,DIST,1,Lambda,1.4580438530642406
Armeria_maritima,-2.819,0.396,Ordbeta,T0-T1,DIST,1,Lmax,2.995732273553991
Armeria_maritima,-2.819,0.396,Ordbeta,T0-T1,DIST,1,Lmean,0.6122577291406874
Armeria_maritima,-2.819,0.396,Ordbeta,T0-T1,DIST,1,R0,4.4450836460525265
Armeria_maritima,-2.819,0.396,Ordbeta,T0-T1,DIST,1,Reactivity,5.495776723555246
Armeria_maritima,-2.819,0.396,Ordbeta,T0-T1,DIST,1,T_generation,2.0996042559618977
Armeria_maritima,-2.819,0.396,Ordbeta,T0-T1,DIST,1,age_repro,1.525500516347215
Armeria_maritima,-2.819,0.396,Ordbeta,T0-T1,DIST,1,percapita_repro,3.6172820201716607
Centaurea_jacea,-2.524,0.277,Ordbeta,T0-T1,DIST,1,FirstStepAtt,-0.6368104471974831
Centaurea_jacea,-2.524,0.277,Ordbeta,T0-T1,DIST,1,Lambda,0.9157150879324937
Centaurea_jacea,-2.524,0.277,Ordbeta,T0-T1,DIST,1,Lmax,2.4003251984703664
Centaurea_jacea,-2.524,0.277,Ordbeta,T0-T1,DIST,1,Lmean,1.372271579332501
Centaurea_jacea,-2.524,0.277,Ordbeta,T0-T1,DIST,1,R0,-3.4842742317189583
Centaurea_jacea,-2.524,0.277,Ordbeta,T0-T1,DIST,1,Reactivity,0.4168576413811439
Centaurea_jacea,-2.524,0.277,Ordbeta,T0-T1,DIST,1,T_generation,2.978872381362829
Centaurea_jacea,-2.524,0.277,Ordbeta,T0-T1,DIST,1,age_repro,1.6363011514297372
Centaurea_jacea,-2.524,0.277,Ordbeta,T0-T1,DIST,1,percapita_repro,-1.7828083742933423
Cerastium_fontanum,-2.596,0.213,Ordbeta,T0-T1,DIST,1,FirstStepAtt,-2.696031853083466
Cerastium_fontanum,-2.596,0.213,Ordbeta,T0-T1,DIST,1,Lambda,NA
Cerastium_fontanum,-2.596,0.213,Ordbeta,T0-T1,DIST,1,Lmax,0
Cerastium_fontanum,-2.596,0.213,Ordbeta,T0-T1,DIST,1,Lmean,0
Cerastium_fontanum,-2.596,0.213,Ordbeta,T0-T1,DIST,1,R0,1.5184623246973081
Cerastium_fontanum,-2.596,0.213,Ordbeta,T0-T1,DIST,1,Reactivity,3.027270925563423
Cerastium_fontanum,-2.596,0.213,Ordbeta,T0-T1,DIST,1,T_generation,0.005048904923272251
Cerastium_fontanum,-2.596,0.213,Ordbeta,T0-T1,DIST,1,age_repro,0.8873031950009029
Cerastium_fontanum,-2.596,0.213,Ordbeta,T0-T1,DIST,1,percapita_repro,4.522657764413627
Cirsium_arvense,-2.128,0.215,Ordbeta,T0-T1,DIST,1,FirstStepAtt,-3.3290015249469986
Cirsium_arvense,-2.128,0.215,Ordbeta,T0-T1,DIST,1,Lambda,NA
Cirsium_arvense,-2.128,0.215,Ordbeta,T0-T1,DIST,1,Lmax,1.0986122886681098
Cirsium_arvense,-2.128,0.215,Ordbeta,T0-T1,DIST,1,Lmean,0.1699960817758222
Cirsium_arvense,-2.128,0.215,Ordbeta,T0-T1,DIST,1,R0,3.228914980534981
Cirsium_arvense,-2.128,0.215,Ordbeta,T0-T1,DIST,1,Reactivity,4.0664130997692896
Cirsium_arvense,-2.128,0.215,Ordbeta,T0-T1,DIST,1,T_generation,0.770361224737239
Cirsium_arvense,-2.128,0.215,Ordbeta,T0-T1,DIST,1,age_repro,1.162546762671639
Cirsium_arvense,-2.128,0.215,Ordbeta,T0-T1,DIST,1,percapita_repro,5.427985054670073
Cirsium_palustre,-2.759,0.375,Ordbeta,T0-T1,DIST,1,FirstStepAtt,-2.5937654771378242
Cirsium_palustre,-2.759,0.375,Ordbeta,T0-T1,DIST,1,Lambda,1.4428002172428838
Cirsium_palustre,-2.759,0.375,Ordbeta,T0-T1,DIST,1,Lmax,1.5273118956910914
Cirsium_palustre,-2.759,0.375,Ordbeta,T0-T1,DIST,1,Lmean,0.20135107219302092
Cirsium_palustre,-2.759,0.375,Ordbeta,T0-T1,DIST,1,R0,1.2807231364002394
Cirsium_palustre,-2.759,0.375,Ordbeta,T0-T1,DIST,1,Reactivity,4.898747288058176
Cirsium_palustre,-2.759,0.375,Ordbeta,T0-T1,DIST,1,T_generation,1.2255759905166657
Cirsium_palustre,-2.759,0.375,Ordbeta,T0-T1,DIST,1,age_repro,1.534647496889771
Cirsium_palustre,-2.759,0.375,Ordbeta,T0-T1,DIST,1,percapita_repro,4.957313127808717
Cirsium_vulgare,-2.759,0.299,Ordbeta,T0-T1,DIST,1,FirstStepAtt,-3.1910655226282234
Cirsium_vulgare,-2.759,0.299,Ordbeta,T0-T1,DIST,1,Lambda,0.7844344795818798
Cirsium_vulgare,-2.759,0.299,Ordbeta,T0-T1,DIST,1,Lmax,1.507973248367974
Cirsium_vulgare,-2.759,0.299,Ordbeta,T0-T1,DIST,1,Lmean,0.3479988332516422
Cirsium_vulgare,-2.759,0.299,Ordbeta,T0-T1,DIST,1,R0,-1.420279247517773
Cirsium_vulgare,-2.759,0.299,Ordbeta,T0-T1,DIST,1,Reactivity,2.641485998869525
Cirsium_vulgare,-2.759,0.299,Ordbeta,T0-T1,DIST,1,T_generation,1.4828783988333107
Cirsium_vulgare,-2.759,0.299,Ordbeta,T0-T1,DIST,1,age_repro,0.9323966804077027
Cirsium_vulgare,-2.759,0.299,Ordbeta,T0-T1,DIST,1,percapita_repro,1.89963041219607
Daucus_carota,-2.377,0.232,Ordbeta,T0-T1,DIST,1,FirstStepAtt,-4.040610337013186
Daucus_carota,-2.377,0.232,Ordbeta,T0-T1,DIST,1,Lambda,1.7161044748521754
Daucus_carota,-2.377,0.232,Ordbeta,T0-T1,DIST,1,Lmax,1.0986122886681098
Daucus_carota,-2.377,0.232,Ordbeta,T0-T1,DIST,1,Lmean,0.31834252276646996
Daucus_carota,-2.377,0.232,Ordbeta,T0-T1,DIST,1,R0,1.8196701629274532
Daucus_carota,-2.377,0.232,Ordbeta,T0-T1,DIST,1,Reactivity,NA
Daucus_carota,-2.377,0.232,Ordbeta,T0-T1,DIST,1,T_generation,1.189773196967312
Daucus_carota,-2.377,0.232,Ordbeta,T0-T1,DIST,1,age_repro,1.431272611901774
Daucus_carota,-2.377,0.232,Ordbeta,T0-T1,DIST,1,percapita_repro,NA
Echium_vulgare,-2.757,0.451,Ordbeta,T0-T1,DIST,1,FirstStepAtt,-1.4808281568478856
Echium_vulgare,-2.757,0.451,Ordbeta,T0-T1,DIST,1,Lambda,1.5475980030086196
Echium_vulgare,-2.757,0.451,Ordbeta,T0-T1,DIST,1,Lmax,1.3862943611198906
Echium_vulgare,-2.757,0.451,Ordbeta,T0-T1,DIST,1,Lmean,0.5010758488001461
Echium_vulgare,-2.757,0.451,Ordbeta,T0-T1,DIST,1,R0,1.6034012709220467
Echium_vulgare,-2.757,0.451,Ordbeta,T0-T1,DIST,1,Reactivity,3.2663741200499037
Echium_vulgare,-2.757,0.451,Ordbeta,T0-T1,DIST,1,T_generation,1.2871395045757101
Echium_vulgare,-2.757,0.451,Ordbeta,T0-T1,DIST,1,age_repro,1.3132909952863716
Echium_vulgare,-2.757,0.451,Ordbeta,T0-T1,DIST,1,percapita_repro,3.7030781735137492
Elymus_repens,-2.099,0.224,Ordbeta,T0-T1,DIST,1,FirstStepAtt,-19.608981934788076
Elymus_repens,-2.099,0.224,Ordbeta,T0-T1,DIST,1,Lambda,NA
Elymus_repens,-2.099,0.224,Ordbeta,T0-T1,DIST,1,Lmax,0.6931471805599453
Elymus_repens,-2.099,0.224,Ordbeta,T0-T1,DIST,1,Lmean,0.34830572665687204
Elymus_repens,-2.099,0.224,Ordbeta,T0-T1,DIST,1,R0,4.306802628082906
Elymus_repens,-2.099,0.224,Ordbeta,T0-T1,DIST,1,Reactivity,NA
Elymus_repens,-2.099,0.224,Ordbeta,T0-T1,DIST,1,T_generation,0.00771453240913415
Elymus_repens,-2.099,0.224,Ordbeta,T0-T1,DIST,1,age_repro,0
Elymus_repens,-2.099,0.224,Ordbeta,T0-T1,DIST,1,percapita_repro,-5.74205469871386
Erigeron_canadensis,-2.885,0.285,Ordbeta,T0-T1,DIST,1,FirstStepAtt,-2.9940372183428647
Erigeron_canadensis,-2.885,0.285,Ordbeta,T0-T1,DIST,1,Lambda,NA
Erigeron_canadensis,-2.885,0.285,Ordbeta,T0-T1,DIST,1,Lmax,0
Erigeron_canadensis,-2.885,0.285,Ordbeta,T0-T1,DIST,1,Lmean,0
Erigeron_canadensis,-2.885,0.285,Ordbeta,T0-T1,DIST,1,R0,2.750423016465953
Erigeron_canadensis,-2.885,0.285,Ordbeta,T0-T1,DIST,1,Reactivity,3.7256901124743216
Erigeron_canadensis,-2.885,0.285,Ordbeta,T0-T1,DIST,1,T_generation,0.1300250884192771
Erigeron_canadensis,-2.885,0.285,Ordbeta,T0-T1,DIST,1,age_repro,0.9159908368351705
Erigeron_canadensis,-2.885,0.285,Ordbeta,T0-T1,DIST,1,percapita_repro,5.684089841310465
Knautia_arvensis,-2.265,0.358,Ordbeta,T0-T1,DIST,1,FirstStepAtt,-2.9563737542749036
Knautia_arvensis,-2.265,0.358,Ordbeta,T0-T1,DIST,1,Lambda,0.30764990872892983
Knautia_arvensis,-2.265,0.358,Ordbeta,T0-T1,DIST,1,Lmax,0.6931471805599453
Knautia_arvensis,-2.265,0.358,Ordbeta,T0-T1,DIST,1,Lmean,0.022139719151234638
Knautia_arvensis,-2.265,0.358,Ordbeta,T0-T1,DIST,1,R0,-9.95071325619903
Knautia_arvensis,-2.265,0.358,Ordbeta,T0-T1,DIST,1,Reactivity,0.35097071858090523
Knautia_arvensis,-2.265,0.358,Ordbeta,T0-T1,DIST,1,T_generation,NA
Knautia_arvensis,-2.265,0.358,Ordbeta,T0-T1,DIST,1,age_repro,0.9322894183877876
Knautia_arvensis,-2.265,0.358,Ordbeta,T0-T1,DIST,1,percapita_repro,-4.367646677748796
Lactuca_serriola,-3.03,0.333,Ordbeta,T0-T1,DIST,1,FirstStepAtt,-2.5276283678174485
Lactuca_serriola,-3.03,0.333,Ordbeta,T0-T1,DIST,1,Lambda,NA
Lactuca_serriola,-3.03,0.333,Ordbeta,T0-T1,DIST,1,Lmax,0
Lactuca_serriola,-3.03,0.333,Ordbeta,T0-T1,DIST,1,Lmean,0
Lactuca_serriola,-3.03,0.333,Ordbeta,T0-T1,DIST,1,R0,2.961708269076509
Lactuca_serriola,-3.03,0.333,Ordbeta,T0-T1,DIST,1,Reactivity,5.096932718325193
Lactuca_serriola,-3.03,0.333,Ordbeta,T0-T1,DIST,1,T_generation,0.08738433516364566
Lactuca_serriola,-3.03,0.333,Ordbeta,T0-T1,DIST,1,age_repro,1.2839753424841123
Lactuca_serriola,-3.03,0.333,Ordbeta,T0-T1,DIST,1,percapita_repro,7.147653680580111
Linum_catharticum,-3.055,0.389,Ordbeta,T0-T1,DIST,1,FirstStepAtt,-3.1953085121694222
Linum_catharticum,-3.055,0.389,Ordbeta,T0-T1,DIST,1,Lambda,NA
Linum_catharticum,-3.055,0.389,Ordbeta,T0-T1,DIST,1,Lmax,2.0794415416798357
Linum_catharticum,-3.055,0.389,Ordbeta,T0-T1,DIST,1,Lmean,0.7715798705141755
Linum_catharticum,-3.055,0.389,Ordbeta,T0-T1,DIST,1,R0,1.7942778474769046
Linum_catharticum,-3.055,0.389,Ordbeta,T0-T1,DIST,1,Reactivity,3.8165083573910685
Linum_catharticum,-3.055,0.389,Ordbeta,T0-T1,DIST,1,T_generation,0.3007917133047998
Linum_catharticum,-3.055,0.389,Ordbeta,T0-T1,DIST,1,age_repro,0.7034715243015948
Linum_catharticum,-3.055,0.389,Ordbeta,T0-T1,DIST,1,percapita_repro,3.0328521355315146
Picris_hieracioides,-1.776,0.261,Ordbeta,T0-T1,DIST,1,FirstStepAtt,-4.012603074068455
Picris_hieracioides,-1.776,0.261,Ordbeta,T0-T1,DIST,1,Lambda,0.8846497432296888
Picris_hieracioides,-1.776,0.261,Ordbeta,T0-T1,DIST,1,Lmax,0.6931471805599453
Picris_hieracioides,-1.776,0.261,Ordbeta,T0-T1,DIST,1,Lmean,0.025497751793431413
Picris_hieracioides,-1.776,0.261,Ordbeta,T0-T1,DIST,1,R0,-0.5012341883972119
Picris_hieracioides,-1.776,0.261,Ordbeta,T0-T1,DIST,1,Reactivity,5.739334580340472
Picris_hieracioides,-1.776,0.261,Ordbeta,T0-T1,DIST,1,T_generation,1.4151934417967609
Picris_hieracioides,-1.776,0.261,Ordbeta,T0-T1,DIST,1,age_repro,1.5430234695350933
Picris_hieracioides,-1.776,0.261,Ordbeta,T0-T1,DIST,1,percapita_repro,5.616771097666572
Pimpinella_saxifraga,-2.424,0.367,Ordbeta,T0-T1,DIST,1,FirstStepAtt,-0.5923077657542145
Pimpinella_saxifraga,-2.424,0.367,Ordbeta,T0-T1,DIST,1,Lambda,0.9547406316474246
Pimpinella_saxifraga,-2.424,0.367,Ordbeta,T0-T1,DIST,1,Lmax,3.2778313935718644
Pimpinella_saxifraga,-2.424,0.367,Ordbeta,T0-T1,DIST,1,Lmean,1.3985454207581607
Pimpinella_saxifraga,-2.424,0.367,Ordbeta,T0-T1,DIST,1,R0,-0.7090626241047243
Pimpinella_saxifraga,-2.424,0.367,Ordbeta,T0-T1,DIST,1,Reactivity,0.9233752615973373
Pimpinella_saxifraga,-2.424,0.367,Ordbeta,T0-T1,DIST,1,T_generation,2.775613869924522
Pimpinella_saxifraga,-2.424,0.367,Ordbeta,T0-T1,DIST,1,age_repro,1.7819632124517442
Pimpinella_saxifraga,-2.424,0.367,Ordbeta,T0-T1,DIST,1,percapita_repro,-0.16356267781330006
Plantago_coronopus,-2.445,0.305,Ordbeta,T0-T1,DIST,1,FirstStepAtt,-1.0607821044920802
Plantago_coronopus,-2.445,0.305,Ordbeta,T0-T1,DIST,1,Lambda,0.8883340096307588
Plantago_coronopus,-2.445,0.305,Ordbeta,T0-T1,DIST,1,Lmax,1.907994489728227
Plantago_coronopus,-2.445,0.305,Ordbeta,T0-T1,DIST,1,Lmean,0.5836315540514999
Plantago_coronopus,-2.445,0.305,Ordbeta,T0-T1,DIST,1,R0,-0.7679497099488539
Plantago_coronopus,-2.445,0.305,Ordbeta,T0-T1,DIST,1,Reactivity,1.2700917455756846
Plantago_coronopus,-2.445,0.305,Ordbeta,T0-T1,DIST,1,T_generation,1.4792349913940708
Plantago_coronopus,-2.445,0.305,Ordbeta,T0-T1,DIST,1,age_repro,0.7227032675127357
Plantago_coronopus,-2.445,0.305,Ordbeta,T0-T1,DIST,1,percapita_repro,-0.1607889960080645
Plantago_media,-2.433,0.346,Ordbeta,T0-T1,DIST,1,FirstStepAtt,-2.5216721506920545
Plantago_media,-2.433,0.346,Ordbeta,T0-T1,DIST,1,Lambda,0.9166479924897526
Plantago_media,-2.433,0.346,Ordbeta,T0-T1,DIST,1,Lmax,1.7178918965462198
Plantago_media,-2.433,0.346,Ordbeta,T0-T1,DIST,1,Lmean,0.24009345509101096
Plantago_media,-2.433,0.346,Ordbeta,T0-T1,DIST,1,R0,-3.703632943874186
Plantago_media,-2.433,0.346,Ordbeta,T0-T1,DIST,1,Reactivity,0.9115891884505661
Plantago_media,-2.433,0.346,Ordbeta,T0-T1,DIST,1,T_generation,3.283074054166277
Plantago_media,-2.433,0.346,Ordbeta,T0-T1,DIST,1,age_repro,2.050568331584061
Plantago_media,-2.433,0.346,Ordbeta,T0-T1,DIST,1,percapita_repro,0.21247852101489456
Poa_alpina,-2.568,0.567,Ordbeta,T0-T1,DIST,1,FirstStepAtt,-0.6821869840767281
Poa_alpina,-2.568,0.567,Ordbeta,T0-T1,DIST,1,Lambda,0.9289514100594023
Poa_alpina,-2.568,0.567,Ordbeta,T0-T1,DIST,1,Lmax,3.3423058638339636
Poa_alpina,-2.568,0.567,Ordbeta,T0-T1,DIST,1,Lmean,1.53204966522348
Poa_alpina,-2.568,0.567,Ordbeta,T0-T1,DIST,1,R0,-1.2908410925748004
Poa_alpina,-2.568,0.567,Ordbeta,T0-T1,DIST,1,Reactivity,0.7212213077881131
Poa_alpina,-2.568,0.567,Ordbeta,T0-T1,DIST,1,T_generation,3.1870862370839936
Poa_alpina,-2.568,0.567,Ordbeta,T0-T1,DIST,1,age_repro,0.8494642415925806
Poa_alpina,-2.568,0.567,Ordbeta,T0-T1,DIST,1,percapita_repro,-2.1498564717132638
Potentilla_recta,-2.527,0.295,Ordbeta,T0-T1,DIST,1,FirstStepAtt,-1.207246625178343
Potentilla_recta,-2.527,0.295,Ordbeta,T0-T1,DIST,1,Lambda,1.3233051390988662
Potentilla_recta,-2.527,0.295,Ordbeta,T0-T1,DIST,1,Lmax,2.8995463272302633
Potentilla_recta,-2.527,0.295,Ordbeta,T0-T1,DIST,1,Lmean,1.114174982541197
Potentilla_recta,-2.527,0.295,Ordbeta,T0-T1,DIST,1,R0,-Inf
Potentilla_recta,-2.527,0.295,Ordbeta,T0-T1,DIST,1,Reactivity,2.3355670141886495
Potentilla_recta,-2.527,0.295,Ordbeta,T0-T1,DIST,1,T_generation,1.12856647634655
Potentilla_recta,-2.527,0.295,Ordbeta,T0-T1,DIST,1,age_repro,1.470241457035962
Potentilla_recta,-2.527,0.295,Ordbeta,T0-T1,DIST,1,percapita_repro,5.184136566294191
Primula_elatior,-2.549,0.463,Ordbeta,T0-T1,DIST,1,FirstStepAtt,-2.5752591198739894
Primula_elatior,-2.549,0.463,Ordbeta,T0-T1,DIST,1,Lambda,1.0243599289476764
Primula_elatior,-2.549,0.463,Ordbeta,T0-T1,DIST,1,Lmax,3.078214221499716
Primula_elatior,-2.549,0.463,Ordbeta,T0-T1,DIST,1,Lmean,0.934868660605433
Primula_elatior,-2.549,0.463,Ordbeta,T0-T1,DIST,1,R0,-0.19834378876572734
Primula_elatior,-2.549,0.463,Ordbeta,T0-T1,DIST,1,Reactivity,1.2375774274497275
Primula_elatior,-2.549,0.463,Ordbeta,T0-T1,DIST,1,T_generation,2.7743429427827526
Primula_elatior,-2.549,0.463,Ordbeta,T0-T1,DIST,1,age_repro,1.5965918444925693
Primula_elatior,-2.549,0.463,Ordbeta,T0-T1,DIST,1,percapita_repro,0.6906312588074859
Primula_veris,-2.794,0.429,Ordbeta,T0-T1,DIST,1,FirstStepAtt,-3.0996415326914413
Primula_veris,-2.794,0.429,Ordbeta,T0-T1,DIST,1,Lambda,0.9177166512186883
Primula_veris,-2.794,0.429,Ordbeta,T0-T1,DIST,1,Lmax,1.777554626801171
Primula_veris,-2.794,0.429,Ordbeta,T0-T1,DIST,1,Lmean,0.3457340899605148
Primula_veris,-2.794,0.429,Ordbeta,T0-T1,DIST,1,R0,-3.5312053848310136
Primula_veris,-2.794,0.429,Ordbeta,T0-T1,DIST,1,Reactivity,1.8406103144604358
Primula_veris,-2.794,0.429,Ordbeta,T0-T1,DIST,1,T_generation,3.2661511301743356
Primula_veris,-2.794,0.429,Ordbeta,T0-T1,DIST,1,age_repro,2.1007008996065113
Primula_veris,-2.794,0.429,Ordbeta,T0-T1,DIST,1,percapita_repro,1.3057574210790406
Ranunculus_acris,-2.533,0.223,Ordbeta,T0-T1,DIST,1,FirstStepAtt,-2.223673155588096
Ranunculus_acris,-2.533,0.223,Ordbeta,T0-T1,DIST,1,Lambda,1.1474253581153837
Ranunculus_acris,-2.533,0.223,Ordbeta,T0-T1,DIST,1,Lmax,1.791759469228055
Ranunculus_acris,-2.533,0.223,Ordbeta,T0-T1,DIST,1,Lmean,0.2694368352850544
Ranunculus_acris,-2.533,0.223,Ordbeta,T0-T1,DIST,1,R0,0.4291243489821683
Ranunculus_acris,-2.533,0.223,Ordbeta,T0-T1,DIST,1,Reactivity,1.8978523971700296
Ranunculus_acris,-2.533,0.223,Ordbeta,T0-T1,DIST,1,T_generation,1.3335494740785472
Ranunculus_acris,-2.533,0.223,Ordbeta,T0-T1,DIST,1,age_repro,1.1167312512505851
Ranunculus_acris,-2.533,0.223,Ordbeta,T0-T1,DIST,1,percapita_repro,1.9401794743463283
Ratibida_columnifera,-2.742,0.572,Ordbeta,T0-T1,DIST,1,FirstStepAtt,-0.002056079496990296
Ratibida_columnifera,-2.742,0.572,Ordbeta,T0-T1,DIST,1,Lambda,0.7243603858174655
Ratibida_columnifera,-2.742,0.572,Ordbeta,T0-T1,DIST,1,Lmax,0.8751993382067543
Ratibida_columnifera,-2.742,0.572,Ordbeta,T0-T1,DIST,1,Lmean,0.15118484663816348
Ratibida_columnifera,-2.742,0.572,Ordbeta,T0-T1,DIST,1,R0,-0.18377717828257087
Ratibida_columnifera,-2.742,0.572,Ordbeta,T0-T1,DIST,1,Reactivity,0.0047432640012664016
Ratibida_columnifera,-2.742,0.572,Ordbeta,T0-T1,DIST,1,T_generation,0.18788835999659365
Ratibida_columnifera,-2.742,0.572,Ordbeta,T0-T1,DIST,1,age_repro,0
Ratibida_columnifera,-2.742,0.572,Ordbeta,T0-T1,DIST,1,percapita_repro,-0.3349620249207343
Salsola_kali,-2.784,0.36,Ordbeta,T0-T1,DIST,1,FirstStepAtt,-7.237614553412407
Salsola_kali,-2.784,0.36,Ordbeta,T0-T1,DIST,1,Lambda,0.5896874965204653
Salsola_kali,-2.784,0.36,Ordbeta,T0-T1,DIST,1,Lmax,1.0986122886681098
Salsola_kali,-2.784,0.36,Ordbeta,T0-T1,DIST,1,Lmean,0.6329527878317025
Salsola_kali,-2.784,0.36,Ordbeta,T0-T1,DIST,1,R0,-3.1690448866467187
Salsola_kali,-2.784,0.36,Ordbeta,T0-T1,DIST,1,Reactivity,NA
Salsola_kali,-2.784,0.36,Ordbeta,T0-T1,DIST,1,T_generation,1.7917877371801425
Salsola_kali,-2.784,0.36,Ordbeta,T0-T1,DIST,1,age_repro,1.7917761374226397
Salsola_kali,-2.784,0.36,Ordbeta,T0-T1,DIST,1,percapita_repro,NA
Sphaeralcea_coccinea,-2.602,0.375,Ordbeta,T0-T1,DIST,1,FirstStepAtt,-0.021668930362796438
Sphaeralcea_coccinea,-2.602,0.375,Ordbeta,T0-T1,DIST,1,Lambda,0.9140916052986946
Sphaeralcea_coccinea,-2.602,0.375,Ordbeta,T0-T1,DIST,1,Lmax,1.1291966833851346
Sphaeralcea_coccinea,-2.602,0.375,Ordbeta,T0-T1,DIST,1,Lmean,0.18479959171993668
Sphaeralcea_coccinea,-2.602,0.375,Ordbeta,T0-T1,DIST,1,R0,-0.1631566065473073
Sphaeralcea_coccinea,-2.602,0.375,Ordbeta,T0-T1,DIST,1,Reactivity,0.06479482429602482
Sphaeralcea_coccinea,-2.602,0.375,Ordbeta,T0-T1,DIST,1,T_generation,0.2422469272637918
Sphaeralcea_coccinea,-2.602,0.375,Ordbeta,T0-T1,DIST,1,age_repro,0
Sphaeralcea_coccinea,-2.602,0.375,Ordbeta,T0-T1,DIST,1,percapita_repro,-0.347956198267244
Stenaria_nigricans,-2.058,0.397,Ordbeta,T0-T1,DIST,1,FirstStepAtt,-0.001506241946231945
Stenaria_nigricans,-2.058,0.397,Ordbeta,T0-T1,DIST,1,Lambda,0.9901413361648121
Stenaria_nigricans,-2.058,0.397,Ordbeta,T0-T1,DIST,1,Lmax,0.8841014310483891
Stenaria_nigricans,-2.058,0.397,Ordbeta,T0-T1,DIST,1,Lmean,0.1061701762787086
Stenaria_nigricans,-2.058,0.397,Ordbeta,T0-T1,DIST,1,R0,0.21085254589803137
Stenaria_nigricans,-2.058,0.397,Ordbeta,T0-T1,DIST,1,Reactivity,0.009202684809058356
Stenaria_nigricans,-2.058,0.397,Ordbeta,T0-T1,DIST,1,T_generation,0.10216634557653176
Stenaria_nigricans,-2.058,0.397,Ordbeta,T0-T1,DIST,1,age_repro,0
Stenaria_nigricans,-2.058,0.397,Ordbeta,T0-T1,DIST,1,percapita_repro,0.10468236961932272
Taraxacum_campylodes,-2.422,0.39,Ordbeta,T0-T1,DIST,1,FirstStepAtt,-2.3531148413315983
Taraxacum_campylodes,-2.422,0.39,Ordbeta,T0-T1,DIST,1,Lambda,0.08041791145870329
Taraxacum_campylodes,-2.422,0.39,Ordbeta,T0-T1,DIST,1,Lmax,0.5493061443340549
Taraxacum_campylodes,-2.422,0.39,Ordbeta,T0-T1,DIST,1,Lmean,0.06773896227809098
Taraxacum_campylodes,-2.422,0.39,Ordbeta,T0-T1,DIST,1,R0,-Inf
Taraxacum_campylodes,-2.422,0.39,Ordbeta,T0-T1,DIST,1,Reactivity,2.4046693226371185
Taraxacum_campylodes,-2.422,0.39,Ordbeta,T0-T1,DIST,1,T_generation,NA
Taraxacum_campylodes,-2.422,0.39,Ordbeta,T0-T1,DIST,1,age_repro,0
Taraxacum_campylodes,-2.422,0.39,Ordbeta,T0-T1,DIST,1,percapita_repro,-11.213549524439351
Thymus_vulgaris,-2.53,0.404,Ordbeta,T0-T1,DIST,1,FirstStepAtt,-0.005866973847378982
Thymus_vulgaris,-2.53,0.404,Ordbeta,T0-T1,DIST,1,Lambda,0.9926751959162854
Thymus_vulgaris,-2.53,0.404,Ordbeta,T0-T1,DIST,1,Lmax,5.964961904446033
Thymus_vulgaris,-2.53,0.404,Ordbeta,T0-T1,DIST,1,Lmean,4.459892288650257
Thymus_vulgaris,-2.53,0.404,Ordbeta,T0-T1,DIST,1,R0,-1.07189733945768
Thymus_vulgaris,-2.53,0.404,Ordbeta,T0-T1,DIST,1,Reactivity,0.010349758754626258
Thymus_vulgaris,-2.53,0.404,Ordbeta,T0-T1,DIST,1,T_generation,NA
Thymus_vulgaris,-2.53,0.404,Ordbeta,T0-T1,DIST,1,age_repro,NA
Thymus_vulgaris,-2.53,0.404,Ordbeta,T0-T1,DIST,1,percapita_repro,-5.143380039347928
Verbascum_thapsus,-2.36,0.33,Ordbeta,T0-T1,DIST,1,FirstStepAtt,-4.012613096092431
Verbascum_thapsus,-2.36,0.33,Ordbeta,T0-T1,DIST,1,Lambda,NA
Verbascum_thapsus,-2.36,0.33,Ordbeta,T0-T1,DIST,1,Lmax,0.6931471805599453
Verbascum_thapsus,-2.36,0.33,Ordbeta,T0-T1,DIST,1,Lmean,0.05129369438747054
Verbascum_thapsus,-2.36,0.33,Ordbeta,T0-T1,DIST,1,R0,3.381715911075376
Verbascum_thapsus,-2.36,0.33,Ordbeta,T0-T1,DIST,1,Reactivity,NA
Verbascum_thapsus,-2.36,0.33,Ordbeta,T0-T1,DIST,1,T_generation,0.7764348966557838
Verbascum_thapsus,-2.36,0.33,Ordbeta,T0-T1,DIST,1,age_repro,2.5523449856956373
Verbascum_thapsus,-2.36,0.33,Ordbeta,T0-T1,DIST,1,percapita_repro,NA
Veronica_arvensis,-2.974,0.25,Ordbeta,T0-T1,DIST,1,FirstStepAtt,-1.3609972168245543
Veronica_arvensis,-2.974,0.25,Ordbeta,T0-T1,DIST,1,Lambda,1.0575348190993947
Veronica_arvensis,-2.974,0.25,Ordbeta,T0-T1,DIST,1,Lmax,0.12924850454918937
Veronica_arvensis,-2.974,0.25,Ordbeta,T0-T1,DIST,1,Lmean,0.05244694819316372
Veronica_arvensis,-2.974,0.25,Ordbeta,T0-T1,DIST,1,R0,-0.014999404757933849
Veronica_arvensis,-2.974,0.25,Ordbeta,T0-T1,DIST,1,Reactivity,1.7913324339405632
Veronica_arvensis,-2.974,0.25,Ordbeta,T0-T1,DIST,1,T_generation,0.41785049626112153
Veronica_arvensis,-2.974,0.25,Ordbeta,T0-T1,DIST,1,age_repro,0.8907769885320955
Veronica_arvensis,-2.974,0.25,Ordbeta,T0-T1,DIST,1,percapita_repro,1.8152156216155975
Agrimonia_eupatoria,-2.791,0.388,Hurdle_cond,T0-T1,NPK,1,FirstStepAtt,-0.40426778811109665
Agrimonia_eupatoria,-2.791,0.388,Hurdle_cond,T0-T1,NPK,1,Lambda,0.99064442494128635
Agrimonia_eupatoria,-2.791,0.388,Hurdle_cond,T0-T1,NPK,1,Lmax,4.5330412476880015
Agrimonia_eupatoria,-2.791,0.388,Hurdle_cond,T0-T1,NPK,1,Lmean,2.276623485281897
Agrimonia_eupatoria,-2.791,0.388,Hurdle_cond,T0-T1,NPK,1,R0,-0.38127020833005776
Agrimonia_eupatoria,-2.791,0.388,Hurdle_cond,T0-T1,NPK,1,Reactivity,0.19207496843703886
Agrimonia_eupatoria,-2.791,0.388,Hurdle_cond,T0-T1,NPK,1,T_generation,3.6207086258222283
Agrimonia_eupatoria,-2.791,0.388,Hurdle_cond,T0-T1,NPK,1,age_repro,2.087394345070076
Agrimonia_eupatoria,-2.791,0.388,Hurdle_cond,T0-T1,NPK,1,percapita_repro,-1.5661843426366495
Allium_vineale,-3.061,0.53,Hurdle_cond,T0-T1,NPK,1,FirstStepAtt,-2.036030904211625
Allium_vineale,-3.061,0.53,Hurdle_cond,T0-T1,NPK,1,Lambda,1.170906773884173
Allium_vineale,-3.061,0.53,Hurdle_cond,T0-T1,NPK,1,Lmax,1.0986122886681098
Allium_vineale,-3.061,0.53,Hurdle_cond,T0-T1,NPK,1,Lmean,0.16647352389668973
Allium_vineale,-3.061,0.53,Hurdle_cond,T0-T1,NPK,1,R0,0.3408368280021561
Allium_vineale,-3.061,0.53,Hurdle_cond,T0-T1,NPK,1,Reactivity,2.1940830508207325
Allium_vineale,-3.061,0.53,Hurdle_cond,T0-T1,NPK,1,T_generation,0.7635325690826141
Allium_vineale,-3.061,0.53,Hurdle_cond,T0-T1,NPK,1,age_repro,1.2000990079409088
Allium_vineale,-3.061,0.53,Hurdle_cond,T0-T1,NPK,1,percapita_repro,2.3368650630604555
Andropogon_gerardii,-1.502,0.386,Hurdle_cond,T0-T1,NPK,1,FirstStepAtt,-1.1908608264270113
Andropogon_gerardii,-1.502,0.386,Hurdle_cond,T0-T1,NPK,1,Lambda,1.5058732521698401
Andropogon_gerardii,-1.502,0.386,Hurdle_cond,T0-T1,NPK,1,Lmax,1.764891121214301
Andropogon_gerardii,-1.502,0.386,Hurdle_cond,T0-T1,NPK,1,Lmean,0.6723210807858808
Andropogon_gerardii,-1.502,0.386,Hurdle_cond,T0-T1,NPK,1,R0,0.8354773555720532
Andropogon_gerardii,-1.502,0.386,Hurdle_cond,T0-T1,NPK,1,Reactivity,1.7926841280473302
Andropogon_gerardii,-1.502,0.386,Hurdle_cond,T0-T1,NPK,1,T_generation,0.7395193223181743
Andropogon_gerardii,-1.502,0.386,Hurdle_cond,T0-T1,NPK,1,age_repro,0.7862530575220442
Andropogon_gerardii,-1.502,0.386,Hurdle_cond,T0-T1,NPK,1,percapita_repro,2.0924307697315556
Arenaria_serpyllifolia,-2.966,0.436,Hurdle_cond,T0-T1,NPK,1,FirstStepAtt,-2.2176497264357233
Arenaria_serpyllifolia,-2.966,0.436,Hurdle_cond,T0-T1,NPK,1,Lambda,0.860684361881849
Arenaria_serpyllifolia,-2.966,0.436,Hurdle_cond,T0-T1,NPK,1,Lmax,0
Arenaria_serpyllifolia,-2.966,0.436,Hurdle_cond,T0-T1,NPK,1,Lmean,0
Arenaria_serpyllifolia,-2.966,0.436,Hurdle_cond,T0-T1,NPK,1,R0,0.13128547046852534
Arenaria_serpyllifolia,-2.966,0.436,Hurdle_cond,T0-T1,NPK,1,Reactivity,2.5929750386335604
Arenaria_serpyllifolia,-2.966,0.436,Hurdle_cond,T0-T1,NPK,1,T_generation,0.1698858306660028
Arenaria_serpyllifolia,-2.966,0.436,Hurdle_cond,T0-T1,NPK,1,age_repro,0.8303384136066279
Arenaria_serpyllifolia,-2.966,0.436,Hurdle_cond,T0-T1,NPK,1,percapita_repro,2.639396025140823
Armeria_maritima,-3.05,0.475,Hurdle_cond,T0-T1,NPK,1,FirstStepAtt,-2.2414258727445264
Armeria_maritima,-3.05,0.475,Hurdle_cond,T0-T1,NPK,1,Lambda,1.4580438530642406
Armeria_maritima,-3.05,0.475,Hurdle_cond,T0-T1,NPK,1,Lmax,2.995732273553991
Armeria_maritima,-3.05,0.475,Hurdle_cond,T0-T1,NPK,1,Lmean,0.6122577291406874
Armeria_maritima,-3.05,0.475,Hurdle_cond,T0-T1,NPK,1,R0,4.4450836460525265
Armeria_maritima,-3.05,0.475,Hurdle_cond,T0-T1,NPK,1,Reactivity,5.495776723555246
Armeria_maritima,-3.05,0.475,Hurdle_cond,T0-T1,NPK,1,T_generation,2.0996042559618977
Armeria_maritima,-3.05,0.475,Hurdle_cond,T0-T1,NPK,1,age_repro,1.525500516347215
Armeria_maritima,-3.05,0.475,Hurdle_cond,T0-T1,NPK,1,percapita_repro,3.6172820201716607
Centaurea_jacea,-2.628,0.361,Hurdle_cond,T0-T1,NPK,1,FirstStepAtt,-0.6368104471974831
Centaurea_jacea,-2.628,0.361,Hurdle_cond,T0-T1,NPK,1,Lambda,0.9157150879324937
Centaurea_jacea,-2.628,0.361,Hurdle_cond,T0-T1,NPK,1,Lmax,2.4003251984703664
Centaurea_jacea,-2.628,0.361,Hurdle_cond,T0-T1,NPK,1,Lmean,1.372271579332501
Centaurea_jacea,-2.628,0.361,Hurdle_cond,T0-T1,NPK,1,R0,-3.4842742317189583
Centaurea_jacea,-2.628,0.361,Hurdle_cond,T0-T1,NPK,1,Reactivity,0.4168576413811439
Centaurea_jacea,-2.628,0.361,Hurdle_cond,T0-T1,NPK,1,T_generation,2.978872381362829
Centaurea_jacea,-2.628,0.361,Hurdle_cond,T0-T1,NPK,1,age_repro,1.6363011514297372
Centaurea_jacea,-2.628,0.361,Hurdle_cond,T0-T1,NPK,1,percapita_repro,-1.7828083742933423
Cerastium_fontanum,-3.065,0.273,Hurdle_cond,T0-T1,NPK,1,FirstStepAtt,-2.696031853083466
Cerastium_fontanum,-3.065,0.273,Hurdle_cond,T0-T1,NPK,1,Lambda,NA
Cerastium_fontanum,-3.065,0.273,Hurdle_cond,T0-T1,NPK,1,Lmax,0
Cerastium_fontanum,-3.065,0.273,Hurdle_cond,T0-T1,NPK,1,Lmean,0
Cerastium_fontanum,-3.065,0.273,Hurdle_cond,T0-T1,NPK,1,R0,1.5184623246973081
Cerastium_fontanum,-3.065,0.273,Hurdle_cond,T0-T1,NPK,1,Reactivity,3.027270925563423
Cerastium_fontanum,-3.065,0.273,Hurdle_cond,T0-T1,NPK,1,T_generation,0.005048904923272251
Cerastium_fontanum,-3.065,0.273,Hurdle_cond,T0-T1,NPK,1,age_repro,0.8873031950009029
Cerastium_fontanum,-3.065,0.273,Hurdle_cond,T0-T1,NPK,1,percapita_repro,4.522657764413627
Cirsium_arvense,-2.331,0.269,Hurdle_cond,T0-T1,NPK,1,FirstStepAtt,-3.3290015249469986
Cirsium_arvense,-2.331,0.269,Hurdle_cond,T0-T1,NPK,1,Lambda,NA
Cirsium_arvense,-2.331,0.269,Hurdle_cond,T0-T1,NPK,1,Lmax,1.0986122886681098
Cirsium_arvense,-2.331,0.269,Hurdle_cond,T0-T1,NPK,1,Lmean,0.1699960817758222
Cirsium_arvense,-2.331,0.269,Hurdle_cond,T0-T1,NPK,1,R0,3.228914980534981
Cirsium_arvense,-2.331,0.269,Hurdle_cond,T0-T1,NPK,1,Reactivity,4.0664130997692896
Cirsium_arvense,-2.331,0.269,Hurdle_cond,T0-T1,NPK,1,T_generation,0.770361224737239
Cirsium_arvense,-2.331,0.269,Hurdle_cond,T0-T1,NPK,1,age_repro,1.162546762671639
Cirsium_arvense,-2.331,0.269,Hurdle_cond,T0-T1,NPK,1,percapita_repro,5.427985054670073
Cirsium_palustre,-2.874,0.582,Hurdle_cond,T0-T1,NPK,1,FirstStepAtt,-2.5937654771378242
Cirsium_palustre,-2.874,0.582,Hurdle_cond,T0-T1,NPK,1,Lambda,1.4428002172428838
Cirsium_palustre,-2.874,0.582,Hurdle_cond,T0-T1,NPK,1,Lmax,1.5273118956910914
Cirsium_palustre,-2.874,0.582,Hurdle_cond,T0-T1,NPK,1,Lmean,0.20135107219302092
Cirsium_palustre,-2.874,0.582,Hurdle_cond,T0-T1,NPK,1,R0,1.2807231364002394
Cirsium_palustre,-2.874,0.582,Hurdle_cond,T0-T1,NPK,1,Reactivity,4.898747288058176
Cirsium_palustre,-2.874,0.582,Hurdle_cond,T0-T1,NPK,1,T_generation,1.2255759905166657
Cirsium_palustre,-2.874,0.582,Hurdle_cond,T0-T1,NPK,1,age_repro,1.534647496889771
Cirsium_palustre,-2.874,0.582,Hurdle_cond,T0-T1,NPK,1,percapita_repro,4.957313127808717
Cirsium_vulgare,-2.85,0.529,Hurdle_cond,T0-T1,NPK,1,FirstStepAtt,-3.1910655226282234
Cirsium_vulgare,-2.85,0.529,Hurdle_cond,T0-T1,NPK,1,Lambda,0.7844344795818798
Cirsium_vulgare,-2.85,0.529,Hurdle_cond,T0-T1,NPK,1,Lmax,1.507973248367974
Cirsium_vulgare,-2.85,0.529,Hurdle_cond,T0-T1,NPK,1,Lmean,0.3479988332516422
Cirsium_vulgare,-2.85,0.529,Hurdle_cond,T0-T1,NPK,1,R0,-1.420279247517773
Cirsium_vulgare,-2.85,0.529,Hurdle_cond,T0-T1,NPK,1,Reactivity,2.641485998869525
Cirsium_vulgare,-2.85,0.529,Hurdle_cond,T0-T1,NPK,1,T_generation,1.4828783988333107
Cirsium_vulgare,-2.85,0.529,Hurdle_cond,T0-T1,NPK,1,age_repro,0.9323966804077027
Cirsium_vulgare,-2.85,0.529,Hurdle_cond,T0-T1,NPK,1,percapita_repro,1.89963041219607
Daucus_carota,-2.831,0.325,Hurdle_cond,T0-T1,NPK,1,FirstStepAtt,-4.040610337013186
Daucus_carota,-2.831,0.325,Hurdle_cond,T0-T1,NPK,1,Lambda,1.7161044748521754
Daucus_carota,-2.831,0.325,Hurdle_cond,T0-T1,NPK,1,Lmax,1.0986122886681098
Daucus_carota,-2.831,0.325,Hurdle_cond,T0-T1,NPK,1,Lmean,0.31834252276646996
Daucus_carota,-2.831,0.325,Hurdle_cond,T0-T1,NPK,1,R0,1.8196701629274532
Daucus_carota,-2.831,0.325,Hurdle_cond,T0-T1,NPK,1,Reactivity,NA
Daucus_carota,-2.831,0.325,Hurdle_cond,T0-T1,NPK,1,T_generation,1.189773196967312
Daucus_carota,-2.831,0.325,Hurdle_cond,T0-T1,NPK,1,age_repro,1.431272611901774
Daucus_carota,-2.831,0.325,Hurdle_cond,T0-T1,NPK,1,percapita_repro,NA
Echium_vulgare,-2.915,0.486,Hurdle_cond,T0-T1,NPK,1,FirstStepAtt,-1.4808281568478856
Echium_vulgare,-2.915,0.486,Hurdle_cond,T0-T1,NPK,1,Lambda,1.5475980030086196
Echium_vulgare,-2.915,0.486,Hurdle_cond,T0-T1,NPK,1,Lmax,1.3862943611198906
Echium_vulgare,-2.915,0.486,Hurdle_cond,T0-T1,NPK,1,Lmean,0.5010758488001461
Echium_vulgare,-2.915,0.486,Hurdle_cond,T0-T1,NPK,1,R0,1.6034012709220467
Echium_vulgare,-2.915,0.486,Hurdle_cond,T0-T1,NPK,1,Reactivity,3.2663741200499037
Echium_vulgare,-2.915,0.486,Hurdle_cond,T0-T1,NPK,1,T_generation,1.2871395045757101
Echium_vulgare,-2.915,0.486,Hurdle_cond,T0-T1,NPK,1,age_repro,1.3132909952863716
Echium_vulgare,-2.915,0.486,Hurdle_cond,T0-T1,NPK,1,percapita_repro,3.7030781735137492
Elymus_repens,-2.315,0.273,Hurdle_cond,T0-T1,NPK,1,FirstStepAtt,-19.608981934788076
Elymus_repens,-2.315,0.273,Hurdle_cond,T0-T1,NPK,1,Lambda,NA
Elymus_repens,-2.315,0.273,Hurdle_cond,T0-T1,NPK,1,Lmax,0.6931471805599453
Elymus_repens,-2.315,0.273,Hurdle_cond,T0-T1,NPK,1,Lmean,0.34830572665687204
Elymus_repens,-2.315,0.273,Hurdle_cond,T0-T1,NPK,1,R0,4.306802628082906
Elymus_repens,-2.315,0.273,Hurdle_cond,T0-T1,NPK,1,Reactivity,NA
Elymus_repens,-2.315,0.273,Hurdle_cond,T0-T1,NPK,1,T_generation,0.00771453240913415
Elymus_repens,-2.315,0.273,Hurdle_cond,T0-T1,NPK,1,age_repro,0
Elymus_repens,-2.315,0.273,Hurdle_cond,T0-T1,NPK,1,percapita_repro,-5.74205469871386
Erigeron_canadensis,-3.117,0.39,Hurdle_cond,T0-T1,NPK,1,FirstStepAtt,-2.9940372183428647
Erigeron_canadensis,-3.117,0.39,Hurdle_cond,T0-T1,NPK,1,Lambda,NA
Erigeron_canadensis,-3.117,0.39,Hurdle_cond,T0-T1,NPK,1,Lmax,0
Erigeron_canadensis,-3.117,0.39,Hurdle_cond,T0-T1,NPK,1,Lmean,0
Erigeron_canadensis,-3.117,0.39,Hurdle_cond,T0-T1,NPK,1,R0,2.750423016465953
Erigeron_canadensis,-3.117,0.39,Hurdle_cond,T0-T1,NPK,1,Reactivity,3.7256901124743216
Erigeron_canadensis,-3.117,0.39,Hurdle_cond,T0-T1,NPK,1,T_generation,0.1300250884192771
Erigeron_canadensis,-3.117,0.39,Hurdle_cond,T0-T1,NPK,1,age_repro,0.9159908368351705
Erigeron_canadensis,-3.117,0.39,Hurdle_cond,T0-T1,NPK,1,percapita_repro,5.684089841310465
Knautia_arvensis,-2.091,0.446,Hurdle_cond,T0-T1,NPK,1,FirstStepAtt,-2.9563737542749036
Knautia_arvensis,-2.091,0.446,Hurdle_cond,T0-T1,NPK,1,Lambda,0.30764990872892983
Knautia_arvensis,-2.091,0.446,Hurdle_cond,T0-T1,NPK,1,Lmax,0.6931471805599453
Knautia_arvensis,-2.091,0.446,Hurdle_cond,T0-T1,NPK,1,Lmean,0.022139719151234638
Knautia_arvensis,-2.091,0.446,Hurdle_cond,T0-T1,NPK,1,R0,-9.95071325619903
Knautia_arvensis,-2.091,0.446,Hurdle_cond,T0-T1,NPK,1,Reactivity,0.35097071858090523
Knautia_arvensis,-2.091,0.446,Hurdle_cond,T0-T1,NPK,1,T_generation,NA
Knautia_arvensis,-2.091,0.446,Hurdle_cond,T0-T1,NPK,1,age_repro,0.9322894183877876
Knautia_arvensis,-2.091,0.446,Hurdle_cond,T0-T1,NPK,1,percapita_repro,-4.367646677748796
Lactuca_serriola,-2.984,0.551,Hurdle_cond,T0-T1,NPK,1,FirstStepAtt,-2.5276283678174485
Lactuca_serriola,-2.984,0.551,Hurdle_cond,T0-T1,NPK,1,Lambda,NA
Lactuca_serriola,-2.984,0.551,Hurdle_cond,T0-T1,NPK,1,Lmax,0
Lactuca_serriola,-2.984,0.551,Hurdle_cond,T0-T1,NPK,1,Lmean,0
Lactuca_serriola,-2.984,0.551,Hurdle_cond,T0-T1,NPK,1,R0,2.961708269076509
Lactuca_serriola,-2.984,0.551,Hurdle_cond,T0-T1,NPK,1,Reactivity,5.096932718325193
Lactuca_serriola,-2.984,0.551,Hurdle_cond,T0-T1,NPK,1,T_generation,0.08738433516364566
Lactuca_serriola,-2.984,0.551,Hurdle_cond,T0-T1,NPK,1,age_repro,1.2839753424841123
Lactuca_serriola,-2.984,0.551,Hurdle_cond,T0-T1,NPK,1,percapita_repro,7.147653680580111
Linum_catharticum,-3.285,0.453,Hurdle_cond,T0-T1,NPK,1,FirstStepAtt,-3.1953085121694222
Linum_catharticum,-3.285,0.453,Hurdle_cond,T0-T1,NPK,1,Lambda,NA
Linum_catharticum,-3.285,0.453,Hurdle_cond,T0-T1,NPK,1,Lmax,2.0794415416798357
Linum_catharticum,-3.285,0.453,Hurdle_cond,T0-T1,NPK,1,Lmean,0.7715798705141755
Linum_catharticum,-3.285,0.453,Hurdle_cond,T0-T1,NPK,1,R0,1.7942778474769046
Linum_catharticum,-3.285,0.453,Hurdle_cond,T0-T1,NPK,1,Reactivity,3.8165083573910685
Linum_catharticum,-3.285,0.453,Hurdle_cond,T0-T1,NPK,1,T_generation,0.3007917133047998
Linum_catharticum,-3.285,0.453,Hurdle_cond,T0-T1,NPK,1,age_repro,0.7034715243015948
Linum_catharticum,-3.285,0.453,Hurdle_cond,T0-T1,NPK,1,percapita_repro,3.0328521355315146
Picris_hieracioides,-2.216,0.318,Hurdle_cond,T0-T1,NPK,1,FirstStepAtt,-4.012603074068455
Picris_hieracioides,-2.216,0.318,Hurdle_cond,T0-T1,NPK,1,Lambda,0.8846497432296888
Picris_hieracioides,-2.216,0.318,Hurdle_cond,T0-T1,NPK,1,Lmax,0.6931471805599453
Picris_hieracioides,-2.216,0.318,Hurdle_cond,T0-T1,NPK,1,Lmean,0.025497751793431413
Picris_hieracioides,-2.216,0.318,Hurdle_cond,T0-T1,NPK,1,R0,-0.5012341883972119
Picris_hieracioides,-2.216,0.318,Hurdle_cond,T0-T1,NPK,1,Reactivity,5.739334580340472
Picris_hieracioides,-2.216,0.318,Hurdle_cond,T0-T1,NPK,1,T_generation,1.4151934417967609
Picris_hieracioides,-2.216,0.318,Hurdle_cond,T0-T1,NPK,1,age_repro,1.5430234695350933
Picris_hieracioides,-2.216,0.318,Hurdle_cond,T0-T1,NPK,1,percapita_repro,5.616771097666572
Pimpinella_saxifraga,-2.399,0.465,Hurdle_cond,T0-T1,NPK,1,FirstStepAtt,-0.5923077657542145
Pimpinella_saxifraga,-2.399,0.465,Hurdle_cond,T0-T1,NPK,1,Lambda,0.9547406316474246
Pimpinella_saxifraga,-2.399,0.465,Hurdle_cond,T0-T1,NPK,1,Lmax,3.2778313935718644
Pimpinella_saxifraga,-2.399,0.465,Hurdle_cond,T0-T1,NPK,1,Lmean,1.3985454207581607
Pimpinella_saxifraga,-2.399,0.465,Hurdle_cond,T0-T1,NPK,1,R0,-0.7090626241047243
Pimpinella_saxifraga,-2.399,0.465,Hurdle_cond,T0-T1,NPK,1,Reactivity,0.9233752615973373
Pimpinella_saxifraga,-2.399,0.465,Hurdle_cond,T0-T1,NPK,1,T_generation,2.775613869924522
Pimpinella_saxifraga,-2.399,0.465,Hurdle_cond,T0-T1,NPK,1,age_repro,1.7819632124517442
Pimpinella_saxifraga,-2.399,0.465,Hurdle_cond,T0-T1,NPK,1,percapita_repro,-0.16356267781330006
Plantago_coronopus,-2.409,0.393,Hurdle_cond,T0-T1,NPK,1,FirstStepAtt,-1.0607821044920802
Plantago_coronopus,-2.409,0.393,Hurdle_cond,T0-T1,NPK,1,Lambda,0.8883340096307588
Plantago_coronopus,-2.409,0.393,Hurdle_cond,T0-T1,NPK,1,Lmax,1.907994489728227
Plantago_coronopus,-2.409,0.393,Hurdle_cond,T0-T1,NPK,1,Lmean,0.5836315540514999
Plantago_coronopus,-2.409,0.393,Hurdle_cond,T0-T1,NPK,1,R0,-0.7679497099488539
Plantago_coronopus,-2.409,0.393,Hurdle_cond,T0-T1,NPK,1,Reactivity,1.2700917455756846
Plantago_coronopus,-2.409,0.393,Hurdle_cond,T0-T1,NPK,1,T_generation,1.4792349913940708
Plantago_coronopus,-2.409,0.393,Hurdle_cond,T0-T1,NPK,1,age_repro,0.7227032675127357
Plantago_coronopus,-2.409,0.393,Hurdle_cond,T0-T1,NPK,1,percapita_repro,-0.1607889960080645
Plantago_media,-2.736,0.434,Hurdle_cond,T0-T1,NPK,1,FirstStepAtt,-2.5216721506920545
Plantago_media,-2.736,0.434,Hurdle_cond,T0-T1,NPK,1,Lambda,0.9166479924897526
Plantago_media,-2.736,0.434,Hurdle_cond,T0-T1,NPK,1,Lmax,1.7178918965462198
Plantago_media,-2.736,0.434,Hurdle_cond,T0-T1,NPK,1,Lmean,0.24009345509101096
Plantago_media,-2.736,0.434,Hurdle_cond,T0-T1,NPK,1,R0,-3.703632943874186
Plantago_media,-2.736,0.434,Hurdle_cond,T0-T1,NPK,1,Reactivity,0.9115891884505661
Plantago_media,-2.736,0.434,Hurdle_cond,T0-T1,NPK,1,T_generation,3.283074054166277
Plantago_media,-2.736,0.434,Hurdle_cond,T0-T1,NPK,1,age_repro,2.050568331584061
Plantago_media,-2.736,0.434,Hurdle_cond,T0-T1,NPK,1,percapita_repro,0.21247852101489456
Potentilla_recta,-2.745,0.431,Hurdle_cond,T0-T1,NPK,1,FirstStepAtt,-1.207246625178343
Potentilla_recta,-2.745,0.431,Hurdle_cond,T0-T1,NPK,1,Lambda,1.3233051390988662
Potentilla_recta,-2.745,0.431,Hurdle_cond,T0-T1,NPK,1,Lmax,2.8995463272302633
Potentilla_recta,-2.745,0.431,Hurdle_cond,T0-T1,NPK,1,Lmean,1.114174982541197
Potentilla_recta,-2.745,0.431,Hurdle_cond,T0-T1,NPK,1,R0,-Inf
Potentilla_recta,-2.745,0.431,Hurdle_cond,T0-T1,NPK,1,Reactivity,2.3355670141886495
Potentilla_recta,-2.745,0.431,Hurdle_cond,T0-T1,NPK,1,T_generation,1.12856647634655
Potentilla_recta,-2.745,0.431,Hurdle_cond,T0-T1,NPK,1,age_repro,1.470241457035962
Potentilla_recta,-2.745,0.431,Hurdle_cond,T0-T1,NPK,1,percapita_repro,5.184136566294191
Primula_elatior,-2.786,0.711,Hurdle_cond,T0-T1,NPK,1,FirstStepAtt,-2.5752591198739894
Primula_elatior,-2.786,0.711,Hurdle_cond,T0-T1,NPK,1,Lambda,1.0243599289476764
Primula_elatior,-2.786,0.711,Hurdle_cond,T0-T1,NPK,1,Lmax,3.078214221499716
Primula_elatior,-2.786,0.711,Hurdle_cond,T0-T1,NPK,1,Lmean,0.934868660605433
Primula_elatior,-2.786,0.711,Hurdle_cond,T0-T1,NPK,1,R0,-0.19834378876572734
Primula_elatior,-2.786,0.711,Hurdle_cond,T0-T1,NPK,1,Reactivity,1.2375774274497275
Primula_elatior,-2.786,0.711,Hurdle_cond,T0-T1,NPK,1,T_generation,2.7743429427827526
Primula_elatior,-2.786,0.711,Hurdle_cond,T0-T1,NPK,1,age_repro,1.5965918444925693
Primula_elatior,-2.786,0.711,Hurdle_cond,T0-T1,NPK,1,percapita_repro,0.6906312588074859
Primula_veris,-2.921,0.529,Hurdle_cond,T0-T1,NPK,1,FirstStepAtt,-3.0996415326914413
Primula_veris,-2.921,0.529,Hurdle_cond,T0-T1,NPK,1,Lambda,0.9177166512186883
Primula_veris,-2.921,0.529,Hurdle_cond,T0-T1,NPK,1,Lmax,1.777554626801171
Primula_veris,-2.921,0.529,Hurdle_cond,T0-T1,NPK,1,Lmean,0.3457340899605148
Primula_veris,-2.921,0.529,Hurdle_cond,T0-T1,NPK,1,R0,-3.5312053848310136
Primula_veris,-2.921,0.529,Hurdle_cond,T0-T1,NPK,1,Reactivity,1.8406103144604358
Primula_veris,-2.921,0.529,Hurdle_cond,T0-T1,NPK,1,T_generation,3.2661511301743356
Primula_veris,-2.921,0.529,Hurdle_cond,T0-T1,NPK,1,age_repro,2.1007008996065113
Primula_veris,-2.921,0.529,Hurdle_cond,T0-T1,NPK,1,percapita_repro,1.3057574210790406
Ranunculus_acris,-2.841,0.274,Hurdle_cond,T0-T1,NPK,1,FirstStepAtt,-2.223673155588096
Ranunculus_acris,-2.841,0.274,Hurdle_cond,T0-T1,NPK,1,Lambda,1.1474253581153837
Ranunculus_acris,-2.841,0.274,Hurdle_cond,T0-T1,NPK,1,Lmax,1.791759469228055
Ranunculus_acris,-2.841,0.274,Hurdle_cond,T0-T1,NPK,1,Lmean,0.2694368352850544
Ranunculus_acris,-2.841,0.274,Hurdle_cond,T0-T1,NPK,1,R0,0.4291243489821683
Ranunculus_acris,-2.841,0.274,Hurdle_cond,T0-T1,NPK,1,Reactivity,1.8978523971700296
Ranunculus_acris,-2.841,0.274,Hurdle_cond,T0-T1,NPK,1,T_generation,1.3335494740785472
Ranunculus_acris,-2.841,0.274,Hurdle_cond,T0-T1,NPK,1,age_repro,1.1167312512505851
Ranunculus_acris,-2.841,0.274,Hurdle_cond,T0-T1,NPK,1,percapita_repro,1.9401794743463283
Salsola_kali,-2.926,0.504,Hurdle_cond,T0-T1,NPK,1,FirstStepAtt,-7.237614553412407
Salsola_kali,-2.926,0.504,Hurdle_cond,T0-T1,NPK,1,Lambda,0.5896874965204653
Salsola_kali,-2.926,0.504,Hurdle_cond,T0-T1,NPK,1,Lmax,1.0986122886681098
Salsola_kali,-2.926,0.504,Hurdle_cond,T0-T1,NPK,1,Lmean,0.6329527878317025
Salsola_kali,-2.926,0.504,Hurdle_cond,T0-T1,NPK,1,R0,-3.1690448866467187
Salsola_kali,-2.926,0.504,Hurdle_cond,T0-T1,NPK,1,Reactivity,NA
Salsola_kali,-2.926,0.504,Hurdle_cond,T0-T1,NPK,1,T_generation,1.7917877371801425
Salsola_kali,-2.926,0.504,Hurdle_cond,T0-T1,NPK,1,age_repro,1.7917761374226397
Salsola_kali,-2.926,0.504,Hurdle_cond,T0-T1,NPK,1,percapita_repro,NA
Sphaeralcea_coccinea,-3.043,0.472,Hurdle_cond,T0-T1,NPK,1,FirstStepAtt,-0.021668930362796438
Sphaeralcea_coccinea,-3.043,0.472,Hurdle_cond,T0-T1,NPK,1,Lambda,0.9140916052986946
Sphaeralcea_coccinea,-3.043,0.472,Hurdle_cond,T0-T1,NPK,1,Lmax,1.1291966833851346
Sphaeralcea_coccinea,-3.043,0.472,Hurdle_cond,T0-T1,NPK,1,Lmean,0.18479959171993668
Sphaeralcea_coccinea,-3.043,0.472,Hurdle_cond,T0-T1,NPK,1,R0,-0.1631566065473073
Sphaeralcea_coccinea,-3.043,0.472,Hurdle_cond,T0-T1,NPK,1,Reactivity,0.06479482429602482
Sphaeralcea_coccinea,-3.043,0.472,Hurdle_cond,T0-T1,NPK,1,T_generation,0.2422469272637918
Sphaeralcea_coccinea,-3.043,0.472,Hurdle_cond,T0-T1,NPK,1,age_repro,0
Sphaeralcea_coccinea,-3.043,0.472,Hurdle_cond,T0-T1,NPK,1,percapita_repro,-0.347956198267244
Stenaria_nigricans,-2.062,0.416,Hurdle_cond,T0-T1,NPK,1,FirstStepAtt,-0.001506241946231945
Stenaria_nigricans,-2.062,0.416,Hurdle_cond,T0-T1,NPK,1,Lambda,0.9901413361648121
Stenaria_nigricans,-2.062,0.416,Hurdle_cond,T0-T1,NPK,1,Lmax,0.8841014310483891
Stenaria_nigricans,-2.062,0.416,Hurdle_cond,T0-T1,NPK,1,Lmean,0.1061701762787086
Stenaria_nigricans,-2.062,0.416,Hurdle_cond,T0-T1,NPK,1,R0,0.21085254589803137
Stenaria_nigricans,-2.062,0.416,Hurdle_cond,T0-T1,NPK,1,Reactivity,0.009202684809058356
Stenaria_nigricans,-2.062,0.416,Hurdle_cond,T0-T1,NPK,1,T_generation,0.10216634557653176
Stenaria_nigricans,-2.062,0.416,Hurdle_cond,T0-T1,NPK,1,age_repro,0
Stenaria_nigricans,-2.062,0.416,Hurdle_cond,T0-T1,NPK,1,percapita_repro,0.10468236961932272
Taraxacum_campylodes,-3.114,0.46,Hurdle_cond,T0-T1,NPK,1,FirstStepAtt,-2.3531148413315983
Taraxacum_campylodes,-3.114,0.46,Hurdle_cond,T0-T1,NPK,1,Lambda,0.08041791145870329
Taraxacum_campylodes,-3.114,0.46,Hurdle_cond,T0-T1,NPK,1,Lmax,0.5493061443340549
Taraxacum_campylodes,-3.114,0.46,Hurdle_cond,T0-T1,NPK,1,Lmean,0.06773896227809098
Taraxacum_campylodes,-3.114,0.46,Hurdle_cond,T0-T1,NPK,1,R0,-Inf
Taraxacum_campylodes,-3.114,0.46,Hurdle_cond,T0-T1,NPK,1,Reactivity,2.4046693226371185
Taraxacum_campylodes,-3.114,0.46,Hurdle_cond,T0-T1,NPK,1,T_generation,NA
Taraxacum_campylodes,-3.114,0.46,Hurdle_cond,T0-T1,NPK,1,age_repro,0
Taraxacum_campylodes,-3.114,0.46,Hurdle_cond,T0-T1,NPK,1,percapita_repro,-11.213549524439351
Thymus_vulgaris,-2.507,0.544,Hurdle_cond,T0-T1,NPK,1,FirstStepAtt,-0.005866973847378982
Thymus_vulgaris,-2.507,0.544,Hurdle_cond,T0-T1,NPK,1,Lambda,0.9926751959162854
Thymus_vulgaris,-2.507,0.544,Hurdle_cond,T0-T1,NPK,1,Lmax,5.964961904446033
Thymus_vulgaris,-2.507,0.544,Hurdle_cond,T0-T1,NPK,1,Lmean,4.459892288650257
Thymus_vulgaris,-2.507,0.544,Hurdle_cond,T0-T1,NPK,1,R0,-1.07189733945768
Thymus_vulgaris,-2.507,0.544,Hurdle_cond,T0-T1,NPK,1,Reactivity,0.010349758754626258
Thymus_vulgaris,-2.507,0.544,Hurdle_cond,T0-T1,NPK,1,T_generation,NA
Thymus_vulgaris,-2.507,0.544,Hurdle_cond,T0-T1,NPK,1,age_repro,NA
Thymus_vulgaris,-2.507,0.544,Hurdle_cond,T0-T1,NPK,1,percapita_repro,-5.143380039347928
Verbascum_thapsus,-2.29,0.452,Hurdle_cond,T0-T1,NPK,1,FirstStepAtt,-4.012613096092431
Verbascum_thapsus,-2.29,0.452,Hurdle_cond,T0-T1,NPK,1,Lambda,NA
Verbascum_thapsus,-2.29,0.452,Hurdle_cond,T0-T1,NPK,1,Lmax,0.6931471805599453
Verbascum_thapsus,-2.29,0.452,Hurdle_cond,T0-T1,NPK,1,Lmean,0.05129369438747054
Verbascum_thapsus,-2.29,0.452,Hurdle_cond,T0-T1,NPK,1,R0,3.381715911075376
Verbascum_thapsus,-2.29,0.452,Hurdle_cond,T0-T1,NPK,1,Reactivity,NA
Verbascum_thapsus,-2.29,0.452,Hurdle_cond,T0-T1,NPK,1,T_generation,0.7764348966557838
Verbascum_thapsus,-2.29,0.452,Hurdle_cond,T0-T1,NPK,1,age_repro,2.5523449856956373
Verbascum_thapsus,-2.29,0.452,Hurdle_cond,T0-T1,NPK,1,percapita_repro,NA
Veronica_arvensis,-3.253,0.33,Hurdle_cond,T0-T1,NPK,1,FirstStepAtt,-1.3609972168245543
Veronica_arvensis,-3.253,0.33,Hurdle_cond,T0-T1,NPK,1,Lambda,1.0575348190993947
Veronica_arvensis,-3.253,0.33,Hurdle_cond,T0-T1,NPK,1,Lmax,0.12924850454918937
Veronica_arvensis,-3.253,0.33,Hurdle_cond,T0-T1,NPK,1,Lmean,0.05244694819316372
Veronica_arvensis,-3.253,0.33,Hurdle_cond,T0-T1,NPK,1,R0,-0.014999404757933849
Veronica_arvensis,-3.253,0.33,Hurdle_cond,T0-T1,NPK,1,Reactivity,1.7913324339405632
Veronica_arvensis,-3.253,0.33,Hurdle_cond,T0-T1,NPK,1,T_generation,0.41785049626112153
Veronica_arvensis,-3.253,0.33,Hurdle_cond,T0-T1,NPK,1,age_repro,0.8907769885320955
Veronica_arvensis,-3.253,0.33,Hurdle_cond,T0-T1,NPK,1,percapita_repro,1.8152156216155975
Agrimonia_eupatoria,-1.873,0.395,Hurdle_zi,T0-T1,NPK,1,FirstStepAtt,-0.40426778811109665
Agrimonia_eupatoria,-1.873,0.395,Hurdle_zi,T0-T1,NPK,1,Lambda,0.99064442494128635
Agrimonia_eupatoria,-1.873,0.395,Hurdle_zi,T0-T1,NPK,1,Lmax,4.5330412476880015
Agrimonia_eupatoria,-1.873,0.395,Hurdle_zi,T0-T1,NPK,1,Lmean,2.276623485281897
Agrimonia_eupatoria,-1.873,0.395,Hurdle_zi,T0-T1,NPK,1,R0,-0.38127020833005776
Agrimonia_eupatoria,-1.873,0.395,Hurdle_zi,T0-T1,NPK,1,Reactivity,0.19207496843703886
Agrimonia_eupatoria,-1.873,0.395,Hurdle_zi,T0-T1,NPK,1,T_generation,3.6207086258222283
Agrimonia_eupatoria,-1.873,0.395,Hurdle_zi,T0-T1,NPK,1,age_repro,2.087394345070076
Agrimonia_eupatoria,-1.873,0.395,Hurdle_zi,T0-T1,NPK,1,percapita_repro,-1.5661843426366495
Allium_vineale,-2.143,0.535,Hurdle_zi,T0-T1,NPK,1,FirstStepAtt,-2.036030904211625
Allium_vineale,-2.143,0.535,Hurdle_zi,T0-T1,NPK,1,Lambda,1.170906773884173
Allium_vineale,-2.143,0.535,Hurdle_zi,T0-T1,NPK,1,Lmax,1.0986122886681098
Allium_vineale,-2.143,0.535,Hurdle_zi,T0-T1,NPK,1,Lmean,0.16647352389668973
Allium_vineale,-2.143,0.535,Hurdle_zi,T0-T1,NPK,1,R0,0.3408368280021561
Allium_vineale,-2.143,0.535,Hurdle_zi,T0-T1,NPK,1,Reactivity,2.1940830508207325
Allium_vineale,-2.143,0.535,Hurdle_zi,T0-T1,NPK,1,T_generation,0.7635325690826141
Allium_vineale,-2.143,0.535,Hurdle_zi,T0-T1,NPK,1,age_repro,1.2000990079409088
Allium_vineale,-2.143,0.535,Hurdle_zi,T0-T1,NPK,1,percapita_repro,2.3368650630604555
Andropogon_gerardii,-0.584,0.392,Hurdle_zi,T0-T1,NPK,1,FirstStepAtt,-1.1908608264270113
Andropogon_gerardii,-0.584,0.392,Hurdle_zi,T0-T1,NPK,1,Lambda,1.5058732521698401
Andropogon_gerardii,-0.584,0.392,Hurdle_zi,T0-T1,NPK,1,Lmax,1.764891121214301
Andropogon_gerardii,-0.584,0.392,Hurdle_zi,T0-T1,NPK,1,Lmean,0.6723210807858808
Andropogon_gerardii,-0.584,0.392,Hurdle_zi,T0-T1,NPK,1,R0,0.8354773555720532
Andropogon_gerardii,-0.584,0.392,Hurdle_zi,T0-T1,NPK,1,Reactivity,1.7926841280473302
Andropogon_gerardii,-0.584,0.392,Hurdle_zi,T0-T1,NPK,1,T_generation,0.7395193223181743
Andropogon_gerardii,-0.584,0.392,Hurdle_zi,T0-T1,NPK,1,age_repro,0.7862530575220442
Andropogon_gerardii,-0.584,0.392,Hurdle_zi,T0-T1,NPK,1,percapita_repro,2.0924307697315556
Arenaria_serpyllifolia,-2.048,0.442,Hurdle_zi,T0-T1,NPK,1,FirstStepAtt,-2.2176497264357233
Arenaria_serpyllifolia,-2.048,0.442,Hurdle_zi,T0-T1,NPK,1,Lambda,0.860684361881849
Arenaria_serpyllifolia,-2.048,0.442,Hurdle_zi,T0-T1,NPK,1,Lmax,0
Arenaria_serpyllifolia,-2.048,0.442,Hurdle_zi,T0-T1,NPK,1,Lmean,0
Arenaria_serpyllifolia,-2.048,0.442,Hurdle_zi,T0-T1,NPK,1,R0,0.13128547046852534
Arenaria_serpyllifolia,-2.048,0.442,Hurdle_zi,T0-T1,NPK,1,Reactivity,2.5929750386335604
Arenaria_serpyllifolia,-2.048,0.442,Hurdle_zi,T0-T1,NPK,1,T_generation,0.1698858306660028
Arenaria_serpyllifolia,-2.048,0.442,Hurdle_zi,T0-T1,NPK,1,age_repro,0.8303384136066279
Arenaria_serpyllifolia,-2.048,0.442,Hurdle_zi,T0-T1,NPK,1,percapita_repro,2.639396025140823
Armeria_maritima,-2.132,0.481,Hurdle_zi,T0-T1,NPK,1,FirstStepAtt,-2.2414258727445264
Armeria_maritima,-2.132,0.481,Hurdle_zi,T0-T1,NPK,1,Lambda,1.4580438530642406
Armeria_maritima,-2.132,0.481,Hurdle_zi,T0-T1,NPK,1,Lmax,2.995732273553991
Armeria_maritima,-2.132,0.481,Hurdle_zi,T0-T1,NPK,1,Lmean,0.6122577291406874
Armeria_maritima,-2.132,0.481,Hurdle_zi,T0-T1,NPK,1,R0,4.4450836460525265
Armeria_maritima,-2.132,0.481,Hurdle_zi,T0-T1,NPK,1,Reactivity,5.495776723555246
Armeria_maritima,-2.132,0.481,Hurdle_zi,T0-T1,NPK,1,T_generation,2.0996042559618977
Armeria_maritima,-2.132,0.481,Hurdle_zi,T0-T1,NPK,1,age_repro,1.525500516347215
Armeria_maritima,-2.132,0.481,Hurdle_zi,T0-T1,NPK,1,percapita_repro,3.6172820201716607
Centaurea_jacea,-1.71,0.368,Hurdle_zi,T0-T1,NPK,1,FirstStepAtt,-0.6368104471974831
Centaurea_jacea,-1.71,0.368,Hurdle_zi,T0-T1,NPK,1,Lambda,0.9157150879324937
Centaurea_jacea,-1.71,0.368,Hurdle_zi,T0-T1,NPK,1,Lmax,2.4003251984703664
Centaurea_jacea,-1.71,0.368,Hurdle_zi,T0-T1,NPK,1,Lmean,1.372271579332501
Centaurea_jacea,-1.71,0.368,Hurdle_zi,T0-T1,NPK,1,R0,-3.4842742317189583
Centaurea_jacea,-1.71,0.368,Hurdle_zi,T0-T1,NPK,1,Reactivity,0.4168576413811439
Centaurea_jacea,-1.71,0.368,Hurdle_zi,T0-T1,NPK,1,T_generation,2.978872381362829
Centaurea_jacea,-1.71,0.368,Hurdle_zi,T0-T1,NPK,1,age_repro,1.6363011514297372
Centaurea_jacea,-1.71,0.368,Hurdle_zi,T0-T1,NPK,1,percapita_repro,-1.7828083742933423
Cerastium_fontanum,-2.147,0.282,Hurdle_zi,T0-T1,NPK,1,FirstStepAtt,-2.696031853083466
Cerastium_fontanum,-2.147,0.282,Hurdle_zi,T0-T1,NPK,1,Lambda,NA
Cerastium_fontanum,-2.147,0.282,Hurdle_zi,T0-T1,NPK,1,Lmax,0
Cerastium_fontanum,-2.147,0.282,Hurdle_zi,T0-T1,NPK,1,Lmean,0
Cerastium_fontanum,-2.147,0.282,Hurdle_zi,T0-T1,NPK,1,R0,1.5184623246973081
Cerastium_fontanum,-2.147,0.282,Hurdle_zi,T0-T1,NPK,1,Reactivity,3.027270925563423
Cerastium_fontanum,-2.147,0.282,Hurdle_zi,T0-T1,NPK,1,T_generation,0.005048904923272251
Cerastium_fontanum,-2.147,0.282,Hurdle_zi,T0-T1,NPK,1,age_repro,0.8873031950009029
Cerastium_fontanum,-2.147,0.282,Hurdle_zi,T0-T1,NPK,1,percapita_repro,4.522657764413627
Cirsium_arvense,-1.413,0.278,Hurdle_zi,T0-T1,NPK,1,FirstStepAtt,-3.3290015249469986
Cirsium_arvense,-1.413,0.278,Hurdle_zi,T0-T1,NPK,1,Lambda,NA
Cirsium_arvense,-1.413,0.278,Hurdle_zi,T0-T1,NPK,1,Lmax,1.0986122886681098
Cirsium_arvense,-1.413,0.278,Hurdle_zi,T0-T1,NPK,1,Lmean,0.1699960817758222
Cirsium_arvense,-1.413,0.278,Hurdle_zi,T0-T1,NPK,1,R0,3.228914980534981
Cirsium_arvense,-1.413,0.278,Hurdle_zi,T0-T1,NPK,1,Reactivity,4.0664130997692896
Cirsium_arvense,-1.413,0.278,Hurdle_zi,T0-T1,NPK,1,T_generation,0.770361224737239
Cirsium_arvense,-1.413,0.278,Hurdle_zi,T0-T1,NPK,1,age_repro,1.162546762671639
Cirsium_arvense,-1.413,0.278,Hurdle_zi,T0-T1,NPK,1,percapita_repro,5.427985054670073
Cirsium_palustre,-1.956,0.586,Hurdle_zi,T0-T1,NPK,1,FirstStepAtt,-2.5937654771378242
Cirsium_palustre,-1.956,0.586,Hurdle_zi,T0-T1,NPK,1,Lambda,1.4428002172428838
Cirsium_palustre,-1.956,0.586,Hurdle_zi,T0-T1,NPK,1,Lmax,1.5273118956910914
Cirsium_palustre,-1.956,0.586,Hurdle_zi,T0-T1,NPK,1,Lmean,0.20135107219302092
Cirsium_palustre,-1.956,0.586,Hurdle_zi,T0-T1,NPK,1,R0,1.2807231364002394
Cirsium_palustre,-1.956,0.586,Hurdle_zi,T0-T1,NPK,1,Reactivity,4.898747288058176
Cirsium_palustre,-1.956,0.586,Hurdle_zi,T0-T1,NPK,1,T_generation,1.2255759905166657
Cirsium_palustre,-1.956,0.586,Hurdle_zi,T0-T1,NPK,1,age_repro,1.534647496889771
Cirsium_palustre,-1.956,0.586,Hurdle_zi,T0-T1,NPK,1,percapita_repro,4.957313127808717
Cirsium_vulgare,-1.932,0.534,Hurdle_zi,T0-T1,NPK,1,FirstStepAtt,-3.1910655226282234
Cirsium_vulgare,-1.932,0.534,Hurdle_zi,T0-T1,NPK,1,Lambda,0.7844344795818798
Cirsium_vulgare,-1.932,0.534,Hurdle_zi,T0-T1,NPK,1,Lmax,1.507973248367974
Cirsium_vulgare,-1.932,0.534,Hurdle_zi,T0-T1,NPK,1,Lmean,0.3479988332516422
Cirsium_vulgare,-1.932,0.534,Hurdle_zi,T0-T1,NPK,1,R0,-1.420279247517773
Cirsium_vulgare,-1.932,0.534,Hurdle_zi,T0-T1,NPK,1,Reactivity,2.641485998869525
Cirsium_vulgare,-1.932,0.534,Hurdle_zi,T0-T1,NPK,1,T_generation,1.4828783988333107
Cirsium_vulgare,-1.932,0.534,Hurdle_zi,T0-T1,NPK,1,age_repro,0.9323966804077027
Cirsium_vulgare,-1.932,0.534,Hurdle_zi,T0-T1,NPK,1,percapita_repro,1.89963041219607
Daucus_carota,-1.913,0.332,Hurdle_zi,T0-T1,NPK,1,FirstStepAtt,-4.040610337013186
Daucus_carota,-1.913,0.332,Hurdle_zi,T0-T1,NPK,1,Lambda,1.7161044748521754
Daucus_carota,-1.913,0.332,Hurdle_zi,T0-T1,NPK,1,Lmax,1.0986122886681098
Daucus_carota,-1.913,0.332,Hurdle_zi,T0-T1,NPK,1,Lmean,0.31834252276646996
Daucus_carota,-1.913,0.332,Hurdle_zi,T0-T1,NPK,1,R0,1.8196701629274532
Daucus_carota,-1.913,0.332,Hurdle_zi,T0-T1,NPK,1,Reactivity,NA
Daucus_carota,-1.913,0.332,Hurdle_zi,T0-T1,NPK,1,T_generation,1.189773196967312
Daucus_carota,-1.913,0.332,Hurdle_zi,T0-T1,NPK,1,age_repro,1.431272611901774
Daucus_carota,-1.913,0.332,Hurdle_zi,T0-T1,NPK,1,percapita_repro,NA
Echium_vulgare,-1.997,0.491,Hurdle_zi,T0-T1,NPK,1,FirstStepAtt,-1.4808281568478856
Echium_vulgare,-1.997,0.491,Hurdle_zi,T0-T1,NPK,1,Lambda,1.5475980030086196
Echium_vulgare,-1.997,0.491,Hurdle_zi,T0-T1,NPK,1,Lmax,1.3862943611198906
Echium_vulgare,-1.997,0.491,Hurdle_zi,T0-T1,NPK,1,Lmean,0.5010758488001461
Echium_vulgare,-1.997,0.491,Hurdle_zi,T0-T1,NPK,1,R0,1.6034012709220467
Echium_vulgare,-1.997,0.491,Hurdle_zi,T0-T1,NPK,1,Reactivity,3.2663741200499037
Echium_vulgare,-1.997,0.491,Hurdle_zi,T0-T1,NPK,1,T_generation,1.2871395045757101
Echium_vulgare,-1.997,0.491,Hurdle_zi,T0-T1,NPK,1,age_repro,1.3132909952863716
Echium_vulgare,-1.997,0.491,Hurdle_zi,T0-T1,NPK,1,percapita_repro,3.7030781735137492
Elymus_repens,-1.397,0.282,Hurdle_zi,T0-T1,NPK,1,FirstStepAtt,-19.608981934788076
Elymus_repens,-1.397,0.282,Hurdle_zi,T0-T1,NPK,1,Lambda,NA
Elymus_repens,-1.397,0.282,Hurdle_zi,T0-T1,NPK,1,Lmax,0.6931471805599453
Elymus_repens,-1.397,0.282,Hurdle_zi,T0-T1,NPK,1,Lmean,0.34830572665687204
Elymus_repens,-1.397,0.282,Hurdle_zi,T0-T1,NPK,1,R0,4.306802628082906
Elymus_repens,-1.397,0.282,Hurdle_zi,T0-T1,NPK,1,Reactivity,NA
Elymus_repens,-1.397,0.282,Hurdle_zi,T0-T1,NPK,1,T_generation,0.00771453240913415
Elymus_repens,-1.397,0.282,Hurdle_zi,T0-T1,NPK,1,age_repro,0
Elymus_repens,-1.397,0.282,Hurdle_zi,T0-T1,NPK,1,percapita_repro,-5.74205469871386
Erigeron_canadensis,-2.199,0.397,Hurdle_zi,T0-T1,NPK,1,FirstStepAtt,-2.9940372183428647
Erigeron_canadensis,-2.199,0.397,Hurdle_zi,T0-T1,NPK,1,Lambda,NA
Erigeron_canadensis,-2.199,0.397,Hurdle_zi,T0-T1,NPK,1,Lmax,0
Erigeron_canadensis,-2.199,0.397,Hurdle_zi,T0-T1,NPK,1,Lmean,0
Erigeron_canadensis,-2.199,0.397,Hurdle_zi,T0-T1,NPK,1,R0,2.750423016465953
Erigeron_canadensis,-2.199,0.397,Hurdle_zi,T0-T1,NPK,1,Reactivity,3.7256901124743216
Erigeron_canadensis,-2.199,0.397,Hurdle_zi,T0-T1,NPK,1,T_generation,0.1300250884192771
Erigeron_canadensis,-2.199,0.397,Hurdle_zi,T0-T1,NPK,1,age_repro,0.9159908368351705
Erigeron_canadensis,-2.199,0.397,Hurdle_zi,T0-T1,NPK,1,percapita_repro,5.684089841310465
Knautia_arvensis,-1.173,0.451,Hurdle_zi,T0-T1,NPK,1,FirstStepAtt,-2.9563737542749036
Knautia_arvensis,-1.173,0.451,Hurdle_zi,T0-T1,NPK,1,Lambda,0.30764990872892983
Knautia_arvensis,-1.173,0.451,Hurdle_zi,T0-T1,NPK,1,Lmax,0.6931471805599453
Knautia_arvensis,-1.173,0.451,Hurdle_zi,T0-T1,NPK,1,Lmean,0.022139719151234638
Knautia_arvensis,-1.173,0.451,Hurdle_zi,T0-T1,NPK,1,R0,-9.95071325619903
Knautia_arvensis,-1.173,0.451,Hurdle_zi,T0-T1,NPK,1,Reactivity,0.35097071858090523
Knautia_arvensis,-1.173,0.451,Hurdle_zi,T0-T1,NPK,1,T_generation,NA
Knautia_arvensis,-1.173,0.451,Hurdle_zi,T0-T1,NPK,1,age_repro,0.9322894183877876
Knautia_arvensis,-1.173,0.451,Hurdle_zi,T0-T1,NPK,1,percapita_repro,-4.367646677748796
Lactuca_serriola,-2.066,0.555,Hurdle_zi,T0-T1,NPK,1,FirstStepAtt,-2.5276283678174485
Lactuca_serriola,-2.066,0.555,Hurdle_zi,T0-T1,NPK,1,Lambda,NA
Lactuca_serriola,-2.066,0.555,Hurdle_zi,T0-T1,NPK,1,Lmax,0
Lactuca_serriola,-2.066,0.555,Hurdle_zi,T0-T1,NPK,1,Lmean,0
Lactuca_serriola,-2.066,0.555,Hurdle_zi,T0-T1,NPK,1,R0,2.961708269076509
Lactuca_serriola,-2.066,0.555,Hurdle_zi,T0-T1,NPK,1,Reactivity,5.096932718325193
Lactuca_serriola,-2.066,0.555,Hurdle_zi,T0-T1,NPK,1,T_generation,0.08738433516364566
Lactuca_serriola,-2.066,0.555,Hurdle_zi,T0-T1,NPK,1,age_repro,1.2839753424841123
Lactuca_serriola,-2.066,0.555,Hurdle_zi,T0-T1,NPK,1,percapita_repro,7.147653680580111
Linum_catharticum,-2.367,0.458,Hurdle_zi,T0-T1,NPK,1,FirstStepAtt,-3.1953085121694222
Linum_catharticum,-2.367,0.458,Hurdle_zi,T0-T1,NPK,1,Lambda,NA
Linum_catharticum,-2.367,0.458,Hurdle_zi,T0-T1,NPK,1,Lmax,2.0794415416798357
Linum_catharticum,-2.367,0.458,Hurdle_zi,T0-T1,NPK,1,Lmean,0.7715798705141755
Linum_catharticum,-2.367,0.458,Hurdle_zi,T0-T1,NPK,1,R0,1.7942778474769046
Linum_catharticum,-2.367,0.458,Hurdle_zi,T0-T1,NPK,1,Reactivity,3.8165083573910685
Linum_catharticum,-2.367,0.458,Hurdle_zi,T0-T1,NPK,1,T_generation,0.3007917133047998
Linum_catharticum,-2.367,0.458,Hurdle_zi,T0-T1,NPK,1,age_repro,0.7034715243015948
Linum_catharticum,-2.367,0.458,Hurdle_zi,T0-T1,NPK,1,percapita_repro,3.0328521355315146
Picris_hieracioides,-1.298,0.326,Hurdle_zi,T0-T1,NPK,1,FirstStepAtt,-4.012603074068455
Picris_hieracioides,-1.298,0.326,Hurdle_zi,T0-T1,NPK,1,Lambda,0.8846497432296888
Picris_hieracioides,-1.298,0.326,Hurdle_zi,T0-T1,NPK,1,Lmax,0.6931471805599453
Picris_hieracioides,-1.298,0.326,Hurdle_zi,T0-T1,NPK,1,Lmean,0.025497751793431413
Picris_hieracioides,-1.298,0.326,Hurdle_zi,T0-T1,NPK,1,R0,-0.5012341883972119
Picris_hieracioides,-1.298,0.326,Hurdle_zi,T0-T1,NPK,1,Reactivity,5.739334580340472
Picris_hieracioides,-1.298,0.326,Hurdle_zi,T0-T1,NPK,1,T_generation,1.4151934417967609
Picris_hieracioides,-1.298,0.326,Hurdle_zi,T0-T1,NPK,1,age_repro,1.5430234695350933
Picris_hieracioides,-1.298,0.326,Hurdle_zi,T0-T1,NPK,1,percapita_repro,5.616771097666572
Pimpinella_saxifraga,-1.481,0.47,Hurdle_zi,T0-T1,NPK,1,FirstStepAtt,-0.5923077657542145
Pimpinella_saxifraga,-1.481,0.47,Hurdle_zi,T0-T1,NPK,1,Lambda,0.9547406316474246
Pimpinella_saxifraga,-1.481,0.47,Hurdle_zi,T0-T1,NPK,1,Lmax,3.2778313935718644
Pimpinella_saxifraga,-1.481,0.47,Hurdle_zi,T0-T1,NPK,1,Lmean,1.3985454207581607
Pimpinella_saxifraga,-1.481,0.47,Hurdle_zi,T0-T1,NPK,1,R0,-0.7090626241047243
Pimpinella_saxifraga,-1.481,0.47,Hurdle_zi,T0-T1,NPK,1,Reactivity,0.9233752615973373
Pimpinella_saxifraga,-1.481,0.47,Hurdle_zi,T0-T1,NPK,1,T_generation,2.775613869924522
Pimpinella_saxifraga,-1.481,0.47,Hurdle_zi,T0-T1,NPK,1,age_repro,1.7819632124517442
Pimpinella_saxifraga,-1.481,0.47,Hurdle_zi,T0-T1,NPK,1,percapita_repro,-0.16356267781330006
Plantago_coronopus,-1.491,0.399,Hurdle_zi,T0-T1,NPK,1,FirstStepAtt,-1.0607821044920802
Plantago_coronopus,-1.491,0.399,Hurdle_zi,T0-T1,NPK,1,Lambda,0.8883340096307588
Plantago_coronopus,-1.491,0.399,Hurdle_zi,T0-T1,NPK,1,Lmax,1.907994489728227
Plantago_coronopus,-1.491,0.399,Hurdle_zi,T0-T1,NPK,1,Lmean,0.5836315540514999
Plantago_coronopus,-1.491,0.399,Hurdle_zi,T0-T1,NPK,1,R0,-0.7679497099488539
Plantago_coronopus,-1.491,0.399,Hurdle_zi,T0-T1,NPK,1,Reactivity,1.2700917455756846
Plantago_coronopus,-1.491,0.399,Hurdle_zi,T0-T1,NPK,1,T_generation,1.4792349913940708
Plantago_coronopus,-1.491,0.399,Hurdle_zi,T0-T1,NPK,1,age_repro,0.7227032675127357
Plantago_coronopus,-1.491,0.399,Hurdle_zi,T0-T1,NPK,1,percapita_repro,-0.1607889960080645
Plantago_media,-1.818,0.44,Hurdle_zi,T0-T1,NPK,1,FirstStepAtt,-2.5216721506920545
Plantago_media,-1.818,0.44,Hurdle_zi,T0-T1,NPK,1,Lambda,0.9166479924897526
Plantago_media,-1.818,0.44,Hurdle_zi,T0-T1,NPK,1,Lmax,1.7178918965462198
Plantago_media,-1.818,0.44,Hurdle_zi,T0-T1,NPK,1,Lmean,0.24009345509101096
Plantago_media,-1.818,0.44,Hurdle_zi,T0-T1,NPK,1,R0,-3.703632943874186
Plantago_media,-1.818,0.44,Hurdle_zi,T0-T1,NPK,1,Reactivity,0.9115891884505661
Plantago_media,-1.818,0.44,Hurdle_zi,T0-T1,NPK,1,T_generation,3.283074054166277
Plantago_media,-1.818,0.44,Hurdle_zi,T0-T1,NPK,1,age_repro,2.050568331584061
Plantago_media,-1.818,0.44,Hurdle_zi,T0-T1,NPK,1,percapita_repro,0.21247852101489456
Potentilla_recta,-1.827,0.436,Hurdle_zi,T0-T1,NPK,1,FirstStepAtt,-1.207246625178343
Potentilla_recta,-1.827,0.436,Hurdle_zi,T0-T1,NPK,1,Lambda,1.3233051390988662
Potentilla_recta,-1.827,0.436,Hurdle_zi,T0-T1,NPK,1,Lmax,2.8995463272302633
Potentilla_recta,-1.827,0.436,Hurdle_zi,T0-T1,NPK,1,Lmean,1.114174982541197
Potentilla_recta,-1.827,0.436,Hurdle_zi,T0-T1,NPK,1,R0,-Inf
Potentilla_recta,-1.827,0.436,Hurdle_zi,T0-T1,NPK,1,Reactivity,2.3355670141886495
Potentilla_recta,-1.827,0.436,Hurdle_zi,T0-T1,NPK,1,T_generation,1.12856647634655
Potentilla_recta,-1.827,0.436,Hurdle_zi,T0-T1,NPK,1,age_repro,1.470241457035962
Potentilla_recta,-1.827,0.436,Hurdle_zi,T0-T1,NPK,1,percapita_repro,5.184136566294191
Primula_elatior,-1.868,0.714,Hurdle_zi,T0-T1,NPK,1,FirstStepAtt,-2.5752591198739894
Primula_elatior,-1.868,0.714,Hurdle_zi,T0-T1,NPK,1,Lambda,1.0243599289476764
Primula_elatior,-1.868,0.714,Hurdle_zi,T0-T1,NPK,1,Lmax,3.078214221499716
Primula_elatior,-1.868,0.714,Hurdle_zi,T0-T1,NPK,1,Lmean,0.934868660605433
Primula_elatior,-1.868,0.714,Hurdle_zi,T0-T1,NPK,1,R0,-0.19834378876572734
Primula_elatior,-1.868,0.714,Hurdle_zi,T0-T1,NPK,1,Reactivity,1.2375774274497275
Primula_elatior,-1.868,0.714,Hurdle_zi,T0-T1,NPK,1,T_generation,2.7743429427827526
Primula_elatior,-1.868,0.714,Hurdle_zi,T0-T1,NPK,1,age_repro,1.5965918444925693
Primula_elatior,-1.868,0.714,Hurdle_zi,T0-T1,NPK,1,percapita_repro,0.6906312588074859
Primula_veris,-2.003,0.534,Hurdle_zi,T0-T1,NPK,1,FirstStepAtt,-3.0996415326914413
Primula_veris,-2.003,0.534,Hurdle_zi,T0-T1,NPK,1,Lambda,0.9177166512186883
Primula_veris,-2.003,0.534,Hurdle_zi,T0-T1,NPK,1,Lmax,1.777554626801171
Primula_veris,-2.003,0.534,Hurdle_zi,T0-T1,NPK,1,Lmean,0.3457340899605148
Primula_veris,-2.003,0.534,Hurdle_zi,T0-T1,NPK,1,R0,-3.5312053848310136
Primula_veris,-2.003,0.534,Hurdle_zi,T0-T1,NPK,1,Reactivity,1.8406103144604358
Primula_veris,-2.003,0.534,Hurdle_zi,T0-T1,NPK,1,T_generation,3.2661511301743356
Primula_veris,-2.003,0.534,Hurdle_zi,T0-T1,NPK,1,age_repro,2.1007008996065113
Primula_veris,-2.003,0.534,Hurdle_zi,T0-T1,NPK,1,percapita_repro,1.3057574210790406
Ranunculus_acris,-1.923,0.283,Hurdle_zi,T0-T1,NPK,1,FirstStepAtt,-2.223673155588096
Ranunculus_acris,-1.923,0.283,Hurdle_zi,T0-T1,NPK,1,Lambda,1.1474253581153837
Ranunculus_acris,-1.923,0.283,Hurdle_zi,T0-T1,NPK,1,Lmax,1.791759469228055
Ranunculus_acris,-1.923,0.283,Hurdle_zi,T0-T1,NPK,1,Lmean,0.2694368352850544
Ranunculus_acris,-1.923,0.283,Hurdle_zi,T0-T1,NPK,1,R0,0.4291243489821683
Ranunculus_acris,-1.923,0.283,Hurdle_zi,T0-T1,NPK,1,Reactivity,1.8978523971700296
Ranunculus_acris,-1.923,0.283,Hurdle_zi,T0-T1,NPK,1,T_generation,1.3335494740785472
Ranunculus_acris,-1.923,0.283,Hurdle_zi,T0-T1,NPK,1,age_repro,1.1167312512505851
Ranunculus_acris,-1.923,0.283,Hurdle_zi,T0-T1,NPK,1,percapita_repro,1.9401794743463283
Salsola_kali,-2.008,0.509,Hurdle_zi,T0-T1,NPK,1,FirstStepAtt,-7.237614553412407
Salsola_kali,-2.008,0.509,Hurdle_zi,T0-T1,NPK,1,Lambda,0.5896874965204653
Salsola_kali,-2.008,0.509,Hurdle_zi,T0-T1,NPK,1,Lmax,1.0986122886681098
Salsola_kali,-2.008,0.509,Hurdle_zi,T0-T1,NPK,1,Lmean,0.6329527878317025
Salsola_kali,-2.008,0.509,Hurdle_zi,T0-T1,NPK,1,R0,-3.1690448866467187
Salsola_kali,-2.008,0.509,Hurdle_zi,T0-T1,NPK,1,Reactivity,NA
Salsola_kali,-2.008,0.509,Hurdle_zi,T0-T1,NPK,1,T_generation,1.7917877371801425
Salsola_kali,-2.008,0.509,Hurdle_zi,T0-T1,NPK,1,age_repro,1.7917761374226397
Salsola_kali,-2.008,0.509,Hurdle_zi,T0-T1,NPK,1,percapita_repro,NA
Sphaeralcea_coccinea,-2.125,0.477,Hurdle_zi,T0-T1,NPK,1,FirstStepAtt,-0.021668930362796438
Sphaeralcea_coccinea,-2.125,0.477,Hurdle_zi,T0-T1,NPK,1,Lambda,0.9140916052986946
Sphaeralcea_coccinea,-2.125,0.477,Hurdle_zi,T0-T1,NPK,1,Lmax,1.1291966833851346
Sphaeralcea_coccinea,-2.125,0.477,Hurdle_zi,T0-T1,NPK,1,Lmean,0.18479959171993668
Sphaeralcea_coccinea,-2.125,0.477,Hurdle_zi,T0-T1,NPK,1,R0,-0.1631566065473073
Sphaeralcea_coccinea,-2.125,0.477,Hurdle_zi,T0-T1,NPK,1,Reactivity,0.06479482429602482
Sphaeralcea_coccinea,-2.125,0.477,Hurdle_zi,T0-T1,NPK,1,T_generation,0.2422469272637918
Sphaeralcea_coccinea,-2.125,0.477,Hurdle_zi,T0-T1,NPK,1,age_repro,0
Sphaeralcea_coccinea,-2.125,0.477,Hurdle_zi,T0-T1,NPK,1,percapita_repro,-0.347956198267244
Stenaria_nigricans,-1.144,0.422,Hurdle_zi,T0-T1,NPK,1,FirstStepAtt,-0.001506241946231945
Stenaria_nigricans,-1.144,0.422,Hurdle_zi,T0-T1,NPK,1,Lambda,0.9901413361648121
Stenaria_nigricans,-1.144,0.422,Hurdle_zi,T0-T1,NPK,1,Lmax,0.8841014310483891
Stenaria_nigricans,-1.144,0.422,Hurdle_zi,T0-T1,NPK,1,Lmean,0.1061701762787086
Stenaria_nigricans,-1.144,0.422,Hurdle_zi,T0-T1,NPK,1,R0,0.21085254589803137
Stenaria_nigricans,-1.144,0.422,Hurdle_zi,T0-T1,NPK,1,Reactivity,0.009202684809058356
Stenaria_nigricans,-1.144,0.422,Hurdle_zi,T0-T1,NPK,1,T_generation,0.10216634557653176
Stenaria_nigricans,-1.144,0.422,Hurdle_zi,T0-T1,NPK,1,age_repro,0
Stenaria_nigricans,-1.144,0.422,Hurdle_zi,T0-T1,NPK,1,percapita_repro,0.10468236961932272
Taraxacum_campylodes,-2.196,0.466,Hurdle_zi,T0-T1,NPK,1,FirstStepAtt,-2.3531148413315983
Taraxacum_campylodes,-2.196,0.466,Hurdle_zi,T0-T1,NPK,1,Lambda,0.08041791145870329
Taraxacum_campylodes,-2.196,0.466,Hurdle_zi,T0-T1,NPK,1,Lmax,0.5493061443340549
Taraxacum_campylodes,-2.196,0.466,Hurdle_zi,T0-T1,NPK,1,Lmean,0.06773896227809098
Taraxacum_campylodes,-2.196,0.466,Hurdle_zi,T0-T1,NPK,1,R0,-Inf
Taraxacum_campylodes,-2.196,0.466,Hurdle_zi,T0-T1,NPK,1,Reactivity,2.4046693226371185
Taraxacum_campylodes,-2.196,0.466,Hurdle_zi,T0-T1,NPK,1,T_generation,NA
Taraxacum_campylodes,-2.196,0.466,Hurdle_zi,T0-T1,NPK,1,age_repro,0
Taraxacum_campylodes,-2.196,0.466,Hurdle_zi,T0-T1,NPK,1,percapita_repro,-11.213549524439351
Thymus_vulgaris,-1.589,0.548,Hurdle_zi,T0-T1,NPK,1,FirstStepAtt,-0.005866973847378982
Thymus_vulgaris,-1.589,0.548,Hurdle_zi,T0-T1,NPK,1,Lambda,0.9926751959162854
Thymus_vulgaris,-1.589,0.548,Hurdle_zi,T0-T1,NPK,1,Lmax,5.964961904446033
Thymus_vulgaris,-1.589,0.548,Hurdle_zi,T0-T1,NPK,1,Lmean,4.459892288650257
Thymus_vulgaris,-1.589,0.548,Hurdle_zi,T0-T1,NPK,1,R0,-1.07189733945768
Thymus_vulgaris,-1.589,0.548,Hurdle_zi,T0-T1,NPK,1,Reactivity,0.010349758754626258
Thymus_vulgaris,-1.589,0.548,Hurdle_zi,T0-T1,NPK,1,T_generation,NA
Thymus_vulgaris,-1.589,0.548,Hurdle_zi,T0-T1,NPK,1,age_repro,NA
Thymus_vulgaris,-1.589,0.548,Hurdle_zi,T0-T1,NPK,1,percapita_repro,-5.143380039347928
Verbascum_thapsus,-1.372,0.457,Hurdle_zi,T0-T1,NPK,1,FirstStepAtt,-4.012613096092431
Verbascum_thapsus,-1.372,0.457,Hurdle_zi,T0-T1,NPK,1,Lambda,NA
Verbascum_thapsus,-1.372,0.457,Hurdle_zi,T0-T1,NPK,1,Lmax,0.6931471805599453
Verbascum_thapsus,-1.372,0.457,Hurdle_zi,T0-T1,NPK,1,Lmean,0.05129369438747054
Verbascum_thapsus,-1.372,0.457,Hurdle_zi,T0-T1,NPK,1,R0,3.381715911075376
Verbascum_thapsus,-1.372,0.457,Hurdle_zi,T0-T1,NPK,1,Reactivity,NA
Verbascum_thapsus,-1.372,0.457,Hurdle_zi,T0-T1,NPK,1,T_generation,0.7764348966557838
Verbascum_thapsus,-1.372,0.457,Hurdle_zi,T0-T1,NPK,1,age_repro,2.5523449856956373
Verbascum_thapsus,-1.372,0.457,Hurdle_zi,T0-T1,NPK,1,percapita_repro,NA
Veronica_arvensis,-2.335,0.338,Hurdle_zi,T0-T1,NPK,1,FirstStepAtt,-1.3609972168245543
Veronica_arvensis,-2.335,0.338,Hurdle_zi,T0-T1,NPK,1,Lambda,1.0575348190993947
Veronica_arvensis,-2.335,0.338,Hurdle_zi,T0-T1,NPK,1,Lmax,0.12924850454918937
Veronica_arvensis,-2.335,0.338,Hurdle_zi,T0-T1,NPK,1,Lmean,0.05244694819316372
Veronica_arvensis,-2.335,0.338,Hurdle_zi,T0-T1,NPK,1,R0,-0.014999404757933849
Veronica_arvensis,-2.335,0.338,Hurdle_zi,T0-T1,NPK,1,Reactivity,1.7913324339405632
Veronica_arvensis,-2.335,0.338,Hurdle_zi,T0-T1,NPK,1,T_generation,0.41785049626112153
Veronica_arvensis,-2.335,0.338,Hurdle_zi,T0-T1,NPK,1,age_repro,0.8907769885320955
Veronica_arvensis,-2.335,0.338,Hurdle_zi,T0-T1,NPK,1,percapita_repro,1.8152156216155975
Agrimonia_eupatoria,-2.715,0.388,Ordbeta,T0-T1,NPK,1,FirstStepAtt,-0.40426778811109665
Agrimonia_eupatoria,-2.715,0.388,Ordbeta,T0-T1,NPK,1,Lambda,0.99064442494128635
Agrimonia_eupatoria,-2.715,0.388,Ordbeta,T0-T1,NPK,1,Lmax,4.5330412476880015
Agrimonia_eupatoria,-2.715,0.388,Ordbeta,T0-T1,NPK,1,Lmean,2.276623485281897
Agrimonia_eupatoria,-2.715,0.388,Ordbeta,T0-T1,NPK,1,R0,-0.38127020833005776
Agrimonia_eupatoria,-2.715,0.388,Ordbeta,T0-T1,NPK,1,Reactivity,0.19207496843703886
Agrimonia_eupatoria,-2.715,0.388,Ordbeta,T0-T1,NPK,1,T_generation,3.6207086258222283
Agrimonia_eupatoria,-2.715,0.388,Ordbeta,T0-T1,NPK,1,age_repro,2.087394345070076
Agrimonia_eupatoria,-2.715,0.388,Ordbeta,T0-T1,NPK,1,percapita_repro,-1.5661843426366495
Allium_vineale,-3.321,0.538,Ordbeta,T0-T1,NPK,1,FirstStepAtt,-2.036030904211625
Allium_vineale,-3.321,0.538,Ordbeta,T0-T1,NPK,1,Lambda,1.170906773884173
Allium_vineale,-3.321,0.538,Ordbeta,T0-T1,NPK,1,Lmax,1.0986122886681098
Allium_vineale,-3.321,0.538,Ordbeta,T0-T1,NPK,1,Lmean,0.16647352389668973
Allium_vineale,-3.321,0.538,Ordbeta,T0-T1,NPK,1,R0,0.3408368280021561
Allium_vineale,-3.321,0.538,Ordbeta,T0-T1,NPK,1,Reactivity,2.1940830508207325
Allium_vineale,-3.321,0.538,Ordbeta,T0-T1,NPK,1,T_generation,0.7635325690826141
Allium_vineale,-3.321,0.538,Ordbeta,T0-T1,NPK,1,age_repro,1.2000990079409088
Allium_vineale,-3.321,0.538,Ordbeta,T0-T1,NPK,1,percapita_repro,2.3368650630604555
Andropogon_gerardii,-1.575,0.393,Ordbeta,T0-T1,NPK,1,FirstStepAtt,-1.1908608264270113
Andropogon_gerardii,-1.575,0.393,Ordbeta,T0-T1,NPK,1,Lambda,1.5058732521698401
Andropogon_gerardii,-1.575,0.393,Ordbeta,T0-T1,NPK,1,Lmax,1.764891121214301
Andropogon_gerardii,-1.575,0.393,Ordbeta,T0-T1,NPK,1,Lmean,0.6723210807858808
Andropogon_gerardii,-1.575,0.393,Ordbeta,T0-T1,NPK,1,R0,0.8354773555720532
Andropogon_gerardii,-1.575,0.393,Ordbeta,T0-T1,NPK,1,Reactivity,1.7926841280473302
Andropogon_gerardii,-1.575,0.393,Ordbeta,T0-T1,NPK,1,T_generation,0.7395193223181743
Andropogon_gerardii,-1.575,0.393,Ordbeta,T0-T1,NPK,1,age_repro,0.7862530575220442
Andropogon_gerardii,-1.575,0.393,Ordbeta,T0-T1,NPK,1,percapita_repro,2.0924307697315556
Arenaria_serpyllifolia,-2.917,0.434,Ordbeta,T0-T1,NPK,1,FirstStepAtt,-2.2176497264357233
Arenaria_serpyllifolia,-2.917,0.434,Ordbeta,T0-T1,NPK,1,Lambda,0.860684361881849
Arenaria_serpyllifolia,-2.917,0.434,Ordbeta,T0-T1,NPK,1,Lmax,0
Arenaria_serpyllifolia,-2.917,0.434,Ordbeta,T0-T1,NPK,1,Lmean,0
Arenaria_serpyllifolia,-2.917,0.434,Ordbeta,T0-T1,NPK,1,R0,0.13128547046852534
Arenaria_serpyllifolia,-2.917,0.434,Ordbeta,T0-T1,NPK,1,Reactivity,2.5929750386335604
Arenaria_serpyllifolia,-2.917,0.434,Ordbeta,T0-T1,NPK,1,T_generation,0.1698858306660028
Arenaria_serpyllifolia,-2.917,0.434,Ordbeta,T0-T1,NPK,1,age_repro,0.8303384136066279
Arenaria_serpyllifolia,-2.917,0.434,Ordbeta,T0-T1,NPK,1,percapita_repro,2.639396025140823
Armeria_maritima,-2.975,0.47,Ordbeta,T0-T1,NPK,1,FirstStepAtt,-2.2414258727445264
Armeria_maritima,-2.975,0.47,Ordbeta,T0-T1,NPK,1,Lambda,1.4580438530642406
Armeria_maritima,-2.975,0.47,Ordbeta,T0-T1,NPK,1,Lmax,2.995732273553991
Armeria_maritima,-2.975,0.47,Ordbeta,T0-T1,NPK,1,Lmean,0.6122577291406874
Armeria_maritima,-2.975,0.47,Ordbeta,T0-T1,NPK,1,R0,4.4450836460525265
Armeria_maritima,-2.975,0.47,Ordbeta,T0-T1,NPK,1,Reactivity,5.495776723555246
Armeria_maritima,-2.975,0.47,Ordbeta,T0-T1,NPK,1,T_generation,2.0996042559618977
Armeria_maritima,-2.975,0.47,Ordbeta,T0-T1,NPK,1,age_repro,1.525500516347215
Armeria_maritima,-2.975,0.47,Ordbeta,T0-T1,NPK,1,percapita_repro,3.6172820201716607
Centaurea_jacea,-2.648,0.363,Ordbeta,T0-T1,NPK,1,FirstStepAtt,-0.6368104471974831
Centaurea_jacea,-2.648,0.363,Ordbeta,T0-T1,NPK,1,Lambda,0.9157150879324937
Centaurea_jacea,-2.648,0.363,Ordbeta,T0-T1,NPK,1,Lmax,2.4003251984703664
Centaurea_jacea,-2.648,0.363,Ordbeta,T0-T1,NPK,1,Lmean,1.372271579332501
Centaurea_jacea,-2.648,0.363,Ordbeta,T0-T1,NPK,1,R0,-3.4842742317189583
Centaurea_jacea,-2.648,0.363,Ordbeta,T0-T1,NPK,1,Reactivity,0.4168576413811439
Centaurea_jacea,-2.648,0.363,Ordbeta,T0-T1,NPK,1,T_generation,2.978872381362829
Centaurea_jacea,-2.648,0.363,Ordbeta,T0-T1,NPK,1,age_repro,1.6363011514297372
Centaurea_jacea,-2.648,0.363,Ordbeta,T0-T1,NPK,1,percapita_repro,-1.7828083742933423
Cerastium_fontanum,-3.005,0.269,Ordbeta,T0-T1,NPK,1,FirstStepAtt,-2.696031853083466
Cerastium_fontanum,-3.005,0.269,Ordbeta,T0-T1,NPK,1,Lambda,NA
Cerastium_fontanum,-3.005,0.269,Ordbeta,T0-T1,NPK,1,Lmax,0
Cerastium_fontanum,-3.005,0.269,Ordbeta,T0-T1,NPK,1,Lmean,0
Cerastium_fontanum,-3.005,0.269,Ordbeta,T0-T1,NPK,1,R0,1.5184623246973081
Cerastium_fontanum,-3.005,0.269,Ordbeta,T0-T1,NPK,1,Reactivity,3.027270925563423
Cerastium_fontanum,-3.005,0.269,Ordbeta,T0-T1,NPK,1,T_generation,0.005048904923272251
Cerastium_fontanum,-3.005,0.269,Ordbeta,T0-T1,NPK,1,age_repro,0.8873031950009029
Cerastium_fontanum,-3.005,0.269,Ordbeta,T0-T1,NPK,1,percapita_repro,4.522657764413627
Cirsium_arvense,-2.394,0.272,Ordbeta,T0-T1,NPK,1,FirstStepAtt,-3.3290015249469986
Cirsium_arvense,-2.394,0.272,Ordbeta,T0-T1,NPK,1,Lambda,NA
Cirsium_arvense,-2.394,0.272,Ordbeta,T0-T1,NPK,1,Lmax,1.0986122886681098
Cirsium_arvense,-2.394,0.272,Ordbeta,T0-T1,NPK,1,Lmean,0.1699960817758222
Cirsium_arvense,-2.394,0.272,Ordbeta,T0-T1,NPK,1,R0,3.228914980534981
Cirsium_arvense,-2.394,0.272,Ordbeta,T0-T1,NPK,1,Reactivity,4.0664130997692896
Cirsium_arvense,-2.394,0.272,Ordbeta,T0-T1,NPK,1,T_generation,0.770361224737239
Cirsium_arvense,-2.394,0.272,Ordbeta,T0-T1,NPK,1,age_repro,1.162546762671639
Cirsium_arvense,-2.394,0.272,Ordbeta,T0-T1,NPK,1,percapita_repro,5.427985054670073
Cirsium_palustre,-2.929,0.578,Ordbeta,T0-T1,NPK,1,FirstStepAtt,-2.5937654771378242
Cirsium_palustre,-2.929,0.578,Ordbeta,T0-T1,NPK,1,Lambda,1.4428002172428838
Cirsium_palustre,-2.929,0.578,Ordbeta,T0-T1,NPK,1,Lmax,1.5273118956910914
Cirsium_palustre,-2.929,0.578,Ordbeta,T0-T1,NPK,1,Lmean,0.20135107219302092
Cirsium_palustre,-2.929,0.578,Ordbeta,T0-T1,NPK,1,R0,1.2807231364002394
Cirsium_palustre,-2.929,0.578,Ordbeta,T0-T1,NPK,1,Reactivity,4.898747288058176
Cirsium_palustre,-2.929,0.578,Ordbeta,T0-T1,NPK,1,T_generation,1.2255759905166657
Cirsium_palustre,-2.929,0.578,Ordbeta,T0-T1,NPK,1,age_repro,1.534647496889771
Cirsium_palustre,-2.929,0.578,Ordbeta,T0-T1,NPK,1,percapita_repro,4.957313127808717
Cirsium_vulgare,-2.887,0.526,Ordbeta,T0-T1,NPK,1,FirstStepAtt,-3.1910655226282234
Cirsium_vulgare,-2.887,0.526,Ordbeta,T0-T1,NPK,1,Lambda,0.7844344795818798
Cirsium_vulgare,-2.887,0.526,Ordbeta,T0-T1,NPK,1,Lmax,1.507973248367974
Cirsium_vulgare,-2.887,0.526,Ordbeta,T0-T1,NPK,1,Lmean,0.3479988332516422
Cirsium_vulgare,-2.887,0.526,Ordbeta,T0-T1,NPK,1,R0,-1.420279247517773
Cirsium_vulgare,-2.887,0.526,Ordbeta,T0-T1,NPK,1,Reactivity,2.641485998869525
Cirsium_vulgare,-2.887,0.526,Ordbeta,T0-T1,NPK,1,T_generation,1.4828783988333107
Cirsium_vulgare,-2.887,0.526,Ordbeta,T0-T1,NPK,1,age_repro,0.9323966804077027
Cirsium_vulgare,-2.887,0.526,Ordbeta,T0-T1,NPK,1,percapita_repro,1.89963041219607
Daucus_carota,-2.788,0.322,Ordbeta,T0-T1,NPK,1,FirstStepAtt,-4.040610337013186
Daucus_carota,-2.788,0.322,Ordbeta,T0-T1,NPK,1,Lambda,1.7161044748521754
Daucus_carota,-2.788,0.322,Ordbeta,T0-T1,NPK,1,Lmax,1.0986122886681098
Daucus_carota,-2.788,0.322,Ordbeta,T0-T1,NPK,1,Lmean,0.31834252276646996
Daucus_carota,-2.788,0.322,Ordbeta,T0-T1,NPK,1,R0,1.8196701629274532
Daucus_carota,-2.788,0.322,Ordbeta,T0-T1,NPK,1,Reactivity,NA
Daucus_carota,-2.788,0.322,Ordbeta,T0-T1,NPK,1,T_generation,1.189773196967312
Daucus_carota,-2.788,0.322,Ordbeta,T0-T1,NPK,1,age_repro,1.431272611901774
Daucus_carota,-2.788,0.322,Ordbeta,T0-T1,NPK,1,percapita_repro,NA
Echium_vulgare,-2.857,0.482,Ordbeta,T0-T1,NPK,1,FirstStepAtt,-1.4808281568478856
Echium_vulgare,-2.857,0.482,Ordbeta,T0-T1,NPK,1,Lambda,1.5475980030086196
Echium_vulgare,-2.857,0.482,Ordbeta,T0-T1,NPK,1,Lmax,1.3862943611198906
Echium_vulgare,-2.857,0.482,Ordbeta,T0-T1,NPK,1,Lmean,0.5010758488001461
Echium_vulgare,-2.857,0.482,Ordbeta,T0-T1,NPK,1,R0,1.6034012709220467
Echium_vulgare,-2.857,0.482,Ordbeta,T0-T1,NPK,1,Reactivity,3.2663741200499037
Echium_vulgare,-2.857,0.482,Ordbeta,T0-T1,NPK,1,T_generation,1.2871395045757101
Echium_vulgare,-2.857,0.482,Ordbeta,T0-T1,NPK,1,age_repro,1.3132909952863716
Echium_vulgare,-2.857,0.482,Ordbeta,T0-T1,NPK,1,percapita_repro,3.7030781735137492
Elymus_repens,-2.453,0.277,Ordbeta,T0-T1,NPK,1,FirstStepAtt,-19.608981934788076
Elymus_repens,-2.453,0.277,Ordbeta,T0-T1,NPK,1,Lambda,NA
Elymus_repens,-2.453,0.277,Ordbeta,T0-T1,NPK,1,Lmax,0.6931471805599453
Elymus_repens,-2.453,0.277,Ordbeta,T0-T1,NPK,1,Lmean,0.34830572665687204
Elymus_repens,-2.453,0.277,Ordbeta,T0-T1,NPK,1,R0,4.306802628082906
Elymus_repens,-2.453,0.277,Ordbeta,T0-T1,NPK,1,Reactivity,NA
Elymus_repens,-2.453,0.277,Ordbeta,T0-T1,NPK,1,T_generation,0.00771453240913415
Elymus_repens,-2.453,0.277,Ordbeta,T0-T1,NPK,1,age_repro,0
Elymus_repens,-2.453,0.277,Ordbeta,T0-T1,NPK,1,percapita_repro,-5.74205469871386
Erigeron_canadensis,-3.117,0.387,Ordbeta,T0-T1,NPK,1,FirstStepAtt,-2.9940372183428647
Erigeron_canadensis,-3.117,0.387,Ordbeta,T0-T1,NPK,1,Lambda,NA
Erigeron_canadensis,-3.117,0.387,Ordbeta,T0-T1,NPK,1,Lmax,0
Erigeron_canadensis,-3.117,0.387,Ordbeta,T0-T1,NPK,1,Lmean,0
Erigeron_canadensis,-3.117,0.387,Ordbeta,T0-T1,NPK,1,R0,2.750423016465953
Erigeron_canadensis,-3.117,0.387,Ordbeta,T0-T1,NPK,1,Reactivity,3.7256901124743216
Erigeron_canadensis,-3.117,0.387,Ordbeta,T0-T1,NPK,1,T_generation,0.1300250884192771
Erigeron_canadensis,-3.117,0.387,Ordbeta,T0-T1,NPK,1,age_repro,0.9159908368351705
Erigeron_canadensis,-3.117,0.387,Ordbeta,T0-T1,NPK,1,percapita_repro,5.684089841310465
Knautia_arvensis,-2.29,0.462,Ordbeta,T0-T1,NPK,1,FirstStepAtt,-2.9563737542749036
Knautia_arvensis,-2.29,0.462,Ordbeta,T0-T1,NPK,1,Lambda,0.30764990872892983
Knautia_arvensis,-2.29,0.462,Ordbeta,T0-T1,NPK,1,Lmax,0.6931471805599453
Knautia_arvensis,-2.29,0.462,Ordbeta,T0-T1,NPK,1,Lmean,0.022139719151234638
Knautia_arvensis,-2.29,0.462,Ordbeta,T0-T1,NPK,1,R0,-9.95071325619903
Knautia_arvensis,-2.29,0.462,Ordbeta,T0-T1,NPK,1,Reactivity,0.35097071858090523
Knautia_arvensis,-2.29,0.462,Ordbeta,T0-T1,NPK,1,T_generation,NA
Knautia_arvensis,-2.29,0.462,Ordbeta,T0-T1,NPK,1,age_repro,0.9322894183877876
Knautia_arvensis,-2.29,0.462,Ordbeta,T0-T1,NPK,1,percapita_repro,-4.367646677748796
Lactuca_serriola,-3.257,0.56,Ordbeta,T0-T1,NPK,1,FirstStepAtt,-2.5276283678174485
Lactuca_serriola,-3.257,0.56,Ordbeta,T0-T1,NPK,1,Lambda,NA
Lactuca_serriola,-3.257,0.56,Ordbeta,T0-T1,NPK,1,Lmax,0
Lactuca_serriola,-3.257,0.56,Ordbeta,T0-T1,NPK,1,Lmean,0
Lactuca_serriola,-3.257,0.56,Ordbeta,T0-T1,NPK,1,R0,2.961708269076509
Lactuca_serriola,-3.257,0.56,Ordbeta,T0-T1,NPK,1,Reactivity,5.096932718325193
Lactuca_serriola,-3.257,0.56,Ordbeta,T0-T1,NPK,1,T_generation,0.08738433516364566
Lactuca_serriola,-3.257,0.56,Ordbeta,T0-T1,NPK,1,age_repro,1.2839753424841123
Lactuca_serriola,-3.257,0.56,Ordbeta,T0-T1,NPK,1,percapita_repro,7.147653680580111
Linum_catharticum,-3.536,0.453,Ordbeta,T0-T1,NPK,1,FirstStepAtt,-3.1953085121694222
Linum_catharticum,-3.536,0.453,Ordbeta,T0-T1,NPK,1,Lambda,NA
Linum_catharticum,-3.536,0.453,Ordbeta,T0-T1,NPK,1,Lmax,2.0794415416798357
Linum_catharticum,-3.536,0.453,Ordbeta,T0-T1,NPK,1,Lmean,0.7715798705141755
Linum_catharticum,-3.536,0.453,Ordbeta,T0-T1,NPK,1,R0,1.7942778474769046
Linum_catharticum,-3.536,0.453,Ordbeta,T0-T1,NPK,1,Reactivity,3.8165083573910685
Linum_catharticum,-3.536,0.453,Ordbeta,T0-T1,NPK,1,T_generation,0.3007917133047998
Linum_catharticum,-3.536,0.453,Ordbeta,T0-T1,NPK,1,age_repro,0.7034715243015948
Linum_catharticum,-3.536,0.453,Ordbeta,T0-T1,NPK,1,percapita_repro,3.0328521355315146
Picris_hieracioides,-2.222,0.321,Ordbeta,T0-T1,NPK,1,FirstStepAtt,-4.012603074068455
Picris_hieracioides,-2.222,0.321,Ordbeta,T0-T1,NPK,1,Lambda,0.8846497432296888
Picris_hieracioides,-2.222,0.321,Ordbeta,T0-T1,NPK,1,Lmax,0.6931471805599453
Picris_hieracioides,-2.222,0.321,Ordbeta,T0-T1,NPK,1,Lmean,0.025497751793431413
Picris_hieracioides,-2.222,0.321,Ordbeta,T0-T1,NPK,1,R0,-0.5012341883972119
Picris_hieracioides,-2.222,0.321,Ordbeta,T0-T1,NPK,1,Reactivity,5.739334580340472
Picris_hieracioides,-2.222,0.321,Ordbeta,T0-T1,NPK,1,T_generation,1.4151934417967609
Picris_hieracioides,-2.222,0.321,Ordbeta,T0-T1,NPK,1,age_repro,1.5430234695350933
Picris_hieracioides,-2.222,0.321,Ordbeta,T0-T1,NPK,1,percapita_repro,5.616771097666572
Pimpinella_saxifraga,-2.394,0.468,Ordbeta,T0-T1,NPK,1,FirstStepAtt,-0.5923077657542145
Pimpinella_saxifraga,-2.394,0.468,Ordbeta,T0-T1,NPK,1,Lambda,0.9547406316474246
Pimpinella_saxifraga,-2.394,0.468,Ordbeta,T0-T1,NPK,1,Lmax,3.2778313935718644
Pimpinella_saxifraga,-2.394,0.468,Ordbeta,T0-T1,NPK,1,Lmean,1.3985454207581607
Pimpinella_saxifraga,-2.394,0.468,Ordbeta,T0-T1,NPK,1,R0,-0.7090626241047243
Pimpinella_saxifraga,-2.394,0.468,Ordbeta,T0-T1,NPK,1,Reactivity,0.9233752615973373
Pimpinella_saxifraga,-2.394,0.468,Ordbeta,T0-T1,NPK,1,T_generation,2.775613869924522
Pimpinella_saxifraga,-2.394,0.468,Ordbeta,T0-T1,NPK,1,age_repro,1.7819632124517442
Pimpinella_saxifraga,-2.394,0.468,Ordbeta,T0-T1,NPK,1,percapita_repro,-0.16356267781330006
Plantago_coronopus,-2.44,0.396,Ordbeta,T0-T1,NPK,1,FirstStepAtt,-1.0607821044920802
Plantago_coronopus,-2.44,0.396,Ordbeta,T0-T1,NPK,1,Lambda,0.8883340096307588
Plantago_coronopus,-2.44,0.396,Ordbeta,T0-T1,NPK,1,Lmax,1.907994489728227
Plantago_coronopus,-2.44,0.396,Ordbeta,T0-T1,NPK,1,Lmean,0.5836315540514999
Plantago_coronopus,-2.44,0.396,Ordbeta,T0-T1,NPK,1,R0,-0.7679497099488539
Plantago_coronopus,-2.44,0.396,Ordbeta,T0-T1,NPK,1,Reactivity,1.2700917455756846
Plantago_coronopus,-2.44,0.396,Ordbeta,T0-T1,NPK,1,T_generation,1.4792349913940708
Plantago_coronopus,-2.44,0.396,Ordbeta,T0-T1,NPK,1,age_repro,0.7227032675127357
Plantago_coronopus,-2.44,0.396,Ordbeta,T0-T1,NPK,1,percapita_repro,-0.1607889960080645
Plantago_media,-2.791,0.438,Ordbeta,T0-T1,NPK,1,FirstStepAtt,-2.5216721506920545
Plantago_media,-2.791,0.438,Ordbeta,T0-T1,NPK,1,Lambda,0.9166479924897526
Plantago_media,-2.791,0.438,Ordbeta,T0-T1,NPK,1,Lmax,1.7178918965462198
Plantago_media,-2.791,0.438,Ordbeta,T0-T1,NPK,1,Lmean,0.24009345509101096
Plantago_media,-2.791,0.438,Ordbeta,T0-T1,NPK,1,R0,-3.703632943874186
Plantago_media,-2.791,0.438,Ordbeta,T0-T1,NPK,1,Reactivity,0.9115891884505661
Plantago_media,-2.791,0.438,Ordbeta,T0-T1,NPK,1,T_generation,3.283074054166277
Plantago_media,-2.791,0.438,Ordbeta,T0-T1,NPK,1,age_repro,2.050568331584061
Plantago_media,-2.791,0.438,Ordbeta,T0-T1,NPK,1,percapita_repro,0.21247852101489456
Potentilla_recta,-2.76,0.432,Ordbeta,T0-T1,NPK,1,FirstStepAtt,-1.207246625178343
Potentilla_recta,-2.76,0.432,Ordbeta,T0-T1,NPK,1,Lambda,1.3233051390988662
Potentilla_recta,-2.76,0.432,Ordbeta,T0-T1,NPK,1,Lmax,2.8995463272302633
Potentilla_recta,-2.76,0.432,Ordbeta,T0-T1,NPK,1,Lmean,1.114174982541197
Potentilla_recta,-2.76,0.432,Ordbeta,T0-T1,NPK,1,R0,-Inf
Potentilla_recta,-2.76,0.432,Ordbeta,T0-T1,NPK,1,Reactivity,2.3355670141886495
Potentilla_recta,-2.76,0.432,Ordbeta,T0-T1,NPK,1,T_generation,1.12856647634655
Potentilla_recta,-2.76,0.432,Ordbeta,T0-T1,NPK,1,age_repro,1.470241457035962
Potentilla_recta,-2.76,0.432,Ordbeta,T0-T1,NPK,1,percapita_repro,5.184136566294191
Primula_elatior,-2.751,0.7,Ordbeta,T0-T1,NPK,1,FirstStepAtt,-2.5752591198739894
Primula_elatior,-2.751,0.7,Ordbeta,T0-T1,NPK,1,Lambda,1.0243599289476764
Primula_elatior,-2.751,0.7,Ordbeta,T0-T1,NPK,1,Lmax,3.078214221499716
Primula_elatior,-2.751,0.7,Ordbeta,T0-T1,NPK,1,Lmean,0.934868660605433
Primula_elatior,-2.751,0.7,Ordbeta,T0-T1,NPK,1,R0,-0.19834378876572734
Primula_elatior,-2.751,0.7,Ordbeta,T0-T1,NPK,1,Reactivity,1.2375774274497275
Primula_elatior,-2.751,0.7,Ordbeta,T0-T1,NPK,1,T_generation,2.7743429427827526
Primula_elatior,-2.751,0.7,Ordbeta,T0-T1,NPK,1,age_repro,1.5965918444925693
Primula_elatior,-2.751,0.7,Ordbeta,T0-T1,NPK,1,percapita_repro,0.6906312588074859
Primula_veris,-3.05,0.529,Ordbeta,T0-T1,NPK,1,FirstStepAtt,-3.0996415326914413
Primula_veris,-3.05,0.529,Ordbeta,T0-T1,NPK,1,Lambda,0.9177166512186883
Primula_veris,-3.05,0.529,Ordbeta,T0-T1,NPK,1,Lmax,1.777554626801171
Primula_veris,-3.05,0.529,Ordbeta,T0-T1,NPK,1,Lmean,0.3457340899605148
Primula_veris,-3.05,0.529,Ordbeta,T0-T1,NPK,1,R0,-3.5312053848310136
Primula_veris,-3.05,0.529,Ordbeta,T0-T1,NPK,1,Reactivity,1.8406103144604358
Primula_veris,-3.05,0.529,Ordbeta,T0-T1,NPK,1,T_generation,3.2661511301743356
Primula_veris,-3.05,0.529,Ordbeta,T0-T1,NPK,1,age_repro,2.1007008996065113
Primula_veris,-3.05,0.529,Ordbeta,T0-T1,NPK,1,percapita_repro,1.3057574210790406
Ranunculus_acris,-2.875,0.274,Ordbeta,T0-T1,NPK,1,FirstStepAtt,-2.223673155588096
Ranunculus_acris,-2.875,0.274,Ordbeta,T0-T1,NPK,1,Lambda,1.1474253581153837
Ranunculus_acris,-2.875,0.274,Ordbeta,T0-T1,NPK,1,Lmax,1.791759469228055
Ranunculus_acris,-2.875,0.274,Ordbeta,T0-T1,NPK,1,Lmean,0.2694368352850544
Ranunculus_acris,-2.875,0.274,Ordbeta,T0-T1,NPK,1,R0,0.4291243489821683
Ranunculus_acris,-2.875,0.274,Ordbeta,T0-T1,NPK,1,Reactivity,1.8978523971700296
Ranunculus_acris,-2.875,0.274,Ordbeta,T0-T1,NPK,1,T_generation,1.3335494740785472
Ranunculus_acris,-2.875,0.274,Ordbeta,T0-T1,NPK,1,age_repro,1.1167312512505851
Ranunculus_acris,-2.875,0.274,Ordbeta,T0-T1,NPK,1,percapita_repro,1.9401794743463283
Salsola_kali,-2.815,0.491,Ordbeta,T0-T1,NPK,1,FirstStepAtt,-7.237614553412407
Salsola_kali,-2.815,0.491,Ordbeta,T0-T1,NPK,1,Lambda,0.5896874965204653
Salsola_kali,-2.815,0.491,Ordbeta,T0-T1,NPK,1,Lmax,1.0986122886681098
Salsola_kali,-2.815,0.491,Ordbeta,T0-T1,NPK,1,Lmean,0.6329527878317025
Salsola_kali,-2.815,0.491,Ordbeta,T0-T1,NPK,1,R0,-3.1690448866467187
Salsola_kali,-2.815,0.491,Ordbeta,T0-T1,NPK,1,Reactivity,NA
Salsola_kali,-2.815,0.491,Ordbeta,T0-T1,NPK,1,T_generation,1.7917877371801425
Salsola_kali,-2.815,0.491,Ordbeta,T0-T1,NPK,1,age_repro,1.7917761374226397
Salsola_kali,-2.815,0.491,Ordbeta,T0-T1,NPK,1,percapita_repro,NA
Sphaeralcea_coccinea,-2.92,0.466,Ordbeta,T0-T1,NPK,1,FirstStepAtt,-0.021668930362796438
Sphaeralcea_coccinea,-2.92,0.466,Ordbeta,T0-T1,NPK,1,Lambda,0.9140916052986946
Sphaeralcea_coccinea,-2.92,0.466,Ordbeta,T0-T1,NPK,1,Lmax,1.1291966833851346
Sphaeralcea_coccinea,-2.92,0.466,Ordbeta,T0-T1,NPK,1,Lmean,0.18479959171993668
Sphaeralcea_coccinea,-2.92,0.466,Ordbeta,T0-T1,NPK,1,R0,-0.1631566065473073
Sphaeralcea_coccinea,-2.92,0.466,Ordbeta,T0-T1,NPK,1,Reactivity,0.06479482429602482
Sphaeralcea_coccinea,-2.92,0.466,Ordbeta,T0-T1,NPK,1,T_generation,0.2422469272637918
Sphaeralcea_coccinea,-2.92,0.466,Ordbeta,T0-T1,NPK,1,age_repro,0
Sphaeralcea_coccinea,-2.92,0.466,Ordbeta,T0-T1,NPK,1,percapita_repro,-0.347956198267244
Stenaria_nigricans,-2.158,0.423,Ordbeta,T0-T1,NPK,1,FirstStepAtt,-0.001506241946231945
Stenaria_nigricans,-2.158,0.423,Ordbeta,T0-T1,NPK,1,Lambda,0.9901413361648121
Stenaria_nigricans,-2.158,0.423,Ordbeta,T0-T1,NPK,1,Lmax,0.8841014310483891
Stenaria_nigricans,-2.158,0.423,Ordbeta,T0-T1,NPK,1,Lmean,0.1061701762787086
Stenaria_nigricans,-2.158,0.423,Ordbeta,T0-T1,NPK,1,R0,0.21085254589803137
Stenaria_nigricans,-2.158,0.423,Ordbeta,T0-T1,NPK,1,Reactivity,0.009202684809058356
Stenaria_nigricans,-2.158,0.423,Ordbeta,T0-T1,NPK,1,T_generation,0.10216634557653176
Stenaria_nigricans,-2.158,0.423,Ordbeta,T0-T1,NPK,1,age_repro,0
Stenaria_nigricans,-2.158,0.423,Ordbeta,T0-T1,NPK,1,percapita_repro,0.10468236961932272
Taraxacum_campylodes,-3.299,0.461,Ordbeta,T0-T1,NPK,1,FirstStepAtt,-2.3531148413315983
Taraxacum_campylodes,-3.299,0.461,Ordbeta,T0-T1,NPK,1,Lambda,0.08041791145870329
Taraxacum_campylodes,-3.299,0.461,Ordbeta,T0-T1,NPK,1,Lmax,0.5493061443340549
Taraxacum_campylodes,-3.299,0.461,Ordbeta,T0-T1,NPK,1,Lmean,0.06773896227809098
Taraxacum_campylodes,-3.299,0.461,Ordbeta,T0-T1,NPK,1,R0,-Inf
Taraxacum_campylodes,-3.299,0.461,Ordbeta,T0-T1,NPK,1,Reactivity,2.4046693226371185
Taraxacum_campylodes,-3.299,0.461,Ordbeta,T0-T1,NPK,1,T_generation,NA
Taraxacum_campylodes,-3.299,0.461,Ordbeta,T0-T1,NPK,1,age_repro,0
Taraxacum_campylodes,-3.299,0.461,Ordbeta,T0-T1,NPK,1,percapita_repro,-11.213549524439351
Thymus_vulgaris,-2.462,0.535,Ordbeta,T0-T1,NPK,1,FirstStepAtt,-0.005866973847378982
Thymus_vulgaris,-2.462,0.535,Ordbeta,T0-T1,NPK,1,Lambda,0.9926751959162854
Thymus_vulgaris,-2.462,0.535,Ordbeta,T0-T1,NPK,1,Lmax,5.964961904446033
Thymus_vulgaris,-2.462,0.535,Ordbeta,T0-T1,NPK,1,Lmean,4.459892288650257
Thymus_vulgaris,-2.462,0.535,Ordbeta,T0-T1,NPK,1,R0,-1.07189733945768
Thymus_vulgaris,-2.462,0.535,Ordbeta,T0-T1,NPK,1,Reactivity,0.010349758754626258
Thymus_vulgaris,-2.462,0.535,Ordbeta,T0-T1,NPK,1,T_generation,NA
Thymus_vulgaris,-2.462,0.535,Ordbeta,T0-T1,NPK,1,age_repro,NA
Thymus_vulgaris,-2.462,0.535,Ordbeta,T0-T1,NPK,1,percapita_repro,-5.143380039347928
Verbascum_thapsus,-2.72,0.499,Ordbeta,T0-T1,NPK,1,FirstStepAtt,-4.012613096092431
Verbascum_thapsus,-2.72,0.499,Ordbeta,T0-T1,NPK,1,Lambda,NA
Verbascum_thapsus,-2.72,0.499,Ordbeta,T0-T1,NPK,1,Lmax,0.6931471805599453
Verbascum_thapsus,-2.72,0.499,Ordbeta,T0-T1,NPK,1,Lmean,0.05129369438747054
Verbascum_thapsus,-2.72,0.499,Ordbeta,T0-T1,NPK,1,R0,3.381715911075376
Verbascum_thapsus,-2.72,0.499,Ordbeta,T0-T1,NPK,1,Reactivity,NA
Verbascum_thapsus,-2.72,0.499,Ordbeta,T0-T1,NPK,1,T_generation,0.7764348966557838
Verbascum_thapsus,-2.72,0.499,Ordbeta,T0-T1,NPK,1,age_repro,2.5523449856956373
Verbascum_thapsus,-2.72,0.499,Ordbeta,T0-T1,NPK,1,percapita_repro,NA
Veronica_arvensis,-3.254,0.325,Ordbeta,T0-T1,NPK,1,FirstStepAtt,-1.3609972168245543
Veronica_arvensis,-3.254,0.325,Ordbeta,T0-T1,NPK,1,Lambda,1.0575348190993947
Veronica_arvensis,-3.254,0.325,Ordbeta,T0-T1,NPK,1,Lmax,0.12924850454918937
Veronica_arvensis,-3.254,0.325,Ordbeta,T0-T1,NPK,1,Lmean,0.05244694819316372
Veronica_arvensis,-3.254,0.325,Ordbeta,T0-T1,NPK,1,R0,-0.014999404757933849
Veronica_arvensis,-3.254,0.325,Ordbeta,T0-T1,NPK,1,Reactivity,1.7913324339405632
Veronica_arvensis,-3.254,0.325,Ordbeta,T0-T1,NPK,1,T_generation,0.41785049626112153
Veronica_arvensis,-3.254,0.325,Ordbeta,T0-T1,NPK,1,age_repro,0.8907769885320955
Veronica_arvensis,-3.254,0.325,Ordbeta,T0-T1,NPK,1,percapita_repro,1.8152156216155975
Acer_saccharum,-2.444,0.463,Hurdle_cond,T0-T2,DIST,1,FirstStepAtt,-0.13633162397836543
Acer_saccharum,-2.444,0.463,Hurdle_cond,T0-T2,DIST,1,Lambda,1.7751478346888434
Acer_saccharum,-2.444,0.463,Hurdle_cond,T0-T2,DIST,1,Lmax,5.5871025137026376
Acer_saccharum,-2.444,0.463,Hurdle_cond,T0-T2,DIST,1,Lmean,5.240241348413525
Acer_saccharum,-2.444,0.463,Hurdle_cond,T0-T2,DIST,1,R0,6.4970270462927875
Acer_saccharum,-2.444,0.463,Hurdle_cond,T0-T2,DIST,1,Reactivity,0.11239532885872887
Acer_saccharum,-2.444,0.463,Hurdle_cond,T0-T2,DIST,1,T_generation,1.6297372686170404
Acer_saccharum,-2.444,0.463,Hurdle_cond,T0-T2,DIST,1,age_repro,2.5048380603456604
Acer_saccharum,-2.444,0.463,Hurdle_cond,T0-T2,DIST,1,percapita_repro,-0.15190606423970499
Agrimonia_eupatoria,-2.184,0.266,Hurdle_cond,T0-T2,DIST,1,FirstStepAtt,-0.40426778811109665
Agrimonia_eupatoria,-2.184,0.266,Hurdle_cond,T0-T2,DIST,1,Lambda,0.99064442494128635
Agrimonia_eupatoria,-2.184,0.266,Hurdle_cond,T0-T2,DIST,1,Lmax,4.5330412476880015
Agrimonia_eupatoria,-2.184,0.266,Hurdle_cond,T0-T2,DIST,1,Lmean,2.276623485281897
Agrimonia_eupatoria,-2.184,0.266,Hurdle_cond,T0-T2,DIST,1,R0,-0.38127020833005776
Agrimonia_eupatoria,-2.184,0.266,Hurdle_cond,T0-T2,DIST,1,Reactivity,0.19207496843703886
Agrimonia_eupatoria,-2.184,0.266,Hurdle_cond,T0-T2,DIST,1,T_generation,3.6207086258222283
Agrimonia_eupatoria,-2.184,0.266,Hurdle_cond,T0-T2,DIST,1,age_repro,2.087394345070076
Agrimonia_eupatoria,-2.184,0.266,Hurdle_cond,T0-T2,DIST,1,percapita_repro,-1.5661843426366495
Ailanthus_altissima,-2.382,0.52,Hurdle_cond,T0-T2,DIST,1,FirstStepAtt,-4.2648886715454815
Ailanthus_altissima,-2.382,0.52,Hurdle_cond,T0-T2,DIST,1,Lambda,1.9212389388134612
Ailanthus_altissima,-2.382,0.52,Hurdle_cond,T0-T2,DIST,1,Lmax,1.791759469228055
Ailanthus_altissima,-2.382,0.52,Hurdle_cond,T0-T2,DIST,1,Lmean,0.5447271754416722
Ailanthus_altissima,-2.382,0.52,Hurdle_cond,T0-T2,DIST,1,R0,3.781257113389695
Ailanthus_altissima,-2.382,0.52,Hurdle_cond,T0-T2,DIST,1,Reactivity,NA
Ailanthus_altissima,-2.382,0.52,Hurdle_cond,T0-T2,DIST,1,T_generation,1.7128362023285355
Ailanthus_altissima,-2.382,0.52,Hurdle_cond,T0-T2,DIST,1,age_repro,1.791759469228055
Ailanthus_altissima,-2.382,0.52,Hurdle_cond,T0-T2,DIST,1,percapita_repro,NA
Allium_vineale,-2.424,0.427,Hurdle_cond,T0-T2,DIST,1,FirstStepAtt,-2.036030904211625
Allium_vineale,-2.424,0.427,Hurdle_cond,T0-T2,DIST,1,Lambda,1.170906773884173
Allium_vineale,-2.424,0.427,Hurdle_cond,T0-T2,DIST,1,Lmax,1.0986122886681098
Allium_vineale,-2.424,0.427,Hurdle_cond,T0-T2,DIST,1,Lmean,0.16647352389668973
Allium_vineale,-2.424,0.427,Hurdle_cond,T0-T2,DIST,1,R0,0.3408368280021561
Allium_vineale,-2.424,0.427,Hurdle_cond,T0-T2,DIST,1,Reactivity,2.1940830508207325
Allium_vineale,-2.424,0.427,Hurdle_cond,T0-T2,DIST,1,T_generation,0.7635325690826141
Allium_vineale,-2.424,0.427,Hurdle_cond,T0-T2,DIST,1,age_repro,1.2000990079409088
Allium_vineale,-2.424,0.427,Hurdle_cond,T0-T2,DIST,1,percapita_repro,2.3368650630604555
Andropogon_gerardii,-1.063,0.257,Hurdle_cond,T0-T2,DIST,1,FirstStepAtt,-1.1908608264270113
Andropogon_gerardii,-1.063,0.257,Hurdle_cond,T0-T2,DIST,1,Lambda,1.5058732521698401
Andropogon_gerardii,-1.063,0.257,Hurdle_cond,T0-T2,DIST,1,Lmax,1.764891121214301
Andropogon_gerardii,-1.063,0.257,Hurdle_cond,T0-T2,DIST,1,Lmean,0.6723210807858808
Andropogon_gerardii,-1.063,0.257,Hurdle_cond,T0-T2,DIST,1,R0,0.8354773555720532
Andropogon_gerardii,-1.063,0.257,Hurdle_cond,T0-T2,DIST,1,Reactivity,1.7926841280473302
Andropogon_gerardii,-1.063,0.257,Hurdle_cond,T0-T2,DIST,1,T_generation,0.7395193223181743
Andropogon_gerardii,-1.063,0.257,Hurdle_cond,T0-T2,DIST,1,age_repro,0.7862530575220442
Andropogon_gerardii,-1.063,0.257,Hurdle_cond,T0-T2,DIST,1,percapita_repro,2.0924307697315556
Arenaria_serpyllifolia,-1.894,0.282,Hurdle_cond,T0-T2,DIST,1,FirstStepAtt,-2.2176497264357233
Arenaria_serpyllifolia,-1.894,0.282,Hurdle_cond,T0-T2,DIST,1,Lambda,0.860684361881849
Arenaria_serpyllifolia,-1.894,0.282,Hurdle_cond,T0-T2,DIST,1,Lmax,0
Arenaria_serpyllifolia,-1.894,0.282,Hurdle_cond,T0-T2,DIST,1,Lmean,0
Arenaria_serpyllifolia,-1.894,0.282,Hurdle_cond,T0-T2,DIST,1,R0,0.13128547046852534
Arenaria_serpyllifolia,-1.894,0.282,Hurdle_cond,T0-T2,DIST,1,Reactivity,2.5929750386335604
Arenaria_serpyllifolia,-1.894,0.282,Hurdle_cond,T0-T2,DIST,1,T_generation,0.1698858306660028
Arenaria_serpyllifolia,-1.894,0.282,Hurdle_cond,T0-T2,DIST,1,age_repro,0.8303384136066279
Arenaria_serpyllifolia,-1.894,0.282,Hurdle_cond,T0-T2,DIST,1,percapita_repro,2.639396025140823
Armeria_maritima,-2.479,0.374,Hurdle_cond,T0-T2,DIST,1,FirstStepAtt,-2.2414258727445264
Armeria_maritima,-2.479,0.374,Hurdle_cond,T0-T2,DIST,1,Lambda,1.4580438530642406
Armeria_maritima,-2.479,0.374,Hurdle_cond,T0-T2,DIST,1,Lmax,2.995732273553991
Armeria_maritima,-2.479,0.374,Hurdle_cond,T0-T2,DIST,1,Lmean,0.6122577291406874
Armeria_maritima,-2.479,0.374,Hurdle_cond,T0-T2,DIST,1,R0,4.4450836460525265
Armeria_maritima,-2.479,0.374,Hurdle_cond,T0-T2,DIST,1,Reactivity,5.495776723555246
Armeria_maritima,-2.479,0.374,Hurdle_cond,T0-T2,DIST,1,T_generation,2.0996042559618977
Armeria_maritima,-2.479,0.374,Hurdle_cond,T0-T2,DIST,1,age_repro,1.525500516347215
Armeria_maritima,-2.479,0.374,Hurdle_cond,T0-T2,DIST,1,percapita_repro,3.6172820201716607
Carduus_nutans,-2.54,0.504,Hurdle_cond,T0-T2,DIST,1,FirstStepAtt,-1.2021216175186678
Carduus_nutans,-2.54,0.504,Hurdle_cond,T0-T2,DIST,1,Lambda,0.7295404692944151
Carduus_nutans,-2.54,0.504,Hurdle_cond,T0-T2,DIST,1,Lmax,1.4856920935259144
Carduus_nutans,-2.54,0.504,Hurdle_cond,T0-T2,DIST,1,Lmean,0.48174117970979186
Carduus_nutans,-2.54,0.504,Hurdle_cond,T0-T2,DIST,1,R0,-0.392418382929946
Carduus_nutans,-2.54,0.504,Hurdle_cond,T0-T2,DIST,1,Reactivity,3.5334693001584365
Carduus_nutans,-2.54,0.504,Hurdle_cond,T0-T2,DIST,1,T_generation,1.1688465328823152
Carduus_nutans,-2.54,0.504,Hurdle_cond,T0-T2,DIST,1,age_repro,0.9011488671138399
Carduus_nutans,-2.54,0.504,Hurdle_cond,T0-T2,DIST,1,percapita_repro,1.235991459500605
Centaurea_jacea,-2.289,0.26,Hurdle_cond,T0-T2,DIST,1,FirstStepAtt,-0.6368104471974831
Centaurea_jacea,-2.289,0.26,Hurdle_cond,T0-T2,DIST,1,Lambda,0.9157150879324937
Centaurea_jacea,-2.289,0.26,Hurdle_cond,T0-T2,DIST,1,Lmax,2.4003251984703664
Centaurea_jacea,-2.289,0.26,Hurdle_cond,T0-T2,DIST,1,Lmean,1.372271579332501
Centaurea_jacea,-2.289,0.26,Hurdle_cond,T0-T2,DIST,1,R0,-3.4842742317189583
Centaurea_jacea,-2.289,0.26,Hurdle_cond,T0-T2,DIST,1,Reactivity,0.4168576413811439
Centaurea_jacea,-2.289,0.26,Hurdle_cond,T0-T2,DIST,1,T_generation,2.978872381362829
Centaurea_jacea,-2.289,0.26,Hurdle_cond,T0-T2,DIST,1,age_repro,1.6363011514297372
Centaurea_jacea,-2.289,0.26,Hurdle_cond,T0-T2,DIST,1,percapita_repro,-1.7828083742933423
Cerastium_fontanum,-2.379,0.186,Hurdle_cond,T0-T2,DIST,1,FirstStepAtt,-2.696031853083466
Cerastium_fontanum,-2.379,0.186,Hurdle_cond,T0-T2,DIST,1,Lambda,NA
Cerastium_fontanum,-2.379,0.186,Hurdle_cond,T0-T2,DIST,1,Lmax,0
Cerastium_fontanum,-2.379,0.186,Hurdle_cond,T0-T2,DIST,1,Lmean,0
Cerastium_fontanum,-2.379,0.186,Hurdle_cond,T0-T2,DIST,1,R0,1.5184623246973081
Cerastium_fontanum,-2.379,0.186,Hurdle_cond,T0-T2,DIST,1,Reactivity,3.027270925563423
Cerastium_fontanum,-2.379,0.186,Hurdle_cond,T0-T2,DIST,1,T_generation,0.005048904923272251
Cerastium_fontanum,-2.379,0.186,Hurdle_cond,T0-T2,DIST,1,age_repro,0.8873031950009029
Cerastium_fontanum,-2.379,0.186,Hurdle_cond,T0-T2,DIST,1,percapita_repro,4.522657764413627
Cirsium_arvense,-1.992,0.212,Hurdle_cond,T0-T2,DIST,1,FirstStepAtt,-3.3290015249469986
Cirsium_arvense,-1.992,0.212,Hurdle_cond,T0-T2,DIST,1,Lambda,NA
Cirsium_arvense,-1.992,0.212,Hurdle_cond,T0-T2,DIST,1,Lmax,1.0986122886681098
Cirsium_arvense,-1.992,0.212,Hurdle_cond,T0-T2,DIST,1,Lmean,0.1699960817758222
Cirsium_arvense,-1.992,0.212,Hurdle_cond,T0-T2,DIST,1,R0,3.228914980534981
Cirsium_arvense,-1.992,0.212,Hurdle_cond,T0-T2,DIST,1,Reactivity,4.0664130997692896
Cirsium_arvense,-1.992,0.212,Hurdle_cond,T0-T2,DIST,1,T_generation,0.770361224737239
Cirsium_arvense,-1.992,0.212,Hurdle_cond,T0-T2,DIST,1,age_repro,1.162546762671639
Cirsium_arvense,-1.992,0.212,Hurdle_cond,T0-T2,DIST,1,percapita_repro,5.427985054670073
Cirsium_palustre,-2.54,0.455,Hurdle_cond,T0-T2,DIST,1,FirstStepAtt,-2.5937654771378242
Cirsium_palustre,-2.54,0.455,Hurdle_cond,T0-T2,DIST,1,Lambda,1.4428002172428838
Cirsium_palustre,-2.54,0.455,Hurdle_cond,T0-T2,DIST,1,Lmax,1.5273118956910914
Cirsium_palustre,-2.54,0.455,Hurdle_cond,T0-T2,DIST,1,Lmean,0.20135107219302092
Cirsium_palustre,-2.54,0.455,Hurdle_cond,T0-T2,DIST,1,R0,1.2807231364002394
Cirsium_palustre,-2.54,0.455,Hurdle_cond,T0-T2,DIST,1,Reactivity,4.898747288058176
Cirsium_palustre,-2.54,0.455,Hurdle_cond,T0-T2,DIST,1,T_generation,1.2255759905166657
Cirsium_palustre,-2.54,0.455,Hurdle_cond,T0-T2,DIST,1,age_repro,1.534647496889771
Cirsium_palustre,-2.54,0.455,Hurdle_cond,T0-T2,DIST,1,percapita_repro,4.957313127808717
Cirsium_vulgare,-2.207,0.3,Hurdle_cond,T0-T2,DIST,1,FirstStepAtt,-3.1910655226282234
Cirsium_vulgare,-2.207,0.3,Hurdle_cond,T0-T2,DIST,1,Lambda,0.7844344795818798
Cirsium_vulgare,-2.207,0.3,Hurdle_cond,T0-T2,DIST,1,Lmax,1.507973248367974
Cirsium_vulgare,-2.207,0.3,Hurdle_cond,T0-T2,DIST,1,Lmean,0.3479988332516422
Cirsium_vulgare,-2.207,0.3,Hurdle_cond,T0-T2,DIST,1,R0,-1.420279247517773
Cirsium_vulgare,-2.207,0.3,Hurdle_cond,T0-T2,DIST,1,Reactivity,2.641485998869525
Cirsium_vulgare,-2.207,0.3,Hurdle_cond,T0-T2,DIST,1,T_generation,1.4828783988333107
Cirsium_vulgare,-2.207,0.3,Hurdle_cond,T0-T2,DIST,1,age_repro,0.9323966804077027
Cirsium_vulgare,-2.207,0.3,Hurdle_cond,T0-T2,DIST,1,percapita_repro,1.89963041219607
Daucus_carota,-2.309,0.215,Hurdle_cond,T0-T2,DIST,1,FirstStepAtt,-4.040610337013186
Daucus_carota,-2.309,0.215,Hurdle_cond,T0-T2,DIST,1,Lambda,1.7161044748521754
Daucus_carota,-2.309,0.215,Hurdle_cond,T0-T2,DIST,1,Lmax,1.0986122886681098
Daucus_carota,-2.309,0.215,Hurdle_cond,T0-T2,DIST,1,Lmean,0.31834252276646996
Daucus_carota,-2.309,0.215,Hurdle_cond,T0-T2,DIST,1,R0,1.8196701629274532
Daucus_carota,-2.309,0.215,Hurdle_cond,T0-T2,DIST,1,Reactivity,NA
Daucus_carota,-2.309,0.215,Hurdle_cond,T0-T2,DIST,1,T_generation,1.189773196967312
Daucus_carota,-2.309,0.215,Hurdle_cond,T0-T2,DIST,1,age_repro,1.431272611901774
Daucus_carota,-2.309,0.215,Hurdle_cond,T0-T2,DIST,1,percapita_repro,NA
Echium_vulgare,-2.541,0.371,Hurdle_cond,T0-T2,DIST,1,FirstStepAtt,-1.4808281568478856
Echium_vulgare,-2.541,0.371,Hurdle_cond,T0-T2,DIST,1,Lambda,1.5475980030086196
Echium_vulgare,-2.541,0.371,Hurdle_cond,T0-T2,DIST,1,Lmax,1.3862943611198906
Echium_vulgare,-2.541,0.371,Hurdle_cond,T0-T2,DIST,1,Lmean,0.5010758488001461
Echium_vulgare,-2.541,0.371,Hurdle_cond,T0-T2,DIST,1,R0,1.6034012709220467
Echium_vulgare,-2.541,0.371,Hurdle_cond,T0-T2,DIST,1,Reactivity,3.2663741200499037
Echium_vulgare,-2.541,0.371,Hurdle_cond,T0-T2,DIST,1,T_generation,1.2871395045757101
Echium_vulgare,-2.541,0.371,Hurdle_cond,T0-T2,DIST,1,age_repro,1.3132909952863716
Echium_vulgare,-2.541,0.371,Hurdle_cond,T0-T2,DIST,1,percapita_repro,3.7030781735137492
Elymus_repens,-2.065,0.198,Hurdle_cond,T0-T2,DIST,1,FirstStepAtt,-19.608981934788076
Elymus_repens,-2.065,0.198,Hurdle_cond,T0-T2,DIST,1,Lambda,NA
Elymus_repens,-2.065,0.198,Hurdle_cond,T0-T2,DIST,1,Lmax,0.6931471805599453
Elymus_repens,-2.065,0.198,Hurdle_cond,T0-T2,DIST,1,Lmean,0.34830572665687204
Elymus_repens,-2.065,0.198,Hurdle_cond,T0-T2,DIST,1,R0,4.306802628082906
Elymus_repens,-2.065,0.198,Hurdle_cond,T0-T2,DIST,1,Reactivity,NA
Elymus_repens,-2.065,0.198,Hurdle_cond,T0-T2,DIST,1,T_generation,0.00771453240913415
Elymus_repens,-2.065,0.198,Hurdle_cond,T0-T2,DIST,1,age_repro,0
Elymus_repens,-2.065,0.198,Hurdle_cond,T0-T2,DIST,1,percapita_repro,-5.74205469871386
Erigeron_canadensis,-2.591,0.241,Hurdle_cond,T0-T2,DIST,1,FirstStepAtt,-2.9940372183428647
Erigeron_canadensis,-2.591,0.241,Hurdle_cond,T0-T2,DIST,1,Lambda,NA
Erigeron_canadensis,-2.591,0.241,Hurdle_cond,T0-T2,DIST,1,Lmax,0
Erigeron_canadensis,-2.591,0.241,Hurdle_cond,T0-T2,DIST,1,Lmean,0
Erigeron_canadensis,-2.591,0.241,Hurdle_cond,T0-T2,DIST,1,R0,2.750423016465953
Erigeron_canadensis,-2.591,0.241,Hurdle_cond,T0-T2,DIST,1,Reactivity,3.7256901124743216
Erigeron_canadensis,-2.591,0.241,Hurdle_cond,T0-T2,DIST,1,T_generation,0.1300250884192771
Erigeron_canadensis,-2.591,0.241,Hurdle_cond,T0-T2,DIST,1,age_repro,0.9159908368351705
Erigeron_canadensis,-2.591,0.241,Hurdle_cond,T0-T2,DIST,1,percapita_repro,5.684089841310465
Knautia_arvensis,-1.97,0.334,Hurdle_cond,T0-T2,DIST,1,FirstStepAtt,-2.9563737542749036
Knautia_arvensis,-1.97,0.334,Hurdle_cond,T0-T2,DIST,1,Lambda,0.30764990872892983
Knautia_arvensis,-1.97,0.334,Hurdle_cond,T0-T2,DIST,1,Lmax,0.6931471805599453
Knautia_arvensis,-1.97,0.334,Hurdle_cond,T0-T2,DIST,1,Lmean,0.022139719151234638
Knautia_arvensis,-1.97,0.334,Hurdle_cond,T0-T2,DIST,1,R0,-9.95071325619903
Knautia_arvensis,-1.97,0.334,Hurdle_cond,T0-T2,DIST,1,Reactivity,0.35097071858090523
Knautia_arvensis,-1.97,0.334,Hurdle_cond,T0-T2,DIST,1,T_generation,NA
Knautia_arvensis,-1.97,0.334,Hurdle_cond,T0-T2,DIST,1,age_repro,0.9322894183877876
Knautia_arvensis,-1.97,0.334,Hurdle_cond,T0-T2,DIST,1,percapita_repro,-4.367646677748796
Lactuca_serriola,-2.322,0.432,Hurdle_cond,T0-T2,DIST,1,FirstStepAtt,-2.5276283678174485
Lactuca_serriola,-2.322,0.432,Hurdle_cond,T0-T2,DIST,1,Lambda,NA
Lactuca_serriola,-2.322,0.432,Hurdle_cond,T0-T2,DIST,1,Lmax,0
Lactuca_serriola,-2.322,0.432,Hurdle_cond,T0-T2,DIST,1,Lmean,0
Lactuca_serriola,-2.322,0.432,Hurdle_cond,T0-T2,DIST,1,R0,2.961708269076509
Lactuca_serriola,-2.322,0.432,Hurdle_cond,T0-T2,DIST,1,Reactivity,5.096932718325193
Lactuca_serriola,-2.322,0.432,Hurdle_cond,T0-T2,DIST,1,T_generation,0.08738433516364566
Lactuca_serriola,-2.322,0.432,Hurdle_cond,T0-T2,DIST,1,age_repro,1.2839753424841123
Lactuca_serriola,-2.322,0.432,Hurdle_cond,T0-T2,DIST,1,percapita_repro,7.147653680580111
Linum_catharticum,-2.321,0.359,Hurdle_cond,T0-T2,DIST,1,FirstStepAtt,-3.1953085121694222
Linum_catharticum,-2.321,0.359,Hurdle_cond,T0-T2,DIST,1,Lambda,NA
Linum_catharticum,-2.321,0.359,Hurdle_cond,T0-T2,DIST,1,Lmax,2.0794415416798357
Linum_catharticum,-2.321,0.359,Hurdle_cond,T0-T2,DIST,1,Lmean,0.7715798705141755
Linum_catharticum,-2.321,0.359,Hurdle_cond,T0-T2,DIST,1,R0,1.7942778474769046
Linum_catharticum,-2.321,0.359,Hurdle_cond,T0-T2,DIST,1,Reactivity,3.8165083573910685
Linum_catharticum,-2.321,0.359,Hurdle_cond,T0-T2,DIST,1,T_generation,0.3007917133047998
Linum_catharticum,-2.321,0.359,Hurdle_cond,T0-T2,DIST,1,age_repro,0.7034715243015948
Linum_catharticum,-2.321,0.359,Hurdle_cond,T0-T2,DIST,1,percapita_repro,3.0328521355315146
Myosotis_ramosissima,-2.336,0.526,Hurdle_cond,T0-T2,DIST,1,FirstStepAtt,-3.6870030575668453
Myosotis_ramosissima,-2.336,0.526,Hurdle_cond,T0-T2,DIST,1,Lambda,1.4558843238144925
Myosotis_ramosissima,-2.336,0.526,Hurdle_cond,T0-T2,DIST,1,Lmax,0
Myosotis_ramosissima,-2.336,0.526,Hurdle_cond,T0-T2,DIST,1,Lmean,0
Myosotis_ramosissima,-2.336,0.526,Hurdle_cond,T0-T2,DIST,1,R0,1.3761933951892638
Myosotis_ramosissima,-2.336,0.526,Hurdle_cond,T0-T2,DIST,1,Reactivity,0.48764865977290195
Myosotis_ramosissima,-2.336,0.526,Hurdle_cond,T0-T2,DIST,1,T_generation,0.01373447854635909
Myosotis_ramosissima,-2.336,0.526,Hurdle_cond,T0-T2,DIST,1,age_repro,0.7154702161542037
Myosotis_ramosissima,-2.336,0.526,Hurdle_cond,T0-T2,DIST,1,percapita_repro,1.826732983425593
Picris_hieracioides,-1.808,0.255,Hurdle_cond,T0-T2,DIST,1,FirstStepAtt,-4.012603074068455
Picris_hieracioides,-1.808,0.255,Hurdle_cond,T0-T2,DIST,1,Lambda,0.8846497432296888
Picris_hieracioides,-1.808,0.255,Hurdle_cond,T0-T2,DIST,1,Lmax,0.6931471805599453
Picris_hieracioides,-1.808,0.255,Hurdle_cond,T0-T2,DIST,1,Lmean,0.025497751793431413
Picris_hieracioides,-1.808,0.255,Hurdle_cond,T0-T2,DIST,1,R0,-0.5012341883972119
Picris_hieracioides,-1.808,0.255,Hurdle_cond,T0-T2,DIST,1,Reactivity,5.739334580340472
Picris_hieracioides,-1.808,0.255,Hurdle_cond,T0-T2,DIST,1,T_generation,1.4151934417967609
Picris_hieracioides,-1.808,0.255,Hurdle_cond,T0-T2,DIST,1,age_repro,1.5430234695350933
Picris_hieracioides,-1.808,0.255,Hurdle_cond,T0-T2,DIST,1,percapita_repro,5.616771097666572
Pimpinella_saxifraga,-1.904,0.321,Hurdle_cond,T0-T2,DIST,1,FirstStepAtt,-0.5923077657542145
Pimpinella_saxifraga,-1.904,0.321,Hurdle_cond,T0-T2,DIST,1,Lambda,0.9547406316474246
Pimpinella_saxifraga,-1.904,0.321,Hurdle_cond,T0-T2,DIST,1,Lmax,3.2778313935718644
Pimpinella_saxifraga,-1.904,0.321,Hurdle_cond,T0-T2,DIST,1,Lmean,1.3985454207581607
Pimpinella_saxifraga,-1.904,0.321,Hurdle_cond,T0-T2,DIST,1,R0,-0.7090626241047243
Pimpinella_saxifraga,-1.904,0.321,Hurdle_cond,T0-T2,DIST,1,Reactivity,0.9233752615973373
Pimpinella_saxifraga,-1.904,0.321,Hurdle_cond,T0-T2,DIST,1,T_generation,2.775613869924522
Pimpinella_saxifraga,-1.904,0.321,Hurdle_cond,T0-T2,DIST,1,age_repro,1.7819632124517442
Pimpinella_saxifraga,-1.904,0.321,Hurdle_cond,T0-T2,DIST,1,percapita_repro,-0.16356267781330006
Plantago_coronopus,-2.089,0.26,Hurdle_cond,T0-T2,DIST,1,FirstStepAtt,-1.0607821044920802
Plantago_coronopus,-2.089,0.26,Hurdle_cond,T0-T2,DIST,1,Lambda,0.8883340096307588
Plantago_coronopus,-2.089,0.26,Hurdle_cond,T0-T2,DIST,1,Lmax,1.907994489728227
Plantago_coronopus,-2.089,0.26,Hurdle_cond,T0-T2,DIST,1,Lmean,0.5836315540514999
Plantago_coronopus,-2.089,0.26,Hurdle_cond,T0-T2,DIST,1,R0,-0.7679497099488539
Plantago_coronopus,-2.089,0.26,Hurdle_cond,T0-T2,DIST,1,Reactivity,1.2700917455756846
Plantago_coronopus,-2.089,0.26,Hurdle_cond,T0-T2,DIST,1,T_generation,1.4792349913940708
Plantago_coronopus,-2.089,0.26,Hurdle_cond,T0-T2,DIST,1,age_repro,0.7227032675127357
Plantago_coronopus,-2.089,0.26,Hurdle_cond,T0-T2,DIST,1,percapita_repro,-0.1607889960080645
Plantago_media,-2.228,0.33,Hurdle_cond,T0-T2,DIST,1,FirstStepAtt,-2.5216721506920545
Plantago_media,-2.228,0.33,Hurdle_cond,T0-T2,DIST,1,Lambda,0.9166479924897526
Plantago_media,-2.228,0.33,Hurdle_cond,T0-T2,DIST,1,Lmax,1.7178918965462198
Plantago_media,-2.228,0.33,Hurdle_cond,T0-T2,DIST,1,Lmean,0.24009345509101096
Plantago_media,-2.228,0.33,Hurdle_cond,T0-T2,DIST,1,R0,-3.703632943874186
Plantago_media,-2.228,0.33,Hurdle_cond,T0-T2,DIST,1,Reactivity,0.9115891884505661
Plantago_media,-2.228,0.33,Hurdle_cond,T0-T2,DIST,1,T_generation,3.283074054166277
Plantago_media,-2.228,0.33,Hurdle_cond,T0-T2,DIST,1,age_repro,2.050568331584061
Plantago_media,-2.228,0.33,Hurdle_cond,T0-T2,DIST,1,percapita_repro,0.21247852101489456
Poa_alpina,-2.32,0.528,Hurdle_cond,T0-T2,DIST,1,FirstStepAtt,-0.6821869840767281
Poa_alpina,-2.32,0.528,Hurdle_cond,T0-T2,DIST,1,Lambda,0.9289514100594023
Poa_alpina,-2.32,0.528,Hurdle_cond,T0-T2,DIST,1,Lmax,3.3423058638339636
Poa_alpina,-2.32,0.528,Hurdle_cond,T0-T2,DIST,1,Lmean,1.53204966522348
Poa_alpina,-2.32,0.528,Hurdle_cond,T0-T2,DIST,1,R0,-1.2908410925748004
Poa_alpina,-2.32,0.528,Hurdle_cond,T0-T2,DIST,1,Reactivity,0.7212213077881131
Poa_alpina,-2.32,0.528,Hurdle_cond,T0-T2,DIST,1,T_generation,3.1870862370839936
Poa_alpina,-2.32,0.528,Hurdle_cond,T0-T2,DIST,1,age_repro,0.8494642415925806
Poa_alpina,-2.32,0.528,Hurdle_cond,T0-T2,DIST,1,percapita_repro,-2.1498564717132638
Potentilla_recta,-2.35,0.265,Hurdle_cond,T0-T2,DIST,1,FirstStepAtt,-1.207246625178343
Potentilla_recta,-2.35,0.265,Hurdle_cond,T0-T2,DIST,1,Lambda,1.3233051390988662
Potentilla_recta,-2.35,0.265,Hurdle_cond,T0-T2,DIST,1,Lmax,2.8995463272302633
Potentilla_recta,-2.35,0.265,Hurdle_cond,T0-T2,DIST,1,Lmean,1.114174982541197
Potentilla_recta,-2.35,0.265,Hurdle_cond,T0-T2,DIST,1,R0,-Inf
Potentilla_recta,-2.35,0.265,Hurdle_cond,T0-T2,DIST,1,Reactivity,2.3355670141886495
Potentilla_recta,-2.35,0.265,Hurdle_cond,T0-T2,DIST,1,T_generation,1.12856647634655
Potentilla_recta,-2.35,0.265,Hurdle_cond,T0-T2,DIST,1,age_repro,1.470241457035962
Potentilla_recta,-2.35,0.265,Hurdle_cond,T0-T2,DIST,1,percapita_repro,5.184136566294191
Primula_elatior,-2.34,0.432,Hurdle_cond,T0-T2,DIST,1,FirstStepAtt,-2.5752591198739894
Primula_elatior,-2.34,0.432,Hurdle_cond,T0-T2,DIST,1,Lambda,1.0243599289476764
Primula_elatior,-2.34,0.432,Hurdle_cond,T0-T2,DIST,1,Lmax,3.078214221499716
Primula_elatior,-2.34,0.432,Hurdle_cond,T0-T2,DIST,1,Lmean,0.934868660605433
Primula_elatior,-2.34,0.432,Hurdle_cond,T0-T2,DIST,1,R0,-0.19834378876572734
Primula_elatior,-2.34,0.432,Hurdle_cond,T0-T2,DIST,1,Reactivity,1.2375774274497275
Primula_elatior,-2.34,0.432,Hurdle_cond,T0-T2,DIST,1,T_generation,2.7743429427827526
Primula_elatior,-2.34,0.432,Hurdle_cond,T0-T2,DIST,1,age_repro,1.5965918444925693
Primula_elatior,-2.34,0.432,Hurdle_cond,T0-T2,DIST,1,percapita_repro,0.6906312588074859
Primula_veris,-2.251,0.406,Hurdle_cond,T0-T2,DIST,1,FirstStepAtt,-3.0996415326914413
Primula_veris,-2.251,0.406,Hurdle_cond,T0-T2,DIST,1,Lambda,0.9177166512186883
Primula_veris,-2.251,0.406,Hurdle_cond,T0-T2,DIST,1,Lmax,1.777554626801171
Primula_veris,-2.251,0.406,Hurdle_cond,T0-T2,DIST,1,Lmean,0.3457340899605148
Primula_veris,-2.251,0.406,Hurdle_cond,T0-T2,DIST,1,R0,-3.5312053848310136
Primula_veris,-2.251,0.406,Hurdle_cond,T0-T2,DIST,1,Reactivity,1.8406103144604358
Primula_veris,-2.251,0.406,Hurdle_cond,T0-T2,DIST,1,T_generation,3.2661511301743356
Primula_veris,-2.251,0.406,Hurdle_cond,T0-T2,DIST,1,age_repro,2.1007008996065113
Primula_veris,-2.251,0.406,Hurdle_cond,T0-T2,DIST,1,percapita_repro,1.3057574210790406
Ranunculus_acris,-2.346,0.201,Hurdle_cond,T0-T2,DIST,1,FirstStepAtt,-2.223673155588096
Ranunculus_acris,-2.346,0.201,Hurdle_cond,T0-T2,DIST,1,Lambda,1.1474253581153837
Ranunculus_acris,-2.346,0.201,Hurdle_cond,T0-T2,DIST,1,Lmax,1.791759469228055
Ranunculus_acris,-2.346,0.201,Hurdle_cond,T0-T2,DIST,1,Lmean,0.2694368352850544
Ranunculus_acris,-2.346,0.201,Hurdle_cond,T0-T2,DIST,1,R0,0.4291243489821683
Ranunculus_acris,-2.346,0.201,Hurdle_cond,T0-T2,DIST,1,Reactivity,1.8978523971700296
Ranunculus_acris,-2.346,0.201,Hurdle_cond,T0-T2,DIST,1,T_generation,1.3335494740785472
Ranunculus_acris,-2.346,0.201,Hurdle_cond,T0-T2,DIST,1,age_repro,1.1167312512505851
Ranunculus_acris,-2.346,0.201,Hurdle_cond,T0-T2,DIST,1,percapita_repro,1.9401794743463283
Salsola_kali,-2.388,0.52,Hurdle_cond,T0-T2,DIST,1,FirstStepAtt,-7.237614553412407
Salsola_kali,-2.388,0.52,Hurdle_cond,T0-T2,DIST,1,Lambda,0.5896874965204653
Salsola_kali,-2.388,0.52,Hurdle_cond,T0-T2,DIST,1,Lmax,1.0986122886681098
Salsola_kali,-2.388,0.52,Hurdle_cond,T0-T2,DIST,1,Lmean,0.6329527878317025
Salsola_kali,-2.388,0.52,Hurdle_cond,T0-T2,DIST,1,R0,-3.1690448866467187
Salsola_kali,-2.388,0.52,Hurdle_cond,T0-T2,DIST,1,Reactivity,NA
Salsola_kali,-2.388,0.52,Hurdle_cond,T0-T2,DIST,1,T_generation,1.7917877371801425
Salsola_kali,-2.388,0.52,Hurdle_cond,T0-T2,DIST,1,age_repro,1.7917761374226397
Salsola_kali,-2.388,0.52,Hurdle_cond,T0-T2,DIST,1,percapita_repro,NA
Sphaeralcea_coccinea,-2.154,0.332,Hurdle_cond,T0-T2,DIST,1,FirstStepAtt,-0.021668930362796438
Sphaeralcea_coccinea,-2.154,0.332,Hurdle_cond,T0-T2,DIST,1,Lambda,0.9140916052986946
Sphaeralcea_coccinea,-2.154,0.332,Hurdle_cond,T0-T2,DIST,1,Lmax,1.1291966833851346
Sphaeralcea_coccinea,-2.154,0.332,Hurdle_cond,T0-T2,DIST,1,Lmean,0.18479959171993668
Sphaeralcea_coccinea,-2.154,0.332,Hurdle_cond,T0-T2,DIST,1,R0,-0.1631566065473073
Sphaeralcea_coccinea,-2.154,0.332,Hurdle_cond,T0-T2,DIST,1,Reactivity,0.06479482429602482
Sphaeralcea_coccinea,-2.154,0.332,Hurdle_cond,T0-T2,DIST,1,T_generation,0.2422469272637918
Sphaeralcea_coccinea,-2.154,0.332,Hurdle_cond,T0-T2,DIST,1,age_repro,0
Sphaeralcea_coccinea,-2.154,0.332,Hurdle_cond,T0-T2,DIST,1,percapita_repro,-0.347956198267244
Stenaria_nigricans,-1.952,0.367,Hurdle_cond,T0-T2,DIST,1,FirstStepAtt,-0.001506241946231945
Stenaria_nigricans,-1.952,0.367,Hurdle_cond,T0-T2,DIST,1,Lambda,0.9901413361648121
Stenaria_nigricans,-1.952,0.367,Hurdle_cond,T0-T2,DIST,1,Lmax,0.8841014310483891
Stenaria_nigricans,-1.952,0.367,Hurdle_cond,T0-T2,DIST,1,Lmean,0.1061701762787086
Stenaria_nigricans,-1.952,0.367,Hurdle_cond,T0-T2,DIST,1,R0,0.21085254589803137
Stenaria_nigricans,-1.952,0.367,Hurdle_cond,T0-T2,DIST,1,Reactivity,0.009202684809058356
Stenaria_nigricans,-1.952,0.367,Hurdle_cond,T0-T2,DIST,1,T_generation,0.10216634557653176
Stenaria_nigricans,-1.952,0.367,Hurdle_cond,T0-T2,DIST,1,age_repro,0
Stenaria_nigricans,-1.952,0.367,Hurdle_cond,T0-T2,DIST,1,percapita_repro,0.10468236961932272
Taraxacum_campylodes,-2.225,0.382,Hurdle_cond,T0-T2,DIST,1,FirstStepAtt,-2.3531148413315983
Taraxacum_campylodes,-2.225,0.382,Hurdle_cond,T0-T2,DIST,1,Lambda,0.08041791145870329
Taraxacum_campylodes,-2.225,0.382,Hurdle_cond,T0-T2,DIST,1,Lmax,0.5493061443340549
Taraxacum_campylodes,-2.225,0.382,Hurdle_cond,T0-T2,DIST,1,Lmean,0.06773896227809098
Taraxacum_campylodes,-2.225,0.382,Hurdle_cond,T0-T2,DIST,1,R0,-Inf
Taraxacum_campylodes,-2.225,0.382,Hurdle_cond,T0-T2,DIST,1,Reactivity,2.4046693226371185
Taraxacum_campylodes,-2.225,0.382,Hurdle_cond,T0-T2,DIST,1,T_generation,NA
Taraxacum_campylodes,-2.225,0.382,Hurdle_cond,T0-T2,DIST,1,age_repro,0
Taraxacum_campylodes,-2.225,0.382,Hurdle_cond,T0-T2,DIST,1,percapita_repro,-11.213549524439351
Thymus_vulgaris,-2.349,0.379,Hurdle_cond,T0-T2,DIST,1,FirstStepAtt,-0.005866973847378982
Thymus_vulgaris,-2.349,0.379,Hurdle_cond,T0-T2,DIST,1,Lambda,0.9926751959162854
Thymus_vulgaris,-2.349,0.379,Hurdle_cond,T0-T2,DIST,1,Lmax,5.964961904446033
Thymus_vulgaris,-2.349,0.379,Hurdle_cond,T0-T2,DIST,1,Lmean,4.459892288650257
Thymus_vulgaris,-2.349,0.379,Hurdle_cond,T0-T2,DIST,1,R0,-1.07189733945768
Thymus_vulgaris,-2.349,0.379,Hurdle_cond,T0-T2,DIST,1,Reactivity,0.010349758754626258
Thymus_vulgaris,-2.349,0.379,Hurdle_cond,T0-T2,DIST,1,T_generation,NA
Thymus_vulgaris,-2.349,0.379,Hurdle_cond,T0-T2,DIST,1,age_repro,NA
Thymus_vulgaris,-2.349,0.379,Hurdle_cond,T0-T2,DIST,1,percapita_repro,-5.143380039347928
Verbascum_thapsus,-2.096,0.492,Hurdle_cond,T0-T2,DIST,1,FirstStepAtt,-4.012613096092431
Verbascum_thapsus,-2.096,0.492,Hurdle_cond,T0-T2,DIST,1,Lambda,NA
Verbascum_thapsus,-2.096,0.492,Hurdle_cond,T0-T2,DIST,1,Lmax,0.6931471805599453
Verbascum_thapsus,-2.096,0.492,Hurdle_cond,T0-T2,DIST,1,Lmean,0.05129369438747054
Verbascum_thapsus,-2.096,0.492,Hurdle_cond,T0-T2,DIST,1,R0,3.381715911075376
Verbascum_thapsus,-2.096,0.492,Hurdle_cond,T0-T2,DIST,1,Reactivity,NA
Verbascum_thapsus,-2.096,0.492,Hurdle_cond,T0-T2,DIST,1,T_generation,0.7764348966557838
Verbascum_thapsus,-2.096,0.492,Hurdle_cond,T0-T2,DIST,1,age_repro,2.5523449856956373
Verbascum_thapsus,-2.096,0.492,Hurdle_cond,T0-T2,DIST,1,percapita_repro,NA
Veronica_arvensis,-2.614,0.214,Hurdle_cond,T0-T2,DIST,1,FirstStepAtt,-1.3609972168245543
Veronica_arvensis,-2.614,0.214,Hurdle_cond,T0-T2,DIST,1,Lambda,1.0575348190993947
Veronica_arvensis,-2.614,0.214,Hurdle_cond,T0-T2,DIST,1,Lmax,0.12924850454918937
Veronica_arvensis,-2.614,0.214,Hurdle_cond,T0-T2,DIST,1,Lmean,0.05244694819316372
Veronica_arvensis,-2.614,0.214,Hurdle_cond,T0-T2,DIST,1,R0,-0.014999404757933849
Veronica_arvensis,-2.614,0.214,Hurdle_cond,T0-T2,DIST,1,Reactivity,1.7913324339405632
Veronica_arvensis,-2.614,0.214,Hurdle_cond,T0-T2,DIST,1,T_generation,0.41785049626112153
Veronica_arvensis,-2.614,0.214,Hurdle_cond,T0-T2,DIST,1,age_repro,0.8907769885320955
Veronica_arvensis,-2.614,0.214,Hurdle_cond,T0-T2,DIST,1,percapita_repro,1.8152156216155975
Acer_saccharum,-2.162,0.479,Hurdle_zi,T0-T2,DIST,1,FirstStepAtt,-0.13633162397836543
Acer_saccharum,-2.162,0.479,Hurdle_zi,T0-T2,DIST,1,Lambda,1.7751478346888434
Acer_saccharum,-2.162,0.479,Hurdle_zi,T0-T2,DIST,1,Lmax,5.5871025137026376
Acer_saccharum,-2.162,0.479,Hurdle_zi,T0-T2,DIST,1,Lmean,5.240241348413525
Acer_saccharum,-2.162,0.479,Hurdle_zi,T0-T2,DIST,1,R0,6.4970270462927875
Acer_saccharum,-2.162,0.479,Hurdle_zi,T0-T2,DIST,1,Reactivity,0.11239532885872887
Acer_saccharum,-2.162,0.479,Hurdle_zi,T0-T2,DIST,1,T_generation,1.6297372686170404
Acer_saccharum,-2.162,0.479,Hurdle_zi,T0-T2,DIST,1,age_repro,2.5048380603456604
Acer_saccharum,-2.162,0.479,Hurdle_zi,T0-T2,DIST,1,percapita_repro,-0.15190606423970499
Agrimonia_eupatoria,-1.902,0.293,Hurdle_zi,T0-T2,DIST,1,FirstStepAtt,-0.40426778811109665
Agrimonia_eupatoria,-1.902,0.293,Hurdle_zi,T0-T2,DIST,1,Lambda,0.99064442494128635
Agrimonia_eupatoria,-1.902,0.293,Hurdle_zi,T0-T2,DIST,1,Lmax,4.5330412476880015
Agrimonia_eupatoria,-1.902,0.293,Hurdle_zi,T0-T2,DIST,1,Lmean,2.276623485281897
Agrimonia_eupatoria,-1.902,0.293,Hurdle_zi,T0-T2,DIST,1,R0,-0.38127020833005776
Agrimonia_eupatoria,-1.902,0.293,Hurdle_zi,T0-T2,DIST,1,Reactivity,0.19207496843703886
Agrimonia_eupatoria,-1.902,0.293,Hurdle_zi,T0-T2,DIST,1,T_generation,3.6207086258222283
Agrimonia_eupatoria,-1.902,0.293,Hurdle_zi,T0-T2,DIST,1,age_repro,2.087394345070076
Agrimonia_eupatoria,-1.902,0.293,Hurdle_zi,T0-T2,DIST,1,percapita_repro,-1.5661843426366495
Ailanthus_altissima,-2.1,0.534,Hurdle_zi,T0-T2,DIST,1,FirstStepAtt,-4.2648886715454815
Ailanthus_altissima,-2.1,0.534,Hurdle_zi,T0-T2,DIST,1,Lambda,1.9212389388134612
Ailanthus_altissima,-2.1,0.534,Hurdle_zi,T0-T2,DIST,1,Lmax,1.791759469228055
Ailanthus_altissima,-2.1,0.534,Hurdle_zi,T0-T2,DIST,1,Lmean,0.5447271754416722
Ailanthus_altissima,-2.1,0.534,Hurdle_zi,T0-T2,DIST,1,R0,3.781257113389695
Ailanthus_altissima,-2.1,0.534,Hurdle_zi,T0-T2,DIST,1,Reactivity,NA
Ailanthus_altissima,-2.1,0.534,Hurdle_zi,T0-T2,DIST,1,T_generation,1.7128362023285355
Ailanthus_altissima,-2.1,0.534,Hurdle_zi,T0-T2,DIST,1,age_repro,1.791759469228055
Ailanthus_altissima,-2.1,0.534,Hurdle_zi,T0-T2,DIST,1,percapita_repro,NA
Allium_vineale,-2.142,0.444,Hurdle_zi,T0-T2,DIST,1,FirstStepAtt,-2.036030904211625
Allium_vineale,-2.142,0.444,Hurdle_zi,T0-T2,DIST,1,Lambda,1.170906773884173
Allium_vineale,-2.142,0.444,Hurdle_zi,T0-T2,DIST,1,Lmax,1.0986122886681098
Allium_vineale,-2.142,0.444,Hurdle_zi,T0-T2,DIST,1,Lmean,0.16647352389668973
Allium_vineale,-2.142,0.444,Hurdle_zi,T0-T2,DIST,1,R0,0.3408368280021561
Allium_vineale,-2.142,0.444,Hurdle_zi,T0-T2,DIST,1,Reactivity,2.1940830508207325
Allium_vineale,-2.142,0.444,Hurdle_zi,T0-T2,DIST,1,T_generation,0.7635325690826141
Allium_vineale,-2.142,0.444,Hurdle_zi,T0-T2,DIST,1,age_repro,1.2000990079409088
Allium_vineale,-2.142,0.444,Hurdle_zi,T0-T2,DIST,1,percapita_repro,2.3368650630604555
Andropogon_gerardii,-0.781,0.284,Hurdle_zi,T0-T2,DIST,1,FirstStepAtt,-1.1908608264270113
Andropogon_gerardii,-0.781,0.284,Hurdle_zi,T0-T2,DIST,1,Lambda,1.5058732521698401
Andropogon_gerardii,-0.781,0.284,Hurdle_zi,T0-T2,DIST,1,Lmax,1.764891121214301
Andropogon_gerardii,-0.781,0.284,Hurdle_zi,T0-T2,DIST,1,Lmean,0.6723210807858808
Andropogon_gerardii,-0.781,0.284,Hurdle_zi,T0-T2,DIST,1,R0,0.8354773555720532
Andropogon_gerardii,-0.781,0.284,Hurdle_zi,T0-T2,DIST,1,Reactivity,1.7926841280473302
Andropogon_gerardii,-0.781,0.284,Hurdle_zi,T0-T2,DIST,1,T_generation,0.7395193223181743
Andropogon_gerardii,-0.781,0.284,Hurdle_zi,T0-T2,DIST,1,age_repro,0.7862530575220442
Andropogon_gerardii,-0.781,0.284,Hurdle_zi,T0-T2,DIST,1,percapita_repro,2.0924307697315556
Arenaria_serpyllifolia,-1.612,0.308,Hurdle_zi,T0-T2,DIST,1,FirstStepAtt,-2.2176497264357233
Arenaria_serpyllifolia,-1.612,0.308,Hurdle_zi,T0-T2,DIST,1,Lambda,0.860684361881849
Arenaria_serpyllifolia,-1.612,0.308,Hurdle_zi,T0-T2,DIST,1,Lmax,0
Arenaria_serpyllifolia,-1.612,0.308,Hurdle_zi,T0-T2,DIST,1,Lmean,0
Arenaria_serpyllifolia,-1.612,0.308,Hurdle_zi,T0-T2,DIST,1,R0,0.13128547046852534
Arenaria_serpyllifolia,-1.612,0.308,Hurdle_zi,T0-T2,DIST,1,Reactivity,2.5929750386335604
Arenaria_serpyllifolia,-1.612,0.308,Hurdle_zi,T0-T2,DIST,1,T_generation,0.1698858306660028
Arenaria_serpyllifolia,-1.612,0.308,Hurdle_zi,T0-T2,DIST,1,age_repro,0.8303384136066279
Arenaria_serpyllifolia,-1.612,0.308,Hurdle_zi,T0-T2,DIST,1,percapita_repro,2.639396025140823
Armeria_maritima,-2.197,0.393,Hurdle_zi,T0-T2,DIST,1,FirstStepAtt,-2.2414258727445264
Armeria_maritima,-2.197,0.393,Hurdle_zi,T0-T2,DIST,1,Lambda,1.4580438530642406
Armeria_maritima,-2.197,0.393,Hurdle_zi,T0-T2,DIST,1,Lmax,2.995732273553991
Armeria_maritima,-2.197,0.393,Hurdle_zi,T0-T2,DIST,1,Lmean,0.6122577291406874
Armeria_maritima,-2.197,0.393,Hurdle_zi,T0-T2,DIST,1,R0,4.4450836460525265
Armeria_maritima,-2.197,0.393,Hurdle_zi,T0-T2,DIST,1,Reactivity,5.495776723555246
Armeria_maritima,-2.197,0.393,Hurdle_zi,T0-T2,DIST,1,T_generation,2.0996042559618977
Armeria_maritima,-2.197,0.393,Hurdle_zi,T0-T2,DIST,1,age_repro,1.525500516347215
Armeria_maritima,-2.197,0.393,Hurdle_zi,T0-T2,DIST,1,percapita_repro,3.6172820201716607
Carduus_nutans,-2.258,0.518,Hurdle_zi,T0-T2,DIST,1,FirstStepAtt,-1.2021216175186678
Carduus_nutans,-2.258,0.518,Hurdle_zi,T0-T2,DIST,1,Lambda,0.7295404692944151
Carduus_nutans,-2.258,0.518,Hurdle_zi,T0-T2,DIST,1,Lmax,1.4856920935259144
Carduus_nutans,-2.258,0.518,Hurdle_zi,T0-T2,DIST,1,Lmean,0.48174117970979186
Carduus_nutans,-2.258,0.518,Hurdle_zi,T0-T2,DIST,1,R0,-0.392418382929946
Carduus_nutans,-2.258,0.518,Hurdle_zi,T0-T2,DIST,1,Reactivity,3.5334693001584365
Carduus_nutans,-2.258,0.518,Hurdle_zi,T0-T2,DIST,1,T_generation,1.1688465328823152
Carduus_nutans,-2.258,0.518,Hurdle_zi,T0-T2,DIST,1,age_repro,0.9011488671138399
Carduus_nutans,-2.258,0.518,Hurdle_zi,T0-T2,DIST,1,percapita_repro,1.235991459500605
Centaurea_jacea,-2.007,0.288,Hurdle_zi,T0-T2,DIST,1,FirstStepAtt,-0.6368104471974831
Centaurea_jacea,-2.007,0.288,Hurdle_zi,T0-T2,DIST,1,Lambda,0.9157150879324937
Centaurea_jacea,-2.007,0.288,Hurdle_zi,T0-T2,DIST,1,Lmax,2.4003251984703664
Centaurea_jacea,-2.007,0.288,Hurdle_zi,T0-T2,DIST,1,Lmean,1.372271579332501
Centaurea_jacea,-2.007,0.288,Hurdle_zi,T0-T2,DIST,1,R0,-3.4842742317189583
Centaurea_jacea,-2.007,0.288,Hurdle_zi,T0-T2,DIST,1,Reactivity,0.4168576413811439
Centaurea_jacea,-2.007,0.288,Hurdle_zi,T0-T2,DIST,1,T_generation,2.978872381362829
Centaurea_jacea,-2.007,0.288,Hurdle_zi,T0-T2,DIST,1,age_repro,1.6363011514297372
Centaurea_jacea,-2.007,0.288,Hurdle_zi,T0-T2,DIST,1,percapita_repro,-1.7828083742933423
Cerastium_fontanum,-2.097,0.222,Hurdle_zi,T0-T2,DIST,1,FirstStepAtt,-2.696031853083466
Cerastium_fontanum,-2.097,0.222,Hurdle_zi,T0-T2,DIST,1,Lambda,NA
Cerastium_fontanum,-2.097,0.222,Hurdle_zi,T0-T2,DIST,1,Lmax,0
Cerastium_fontanum,-2.097,0.222,Hurdle_zi,T0-T2,DIST,1,Lmean,0
Cerastium_fontanum,-2.097,0.222,Hurdle_zi,T0-T2,DIST,1,R0,1.5184623246973081
Cerastium_fontanum,-2.097,0.222,Hurdle_zi,T0-T2,DIST,1,Reactivity,3.027270925563423
Cerastium_fontanum,-2.097,0.222,Hurdle_zi,T0-T2,DIST,1,T_generation,0.005048904923272251
Cerastium_fontanum,-2.097,0.222,Hurdle_zi,T0-T2,DIST,1,age_repro,0.8873031950009029
Cerastium_fontanum,-2.097,0.222,Hurdle_zi,T0-T2,DIST,1,percapita_repro,4.522657764413627
Cirsium_arvense,-1.71,0.245,Hurdle_zi,T0-T2,DIST,1,FirstStepAtt,-3.3290015249469986
Cirsium_arvense,-1.71,0.245,Hurdle_zi,T0-T2,DIST,1,Lambda,NA
Cirsium_arvense,-1.71,0.245,Hurdle_zi,T0-T2,DIST,1,Lmax,1.0986122886681098
Cirsium_arvense,-1.71,0.245,Hurdle_zi,T0-T2,DIST,1,Lmean,0.1699960817758222
Cirsium_arvense,-1.71,0.245,Hurdle_zi,T0-T2,DIST,1,R0,3.228914980534981
Cirsium_arvense,-1.71,0.245,Hurdle_zi,T0-T2,DIST,1,Reactivity,4.0664130997692896
Cirsium_arvense,-1.71,0.245,Hurdle_zi,T0-T2,DIST,1,T_generation,0.770361224737239
Cirsium_arvense,-1.71,0.245,Hurdle_zi,T0-T2,DIST,1,age_repro,1.162546762671639
Cirsium_arvense,-1.71,0.245,Hurdle_zi,T0-T2,DIST,1,percapita_repro,5.427985054670073
Cirsium_palustre,-2.258,0.471,Hurdle_zi,T0-T2,DIST,1,FirstStepAtt,-2.5937654771378242
Cirsium_palustre,-2.258,0.471,Hurdle_zi,T0-T2,DIST,1,Lambda,1.4428002172428838
Cirsium_palustre,-2.258,0.471,Hurdle_zi,T0-T2,DIST,1,Lmax,1.5273118956910914
Cirsium_palustre,-2.258,0.471,Hurdle_zi,T0-T2,DIST,1,Lmean,0.20135107219302092
Cirsium_palustre,-2.258,0.471,Hurdle_zi,T0-T2,DIST,1,R0,1.2807231364002394
Cirsium_palustre,-2.258,0.471,Hurdle_zi,T0-T2,DIST,1,Reactivity,4.898747288058176
Cirsium_palustre,-2.258,0.471,Hurdle_zi,T0-T2,DIST,1,T_generation,1.2255759905166657
Cirsium_palustre,-2.258,0.471,Hurdle_zi,T0-T2,DIST,1,age_repro,1.534647496889771
Cirsium_palustre,-2.258,0.471,Hurdle_zi,T0-T2,DIST,1,percapita_repro,4.957313127808717
Cirsium_vulgare,-1.925,0.324,Hurdle_zi,T0-T2,DIST,1,FirstStepAtt,-3.1910655226282234
Cirsium_vulgare,-1.925,0.324,Hurdle_zi,T0-T2,DIST,1,Lambda,0.7844344795818798
Cirsium_vulgare,-1.925,0.324,Hurdle_zi,T0-T2,DIST,1,Lmax,1.507973248367974
Cirsium_vulgare,-1.925,0.324,Hurdle_zi,T0-T2,DIST,1,Lmean,0.3479988332516422
Cirsium_vulgare,-1.925,0.324,Hurdle_zi,T0-T2,DIST,1,R0,-1.420279247517773
Cirsium_vulgare,-1.925,0.324,Hurdle_zi,T0-T2,DIST,1,Reactivity,2.641485998869525
Cirsium_vulgare,-1.925,0.324,Hurdle_zi,T0-T2,DIST,1,T_generation,1.4828783988333107
Cirsium_vulgare,-1.925,0.324,Hurdle_zi,T0-T2,DIST,1,age_repro,0.9323966804077027
Cirsium_vulgare,-1.925,0.324,Hurdle_zi,T0-T2,DIST,1,percapita_repro,1.89963041219607
Daucus_carota,-2.027,0.247,Hurdle_zi,T0-T2,DIST,1,FirstStepAtt,-4.040610337013186
Daucus_carota,-2.027,0.247,Hurdle_zi,T0-T2,DIST,1,Lambda,1.7161044748521754
Daucus_carota,-2.027,0.247,Hurdle_zi,T0-T2,DIST,1,Lmax,1.0986122886681098
Daucus_carota,-2.027,0.247,Hurdle_zi,T0-T2,DIST,1,Lmean,0.31834252276646996
Daucus_carota,-2.027,0.247,Hurdle_zi,T0-T2,DIST,1,R0,1.8196701629274532
Daucus_carota,-2.027,0.247,Hurdle_zi,T0-T2,DIST,1,Reactivity,NA
Daucus_carota,-2.027,0.247,Hurdle_zi,T0-T2,DIST,1,T_generation,1.189773196967312
Daucus_carota,-2.027,0.247,Hurdle_zi,T0-T2,DIST,1,age_repro,1.431272611901774
Daucus_carota,-2.027,0.247,Hurdle_zi,T0-T2,DIST,1,percapita_repro,NA
Echium_vulgare,-2.259,0.391,Hurdle_zi,T0-T2,DIST,1,FirstStepAtt,-1.4808281568478856
Echium_vulgare,-2.259,0.391,Hurdle_zi,T0-T2,DIST,1,Lambda,1.5475980030086196
Echium_vulgare,-2.259,0.391,Hurdle_zi,T0-T2,DIST,1,Lmax,1.3862943611198906
Echium_vulgare,-2.259,0.391,Hurdle_zi,T0-T2,DIST,1,Lmean,0.5010758488001461
Echium_vulgare,-2.259,0.391,Hurdle_zi,T0-T2,DIST,1,R0,1.6034012709220467
Echium_vulgare,-2.259,0.391,Hurdle_zi,T0-T2,DIST,1,Reactivity,3.2663741200499037
Echium_vulgare,-2.259,0.391,Hurdle_zi,T0-T2,DIST,1,T_generation,1.2871395045757101
Echium_vulgare,-2.259,0.391,Hurdle_zi,T0-T2,DIST,1,age_repro,1.3132909952863716
Echium_vulgare,-2.259,0.391,Hurdle_zi,T0-T2,DIST,1,percapita_repro,3.7030781735137492
Elymus_repens,-1.783,0.233,Hurdle_zi,T0-T2,DIST,1,FirstStepAtt,-19.608981934788076
Elymus_repens,-1.783,0.233,Hurdle_zi,T0-T2,DIST,1,Lambda,NA
Elymus_repens,-1.783,0.233,Hurdle_zi,T0-T2,DIST,1,Lmax,0.6931471805599453
Elymus_repens,-1.783,0.233,Hurdle_zi,T0-T2,DIST,1,Lmean,0.34830572665687204
Elymus_repens,-1.783,0.233,Hurdle_zi,T0-T2,DIST,1,R0,4.306802628082906
Elymus_repens,-1.783,0.233,Hurdle_zi,T0-T2,DIST,1,Reactivity,NA
Elymus_repens,-1.783,0.233,Hurdle_zi,T0-T2,DIST,1,T_generation,0.00771453240913415
Elymus_repens,-1.783,0.233,Hurdle_zi,T0-T2,DIST,1,age_repro,0
Elymus_repens,-1.783,0.233,Hurdle_zi,T0-T2,DIST,1,percapita_repro,-5.74205469871386
Erigeron_canadensis,-2.309,0.27,Hurdle_zi,T0-T2,DIST,1,FirstStepAtt,-2.9940372183428647
Erigeron_canadensis,-2.309,0.27,Hurdle_zi,T0-T2,DIST,1,Lambda,NA
Erigeron_canadensis,-2.309,0.27,Hurdle_zi,T0-T2,DIST,1,Lmax,0
Erigeron_canadensis,-2.309,0.27,Hurdle_zi,T0-T2,DIST,1,Lmean,0
Erigeron_canadensis,-2.309,0.27,Hurdle_zi,T0-T2,DIST,1,R0,2.750423016465953
Erigeron_canadensis,-2.309,0.27,Hurdle_zi,T0-T2,DIST,1,Reactivity,3.7256901124743216
Erigeron_canadensis,-2.309,0.27,Hurdle_zi,T0-T2,DIST,1,T_generation,0.1300250884192771
Erigeron_canadensis,-2.309,0.27,Hurdle_zi,T0-T2,DIST,1,age_repro,0.9159908368351705
Erigeron_canadensis,-2.309,0.27,Hurdle_zi,T0-T2,DIST,1,percapita_repro,5.684089841310465
Knautia_arvensis,-1.688,0.356,Hurdle_zi,T0-T2,DIST,1,FirstStepAtt,-2.9563737542749036
Knautia_arvensis,-1.688,0.356,Hurdle_zi,T0-T2,DIST,1,Lambda,0.30764990872892983
Knautia_arvensis,-1.688,0.356,Hurdle_zi,T0-T2,DIST,1,Lmax,0.6931471805599453
Knautia_arvensis,-1.688,0.356,Hurdle_zi,T0-T2,DIST,1,Lmean,0.022139719151234638
Knautia_arvensis,-1.688,0.356,Hurdle_zi,T0-T2,DIST,1,R0,-9.95071325619903
Knautia_arvensis,-1.688,0.356,Hurdle_zi,T0-T2,DIST,1,Reactivity,0.35097071858090523
Knautia_arvensis,-1.688,0.356,Hurdle_zi,T0-T2,DIST,1,T_generation,NA
Knautia_arvensis,-1.688,0.356,Hurdle_zi,T0-T2,DIST,1,age_repro,0.9322894183877876
Knautia_arvensis,-1.688,0.356,Hurdle_zi,T0-T2,DIST,1,percapita_repro,-4.367646677748796
Lactuca_serriola,-2.04,0.449,Hurdle_zi,T0-T2,DIST,1,FirstStepAtt,-2.5276283678174485
Lactuca_serriola,-2.04,0.449,Hurdle_zi,T0-T2,DIST,1,Lambda,NA
Lactuca_serriola,-2.04,0.449,Hurdle_zi,T0-T2,DIST,1,Lmax,0
Lactuca_serriola,-2.04,0.449,Hurdle_zi,T0-T2,DIST,1,Lmean,0
Lactuca_serriola,-2.04,0.449,Hurdle_zi,T0-T2,DIST,1,R0,2.961708269076509
Lactuca_serriola,-2.04,0.449,Hurdle_zi,T0-T2,DIST,1,Reactivity,5.096932718325193
Lactuca_serriola,-2.04,0.449,Hurdle_zi,T0-T2,DIST,1,T_generation,0.08738433516364566
Lactuca_serriola,-2.04,0.449,Hurdle_zi,T0-T2,DIST,1,age_repro,1.2839753424841123
Lactuca_serriola,-2.04,0.449,Hurdle_zi,T0-T2,DIST,1,percapita_repro,7.147653680580111
Linum_catharticum,-2.039,0.379,Hurdle_zi,T0-T2,DIST,1,FirstStepAtt,-3.1953085121694222
Linum_catharticum,-2.039,0.379,Hurdle_zi,T0-T2,DIST,1,Lambda,NA
Linum_catharticum,-2.039,0.379,Hurdle_zi,T0-T2,DIST,1,Lmax,2.0794415416798357
Linum_catharticum,-2.039,0.379,Hurdle_zi,T0-T2,DIST,1,Lmean,0.7715798705141755
Linum_catharticum,-2.039,0.379,Hurdle_zi,T0-T2,DIST,1,R0,1.7942778474769046
Linum_catharticum,-2.039,0.379,Hurdle_zi,T0-T2,DIST,1,Reactivity,3.8165083573910685
Linum_catharticum,-2.039,0.379,Hurdle_zi,T0-T2,DIST,1,T_generation,0.3007917133047998
Linum_catharticum,-2.039,0.379,Hurdle_zi,T0-T2,DIST,1,age_repro,0.7034715243015948
Linum_catharticum,-2.039,0.379,Hurdle_zi,T0-T2,DIST,1,percapita_repro,3.0328521355315146
Myosotis_ramosissima,-2.054,0.54,Hurdle_zi,T0-T2,DIST,1,FirstStepAtt,-3.6870030575668453
Myosotis_ramosissima,-2.054,0.54,Hurdle_zi,T0-T2,DIST,1,Lambda,1.4558843238144925
Myosotis_ramosissima,-2.054,0.54,Hurdle_zi,T0-T2,DIST,1,Lmax,0
Myosotis_ramosissima,-2.054,0.54,Hurdle_zi,T0-T2,DIST,1,Lmean,0
Myosotis_ramosissima,-2.054,0.54,Hurdle_zi,T0-T2,DIST,1,R0,1.3761933951892638
Myosotis_ramosissima,-2.054,0.54,Hurdle_zi,T0-T2,DIST,1,Reactivity,0.48764865977290195
Myosotis_ramosissima,-2.054,0.54,Hurdle_zi,T0-T2,DIST,1,T_generation,0.01373447854635909
Myosotis_ramosissima,-2.054,0.54,Hurdle_zi,T0-T2,DIST,1,age_repro,0.7154702161542037
Myosotis_ramosissima,-2.054,0.54,Hurdle_zi,T0-T2,DIST,1,percapita_repro,1.826732983425593
Picris_hieracioides,-1.526,0.283,Hurdle_zi,T0-T2,DIST,1,FirstStepAtt,-4.012603074068455
Picris_hieracioides,-1.526,0.283,Hurdle_zi,T0-T2,DIST,1,Lambda,0.8846497432296888
Picris_hieracioides,-1.526,0.283,Hurdle_zi,T0-T2,DIST,1,Lmax,0.6931471805599453
Picris_hieracioides,-1.526,0.283,Hurdle_zi,T0-T2,DIST,1,Lmean,0.025497751793431413
Picris_hieracioides,-1.526,0.283,Hurdle_zi,T0-T2,DIST,1,R0,-0.5012341883972119
Picris_hieracioides,-1.526,0.283,Hurdle_zi,T0-T2,DIST,1,Reactivity,5.739334580340472
Picris_hieracioides,-1.526,0.283,Hurdle_zi,T0-T2,DIST,1,T_generation,1.4151934417967609
Picris_hieracioides,-1.526,0.283,Hurdle_zi,T0-T2,DIST,1,age_repro,1.5430234695350933
Picris_hieracioides,-1.526,0.283,Hurdle_zi,T0-T2,DIST,1,percapita_repro,5.616771097666572
Pimpinella_saxifraga,-1.622,0.343,Hurdle_zi,T0-T2,DIST,1,FirstStepAtt,-0.5923077657542145
Pimpinella_saxifraga,-1.622,0.343,Hurdle_zi,T0-T2,DIST,1,Lambda,0.9547406316474246
Pimpinella_saxifraga,-1.622,0.343,Hurdle_zi,T0-T2,DIST,1,Lmax,3.2778313935718644
Pimpinella_saxifraga,-1.622,0.343,Hurdle_zi,T0-T2,DIST,1,Lmean,1.3985454207581607
Pimpinella_saxifraga,-1.622,0.343,Hurdle_zi,T0-T2,DIST,1,R0,-0.7090626241047243
Pimpinella_saxifraga,-1.622,0.343,Hurdle_zi,T0-T2,DIST,1,Reactivity,0.9233752615973373
Pimpinella_saxifraga,-1.622,0.343,Hurdle_zi,T0-T2,DIST,1,T_generation,2.775613869924522
Pimpinella_saxifraga,-1.622,0.343,Hurdle_zi,T0-T2,DIST,1,age_repro,1.7819632124517442
Pimpinella_saxifraga,-1.622,0.343,Hurdle_zi,T0-T2,DIST,1,percapita_repro,-0.16356267781330006
Plantago_coronopus,-1.807,0.287,Hurdle_zi,T0-T2,DIST,1,FirstStepAtt,-1.0607821044920802
Plantago_coronopus,-1.807,0.287,Hurdle_zi,T0-T2,DIST,1,Lambda,0.8883340096307588
Plantago_coronopus,-1.807,0.287,Hurdle_zi,T0-T2,DIST,1,Lmax,1.907994489728227
Plantago_coronopus,-1.807,0.287,Hurdle_zi,T0-T2,DIST,1,Lmean,0.5836315540514999
Plantago_coronopus,-1.807,0.287,Hurdle_zi,T0-T2,DIST,1,R0,-0.7679497099488539
Plantago_coronopus,-1.807,0.287,Hurdle_zi,T0-T2,DIST,1,Reactivity,1.2700917455756846
Plantago_coronopus,-1.807,0.287,Hurdle_zi,T0-T2,DIST,1,T_generation,1.4792349913940708
Plantago_coronopus,-1.807,0.287,Hurdle_zi,T0-T2,DIST,1,age_repro,0.7227032675127357
Plantago_coronopus,-1.807,0.287,Hurdle_zi,T0-T2,DIST,1,percapita_repro,-0.1607889960080645
Plantago_media,-1.946,0.352,Hurdle_zi,T0-T2,DIST,1,FirstStepAtt,-2.5216721506920545
Plantago_media,-1.946,0.352,Hurdle_zi,T0-T2,DIST,1,Lambda,0.9166479924897526
Plantago_media,-1.946,0.352,Hurdle_zi,T0-T2,DIST,1,Lmax,1.7178918965462198
Plantago_media,-1.946,0.352,Hurdle_zi,T0-T2,DIST,1,Lmean,0.24009345509101096
Plantago_media,-1.946,0.352,Hurdle_zi,T0-T2,DIST,1,R0,-3.703632943874186
Plantago_media,-1.946,0.352,Hurdle_zi,T0-T2,DIST,1,Reactivity,0.9115891884505661
Plantago_media,-1.946,0.352,Hurdle_zi,T0-T2,DIST,1,T_generation,3.283074054166277
Plantago_media,-1.946,0.352,Hurdle_zi,T0-T2,DIST,1,age_repro,2.050568331584061
Plantago_media,-1.946,0.352,Hurdle_zi,T0-T2,DIST,1,percapita_repro,0.21247852101489456
Poa_alpina,-2.038,0.542,Hurdle_zi,T0-T2,DIST,1,FirstStepAtt,-0.6821869840767281
Poa_alpina,-2.038,0.542,Hurdle_zi,T0-T2,DIST,1,Lambda,0.9289514100594023
Poa_alpina,-2.038,0.542,Hurdle_zi,T0-T2,DIST,1,Lmax,3.3423058638339636
Poa_alpina,-2.038,0.542,Hurdle_zi,T0-T2,DIST,1,Lmean,1.53204966522348
Poa_alpina,-2.038,0.542,Hurdle_zi,T0-T2,DIST,1,R0,-1.2908410925748004
Poa_alpina,-2.038,0.542,Hurdle_zi,T0-T2,DIST,1,Reactivity,0.7212213077881131
Poa_alpina,-2.038,0.542,Hurdle_zi,T0-T2,DIST,1,T_generation,3.1870862370839936
Poa_alpina,-2.038,0.542,Hurdle_zi,T0-T2,DIST,1,age_repro,0.8494642415925806
Poa_alpina,-2.038,0.542,Hurdle_zi,T0-T2,DIST,1,percapita_repro,-2.1498564717132638
Potentilla_recta,-2.068,0.292,Hurdle_zi,T0-T2,DIST,1,FirstStepAtt,-1.207246625178343
Potentilla_recta,-2.068,0.292,Hurdle_zi,T0-T2,DIST,1,Lambda,1.3233051390988662
Potentilla_recta,-2.068,0.292,Hurdle_zi,T0-T2,DIST,1,Lmax,2.8995463272302633
Potentilla_recta,-2.068,0.292,Hurdle_zi,T0-T2,DIST,1,Lmean,1.114174982541197
Potentilla_recta,-2.068,0.292,Hurdle_zi,T0-T2,DIST,1,R0,-Inf
Potentilla_recta,-2.068,0.292,Hurdle_zi,T0-T2,DIST,1,Reactivity,2.3355670141886495
Potentilla_recta,-2.068,0.292,Hurdle_zi,T0-T2,DIST,1,T_generation,1.12856647634655
Potentilla_recta,-2.068,0.292,Hurdle_zi,T0-T2,DIST,1,age_repro,1.470241457035962
Potentilla_recta,-2.068,0.292,Hurdle_zi,T0-T2,DIST,1,percapita_repro,5.184136566294191
Primula_elatior,-2.058,0.449,Hurdle_zi,T0-T2,DIST,1,FirstStepAtt,-2.5752591198739894
Primula_elatior,-2.058,0.449,Hurdle_zi,T0-T2,DIST,1,Lambda,1.0243599289476764
Primula_elatior,-2.058,0.449,Hurdle_zi,T0-T2,DIST,1,Lmax,3.078214221499716
Primula_elatior,-2.058,0.449,Hurdle_zi,T0-T2,DIST,1,Lmean,0.934868660605433
Primula_elatior,-2.058,0.449,Hurdle_zi,T0-T2,DIST,1,R0,-0.19834378876572734
Primula_elatior,-2.058,0.449,Hurdle_zi,T0-T2,DIST,1,Reactivity,1.2375774274497275
Primula_elatior,-2.058,0.449,Hurdle_zi,T0-T2,DIST,1,T_generation,2.7743429427827526
Primula_elatior,-2.058,0.449,Hurdle_zi,T0-T2,DIST,1,age_repro,1.5965918444925693
Primula_elatior,-2.058,0.449,Hurdle_zi,T0-T2,DIST,1,percapita_repro,0.6906312588074859
Primula_veris,-1.969,0.424,Hurdle_zi,T0-T2,DIST,1,FirstStepAtt,-3.0996415326914413
Primula_veris,-1.969,0.424,Hurdle_zi,T0-T2,DIST,1,Lambda,0.9177166512186883
Primula_veris,-1.969,0.424,Hurdle_zi,T0-T2,DIST,1,Lmax,1.777554626801171
Primula_veris,-1.969,0.424,Hurdle_zi,T0-T2,DIST,1,Lmean,0.3457340899605148
Primula_veris,-1.969,0.424,Hurdle_zi,T0-T2,DIST,1,R0,-3.5312053848310136
Primula_veris,-1.969,0.424,Hurdle_zi,T0-T2,DIST,1,Reactivity,1.8406103144604358
Primula_veris,-1.969,0.424,Hurdle_zi,T0-T2,DIST,1,T_generation,3.2661511301743356
Primula_veris,-1.969,0.424,Hurdle_zi,T0-T2,DIST,1,age_repro,2.1007008996065113
Primula_veris,-1.969,0.424,Hurdle_zi,T0-T2,DIST,1,percapita_repro,1.3057574210790406
Ranunculus_acris,-2.064,0.236,Hurdle_zi,T0-T2,DIST,1,FirstStepAtt,-2.223673155588096
Ranunculus_acris,-2.064,0.236,Hurdle_zi,T0-T2,DIST,1,Lambda,1.1474253581153837
Ranunculus_acris,-2.064,0.236,Hurdle_zi,T0-T2,DIST,1,Lmax,1.791759469228055
Ranunculus_acris,-2.064,0.236,Hurdle_zi,T0-T2,DIST,1,Lmean,0.2694368352850544
Ranunculus_acris,-2.064,0.236,Hurdle_zi,T0-T2,DIST,1,R0,0.4291243489821683
Ranunculus_acris,-2.064,0.236,Hurdle_zi,T0-T2,DIST,1,Reactivity,1.8978523971700296
Ranunculus_acris,-2.064,0.236,Hurdle_zi,T0-T2,DIST,1,T_generation,1.3335494740785472
Ranunculus_acris,-2.064,0.236,Hurdle_zi,T0-T2,DIST,1,age_repro,1.1167312512505851
Ranunculus_acris,-2.064,0.236,Hurdle_zi,T0-T2,DIST,1,percapita_repro,1.9401794743463283
Salsola_kali,-2.106,0.534,Hurdle_zi,T0-T2,DIST,1,FirstStepAtt,-7.237614553412407
Salsola_kali,-2.106,0.534,Hurdle_zi,T0-T2,DIST,1,Lambda,0.5896874965204653
Salsola_kali,-2.106,0.534,Hurdle_zi,T0-T2,DIST,1,Lmax,1.0986122886681098
Salsola_kali,-2.106,0.534,Hurdle_zi,T0-T2,DIST,1,Lmean,0.6329527878317025
Salsola_kali,-2.106,0.534,Hurdle_zi,T0-T2,DIST,1,R0,-3.1690448866467187
Salsola_kali,-2.106,0.534,Hurdle_zi,T0-T2,DIST,1,Reactivity,NA
Salsola_kali,-2.106,0.534,Hurdle_zi,T0-T2,DIST,1,T_generation,1.7917877371801425
Salsola_kali,-2.106,0.534,Hurdle_zi,T0-T2,DIST,1,age_repro,1.7917761374226397
Salsola_kali,-2.106,0.534,Hurdle_zi,T0-T2,DIST,1,percapita_repro,NA
Sphaeralcea_coccinea,-1.872,0.354,Hurdle_zi,T0-T2,DIST,1,FirstStepAtt,-0.021668930362796438
Sphaeralcea_coccinea,-1.872,0.354,Hurdle_zi,T0-T2,DIST,1,Lambda,0.9140916052986946
Sphaeralcea_coccinea,-1.872,0.354,Hurdle_zi,T0-T2,DIST,1,Lmax,1.1291966833851346
Sphaeralcea_coccinea,-1.872,0.354,Hurdle_zi,T0-T2,DIST,1,Lmean,0.18479959171993668
Sphaeralcea_coccinea,-1.872,0.354,Hurdle_zi,T0-T2,DIST,1,R0,-0.1631566065473073
Sphaeralcea_coccinea,-1.872,0.354,Hurdle_zi,T0-T2,DIST,1,Reactivity,0.06479482429602482
Sphaeralcea_coccinea,-1.872,0.354,Hurdle_zi,T0-T2,DIST,1,T_generation,0.2422469272637918
Sphaeralcea_coccinea,-1.872,0.354,Hurdle_zi,T0-T2,DIST,1,age_repro,0
Sphaeralcea_coccinea,-1.872,0.354,Hurdle_zi,T0-T2,DIST,1,percapita_repro,-0.347956198267244
Stenaria_nigricans,-1.67,0.387,Hurdle_zi,T0-T2,DIST,1,FirstStepAtt,-0.001506241946231945
Stenaria_nigricans,-1.67,0.387,Hurdle_zi,T0-T2,DIST,1,Lambda,0.9901413361648121
Stenaria_nigricans,-1.67,0.387,Hurdle_zi,T0-T2,DIST,1,Lmax,0.8841014310483891
Stenaria_nigricans,-1.67,0.387,Hurdle_zi,T0-T2,DIST,1,Lmean,0.1061701762787086
Stenaria_nigricans,-1.67,0.387,Hurdle_zi,T0-T2,DIST,1,R0,0.21085254589803137
Stenaria_nigricans,-1.67,0.387,Hurdle_zi,T0-T2,DIST,1,Reactivity,0.009202684809058356
Stenaria_nigricans,-1.67,0.387,Hurdle_zi,T0-T2,DIST,1,T_generation,0.10216634557653176
Stenaria_nigricans,-1.67,0.387,Hurdle_zi,T0-T2,DIST,1,age_repro,0
Stenaria_nigricans,-1.67,0.387,Hurdle_zi,T0-T2,DIST,1,percapita_repro,0.10468236961932272
Taraxacum_campylodes,-1.943,0.401,Hurdle_zi,T0-T2,DIST,1,FirstStepAtt,-2.3531148413315983
Taraxacum_campylodes,-1.943,0.401,Hurdle_zi,T0-T2,DIST,1,Lambda,0.08041791145870329
Taraxacum_campylodes,-1.943,0.401,Hurdle_zi,T0-T2,DIST,1,Lmax,0.5493061443340549
Taraxacum_campylodes,-1.943,0.401,Hurdle_zi,T0-T2,DIST,1,Lmean,0.06773896227809098
Taraxacum_campylodes,-1.943,0.401,Hurdle_zi,T0-T2,DIST,1,R0,-Inf
Taraxacum_campylodes,-1.943,0.401,Hurdle_zi,T0-T2,DIST,1,Reactivity,2.4046693226371185
Taraxacum_campylodes,-1.943,0.401,Hurdle_zi,T0-T2,DIST,1,T_generation,NA
Taraxacum_campylodes,-1.943,0.401,Hurdle_zi,T0-T2,DIST,1,age_repro,0
Taraxacum_campylodes,-1.943,0.401,Hurdle_zi,T0-T2,DIST,1,percapita_repro,-11.213549524439351
Thymus_vulgaris,-2.067,0.398,Hurdle_zi,T0-T2,DIST,1,FirstStepAtt,-0.005866973847378982
Thymus_vulgaris,-2.067,0.398,Hurdle_zi,T0-T2,DIST,1,Lambda,0.9926751959162854
Thymus_vulgaris,-2.067,0.398,Hurdle_zi,T0-T2,DIST,1,Lmax,5.964961904446033
Thymus_vulgaris,-2.067,0.398,Hurdle_zi,T0-T2,DIST,1,Lmean,4.459892288650257
Thymus_vulgaris,-2.067,0.398,Hurdle_zi,T0-T2,DIST,1,R0,-1.07189733945768
Thymus_vulgaris,-2.067,0.398,Hurdle_zi,T0-T2,DIST,1,Reactivity,0.010349758754626258
Thymus_vulgaris,-2.067,0.398,Hurdle_zi,T0-T2,DIST,1,T_generation,NA
Thymus_vulgaris,-2.067,0.398,Hurdle_zi,T0-T2,DIST,1,age_repro,NA
Thymus_vulgaris,-2.067,0.398,Hurdle_zi,T0-T2,DIST,1,percapita_repro,-5.143380039347928
Verbascum_thapsus,-1.814,0.507,Hurdle_zi,T0-T2,DIST,1,FirstStepAtt,-4.012613096092431
Verbascum_thapsus,-1.814,0.507,Hurdle_zi,T0-T2,DIST,1,Lambda,NA
Verbascum_thapsus,-1.814,0.507,Hurdle_zi,T0-T2,DIST,1,Lmax,0.6931471805599453
Verbascum_thapsus,-1.814,0.507,Hurdle_zi,T0-T2,DIST,1,Lmean,0.05129369438747054
Verbascum_thapsus,-1.814,0.507,Hurdle_zi,T0-T2,DIST,1,R0,3.381715911075376
Verbascum_thapsus,-1.814,0.507,Hurdle_zi,T0-T2,DIST,1,Reactivity,NA
Verbascum_thapsus,-1.814,0.507,Hurdle_zi,T0-T2,DIST,1,T_generation,0.7764348966557838
Verbascum_thapsus,-1.814,0.507,Hurdle_zi,T0-T2,DIST,1,age_repro,2.5523449856956373
Verbascum_thapsus,-1.814,0.507,Hurdle_zi,T0-T2,DIST,1,percapita_repro,NA
Veronica_arvensis,-2.332,0.247,Hurdle_zi,T0-T2,DIST,1,FirstStepAtt,-1.3609972168245543
Veronica_arvensis,-2.332,0.247,Hurdle_zi,T0-T2,DIST,1,Lambda,1.0575348190993947
Veronica_arvensis,-2.332,0.247,Hurdle_zi,T0-T2,DIST,1,Lmax,0.12924850454918937
Veronica_arvensis,-2.332,0.247,Hurdle_zi,T0-T2,DIST,1,Lmean,0.05244694819316372
Veronica_arvensis,-2.332,0.247,Hurdle_zi,T0-T2,DIST,1,R0,-0.014999404757933849
Veronica_arvensis,-2.332,0.247,Hurdle_zi,T0-T2,DIST,1,Reactivity,1.7913324339405632
Veronica_arvensis,-2.332,0.247,Hurdle_zi,T0-T2,DIST,1,T_generation,0.41785049626112153
Veronica_arvensis,-2.332,0.247,Hurdle_zi,T0-T2,DIST,1,age_repro,0.8907769885320955
Veronica_arvensis,-2.332,0.247,Hurdle_zi,T0-T2,DIST,1,percapita_repro,1.8152156216155975
Acer_saccharum,-2.531,0.455,Ordbeta,T0-T2,DIST,1,FirstStepAtt,-0.13633162397836543
Acer_saccharum,-2.531,0.455,Ordbeta,T0-T2,DIST,1,Lambda,1.7751478346888434
Acer_saccharum,-2.531,0.455,Ordbeta,T0-T2,DIST,1,Lmax,5.5871025137026376
Acer_saccharum,-2.531,0.455,Ordbeta,T0-T2,DIST,1,Lmean,5.240241348413525
Acer_saccharum,-2.531,0.455,Ordbeta,T0-T2,DIST,1,R0,6.4970270462927875
Acer_saccharum,-2.531,0.455,Ordbeta,T0-T2,DIST,1,Reactivity,0.11239532885872887
Acer_saccharum,-2.531,0.455,Ordbeta,T0-T2,DIST,1,T_generation,1.6297372686170404
Acer_saccharum,-2.531,0.455,Ordbeta,T0-T2,DIST,1,age_repro,2.5048380603456604
Acer_saccharum,-2.531,0.455,Ordbeta,T0-T2,DIST,1,percapita_repro,-0.15190606423970499
Agrimonia_eupatoria,-2.114,0.258,Ordbeta,T0-T2,DIST,1,FirstStepAtt,-0.40426778811109665
Agrimonia_eupatoria,-2.114,0.258,Ordbeta,T0-T2,DIST,1,Lambda,0.99064442494128635
Agrimonia_eupatoria,-2.114,0.258,Ordbeta,T0-T2,DIST,1,Lmax,4.5330412476880015
Agrimonia_eupatoria,-2.114,0.258,Ordbeta,T0-T2,DIST,1,Lmean,2.276623485281897
Agrimonia_eupatoria,-2.114,0.258,Ordbeta,T0-T2,DIST,1,R0,-0.38127020833005776
Agrimonia_eupatoria,-2.114,0.258,Ordbeta,T0-T2,DIST,1,Reactivity,0.19207496843703886
Agrimonia_eupatoria,-2.114,0.258,Ordbeta,T0-T2,DIST,1,T_generation,3.6207086258222283
Agrimonia_eupatoria,-2.114,0.258,Ordbeta,T0-T2,DIST,1,age_repro,2.087394345070076
Agrimonia_eupatoria,-2.114,0.258,Ordbeta,T0-T2,DIST,1,percapita_repro,-1.5661843426366495
Ailanthus_altissima,-2.425,0.512,Ordbeta,T0-T2,DIST,1,FirstStepAtt,-4.2648886715454815
Ailanthus_altissima,-2.425,0.512,Ordbeta,T0-T2,DIST,1,Lambda,1.9212389388134612
Ailanthus_altissima,-2.425,0.512,Ordbeta,T0-T2,DIST,1,Lmax,1.791759469228055
Ailanthus_altissima,-2.425,0.512,Ordbeta,T0-T2,DIST,1,Lmean,0.5447271754416722
Ailanthus_altissima,-2.425,0.512,Ordbeta,T0-T2,DIST,1,R0,3.781257113389695
Ailanthus_altissima,-2.425,0.512,Ordbeta,T0-T2,DIST,1,Reactivity,NA
Ailanthus_altissima,-2.425,0.512,Ordbeta,T0-T2,DIST,1,T_generation,1.7128362023285355
Ailanthus_altissima,-2.425,0.512,Ordbeta,T0-T2,DIST,1,age_repro,1.791759469228055
Ailanthus_altissima,-2.425,0.512,Ordbeta,T0-T2,DIST,1,percapita_repro,NA
Allium_vineale,-2.277,0.403,Ordbeta,T0-T2,DIST,1,FirstStepAtt,-2.036030904211625
Allium_vineale,-2.277,0.403,Ordbeta,T0-T2,DIST,1,Lambda,1.170906773884173
Allium_vineale,-2.277,0.403,Ordbeta,T0-T2,DIST,1,Lmax,1.0986122886681098
Allium_vineale,-2.277,0.403,Ordbeta,T0-T2,DIST,1,Lmean,0.16647352389668973
Allium_vineale,-2.277,0.403,Ordbeta,T0-T2,DIST,1,R0,0.3408368280021561
Allium_vineale,-2.277,0.403,Ordbeta,T0-T2,DIST,1,Reactivity,2.1940830508207325
Allium_vineale,-2.277,0.403,Ordbeta,T0-T2,DIST,1,T_generation,0.7635325690826141
Allium_vineale,-2.277,0.403,Ordbeta,T0-T2,DIST,1,age_repro,1.2000990079409088
Allium_vineale,-2.277,0.403,Ordbeta,T0-T2,DIST,1,percapita_repro,2.3368650630604555
Andropogon_gerardii,-1.145,0.262,Ordbeta,T0-T2,DIST,1,FirstStepAtt,-1.1908608264270113
Andropogon_gerardii,-1.145,0.262,Ordbeta,T0-T2,DIST,1,Lambda,1.5058732521698401
Andropogon_gerardii,-1.145,0.262,Ordbeta,T0-T2,DIST,1,Lmax,1.764891121214301
Andropogon_gerardii,-1.145,0.262,Ordbeta,T0-T2,DIST,1,Lmean,0.6723210807858808
Andropogon_gerardii,-1.145,0.262,Ordbeta,T0-T2,DIST,1,R0,0.8354773555720532
Andropogon_gerardii,-1.145,0.262,Ordbeta,T0-T2,DIST,1,Reactivity,1.7926841280473302
Andropogon_gerardii,-1.145,0.262,Ordbeta,T0-T2,DIST,1,T_generation,0.7395193223181743
Andropogon_gerardii,-1.145,0.262,Ordbeta,T0-T2,DIST,1,age_repro,0.7862530575220442
Andropogon_gerardii,-1.145,0.262,Ordbeta,T0-T2,DIST,1,percapita_repro,2.0924307697315556
Arenaria_serpyllifolia,-1.77,0.276,Ordbeta,T0-T2,DIST,1,FirstStepAtt,-2.2176497264357233
Arenaria_serpyllifolia,-1.77,0.276,Ordbeta,T0-T2,DIST,1,Lambda,0.860684361881849
Arenaria_serpyllifolia,-1.77,0.276,Ordbeta,T0-T2,DIST,1,Lmax,0
Arenaria_serpyllifolia,-1.77,0.276,Ordbeta,T0-T2,DIST,1,Lmean,0
Arenaria_serpyllifolia,-1.77,0.276,Ordbeta,T0-T2,DIST,1,R0,0.13128547046852534
Arenaria_serpyllifolia,-1.77,0.276,Ordbeta,T0-T2,DIST,1,Reactivity,2.5929750386335604
Arenaria_serpyllifolia,-1.77,0.276,Ordbeta,T0-T2,DIST,1,T_generation,0.1698858306660028
Arenaria_serpyllifolia,-1.77,0.276,Ordbeta,T0-T2,DIST,1,age_repro,0.8303384136066279
Arenaria_serpyllifolia,-1.77,0.276,Ordbeta,T0-T2,DIST,1,percapita_repro,2.639396025140823
Armeria_maritima,-2.529,0.358,Ordbeta,T0-T2,DIST,1,FirstStepAtt,-2.2414258727445264
Armeria_maritima,-2.529,0.358,Ordbeta,T0-T2,DIST,1,Lambda,1.4580438530642406
Armeria_maritima,-2.529,0.358,Ordbeta,T0-T2,DIST,1,Lmax,2.995732273553991
Armeria_maritima,-2.529,0.358,Ordbeta,T0-T2,DIST,1,Lmean,0.6122577291406874
Armeria_maritima,-2.529,0.358,Ordbeta,T0-T2,DIST,1,R0,4.4450836460525265
Armeria_maritima,-2.529,0.358,Ordbeta,T0-T2,DIST,1,Reactivity,5.495776723555246
Armeria_maritima,-2.529,0.358,Ordbeta,T0-T2,DIST,1,T_generation,2.0996042559618977
Armeria_maritima,-2.529,0.358,Ordbeta,T0-T2,DIST,1,age_repro,1.525500516347215
Armeria_maritima,-2.529,0.358,Ordbeta,T0-T2,DIST,1,percapita_repro,3.6172820201716607
Carduus_nutans,-2.552,0.497,Ordbeta,T0-T2,DIST,1,FirstStepAtt,-1.2021216175186678
Carduus_nutans,-2.552,0.497,Ordbeta,T0-T2,DIST,1,Lambda,0.7295404692944151
Carduus_nutans,-2.552,0.497,Ordbeta,T0-T2,DIST,1,Lmax,1.4856920935259144
Carduus_nutans,-2.552,0.497,Ordbeta,T0-T2,DIST,1,Lmean,0.48174117970979186
Carduus_nutans,-2.552,0.497,Ordbeta,T0-T2,DIST,1,R0,-0.392418382929946
Carduus_nutans,-2.552,0.497,Ordbeta,T0-T2,DIST,1,Reactivity,3.5334693001584365
Carduus_nutans,-2.552,0.497,Ordbeta,T0-T2,DIST,1,T_generation,1.1688465328823152
Carduus_nutans,-2.552,0.497,Ordbeta,T0-T2,DIST,1,age_repro,0.9011488671138399
Carduus_nutans,-2.552,0.497,Ordbeta,T0-T2,DIST,1,percapita_repro,1.235991459500605
Centaurea_jacea,-2.281,0.253,Ordbeta,T0-T2,DIST,1,FirstStepAtt,-0.6368104471974831
Centaurea_jacea,-2.281,0.253,Ordbeta,T0-T2,DIST,1,Lambda,0.9157150879324937
Centaurea_jacea,-2.281,0.253,Ordbeta,T0-T2,DIST,1,Lmax,2.4003251984703664
Centaurea_jacea,-2.281,0.253,Ordbeta,T0-T2,DIST,1,Lmean,1.372271579332501
Centaurea_jacea,-2.281,0.253,Ordbeta,T0-T2,DIST,1,R0,-3.4842742317189583
Centaurea_jacea,-2.281,0.253,Ordbeta,T0-T2,DIST,1,Reactivity,0.4168576413811439
Centaurea_jacea,-2.281,0.253,Ordbeta,T0-T2,DIST,1,T_generation,2.978872381362829
Centaurea_jacea,-2.281,0.253,Ordbeta,T0-T2,DIST,1,age_repro,1.6363011514297372
Centaurea_jacea,-2.281,0.253,Ordbeta,T0-T2,DIST,1,percapita_repro,-1.7828083742933423
Cerastium_fontanum,-2.314,0.182,Ordbeta,T0-T2,DIST,1,FirstStepAtt,-2.696031853083466
Cerastium_fontanum,-2.314,0.182,Ordbeta,T0-T2,DIST,1,Lambda,NA
Cerastium_fontanum,-2.314,0.182,Ordbeta,T0-T2,DIST,1,Lmax,0
Cerastium_fontanum,-2.314,0.182,Ordbeta,T0-T2,DIST,1,Lmean,0
Cerastium_fontanum,-2.314,0.182,Ordbeta,T0-T2,DIST,1,R0,1.5184623246973081
Cerastium_fontanum,-2.314,0.182,Ordbeta,T0-T2,DIST,1,Reactivity,3.027270925563423
Cerastium_fontanum,-2.314,0.182,Ordbeta,T0-T2,DIST,1,T_generation,0.005048904923272251
Cerastium_fontanum,-2.314,0.182,Ordbeta,T0-T2,DIST,1,age_repro,0.8873031950009029
Cerastium_fontanum,-2.314,0.182,Ordbeta,T0-T2,DIST,1,percapita_repro,4.522657764413627
Cirsium_arvense,-1.924,0.209,Ordbeta,T0-T2,DIST,1,FirstStepAtt,-3.3290015249469986
Cirsium_arvense,-1.924,0.209,Ordbeta,T0-T2,DIST,1,Lambda,NA
Cirsium_arvense,-1.924,0.209,Ordbeta,T0-T2,DIST,1,Lmax,1.0986122886681098
Cirsium_arvense,-1.924,0.209,Ordbeta,T0-T2,DIST,1,Lmean,0.1699960817758222
Cirsium_arvense,-1.924,0.209,Ordbeta,T0-T2,DIST,1,R0,3.228914980534981
Cirsium_arvense,-1.924,0.209,Ordbeta,T0-T2,DIST,1,Reactivity,4.0664130997692896
Cirsium_arvense,-1.924,0.209,Ordbeta,T0-T2,DIST,1,T_generation,0.770361224737239
Cirsium_arvense,-1.924,0.209,Ordbeta,T0-T2,DIST,1,age_repro,1.162546762671639
Cirsium_arvense,-1.924,0.209,Ordbeta,T0-T2,DIST,1,percapita_repro,5.427985054670073
Cirsium_palustre,-2.632,0.444,Ordbeta,T0-T2,DIST,1,FirstStepAtt,-2.5937654771378242
Cirsium_palustre,-2.632,0.444,Ordbeta,T0-T2,DIST,1,Lambda,1.4428002172428838
Cirsium_palustre,-2.632,0.444,Ordbeta,T0-T2,DIST,1,Lmax,1.5273118956910914
Cirsium_palustre,-2.632,0.444,Ordbeta,T0-T2,DIST,1,Lmean,0.20135107219302092
Cirsium_palustre,-2.632,0.444,Ordbeta,T0-T2,DIST,1,R0,1.2807231364002394
Cirsium_palustre,-2.632,0.444,Ordbeta,T0-T2,DIST,1,Reactivity,4.898747288058176
Cirsium_palustre,-2.632,0.444,Ordbeta,T0-T2,DIST,1,T_generation,1.2255759905166657
Cirsium_palustre,-2.632,0.444,Ordbeta,T0-T2,DIST,1,age_repro,1.534647496889771
Cirsium_palustre,-2.632,0.444,Ordbeta,T0-T2,DIST,1,percapita_repro,4.957313127808717
Cirsium_vulgare,-2.387,0.297,Ordbeta,T0-T2,DIST,1,FirstStepAtt,-3.1910655226282234
Cirsium_vulgare,-2.387,0.297,Ordbeta,T0-T2,DIST,1,Lambda,0.7844344795818798
Cirsium_vulgare,-2.387,0.297,Ordbeta,T0-T2,DIST,1,Lmax,1.507973248367974
Cirsium_vulgare,-2.387,0.297,Ordbeta,T0-T2,DIST,1,Lmean,0.3479988332516422
Cirsium_vulgare,-2.387,0.297,Ordbeta,T0-T2,DIST,1,R0,-1.420279247517773
Cirsium_vulgare,-2.387,0.297,Ordbeta,T0-T2,DIST,1,Reactivity,2.641485998869525
Cirsium_vulgare,-2.387,0.297,Ordbeta,T0-T2,DIST,1,T_generation,1.4828783988333107
Cirsium_vulgare,-2.387,0.297,Ordbeta,T0-T2,DIST,1,age_repro,0.9323966804077027
Cirsium_vulgare,-2.387,0.297,Ordbeta,T0-T2,DIST,1,percapita_repro,1.89963041219607
Daucus_carota,-2.182,0.209,Ordbeta,T0-T2,DIST,1,FirstStepAtt,-4.040610337013186
Daucus_carota,-2.182,0.209,Ordbeta,T0-T2,DIST,1,Lambda,1.7161044748521754
Daucus_carota,-2.182,0.209,Ordbeta,T0-T2,DIST,1,Lmax,1.0986122886681098
Daucus_carota,-2.182,0.209,Ordbeta,T0-T2,DIST,1,Lmean,0.31834252276646996
Daucus_carota,-2.182,0.209,Ordbeta,T0-T2,DIST,1,R0,1.8196701629274532
Daucus_carota,-2.182,0.209,Ordbeta,T0-T2,DIST,1,Reactivity,NA
Daucus_carota,-2.182,0.209,Ordbeta,T0-T2,DIST,1,T_generation,1.189773196967312
Daucus_carota,-2.182,0.209,Ordbeta,T0-T2,DIST,1,age_repro,1.431272611901774
Daucus_carota,-2.182,0.209,Ordbeta,T0-T2,DIST,1,percapita_repro,NA
Echium_vulgare,-2.535,0.358,Ordbeta,T0-T2,DIST,1,FirstStepAtt,-1.4808281568478856
Echium_vulgare,-2.535,0.358,Ordbeta,T0-T2,DIST,1,Lambda,1.5475980030086196
Echium_vulgare,-2.535,0.358,Ordbeta,T0-T2,DIST,1,Lmax,1.3862943611198906
Echium_vulgare,-2.535,0.358,Ordbeta,T0-T2,DIST,1,Lmean,0.5010758488001461
Echium_vulgare,-2.535,0.358,Ordbeta,T0-T2,DIST,1,R0,1.6034012709220467
Echium_vulgare,-2.535,0.358,Ordbeta,T0-T2,DIST,1,Reactivity,3.2663741200499037
Echium_vulgare,-2.535,0.358,Ordbeta,T0-T2,DIST,1,T_generation,1.2871395045757101
Echium_vulgare,-2.535,0.358,Ordbeta,T0-T2,DIST,1,age_repro,1.3132909952863716
Echium_vulgare,-2.535,0.358,Ordbeta,T0-T2,DIST,1,percapita_repro,3.7030781735137492
Elymus_repens,-2.042,0.197,Ordbeta,T0-T2,DIST,1,FirstStepAtt,-19.608981934788076
Elymus_repens,-2.042,0.197,Ordbeta,T0-T2,DIST,1,Lambda,NA
Elymus_repens,-2.042,0.197,Ordbeta,T0-T2,DIST,1,Lmax,0.6931471805599453
Elymus_repens,-2.042,0.197,Ordbeta,T0-T2,DIST,1,Lmean,0.34830572665687204
Elymus_repens,-2.042,0.197,Ordbeta,T0-T2,DIST,1,R0,4.306802628082906
Elymus_repens,-2.042,0.197,Ordbeta,T0-T2,DIST,1,Reactivity,NA
Elymus_repens,-2.042,0.197,Ordbeta,T0-T2,DIST,1,T_generation,0.00771453240913415
Elymus_repens,-2.042,0.197,Ordbeta,T0-T2,DIST,1,age_repro,0
Elymus_repens,-2.042,0.197,Ordbeta,T0-T2,DIST,1,percapita_repro,-5.74205469871386
Erigeron_canadensis,-2.446,0.23,Ordbeta,T0-T2,DIST,1,FirstStepAtt,-2.9940372183428647
Erigeron_canadensis,-2.446,0.23,Ordbeta,T0-T2,DIST,1,Lambda,NA
Erigeron_canadensis,-2.446,0.23,Ordbeta,T0-T2,DIST,1,Lmax,0
Erigeron_canadensis,-2.446,0.23,Ordbeta,T0-T2,DIST,1,Lmean,0
Erigeron_canadensis,-2.446,0.23,Ordbeta,T0-T2,DIST,1,R0,2.750423016465953
Erigeron_canadensis,-2.446,0.23,Ordbeta,T0-T2,DIST,1,Reactivity,3.7256901124743216
Erigeron_canadensis,-2.446,0.23,Ordbeta,T0-T2,DIST,1,T_generation,0.1300250884192771
Erigeron_canadensis,-2.446,0.23,Ordbeta,T0-T2,DIST,1,age_repro,0.9159908368351705
Erigeron_canadensis,-2.446,0.23,Ordbeta,T0-T2,DIST,1,percapita_repro,5.684089841310465
Knautia_arvensis,-1.897,0.324,Ordbeta,T0-T2,DIST,1,FirstStepAtt,-2.9563737542749036
Knautia_arvensis,-1.897,0.324,Ordbeta,T0-T2,DIST,1,Lambda,0.30764990872892983
Knautia_arvensis,-1.897,0.324,Ordbeta,T0-T2,DIST,1,Lmax,0.6931471805599453
Knautia_arvensis,-1.897,0.324,Ordbeta,T0-T2,DIST,1,Lmean,0.022139719151234638
Knautia_arvensis,-1.897,0.324,Ordbeta,T0-T2,DIST,1,R0,-9.95071325619903
Knautia_arvensis,-1.897,0.324,Ordbeta,T0-T2,DIST,1,Reactivity,0.35097071858090523
Knautia_arvensis,-1.897,0.324,Ordbeta,T0-T2,DIST,1,T_generation,NA
Knautia_arvensis,-1.897,0.324,Ordbeta,T0-T2,DIST,1,age_repro,0.9322894183877876
Knautia_arvensis,-1.897,0.324,Ordbeta,T0-T2,DIST,1,percapita_repro,-4.367646677748796
Lactuca_serriola,-2.465,0.424,Ordbeta,T0-T2,DIST,1,FirstStepAtt,-2.5276283678174485
Lactuca_serriola,-2.465,0.424,Ordbeta,T0-T2,DIST,1,Lambda,NA
Lactuca_serriola,-2.465,0.424,Ordbeta,T0-T2,DIST,1,Lmax,0
Lactuca_serriola,-2.465,0.424,Ordbeta,T0-T2,DIST,1,Lmean,0
Lactuca_serriola,-2.465,0.424,Ordbeta,T0-T2,DIST,1,R0,2.961708269076509
Lactuca_serriola,-2.465,0.424,Ordbeta,T0-T2,DIST,1,Reactivity,5.096932718325193
Lactuca_serriola,-2.465,0.424,Ordbeta,T0-T2,DIST,1,T_generation,0.08738433516364566
Lactuca_serriola,-2.465,0.424,Ordbeta,T0-T2,DIST,1,age_repro,1.2839753424841123
Lactuca_serriola,-2.465,0.424,Ordbeta,T0-T2,DIST,1,percapita_repro,7.147653680580111
Linum_catharticum,-2.576,0.351,Ordbeta,T0-T2,DIST,1,FirstStepAtt,-3.1953085121694222
Linum_catharticum,-2.576,0.351,Ordbeta,T0-T2,DIST,1,Lambda,NA
Linum_catharticum,-2.576,0.351,Ordbeta,T0-T2,DIST,1,Lmax,2.0794415416798357
Linum_catharticum,-2.576,0.351,Ordbeta,T0-T2,DIST,1,Lmean,0.7715798705141755
Linum_catharticum,-2.576,0.351,Ordbeta,T0-T2,DIST,1,R0,1.7942778474769046
Linum_catharticum,-2.576,0.351,Ordbeta,T0-T2,DIST,1,Reactivity,3.8165083573910685
Linum_catharticum,-2.576,0.351,Ordbeta,T0-T2,DIST,1,T_generation,0.3007917133047998
Linum_catharticum,-2.576,0.351,Ordbeta,T0-T2,DIST,1,age_repro,0.7034715243015948
Linum_catharticum,-2.576,0.351,Ordbeta,T0-T2,DIST,1,percapita_repro,3.0328521355315146
Myosotis_ramosissima,-2.218,0.514,Ordbeta,T0-T2,DIST,1,FirstStepAtt,-3.6870030575668453
Myosotis_ramosissima,-2.218,0.514,Ordbeta,T0-T2,DIST,1,Lambda,1.4558843238144925
Myosotis_ramosissima,-2.218,0.514,Ordbeta,T0-T2,DIST,1,Lmax,0
Myosotis_ramosissima,-2.218,0.514,Ordbeta,T0-T2,DIST,1,Lmean,0
Myosotis_ramosissima,-2.218,0.514,Ordbeta,T0-T2,DIST,1,R0,1.3761933951892638
Myosotis_ramosissima,-2.218,0.514,Ordbeta,T0-T2,DIST,1,Reactivity,0.48764865977290195
Myosotis_ramosissima,-2.218,0.514,Ordbeta,T0-T2,DIST,1,T_generation,0.01373447854635909
Myosotis_ramosissima,-2.218,0.514,Ordbeta,T0-T2,DIST,1,age_repro,0.7154702161542037
Myosotis_ramosissima,-2.218,0.514,Ordbeta,T0-T2,DIST,1,percapita_repro,1.826732983425593
Picris_hieracioides,-1.693,0.247,Ordbeta,T0-T2,DIST,1,FirstStepAtt,-4.012603074068455
Picris_hieracioides,-1.693,0.247,Ordbeta,T0-T2,DIST,1,Lambda,0.8846497432296888
Picris_hieracioides,-1.693,0.247,Ordbeta,T0-T2,DIST,1,Lmax,0.6931471805599453
Picris_hieracioides,-1.693,0.247,Ordbeta,T0-T2,DIST,1,Lmean,0.025497751793431413
Picris_hieracioides,-1.693,0.247,Ordbeta,T0-T2,DIST,1,R0,-0.5012341883972119
Picris_hieracioides,-1.693,0.247,Ordbeta,T0-T2,DIST,1,Reactivity,5.739334580340472
Picris_hieracioides,-1.693,0.247,Ordbeta,T0-T2,DIST,1,T_generation,1.4151934417967609
Picris_hieracioides,-1.693,0.247,Ordbeta,T0-T2,DIST,1,age_repro,1.5430234695350933
Picris_hieracioides,-1.693,0.247,Ordbeta,T0-T2,DIST,1,percapita_repro,5.616771097666572
Pimpinella_saxifraga,-1.796,0.312,Ordbeta,T0-T2,DIST,1,FirstStepAtt,-0.5923077657542145
Pimpinella_saxifraga,-1.796,0.312,Ordbeta,T0-T2,DIST,1,Lambda,0.9547406316474246
Pimpinella_saxifraga,-1.796,0.312,Ordbeta,T0-T2,DIST,1,Lmax,3.2778313935718644
Pimpinella_saxifraga,-1.796,0.312,Ordbeta,T0-T2,DIST,1,Lmean,1.3985454207581607
Pimpinella_saxifraga,-1.796,0.312,Ordbeta,T0-T2,DIST,1,R0,-0.7090626241047243
Pimpinella_saxifraga,-1.796,0.312,Ordbeta,T0-T2,DIST,1,Reactivity,0.9233752615973373
Pimpinella_saxifraga,-1.796,0.312,Ordbeta,T0-T2,DIST,1,T_generation,2.775613869924522
Pimpinella_saxifraga,-1.796,0.312,Ordbeta,T0-T2,DIST,1,age_repro,1.7819632124517442
Pimpinella_saxifraga,-1.796,0.312,Ordbeta,T0-T2,DIST,1,percapita_repro,-0.16356267781330006
Plantago_coronopus,-1.991,0.253,Ordbeta,T0-T2,DIST,1,FirstStepAtt,-1.0607821044920802
Plantago_coronopus,-1.991,0.253,Ordbeta,T0-T2,DIST,1,Lambda,0.8883340096307588
Plantago_coronopus,-1.991,0.253,Ordbeta,T0-T2,DIST,1,Lmax,1.907994489728227
Plantago_coronopus,-1.991,0.253,Ordbeta,T0-T2,DIST,1,Lmean,0.5836315540514999
Plantago_coronopus,-1.991,0.253,Ordbeta,T0-T2,DIST,1,R0,-0.7679497099488539
Plantago_coronopus,-1.991,0.253,Ordbeta,T0-T2,DIST,1,Reactivity,1.2700917455756846
Plantago_coronopus,-1.991,0.253,Ordbeta,T0-T2,DIST,1,T_generation,1.4792349913940708
Plantago_coronopus,-1.991,0.253,Ordbeta,T0-T2,DIST,1,age_repro,0.7227032675127357
Plantago_coronopus,-1.991,0.253,Ordbeta,T0-T2,DIST,1,percapita_repro,-0.1607889960080645
Plantago_media,-2.204,0.32,Ordbeta,T0-T2,DIST,1,FirstStepAtt,-2.5216721506920545
Plantago_media,-2.204,0.32,Ordbeta,T0-T2,DIST,1,Lambda,0.9166479924897526
Plantago_media,-2.204,0.32,Ordbeta,T0-T2,DIST,1,Lmax,1.7178918965462198
Plantago_media,-2.204,0.32,Ordbeta,T0-T2,DIST,1,Lmean,0.24009345509101096
Plantago_media,-2.204,0.32,Ordbeta,T0-T2,DIST,1,R0,-3.703632943874186
Plantago_media,-2.204,0.32,Ordbeta,T0-T2,DIST,1,Reactivity,0.9115891884505661
Plantago_media,-2.204,0.32,Ordbeta,T0-T2,DIST,1,T_generation,3.283074054166277
Plantago_media,-2.204,0.32,Ordbeta,T0-T2,DIST,1,age_repro,2.050568331584061
Plantago_media,-2.204,0.32,Ordbeta,T0-T2,DIST,1,percapita_repro,0.21247852101489456
Poa_alpina,-2.201,0.516,Ordbeta,T0-T2,DIST,1,FirstStepAtt,-0.6821869840767281
Poa_alpina,-2.201,0.516,Ordbeta,T0-T2,DIST,1,Lambda,0.9289514100594023
Poa_alpina,-2.201,0.516,Ordbeta,T0-T2,DIST,1,Lmax,3.3423058638339636
Poa_alpina,-2.201,0.516,Ordbeta,T0-T2,DIST,1,Lmean,1.53204966522348
Poa_alpina,-2.201,0.516,Ordbeta,T0-T2,DIST,1,R0,-1.2908410925748004
Poa_alpina,-2.201,0.516,Ordbeta,T0-T2,DIST,1,Reactivity,0.7212213077881131
Poa_alpina,-2.201,0.516,Ordbeta,T0-T2,DIST,1,T_generation,3.1870862370839936
Poa_alpina,-2.201,0.516,Ordbeta,T0-T2,DIST,1,age_repro,0.8494642415925806
Poa_alpina,-2.201,0.516,Ordbeta,T0-T2,DIST,1,percapita_repro,-2.1498564717132638
Potentilla_recta,-2.24,0.256,Ordbeta,T0-T2,DIST,1,FirstStepAtt,-1.207246625178343
Potentilla_recta,-2.24,0.256,Ordbeta,T0-T2,DIST,1,Lambda,1.3233051390988662
Potentilla_recta,-2.24,0.256,Ordbeta,T0-T2,DIST,1,Lmax,2.8995463272302633
Potentilla_recta,-2.24,0.256,Ordbeta,T0-T2,DIST,1,Lmean,1.114174982541197
Potentilla_recta,-2.24,0.256,Ordbeta,T0-T2,DIST,1,R0,-Inf
Potentilla_recta,-2.24,0.256,Ordbeta,T0-T2,DIST,1,Reactivity,2.3355670141886495
Potentilla_recta,-2.24,0.256,Ordbeta,T0-T2,DIST,1,T_generation,1.12856647634655
Potentilla_recta,-2.24,0.256,Ordbeta,T0-T2,DIST,1,age_repro,1.470241457035962
Potentilla_recta,-2.24,0.256,Ordbeta,T0-T2,DIST,1,percapita_repro,5.184136566294191
Primula_elatior,-2.176,0.412,Ordbeta,T0-T2,DIST,1,FirstStepAtt,-2.5752591198739894
Primula_elatior,-2.176,0.412,Ordbeta,T0-T2,DIST,1,Lambda,1.0243599289476764
Primula_elatior,-2.176,0.412,Ordbeta,T0-T2,DIST,1,Lmax,3.078214221499716
Primula_elatior,-2.176,0.412,Ordbeta,T0-T2,DIST,1,Lmean,0.934868660605433
Primula_elatior,-2.176,0.412,Ordbeta,T0-T2,DIST,1,R0,-0.19834378876572734
Primula_elatior,-2.176,0.412,Ordbeta,T0-T2,DIST,1,Reactivity,1.2375774274497275
Primula_elatior,-2.176,0.412,Ordbeta,T0-T2,DIST,1,T_generation,2.7743429427827526
Primula_elatior,-2.176,0.412,Ordbeta,T0-T2,DIST,1,age_repro,1.5965918444925693
Primula_elatior,-2.176,0.412,Ordbeta,T0-T2,DIST,1,percapita_repro,0.6906312588074859
Primula_veris,-2.096,0.385,Ordbeta,T0-T2,DIST,1,FirstStepAtt,-3.0996415326914413
Primula_veris,-2.096,0.385,Ordbeta,T0-T2,DIST,1,Lambda,0.9177166512186883
Primula_veris,-2.096,0.385,Ordbeta,T0-T2,DIST,1,Lmax,1.777554626801171
Primula_veris,-2.096,0.385,Ordbeta,T0-T2,DIST,1,Lmean,0.3457340899605148
Primula_veris,-2.096,0.385,Ordbeta,T0-T2,DIST,1,R0,-3.5312053848310136
Primula_veris,-2.096,0.385,Ordbeta,T0-T2,DIST,1,Reactivity,1.8406103144604358
Primula_veris,-2.096,0.385,Ordbeta,T0-T2,DIST,1,T_generation,3.2661511301743356
Primula_veris,-2.096,0.385,Ordbeta,T0-T2,DIST,1,age_repro,2.1007008996065113
Primula_veris,-2.096,0.385,Ordbeta,T0-T2,DIST,1,percapita_repro,1.3057574210790406
Ranunculus_acris,-2.273,0.196,Ordbeta,T0-T2,DIST,1,FirstStepAtt,-2.223673155588096
Ranunculus_acris,-2.273,0.196,Ordbeta,T0-T2,DIST,1,Lambda,1.1474253581153837
Ranunculus_acris,-2.273,0.196,Ordbeta,T0-T2,DIST,1,Lmax,1.791759469228055
Ranunculus_acris,-2.273,0.196,Ordbeta,T0-T2,DIST,1,Lmean,0.2694368352850544
Ranunculus_acris,-2.273,0.196,Ordbeta,T0-T2,DIST,1,R0,0.4291243489821683
Ranunculus_acris,-2.273,0.196,Ordbeta,T0-T2,DIST,1,Reactivity,1.8978523971700296
Ranunculus_acris,-2.273,0.196,Ordbeta,T0-T2,DIST,1,T_generation,1.3335494740785472
Ranunculus_acris,-2.273,0.196,Ordbeta,T0-T2,DIST,1,age_repro,1.1167312512505851
Ranunculus_acris,-2.273,0.196,Ordbeta,T0-T2,DIST,1,percapita_repro,1.9401794743463283
Salsola_kali,-2.444,0.509,Ordbeta,T0-T2,DIST,1,FirstStepAtt,-7.237614553412407
Salsola_kali,-2.444,0.509,Ordbeta,T0-T2,DIST,1,Lambda,0.5896874965204653
Salsola_kali,-2.444,0.509,Ordbeta,T0-T2,DIST,1,Lmax,1.0986122886681098
Salsola_kali,-2.444,0.509,Ordbeta,T0-T2,DIST,1,Lmean,0.6329527878317025
Salsola_kali,-2.444,0.509,Ordbeta,T0-T2,DIST,1,R0,-3.1690448866467187
Salsola_kali,-2.444,0.509,Ordbeta,T0-T2,DIST,1,Reactivity,NA
Salsola_kali,-2.444,0.509,Ordbeta,T0-T2,DIST,1,T_generation,1.7917877371801425
Salsola_kali,-2.444,0.509,Ordbeta,T0-T2,DIST,1,age_repro,1.7917761374226397
Salsola_kali,-2.444,0.509,Ordbeta,T0-T2,DIST,1,percapita_repro,NA
Sphaeralcea_coccinea,-2.097,0.32,Ordbeta,T0-T2,DIST,1,FirstStepAtt,-0.021668930362796438
Sphaeralcea_coccinea,-2.097,0.32,Ordbeta,T0-T2,DIST,1,Lambda,0.9140916052986946
Sphaeralcea_coccinea,-2.097,0.32,Ordbeta,T0-T2,DIST,1,Lmax,1.1291966833851346
Sphaeralcea_coccinea,-2.097,0.32,Ordbeta,T0-T2,DIST,1,Lmean,0.18479959171993668
Sphaeralcea_coccinea,-2.097,0.32,Ordbeta,T0-T2,DIST,1,R0,-0.1631566065473073
Sphaeralcea_coccinea,-2.097,0.32,Ordbeta,T0-T2,DIST,1,Reactivity,0.06479482429602482
Sphaeralcea_coccinea,-2.097,0.32,Ordbeta,T0-T2,DIST,1,T_generation,0.2422469272637918
Sphaeralcea_coccinea,-2.097,0.32,Ordbeta,T0-T2,DIST,1,age_repro,0
Sphaeralcea_coccinea,-2.097,0.32,Ordbeta,T0-T2,DIST,1,percapita_repro,-0.347956198267244
Stenaria_nigricans,-1.972,0.357,Ordbeta,T0-T2,DIST,1,FirstStepAtt,-0.001506241946231945
Stenaria_nigricans,-1.972,0.357,Ordbeta,T0-T2,DIST,1,Lambda,0.9901413361648121
Stenaria_nigricans,-1.972,0.357,Ordbeta,T0-T2,DIST,1,Lmax,0.8841014310483891
Stenaria_nigricans,-1.972,0.357,Ordbeta,T0-T2,DIST,1,Lmean,0.1061701762787086
Stenaria_nigricans,-1.972,0.357,Ordbeta,T0-T2,DIST,1,R0,0.21085254589803137
Stenaria_nigricans,-1.972,0.357,Ordbeta,T0-T2,DIST,1,Reactivity,0.009202684809058356
Stenaria_nigricans,-1.972,0.357,Ordbeta,T0-T2,DIST,1,T_generation,0.10216634557653176
Stenaria_nigricans,-1.972,0.357,Ordbeta,T0-T2,DIST,1,age_repro,0
Stenaria_nigricans,-1.972,0.357,Ordbeta,T0-T2,DIST,1,percapita_repro,0.10468236961932272
Taraxacum_campylodes,-2.296,0.371,Ordbeta,T0-T2,DIST,1,FirstStepAtt,-2.3531148413315983
Taraxacum_campylodes,-2.296,0.371,Ordbeta,T0-T2,DIST,1,Lambda,0.08041791145870329
Taraxacum_campylodes,-2.296,0.371,Ordbeta,T0-T2,DIST,1,Lmax,0.5493061443340549
Taraxacum_campylodes,-2.296,0.371,Ordbeta,T0-T2,DIST,1,Lmean,0.06773896227809098
Taraxacum_campylodes,-2.296,0.371,Ordbeta,T0-T2,DIST,1,R0,-Inf
Taraxacum_campylodes,-2.296,0.371,Ordbeta,T0-T2,DIST,1,Reactivity,2.4046693226371185
Taraxacum_campylodes,-2.296,0.371,Ordbeta,T0-T2,DIST,1,T_generation,NA
Taraxacum_campylodes,-2.296,0.371,Ordbeta,T0-T2,DIST,1,age_repro,0
Taraxacum_campylodes,-2.296,0.371,Ordbeta,T0-T2,DIST,1,percapita_repro,-11.213549524439351
Thymus_vulgaris,-2.16,0.356,Ordbeta,T0-T2,DIST,1,FirstStepAtt,-0.005866973847378982
Thymus_vulgaris,-2.16,0.356,Ordbeta,T0-T2,DIST,1,Lambda,0.9926751959162854
Thymus_vulgaris,-2.16,0.356,Ordbeta,T0-T2,DIST,1,Lmax,5.964961904446033
Thymus_vulgaris,-2.16,0.356,Ordbeta,T0-T2,DIST,1,Lmean,4.459892288650257
Thymus_vulgaris,-2.16,0.356,Ordbeta,T0-T2,DIST,1,R0,-1.07189733945768
Thymus_vulgaris,-2.16,0.356,Ordbeta,T0-T2,DIST,1,Reactivity,0.010349758754626258
Thymus_vulgaris,-2.16,0.356,Ordbeta,T0-T2,DIST,1,T_generation,NA
Thymus_vulgaris,-2.16,0.356,Ordbeta,T0-T2,DIST,1,age_repro,NA
Thymus_vulgaris,-2.16,0.356,Ordbeta,T0-T2,DIST,1,percapita_repro,-5.143380039347928
Verbascum_thapsus,-2.303,0.477,Ordbeta,T0-T2,DIST,1,FirstStepAtt,-4.012613096092431
Verbascum_thapsus,-2.303,0.477,Ordbeta,T0-T2,DIST,1,Lambda,NA
Verbascum_thapsus,-2.303,0.477,Ordbeta,T0-T2,DIST,1,Lmax,0.6931471805599453
Verbascum_thapsus,-2.303,0.477,Ordbeta,T0-T2,DIST,1,Lmean,0.05129369438747054
Verbascum_thapsus,-2.303,0.477,Ordbeta,T0-T2,DIST,1,R0,3.381715911075376
Verbascum_thapsus,-2.303,0.477,Ordbeta,T0-T2,DIST,1,Reactivity,NA
Verbascum_thapsus,-2.303,0.477,Ordbeta,T0-T2,DIST,1,T_generation,0.7764348966557838
Verbascum_thapsus,-2.303,0.477,Ordbeta,T0-T2,DIST,1,age_repro,2.5523449856956373
Verbascum_thapsus,-2.303,0.477,Ordbeta,T0-T2,DIST,1,percapita_repro,NA
Veronica_arvensis,-2.502,0.206,Ordbeta,T0-T2,DIST,1,FirstStepAtt,-1.3609972168245543
Veronica_arvensis,-2.502,0.206,Ordbeta,T0-T2,DIST,1,Lambda,1.0575348190993947
Veronica_arvensis,-2.502,0.206,Ordbeta,T0-T2,DIST,1,Lmax,0.12924850454918937
Veronica_arvensis,-2.502,0.206,Ordbeta,T0-T2,DIST,1,Lmean,0.05244694819316372
Veronica_arvensis,-2.502,0.206,Ordbeta,T0-T2,DIST,1,R0,-0.014999404757933849
Veronica_arvensis,-2.502,0.206,Ordbeta,T0-T2,DIST,1,Reactivity,1.7913324339405632
Veronica_arvensis,-2.502,0.206,Ordbeta,T0-T2,DIST,1,T_generation,0.41785049626112153
Veronica_arvensis,-2.502,0.206,Ordbeta,T0-T2,DIST,1,age_repro,0.8907769885320955
Veronica_arvensis,-2.502,0.206,Ordbeta,T0-T2,DIST,1,percapita_repro,1.8152156216155975
Acer_saccharum,-2.209,0.537,Hurdle_cond,T0-T2,NPK,1,FirstStepAtt,-0.13633162397836543
Acer_saccharum,-2.209,0.537,Hurdle_cond,T0-T2,NPK,1,Lambda,1.7751478346888434
Acer_saccharum,-2.209,0.537,Hurdle_cond,T0-T2,NPK,1,Lmax,5.5871025137026376
Acer_saccharum,-2.209,0.537,Hurdle_cond,T0-T2,NPK,1,Lmean,5.240241348413525
Acer_saccharum,-2.209,0.537,Hurdle_cond,T0-T2,NPK,1,R0,6.4970270462927875
Acer_saccharum,-2.209,0.537,Hurdle_cond,T0-T2,NPK,1,Reactivity,0.11239532885872887
Acer_saccharum,-2.209,0.537,Hurdle_cond,T0-T2,NPK,1,T_generation,1.6297372686170404
Acer_saccharum,-2.209,0.537,Hurdle_cond,T0-T2,NPK,1,age_repro,2.5048380603456604
Acer_saccharum,-2.209,0.537,Hurdle_cond,T0-T2,NPK,1,percapita_repro,-0.15190606423970499
Agrimonia_eupatoria,-2.093,0.273,Hurdle_cond,T0-T2,NPK,1,FirstStepAtt,-0.40426778811109665
Agrimonia_eupatoria,-2.093,0.273,Hurdle_cond,T0-T2,NPK,1,Lambda,0.99064442494128635
Agrimonia_eupatoria,-2.093,0.273,Hurdle_cond,T0-T2,NPK,1,Lmax,4.5330412476880015
Agrimonia_eupatoria,-2.093,0.273,Hurdle_cond,T0-T2,NPK,1,Lmean,2.276623485281897
Agrimonia_eupatoria,-2.093,0.273,Hurdle_cond,T0-T2,NPK,1,R0,-0.38127020833005776
Agrimonia_eupatoria,-2.093,0.273,Hurdle_cond,T0-T2,NPK,1,Reactivity,0.19207496843703886
Agrimonia_eupatoria,-2.093,0.273,Hurdle_cond,T0-T2,NPK,1,T_generation,3.6207086258222283
Agrimonia_eupatoria,-2.093,0.273,Hurdle_cond,T0-T2,NPK,1,age_repro,2.087394345070076
Agrimonia_eupatoria,-2.093,0.273,Hurdle_cond,T0-T2,NPK,1,percapita_repro,-1.5661843426366495
Allium_vineale,-2.242,0.479,Hurdle_cond,T0-T2,NPK,1,FirstStepAtt,-2.036030904211625
Allium_vineale,-2.242,0.479,Hurdle_cond,T0-T2,NPK,1,Lambda,1.170906773884173
Allium_vineale,-2.242,0.479,Hurdle_cond,T0-T2,NPK,1,Lmax,1.0986122886681098
Allium_vineale,-2.242,0.479,Hurdle_cond,T0-T2,NPK,1,Lmean,0.16647352389668973
Allium_vineale,-2.242,0.479,Hurdle_cond,T0-T2,NPK,1,R0,0.3408368280021561
Allium_vineale,-2.242,0.479,Hurdle_cond,T0-T2,NPK,1,Reactivity,2.1940830508207325
Allium_vineale,-2.242,0.479,Hurdle_cond,T0-T2,NPK,1,T_generation,0.7635325690826141
Allium_vineale,-2.242,0.479,Hurdle_cond,T0-T2,NPK,1,age_repro,1.2000990079409088
Allium_vineale,-2.242,0.479,Hurdle_cond,T0-T2,NPK,1,percapita_repro,2.3368650630604555
Andropogon_gerardii,-0.653,0.285,Hurdle_cond,T0-T2,NPK,1,FirstStepAtt,-1.1908608264270113
Andropogon_gerardii,-0.653,0.285,Hurdle_cond,T0-T2,NPK,1,Lambda,1.5058732521698401
Andropogon_gerardii,-0.653,0.285,Hurdle_cond,T0-T2,NPK,1,Lmax,1.764891121214301
Andropogon_gerardii,-0.653,0.285,Hurdle_cond,T0-T2,NPK,1,Lmean,0.6723210807858808
Andropogon_gerardii,-0.653,0.285,Hurdle_cond,T0-T2,NPK,1,R0,0.8354773555720532
Andropogon_gerardii,-0.653,0.285,Hurdle_cond,T0-T2,NPK,1,Reactivity,1.7926841280473302
Andropogon_gerardii,-0.653,0.285,Hurdle_cond,T0-T2,NPK,1,T_generation,0.7395193223181743
Andropogon_gerardii,-0.653,0.285,Hurdle_cond,T0-T2,NPK,1,age_repro,0.7862530575220442
Andropogon_gerardii,-0.653,0.285,Hurdle_cond,T0-T2,NPK,1,percapita_repro,2.0924307697315556
Arenaria_serpyllifolia,-2.362,0.291,Hurdle_cond,T0-T2,NPK,1,FirstStepAtt,-2.2176497264357233
Arenaria_serpyllifolia,-2.362,0.291,Hurdle_cond,T0-T2,NPK,1,Lambda,0.860684361881849
Arenaria_serpyllifolia,-2.362,0.291,Hurdle_cond,T0-T2,NPK,1,Lmax,0
Arenaria_serpyllifolia,-2.362,0.291,Hurdle_cond,T0-T2,NPK,1,Lmean,0
Arenaria_serpyllifolia,-2.362,0.291,Hurdle_cond,T0-T2,NPK,1,R0,0.13128547046852534
Arenaria_serpyllifolia,-2.362,0.291,Hurdle_cond,T0-T2,NPK,1,Reactivity,2.5929750386335604
Arenaria_serpyllifolia,-2.362,0.291,Hurdle_cond,T0-T2,NPK,1,T_generation,0.1698858306660028
Arenaria_serpyllifolia,-2.362,0.291,Hurdle_cond,T0-T2,NPK,1,age_repro,0.8303384136066279
Arenaria_serpyllifolia,-2.362,0.291,Hurdle_cond,T0-T2,NPK,1,percapita_repro,2.639396025140823
Armeria_maritima,-2.364,0.347,Hurdle_cond,T0-T2,NPK,1,FirstStepAtt,-2.2414258727445264
Armeria_maritima,-2.364,0.347,Hurdle_cond,T0-T2,NPK,1,Lambda,1.4580438530642406
Armeria_maritima,-2.364,0.347,Hurdle_cond,T0-T2,NPK,1,Lmax,2.995732273553991
Armeria_maritima,-2.364,0.347,Hurdle_cond,T0-T2,NPK,1,Lmean,0.6122577291406874
Armeria_maritima,-2.364,0.347,Hurdle_cond,T0-T2,NPK,1,R0,4.4450836460525265
Armeria_maritima,-2.364,0.347,Hurdle_cond,T0-T2,NPK,1,Reactivity,5.495776723555246
Armeria_maritima,-2.364,0.347,Hurdle_cond,T0-T2,NPK,1,T_generation,2.0996042559618977
Armeria_maritima,-2.364,0.347,Hurdle_cond,T0-T2,NPK,1,age_repro,1.525500516347215
Armeria_maritima,-2.364,0.347,Hurdle_cond,T0-T2,NPK,1,percapita_repro,3.6172820201716607
Centaurea_jacea,-2.052,0.285,Hurdle_cond,T0-T2,NPK,1,FirstStepAtt,-0.6368104471974831
Centaurea_jacea,-2.052,0.285,Hurdle_cond,T0-T2,NPK,1,Lambda,0.9157150879324937
Centaurea_jacea,-2.052,0.285,Hurdle_cond,T0-T2,NPK,1,Lmax,2.4003251984703664
Centaurea_jacea,-2.052,0.285,Hurdle_cond,T0-T2,NPK,1,Lmean,1.372271579332501
Centaurea_jacea,-2.052,0.285,Hurdle_cond,T0-T2,NPK,1,R0,-3.4842742317189583
Centaurea_jacea,-2.052,0.285,Hurdle_cond,T0-T2,NPK,1,Reactivity,0.4168576413811439
Centaurea_jacea,-2.052,0.285,Hurdle_cond,T0-T2,NPK,1,T_generation,2.978872381362829
Centaurea_jacea,-2.052,0.285,Hurdle_cond,T0-T2,NPK,1,age_repro,1.6363011514297372
Centaurea_jacea,-2.052,0.285,Hurdle_cond,T0-T2,NPK,1,percapita_repro,-1.7828083742933423
Cerastium_fontanum,-2.501,0.206,Hurdle_cond,T0-T2,NPK,1,FirstStepAtt,-2.696031853083466
Cerastium_fontanum,-2.501,0.206,Hurdle_cond,T0-T2,NPK,1,Lambda,NA
Cerastium_fontanum,-2.501,0.206,Hurdle_cond,T0-T2,NPK,1,Lmax,0
Cerastium_fontanum,-2.501,0.206,Hurdle_cond,T0-T2,NPK,1,Lmean,0
Cerastium_fontanum,-2.501,0.206,Hurdle_cond,T0-T2,NPK,1,R0,1.5184623246973081
Cerastium_fontanum,-2.501,0.206,Hurdle_cond,T0-T2,NPK,1,Reactivity,3.027270925563423
Cerastium_fontanum,-2.501,0.206,Hurdle_cond,T0-T2,NPK,1,T_generation,0.005048904923272251
Cerastium_fontanum,-2.501,0.206,Hurdle_cond,T0-T2,NPK,1,age_repro,0.8873031950009029
Cerastium_fontanum,-2.501,0.206,Hurdle_cond,T0-T2,NPK,1,percapita_repro,4.522657764413627
Cirsium_arvense,-2.133,0.221,Hurdle_cond,T0-T2,NPK,1,FirstStepAtt,-3.3290015249469986
Cirsium_arvense,-2.133,0.221,Hurdle_cond,T0-T2,NPK,1,Lambda,NA
Cirsium_arvense,-2.133,0.221,Hurdle_cond,T0-T2,NPK,1,Lmax,1.0986122886681098
Cirsium_arvense,-2.133,0.221,Hurdle_cond,T0-T2,NPK,1,Lmean,0.1699960817758222
Cirsium_arvense,-2.133,0.221,Hurdle_cond,T0-T2,NPK,1,R0,3.228914980534981
Cirsium_arvense,-2.133,0.221,Hurdle_cond,T0-T2,NPK,1,Reactivity,4.0664130997692896
Cirsium_arvense,-2.133,0.221,Hurdle_cond,T0-T2,NPK,1,T_generation,0.770361224737239
Cirsium_arvense,-2.133,0.221,Hurdle_cond,T0-T2,NPK,1,age_repro,1.162546762671639
Cirsium_arvense,-2.133,0.221,Hurdle_cond,T0-T2,NPK,1,percapita_repro,5.427985054670073
Cirsium_palustre,-2.243,0.533,Hurdle_cond,T0-T2,NPK,1,FirstStepAtt,-2.5937654771378242
Cirsium_palustre,-2.243,0.533,Hurdle_cond,T0-T2,NPK,1,Lambda,1.4428002172428838
Cirsium_palustre,-2.243,0.533,Hurdle_cond,T0-T2,NPK,1,Lmax,1.5273118956910914
Cirsium_palustre,-2.243,0.533,Hurdle_cond,T0-T2,NPK,1,Lmean,0.20135107219302092
Cirsium_palustre,-2.243,0.533,Hurdle_cond,T0-T2,NPK,1,R0,1.2807231364002394
Cirsium_palustre,-2.243,0.533,Hurdle_cond,T0-T2,NPK,1,Reactivity,4.898747288058176
Cirsium_palustre,-2.243,0.533,Hurdle_cond,T0-T2,NPK,1,T_generation,1.2255759905166657
Cirsium_palustre,-2.243,0.533,Hurdle_cond,T0-T2,NPK,1,age_repro,1.534647496889771
Cirsium_palustre,-2.243,0.533,Hurdle_cond,T0-T2,NPK,1,percapita_repro,4.957313127808717
Cirsium_vulgare,-2.071,0.449,Hurdle_cond,T0-T2,NPK,1,FirstStepAtt,-3.1910655226282234
Cirsium_vulgare,-2.071,0.449,Hurdle_cond,T0-T2,NPK,1,Lambda,0.7844344795818798
Cirsium_vulgare,-2.071,0.449,Hurdle_cond,T0-T2,NPK,1,Lmax,1.507973248367974
Cirsium_vulgare,-2.071,0.449,Hurdle_cond,T0-T2,NPK,1,Lmean,0.3479988332516422
Cirsium_vulgare,-2.071,0.449,Hurdle_cond,T0-T2,NPK,1,R0,-1.420279247517773
Cirsium_vulgare,-2.071,0.449,Hurdle_cond,T0-T2,NPK,1,Reactivity,2.641485998869525
Cirsium_vulgare,-2.071,0.449,Hurdle_cond,T0-T2,NPK,1,T_generation,1.4828783988333107
Cirsium_vulgare,-2.071,0.449,Hurdle_cond,T0-T2,NPK,1,age_repro,0.9323966804077027
Cirsium_vulgare,-2.071,0.449,Hurdle_cond,T0-T2,NPK,1,percapita_repro,1.89963041219607
Daucus_carota,-2.163,0.255,Hurdle_cond,T0-T2,NPK,1,FirstStepAtt,-4.040610337013186
Daucus_carota,-2.163,0.255,Hurdle_cond,T0-T2,NPK,1,Lambda,1.7161044748521754
Daucus_carota,-2.163,0.255,Hurdle_cond,T0-T2,NPK,1,Lmax,1.0986122886681098
Daucus_carota,-2.163,0.255,Hurdle_cond,T0-T2,NPK,1,Lmean,0.31834252276646996
Daucus_carota,-2.163,0.255,Hurdle_cond,T0-T2,NPK,1,R0,1.8196701629274532
Daucus_carota,-2.163,0.255,Hurdle_cond,T0-T2,NPK,1,Reactivity,NA
Daucus_carota,-2.163,0.255,Hurdle_cond,T0-T2,NPK,1,T_generation,1.189773196967312
Daucus_carota,-2.163,0.255,Hurdle_cond,T0-T2,NPK,1,age_repro,1.431272611901774
Daucus_carota,-2.163,0.255,Hurdle_cond,T0-T2,NPK,1,percapita_repro,NA
Echium_vulgare,-2.171,0.336,Hurdle_cond,T0-T2,NPK,1,FirstStepAtt,-1.4808281568478856
Echium_vulgare,-2.171,0.336,Hurdle_cond,T0-T2,NPK,1,Lambda,1.5475980030086196
Echium_vulgare,-2.171,0.336,Hurdle_cond,T0-T2,NPK,1,Lmax,1.3862943611198906
Echium_vulgare,-2.171,0.336,Hurdle_cond,T0-T2,NPK,1,Lmean,0.5010758488001461
Echium_vulgare,-2.171,0.336,Hurdle_cond,T0-T2,NPK,1,R0,1.6034012709220467
Echium_vulgare,-2.171,0.336,Hurdle_cond,T0-T2,NPK,1,Reactivity,3.2663741200499037
Echium_vulgare,-2.171,0.336,Hurdle_cond,T0-T2,NPK,1,T_generation,1.2871395045757101
Echium_vulgare,-2.171,0.336,Hurdle_cond,T0-T2,NPK,1,age_repro,1.3132909952863716
Echium_vulgare,-2.171,0.336,Hurdle_cond,T0-T2,NPK,1,percapita_repro,3.7030781735137492
Elymus_repens,-1.933,0.206,Hurdle_cond,T0-T2,NPK,1,FirstStepAtt,-19.608981934788076
Elymus_repens,-1.933,0.206,Hurdle_cond,T0-T2,NPK,1,Lambda,NA
Elymus_repens,-1.933,0.206,Hurdle_cond,T0-T2,NPK,1,Lmax,0.6931471805599453
Elymus_repens,-1.933,0.206,Hurdle_cond,T0-T2,NPK,1,Lmean,0.34830572665687204
Elymus_repens,-1.933,0.206,Hurdle_cond,T0-T2,NPK,1,R0,4.306802628082906
Elymus_repens,-1.933,0.206,Hurdle_cond,T0-T2,NPK,1,Reactivity,NA
Elymus_repens,-1.933,0.206,Hurdle_cond,T0-T2,NPK,1,T_generation,0.00771453240913415
Elymus_repens,-1.933,0.206,Hurdle_cond,T0-T2,NPK,1,age_repro,0
Elymus_repens,-1.933,0.206,Hurdle_cond,T0-T2,NPK,1,percapita_repro,-5.74205469871386
Erigeron_canadensis,-2.595,0.287,Hurdle_cond,T0-T2,NPK,1,FirstStepAtt,-2.9940372183428647
Erigeron_canadensis,-2.595,0.287,Hurdle_cond,T0-T2,NPK,1,Lambda,NA
Erigeron_canadensis,-2.595,0.287,Hurdle_cond,T0-T2,NPK,1,Lmax,0
Erigeron_canadensis,-2.595,0.287,Hurdle_cond,T0-T2,NPK,1,Lmean,0
Erigeron_canadensis,-2.595,0.287,Hurdle_cond,T0-T2,NPK,1,R0,2.750423016465953
Erigeron_canadensis,-2.595,0.287,Hurdle_cond,T0-T2,NPK,1,Reactivity,3.7256901124743216
Erigeron_canadensis,-2.595,0.287,Hurdle_cond,T0-T2,NPK,1,T_generation,0.1300250884192771
Erigeron_canadensis,-2.595,0.287,Hurdle_cond,T0-T2,NPK,1,age_repro,0.9159908368351705
Erigeron_canadensis,-2.595,0.287,Hurdle_cond,T0-T2,NPK,1,percapita_repro,5.684089841310465
Knautia_arvensis,-1.536,0.382,Hurdle_cond,T0-T2,NPK,1,FirstStepAtt,-2.9563737542749036
Knautia_arvensis,-1.536,0.382,Hurdle_cond,T0-T2,NPK,1,Lambda,0.30764990872892983
Knautia_arvensis,-1.536,0.382,Hurdle_cond,T0-T2,NPK,1,Lmax,0.6931471805599453
Knautia_arvensis,-1.536,0.382,Hurdle_cond,T0-T2,NPK,1,Lmean,0.022139719151234638
Knautia_arvensis,-1.536,0.382,Hurdle_cond,T0-T2,NPK,1,R0,-9.95071325619903
Knautia_arvensis,-1.536,0.382,Hurdle_cond,T0-T2,NPK,1,Reactivity,0.35097071858090523
Knautia_arvensis,-1.536,0.382,Hurdle_cond,T0-T2,NPK,1,T_generation,NA
Knautia_arvensis,-1.536,0.382,Hurdle_cond,T0-T2,NPK,1,age_repro,0.9322894183877876
Knautia_arvensis,-1.536,0.382,Hurdle_cond,T0-T2,NPK,1,percapita_repro,-4.367646677748796
Lactuca_serriola,-2.207,0.537,Hurdle_cond,T0-T2,NPK,1,FirstStepAtt,-2.5276283678174485
Lactuca_serriola,-2.207,0.537,Hurdle_cond,T0-T2,NPK,1,Lambda,NA
Lactuca_serriola,-2.207,0.537,Hurdle_cond,T0-T2,NPK,1,Lmax,0
Lactuca_serriola,-2.207,0.537,Hurdle_cond,T0-T2,NPK,1,Lmean,0
Lactuca_serriola,-2.207,0.537,Hurdle_cond,T0-T2,NPK,1,R0,2.961708269076509
Lactuca_serriola,-2.207,0.537,Hurdle_cond,T0-T2,NPK,1,Reactivity,5.096932718325193
Lactuca_serriola,-2.207,0.537,Hurdle_cond,T0-T2,NPK,1,T_generation,0.08738433516364566
Lactuca_serriola,-2.207,0.537,Hurdle_cond,T0-T2,NPK,1,age_repro,1.2839753424841123
Lactuca_serriola,-2.207,0.537,Hurdle_cond,T0-T2,NPK,1,percapita_repro,7.147653680580111
Linum_catharticum,-2.282,0.438,Hurdle_cond,T0-T2,NPK,1,FirstStepAtt,-3.1953085121694222
Linum_catharticum,-2.282,0.438,Hurdle_cond,T0-T2,NPK,1,Lambda,NA
Linum_catharticum,-2.282,0.438,Hurdle_cond,T0-T2,NPK,1,Lmax,2.0794415416798357
Linum_catharticum,-2.282,0.438,Hurdle_cond,T0-T2,NPK,1,Lmean,0.7715798705141755
Linum_catharticum,-2.282,0.438,Hurdle_cond,T0-T2,NPK,1,R0,1.7942778474769046
Linum_catharticum,-2.282,0.438,Hurdle_cond,T0-T2,NPK,1,Reactivity,3.8165083573910685
Linum_catharticum,-2.282,0.438,Hurdle_cond,T0-T2,NPK,1,T_generation,0.3007917133047998
Linum_catharticum,-2.282,0.438,Hurdle_cond,T0-T2,NPK,1,age_repro,0.7034715243015948
Linum_catharticum,-2.282,0.438,Hurdle_cond,T0-T2,NPK,1,percapita_repro,3.0328521355315146
Myosotis_ramosissima,-2.209,0.537,Hurdle_cond,T0-T2,NPK,1,FirstStepAtt,-3.6870030575668453
Myosotis_ramosissima,-2.209,0.537,Hurdle_cond,T0-T2,NPK,1,Lambda,1.4558843238144925
Myosotis_ramosissima,-2.209,0.537,Hurdle_cond,T0-T2,NPK,1,Lmax,0
Myosotis_ramosissima,-2.209,0.537,Hurdle_cond,T0-T2,NPK,1,Lmean,0
Myosotis_ramosissima,-2.209,0.537,Hurdle_cond,T0-T2,NPK,1,R0,1.3761933951892638
Myosotis_ramosissima,-2.209,0.537,Hurdle_cond,T0-T2,NPK,1,Reactivity,0.48764865977290195
Myosotis_ramosissima,-2.209,0.537,Hurdle_cond,T0-T2,NPK,1,T_generation,0.01373447854635909
Myosotis_ramosissima,-2.209,0.537,Hurdle_cond,T0-T2,NPK,1,age_repro,0.7154702161542037
Myosotis_ramosissima,-2.209,0.537,Hurdle_cond,T0-T2,NPK,1,percapita_repro,1.826732983425593
Picris_hieracioides,-1.847,0.256,Hurdle_cond,T0-T2,NPK,1,FirstStepAtt,-4.012603074068455
Picris_hieracioides,-1.847,0.256,Hurdle_cond,T0-T2,NPK,1,Lambda,0.8846497432296888
Picris_hieracioides,-1.847,0.256,Hurdle_cond,T0-T2,NPK,1,Lmax,0.6931471805599453
Picris_hieracioides,-1.847,0.256,Hurdle_cond,T0-T2,NPK,1,Lmean,0.025497751793431413
Picris_hieracioides,-1.847,0.256,Hurdle_cond,T0-T2,NPK,1,R0,-0.5012341883972119
Picris_hieracioides,-1.847,0.256,Hurdle_cond,T0-T2,NPK,1,Reactivity,5.739334580340472
Picris_hieracioides,-1.847,0.256,Hurdle_cond,T0-T2,NPK,1,T_generation,1.4151934417967609
Picris_hieracioides,-1.847,0.256,Hurdle_cond,T0-T2,NPK,1,age_repro,1.5430234695350933
Picris_hieracioides,-1.847,0.256,Hurdle_cond,T0-T2,NPK,1,percapita_repro,5.616771097666572
Pimpinella_saxifraga,-1.841,0.308,Hurdle_cond,T0-T2,NPK,1,FirstStepAtt,-0.5923077657542145
Pimpinella_saxifraga,-1.841,0.308,Hurdle_cond,T0-T2,NPK,1,Lambda,0.9547406316474246
Pimpinella_saxifraga,-1.841,0.308,Hurdle_cond,T0-T2,NPK,1,Lmax,3.2778313935718644
Pimpinella_saxifraga,-1.841,0.308,Hurdle_cond,T0-T2,NPK,1,Lmean,1.3985454207581607
Pimpinella_saxifraga,-1.841,0.308,Hurdle_cond,T0-T2,NPK,1,R0,-0.7090626241047243
Pimpinella_saxifraga,-1.841,0.308,Hurdle_cond,T0-T2,NPK,1,Reactivity,0.9233752615973373
Pimpinella_saxifraga,-1.841,0.308,Hurdle_cond,T0-T2,NPK,1,T_generation,2.775613869924522
Pimpinella_saxifraga,-1.841,0.308,Hurdle_cond,T0-T2,NPK,1,age_repro,1.7819632124517442
Pimpinella_saxifraga,-1.841,0.308,Hurdle_cond,T0-T2,NPK,1,percapita_repro,-0.16356267781330006
Plantago_coronopus,-1.605,0.269,Hurdle_cond,T0-T2,NPK,1,FirstStepAtt,-1.0607821044920802
Plantago_coronopus,-1.605,0.269,Hurdle_cond,T0-T2,NPK,1,Lambda,0.8883340096307588
Plantago_coronopus,-1.605,0.269,Hurdle_cond,T0-T2,NPK,1,Lmax,1.907994489728227
Plantago_coronopus,-1.605,0.269,Hurdle_cond,T0-T2,NPK,1,Lmean,0.5836315540514999
Plantago_coronopus,-1.605,0.269,Hurdle_cond,T0-T2,NPK,1,R0,-0.7679497099488539
Plantago_coronopus,-1.605,0.269,Hurdle_cond,T0-T2,NPK,1,Reactivity,1.2700917455756846
Plantago_coronopus,-1.605,0.269,Hurdle_cond,T0-T2,NPK,1,T_generation,1.4792349913940708
Plantago_coronopus,-1.605,0.269,Hurdle_cond,T0-T2,NPK,1,age_repro,0.7227032675127357
Plantago_coronopus,-1.605,0.269,Hurdle_cond,T0-T2,NPK,1,percapita_repro,-0.1607889960080645
Plantago_media,-2.003,0.394,Hurdle_cond,T0-T2,NPK,1,FirstStepAtt,-2.5216721506920545
Plantago_media,-2.003,0.394,Hurdle_cond,T0-T2,NPK,1,Lambda,0.9166479924897526
Plantago_media,-2.003,0.394,Hurdle_cond,T0-T2,NPK,1,Lmax,1.7178918965462198
Plantago_media,-2.003,0.394,Hurdle_cond,T0-T2,NPK,1,Lmean,0.24009345509101096
Plantago_media,-2.003,0.394,Hurdle_cond,T0-T2,NPK,1,R0,-3.703632943874186
Plantago_media,-2.003,0.394,Hurdle_cond,T0-T2,NPK,1,Reactivity,0.9115891884505661
Plantago_media,-2.003,0.394,Hurdle_cond,T0-T2,NPK,1,T_generation,3.283074054166277
Plantago_media,-2.003,0.394,Hurdle_cond,T0-T2,NPK,1,age_repro,2.050568331584061
Plantago_media,-2.003,0.394,Hurdle_cond,T0-T2,NPK,1,percapita_repro,0.21247852101489456
Potentilla_recta,-2.223,0.306,Hurdle_cond,T0-T2,NPK,1,FirstStepAtt,-1.207246625178343
Potentilla_recta,-2.223,0.306,Hurdle_cond,T0-T2,NPK,1,Lambda,1.3233051390988662
Potentilla_recta,-2.223,0.306,Hurdle_cond,T0-T2,NPK,1,Lmax,2.8995463272302633
Potentilla_recta,-2.223,0.306,Hurdle_cond,T0-T2,NPK,1,Lmean,1.114174982541197
Potentilla_recta,-2.223,0.306,Hurdle_cond,T0-T2,NPK,1,R0,-Inf
Potentilla_recta,-2.223,0.306,Hurdle_cond,T0-T2,NPK,1,Reactivity,2.3355670141886495
Potentilla_recta,-2.223,0.306,Hurdle_cond,T0-T2,NPK,1,T_generation,1.12856647634655
Potentilla_recta,-2.223,0.306,Hurdle_cond,T0-T2,NPK,1,age_repro,1.470241457035962
Potentilla_recta,-2.223,0.306,Hurdle_cond,T0-T2,NPK,1,percapita_repro,5.184136566294191
Primula_elatior,-2.107,0.551,Hurdle_cond,T0-T2,NPK,1,FirstStepAtt,-2.5752591198739894
Primula_elatior,-2.107,0.551,Hurdle_cond,T0-T2,NPK,1,Lambda,1.0243599289476764
Primula_elatior,-2.107,0.551,Hurdle_cond,T0-T2,NPK,1,Lmax,3.078214221499716
Primula_elatior,-2.107,0.551,Hurdle_cond,T0-T2,NPK,1,Lmean,0.934868660605433
Primula_elatior,-2.107,0.551,Hurdle_cond,T0-T2,NPK,1,R0,-0.19834378876572734
Primula_elatior,-2.107,0.551,Hurdle_cond,T0-T2,NPK,1,Reactivity,1.2375774274497275
Primula_elatior,-2.107,0.551,Hurdle_cond,T0-T2,NPK,1,T_generation,2.7743429427827526
Primula_elatior,-2.107,0.551,Hurdle_cond,T0-T2,NPK,1,age_repro,1.5965918444925693
Primula_elatior,-2.107,0.551,Hurdle_cond,T0-T2,NPK,1,percapita_repro,0.6906312588074859
Primula_veris,-2.13,0.415,Hurdle_cond,T0-T2,NPK,1,FirstStepAtt,-3.0996415326914413
Primula_veris,-2.13,0.415,Hurdle_cond,T0-T2,NPK,1,Lambda,0.9177166512186883
Primula_veris,-2.13,0.415,Hurdle_cond,T0-T2,NPK,1,Lmax,1.777554626801171
Primula_veris,-2.13,0.415,Hurdle_cond,T0-T2,NPK,1,Lmean,0.3457340899605148
Primula_veris,-2.13,0.415,Hurdle_cond,T0-T2,NPK,1,R0,-3.5312053848310136
Primula_veris,-2.13,0.415,Hurdle_cond,T0-T2,NPK,1,Reactivity,1.8406103144604358
Primula_veris,-2.13,0.415,Hurdle_cond,T0-T2,NPK,1,T_generation,3.2661511301743356
Primula_veris,-2.13,0.415,Hurdle_cond,T0-T2,NPK,1,age_repro,2.1007008996065113
Primula_veris,-2.13,0.415,Hurdle_cond,T0-T2,NPK,1,percapita_repro,1.3057574210790406
Ranunculus_acris,-2.283,0.206,Hurdle_cond,T0-T2,NPK,1,FirstStepAtt,-2.223673155588096
Ranunculus_acris,-2.283,0.206,Hurdle_cond,T0-T2,NPK,1,Lambda,1.1474253581153837
Ranunculus_acris,-2.283,0.206,Hurdle_cond,T0-T2,NPK,1,Lmax,1.791759469228055
Ranunculus_acris,-2.283,0.206,Hurdle_cond,T0-T2,NPK,1,Lmean,0.2694368352850544
Ranunculus_acris,-2.283,0.206,Hurdle_cond,T0-T2,NPK,1,R0,0.4291243489821683
Ranunculus_acris,-2.283,0.206,Hurdle_cond,T0-T2,NPK,1,Reactivity,1.8978523971700296
Ranunculus_acris,-2.283,0.206,Hurdle_cond,T0-T2,NPK,1,T_generation,1.3335494740785472
Ranunculus_acris,-2.283,0.206,Hurdle_cond,T0-T2,NPK,1,age_repro,1.1167312512505851
Ranunculus_acris,-2.283,0.206,Hurdle_cond,T0-T2,NPK,1,percapita_repro,1.9401794743463283
Sphaeralcea_coccinea,-2.255,0.325,Hurdle_cond,T0-T2,NPK,1,FirstStepAtt,-0.021668930362796438
Sphaeralcea_coccinea,-2.255,0.325,Hurdle_cond,T0-T2,NPK,1,Lambda,0.9140916052986946
Sphaeralcea_coccinea,-2.255,0.325,Hurdle_cond,T0-T2,NPK,1,Lmax,1.1291966833851346
Sphaeralcea_coccinea,-2.255,0.325,Hurdle_cond,T0-T2,NPK,1,Lmean,0.18479959171993668
Sphaeralcea_coccinea,-2.255,0.325,Hurdle_cond,T0-T2,NPK,1,R0,-0.1631566065473073
Sphaeralcea_coccinea,-2.255,0.325,Hurdle_cond,T0-T2,NPK,1,Reactivity,0.06479482429602482
Sphaeralcea_coccinea,-2.255,0.325,Hurdle_cond,T0-T2,NPK,1,T_generation,0.2422469272637918
Sphaeralcea_coccinea,-2.255,0.325,Hurdle_cond,T0-T2,NPK,1,age_repro,0
Sphaeralcea_coccinea,-2.255,0.325,Hurdle_cond,T0-T2,NPK,1,percapita_repro,-0.347956198267244
Stenaria_nigricans,-1.828,0.358,Hurdle_cond,T0-T2,NPK,1,FirstStepAtt,-0.001506241946231945
Stenaria_nigricans,-1.828,0.358,Hurdle_cond,T0-T2,NPK,1,Lambda,0.9901413361648121
Stenaria_nigricans,-1.828,0.358,Hurdle_cond,T0-T2,NPK,1,Lmax,0.8841014310483891
Stenaria_nigricans,-1.828,0.358,Hurdle_cond,T0-T2,NPK,1,Lmean,0.1061701762787086
Stenaria_nigricans,-1.828,0.358,Hurdle_cond,T0-T2,NPK,1,R0,0.21085254589803137
Stenaria_nigricans,-1.828,0.358,Hurdle_cond,T0-T2,NPK,1,Reactivity,0.009202684809058356
Stenaria_nigricans,-1.828,0.358,Hurdle_cond,T0-T2,NPK,1,T_generation,0.10216634557653176
Stenaria_nigricans,-1.828,0.358,Hurdle_cond,T0-T2,NPK,1,age_repro,0
Stenaria_nigricans,-1.828,0.358,Hurdle_cond,T0-T2,NPK,1,percapita_repro,0.10468236961932272
Taraxacum_campylodes,-2.378,0.381,Hurdle_cond,T0-T2,NPK,1,FirstStepAtt,-2.3531148413315983
Taraxacum_campylodes,-2.378,0.381,Hurdle_cond,T0-T2,NPK,1,Lambda,0.08041791145870329
Taraxacum_campylodes,-2.378,0.381,Hurdle_cond,T0-T2,NPK,1,Lmax,0.5493061443340549
Taraxacum_campylodes,-2.378,0.381,Hurdle_cond,T0-T2,NPK,1,Lmean,0.06773896227809098
Taraxacum_campylodes,-2.378,0.381,Hurdle_cond,T0-T2,NPK,1,R0,-Inf
Taraxacum_campylodes,-2.378,0.381,Hurdle_cond,T0-T2,NPK,1,Reactivity,2.4046693226371185
Taraxacum_campylodes,-2.378,0.381,Hurdle_cond,T0-T2,NPK,1,T_generation,NA
Taraxacum_campylodes,-2.378,0.381,Hurdle_cond,T0-T2,NPK,1,age_repro,0
Taraxacum_campylodes,-2.378,0.381,Hurdle_cond,T0-T2,NPK,1,percapita_repro,-11.213549524439351
Thymus_vulgaris,-1.96,0.456,Hurdle_cond,T0-T2,NPK,1,FirstStepAtt,-0.005866973847378982
Thymus_vulgaris,-1.96,0.456,Hurdle_cond,T0-T2,NPK,1,Lambda,0.9926751959162854
Thymus_vulgaris,-1.96,0.456,Hurdle_cond,T0-T2,NPK,1,Lmax,5.964961904446033
Thymus_vulgaris,-1.96,0.456,Hurdle_cond,T0-T2,NPK,1,Lmean,4.459892288650257
Thymus_vulgaris,-1.96,0.456,Hurdle_cond,T0-T2,NPK,1,R0,-1.07189733945768
Thymus_vulgaris,-1.96,0.456,Hurdle_cond,T0-T2,NPK,1,Reactivity,0.010349758754626258
Thymus_vulgaris,-1.96,0.456,Hurdle_cond,T0-T2,NPK,1,T_generation,NA
Thymus_vulgaris,-1.96,0.456,Hurdle_cond,T0-T2,NPK,1,age_repro,NA
Thymus_vulgaris,-1.96,0.456,Hurdle_cond,T0-T2,NPK,1,percapita_repro,-5.143380039347928
Verbascum_thapsus,-2.125,0.446,Hurdle_cond,T0-T2,NPK,1,FirstStepAtt,-4.012613096092431
Verbascum_thapsus,-2.125,0.446,Hurdle_cond,T0-T2,NPK,1,Lambda,NA
Verbascum_thapsus,-2.125,0.446,Hurdle_cond,T0-T2,NPK,1,Lmax,0.6931471805599453
Verbascum_thapsus,-2.125,0.446,Hurdle_cond,T0-T2,NPK,1,Lmean,0.05129369438747054
Verbascum_thapsus,-2.125,0.446,Hurdle_cond,T0-T2,NPK,1,R0,3.381715911075376
Verbascum_thapsus,-2.125,0.446,Hurdle_cond,T0-T2,NPK,1,Reactivity,NA
Verbascum_thapsus,-2.125,0.446,Hurdle_cond,T0-T2,NPK,1,T_generation,0.7764348966557838
Verbascum_thapsus,-2.125,0.446,Hurdle_cond,T0-T2,NPK,1,age_repro,2.5523449856956373
Verbascum_thapsus,-2.125,0.446,Hurdle_cond,T0-T2,NPK,1,percapita_repro,NA
Veronica_arvensis,-2.559,0.239,Hurdle_cond,T0-T2,NPK,1,FirstStepAtt,-1.3609972168245543
Veronica_arvensis,-2.559,0.239,Hurdle_cond,T0-T2,NPK,1,Lambda,1.0575348190993947
Veronica_arvensis,-2.559,0.239,Hurdle_cond,T0-T2,NPK,1,Lmax,0.12924850454918937
Veronica_arvensis,-2.559,0.239,Hurdle_cond,T0-T2,NPK,1,Lmean,0.05244694819316372
Veronica_arvensis,-2.559,0.239,Hurdle_cond,T0-T2,NPK,1,R0,-0.014999404757933849
Veronica_arvensis,-2.559,0.239,Hurdle_cond,T0-T2,NPK,1,Reactivity,1.7913324339405632
Veronica_arvensis,-2.559,0.239,Hurdle_cond,T0-T2,NPK,1,T_generation,0.41785049626112153
Veronica_arvensis,-2.559,0.239,Hurdle_cond,T0-T2,NPK,1,age_repro,0.8907769885320955
Veronica_arvensis,-2.559,0.239,Hurdle_cond,T0-T2,NPK,1,percapita_repro,1.8152156216155975
Acer_saccharum,-2.06,0.55,Hurdle_zi,T0-T2,NPK,1,FirstStepAtt,-0.13633162397836543
Acer_saccharum,-2.06,0.55,Hurdle_zi,T0-T2,NPK,1,Lambda,1.7751478346888434
Acer_saccharum,-2.06,0.55,Hurdle_zi,T0-T2,NPK,1,Lmax,5.5871025137026376
Acer_saccharum,-2.06,0.55,Hurdle_zi,T0-T2,NPK,1,Lmean,5.240241348413525
Acer_saccharum,-2.06,0.55,Hurdle_zi,T0-T2,NPK,1,R0,6.4970270462927875
Acer_saccharum,-2.06,0.55,Hurdle_zi,T0-T2,NPK,1,Reactivity,0.11239532885872887
Acer_saccharum,-2.06,0.55,Hurdle_zi,T0-T2,NPK,1,T_generation,1.6297372686170404
Acer_saccharum,-2.06,0.55,Hurdle_zi,T0-T2,NPK,1,age_repro,2.5048380603456604
Acer_saccharum,-2.06,0.55,Hurdle_zi,T0-T2,NPK,1,percapita_repro,-0.15190606423970499
Agrimonia_eupatoria,-1.944,0.298,Hurdle_zi,T0-T2,NPK,1,FirstStepAtt,-0.40426778811109665
Agrimonia_eupatoria,-1.944,0.298,Hurdle_zi,T0-T2,NPK,1,Lambda,0.99064442494128635
Agrimonia_eupatoria,-1.944,0.298,Hurdle_zi,T0-T2,NPK,1,Lmax,4.5330412476880015
Agrimonia_eupatoria,-1.944,0.298,Hurdle_zi,T0-T2,NPK,1,Lmean,2.276623485281897
Agrimonia_eupatoria,-1.944,0.298,Hurdle_zi,T0-T2,NPK,1,R0,-0.38127020833005776
Agrimonia_eupatoria,-1.944,0.298,Hurdle_zi,T0-T2,NPK,1,Reactivity,0.19207496843703886
Agrimonia_eupatoria,-1.944,0.298,Hurdle_zi,T0-T2,NPK,1,T_generation,3.6207086258222283
Agrimonia_eupatoria,-1.944,0.298,Hurdle_zi,T0-T2,NPK,1,age_repro,2.087394345070076
Agrimonia_eupatoria,-1.944,0.298,Hurdle_zi,T0-T2,NPK,1,percapita_repro,-1.5661843426366495
Allium_vineale,-2.093,0.493,Hurdle_zi,T0-T2,NPK,1,FirstStepAtt,-2.036030904211625
Allium_vineale,-2.093,0.493,Hurdle_zi,T0-T2,NPK,1,Lambda,1.170906773884173
Allium_vineale,-2.093,0.493,Hurdle_zi,T0-T2,NPK,1,Lmax,1.0986122886681098
Allium_vineale,-2.093,0.493,Hurdle_zi,T0-T2,NPK,1,Lmean,0.16647352389668973
Allium_vineale,-2.093,0.493,Hurdle_zi,T0-T2,NPK,1,R0,0.3408368280021561
Allium_vineale,-2.093,0.493,Hurdle_zi,T0-T2,NPK,1,Reactivity,2.1940830508207325
Allium_vineale,-2.093,0.493,Hurdle_zi,T0-T2,NPK,1,T_generation,0.7635325690826141
Allium_vineale,-2.093,0.493,Hurdle_zi,T0-T2,NPK,1,age_repro,1.2000990079409088
Allium_vineale,-2.093,0.493,Hurdle_zi,T0-T2,NPK,1,percapita_repro,2.3368650630604555
Andropogon_gerardii,-0.504,0.309,Hurdle_zi,T0-T2,NPK,1,FirstStepAtt,-1.1908608264270113
Andropogon_gerardii,-0.504,0.309,Hurdle_zi,T0-T2,NPK,1,Lambda,1.5058732521698401
Andropogon_gerardii,-0.504,0.309,Hurdle_zi,T0-T2,NPK,1,Lmax,1.764891121214301
Andropogon_gerardii,-0.504,0.309,Hurdle_zi,T0-T2,NPK,1,Lmean,0.6723210807858808
Andropogon_gerardii,-0.504,0.309,Hurdle_zi,T0-T2,NPK,1,R0,0.8354773555720532
Andropogon_gerardii,-0.504,0.309,Hurdle_zi,T0-T2,NPK,1,Reactivity,1.7926841280473302
Andropogon_gerardii,-0.504,0.309,Hurdle_zi,T0-T2,NPK,1,T_generation,0.7395193223181743
Andropogon_gerardii,-0.504,0.309,Hurdle_zi,T0-T2,NPK,1,age_repro,0.7862530575220442
Andropogon_gerardii,-0.504,0.309,Hurdle_zi,T0-T2,NPK,1,percapita_repro,2.0924307697315556
Arenaria_serpyllifolia,-2.213,0.314,Hurdle_zi,T0-T2,NPK,1,FirstStepAtt,-2.2176497264357233
Arenaria_serpyllifolia,-2.213,0.314,Hurdle_zi,T0-T2,NPK,1,Lambda,0.860684361881849
Arenaria_serpyllifolia,-2.213,0.314,Hurdle_zi,T0-T2,NPK,1,Lmax,0
Arenaria_serpyllifolia,-2.213,0.314,Hurdle_zi,T0-T2,NPK,1,Lmean,0
Arenaria_serpyllifolia,-2.213,0.314,Hurdle_zi,T0-T2,NPK,1,R0,0.13128547046852534
Arenaria_serpyllifolia,-2.213,0.314,Hurdle_zi,T0-T2,NPK,1,Reactivity,2.5929750386335604
Arenaria_serpyllifolia,-2.213,0.314,Hurdle_zi,T0-T2,NPK,1,T_generation,0.1698858306660028
Arenaria_serpyllifolia,-2.213,0.314,Hurdle_zi,T0-T2,NPK,1,age_repro,0.8303384136066279
Arenaria_serpyllifolia,-2.213,0.314,Hurdle_zi,T0-T2,NPK,1,percapita_repro,2.639396025140823
Armeria_maritima,-2.215,0.366,Hurdle_zi,T0-T2,NPK,1,FirstStepAtt,-2.2414258727445264
Armeria_maritima,-2.215,0.366,Hurdle_zi,T0-T2,NPK,1,Lambda,1.4580438530642406
Armeria_maritima,-2.215,0.366,Hurdle_zi,T0-T2,NPK,1,Lmax,2.995732273553991
Armeria_maritima,-2.215,0.366,Hurdle_zi,T0-T2,NPK,1,Lmean,0.6122577291406874
Armeria_maritima,-2.215,0.366,Hurdle_zi,T0-T2,NPK,1,R0,4.4450836460525265
Armeria_maritima,-2.215,0.366,Hurdle_zi,T0-T2,NPK,1,Reactivity,5.495776723555246
Armeria_maritima,-2.215,0.366,Hurdle_zi,T0-T2,NPK,1,T_generation,2.0996042559618977
Armeria_maritima,-2.215,0.366,Hurdle_zi,T0-T2,NPK,1,age_repro,1.525500516347215
Armeria_maritima,-2.215,0.366,Hurdle_zi,T0-T2,NPK,1,percapita_repro,3.6172820201716607
Centaurea_jacea,-1.903,0.309,Hurdle_zi,T0-T2,NPK,1,FirstStepAtt,-0.6368104471974831
Centaurea_jacea,-1.903,0.309,Hurdle_zi,T0-T2,NPK,1,Lambda,0.9157150879324937
Centaurea_jacea,-1.903,0.309,Hurdle_zi,T0-T2,NPK,1,Lmax,2.4003251984703664
Centaurea_jacea,-1.903,0.309,Hurdle_zi,T0-T2,NPK,1,Lmean,1.372271579332501
Centaurea_jacea,-1.903,0.309,Hurdle_zi,T0-T2,NPK,1,R0,-3.4842742317189583
Centaurea_jacea,-1.903,0.309,Hurdle_zi,T0-T2,NPK,1,Reactivity,0.4168576413811439
Centaurea_jacea,-1.903,0.309,Hurdle_zi,T0-T2,NPK,1,T_generation,2.978872381362829
Centaurea_jacea,-1.903,0.309,Hurdle_zi,T0-T2,NPK,1,age_repro,1.6363011514297372
Centaurea_jacea,-1.903,0.309,Hurdle_zi,T0-T2,NPK,1,percapita_repro,-1.7828083742933423
Cerastium_fontanum,-2.352,0.237,Hurdle_zi,T0-T2,NPK,1,FirstStepAtt,-2.696031853083466
Cerastium_fontanum,-2.352,0.237,Hurdle_zi,T0-T2,NPK,1,Lambda,NA
Cerastium_fontanum,-2.352,0.237,Hurdle_zi,T0-T2,NPK,1,Lmax,0
Cerastium_fontanum,-2.352,0.237,Hurdle_zi,T0-T2,NPK,1,Lmean,0
Cerastium_fontanum,-2.352,0.237,Hurdle_zi,T0-T2,NPK,1,R0,1.5184623246973081
Cerastium_fontanum,-2.352,0.237,Hurdle_zi,T0-T2,NPK,1,Reactivity,3.027270925563423
Cerastium_fontanum,-2.352,0.237,Hurdle_zi,T0-T2,NPK,1,T_generation,0.005048904923272251
Cerastium_fontanum,-2.352,0.237,Hurdle_zi,T0-T2,NPK,1,age_repro,0.8873031950009029
Cerastium_fontanum,-2.352,0.237,Hurdle_zi,T0-T2,NPK,1,percapita_repro,4.522657764413627
Cirsium_arvense,-1.984,0.25,Hurdle_zi,T0-T2,NPK,1,FirstStepAtt,-3.3290015249469986
Cirsium_arvense,-1.984,0.25,Hurdle_zi,T0-T2,NPK,1,Lambda,NA
Cirsium_arvense,-1.984,0.25,Hurdle_zi,T0-T2,NPK,1,Lmax,1.0986122886681098
Cirsium_arvense,-1.984,0.25,Hurdle_zi,T0-T2,NPK,1,Lmean,0.1699960817758222
Cirsium_arvense,-1.984,0.25,Hurdle_zi,T0-T2,NPK,1,R0,3.228914980534981
Cirsium_arvense,-1.984,0.25,Hurdle_zi,T0-T2,NPK,1,Reactivity,4.0664130997692896
Cirsium_arvense,-1.984,0.25,Hurdle_zi,T0-T2,NPK,1,T_generation,0.770361224737239
Cirsium_arvense,-1.984,0.25,Hurdle_zi,T0-T2,NPK,1,age_repro,1.162546762671639
Cirsium_arvense,-1.984,0.25,Hurdle_zi,T0-T2,NPK,1,percapita_repro,5.427985054670073
Cirsium_palustre,-2.094,0.546,Hurdle_zi,T0-T2,NPK,1,FirstStepAtt,-2.5937654771378242
Cirsium_palustre,-2.094,0.546,Hurdle_zi,T0-T2,NPK,1,Lambda,1.4428002172428838
Cirsium_palustre,-2.094,0.546,Hurdle_zi,T0-T2,NPK,1,Lmax,1.5273118956910914
Cirsium_palustre,-2.094,0.546,Hurdle_zi,T0-T2,NPK,1,Lmean,0.20135107219302092
Cirsium_palustre,-2.094,0.546,Hurdle_zi,T0-T2,NPK,1,R0,1.2807231364002394
Cirsium_palustre,-2.094,0.546,Hurdle_zi,T0-T2,NPK,1,Reactivity,4.898747288058176
Cirsium_palustre,-2.094,0.546,Hurdle_zi,T0-T2,NPK,1,T_generation,1.2255759905166657
Cirsium_palustre,-2.094,0.546,Hurdle_zi,T0-T2,NPK,1,age_repro,1.534647496889771
Cirsium_palustre,-2.094,0.546,Hurdle_zi,T0-T2,NPK,1,percapita_repro,4.957313127808717
Cirsium_vulgare,-1.922,0.465,Hurdle_zi,T0-T2,NPK,1,FirstStepAtt,-3.1910655226282234
Cirsium_vulgare,-1.922,0.465,Hurdle_zi,T0-T2,NPK,1,Lambda,0.7844344795818798
Cirsium_vulgare,-1.922,0.465,Hurdle_zi,T0-T2,NPK,1,Lmax,1.507973248367974
Cirsium_vulgare,-1.922,0.465,Hurdle_zi,T0-T2,NPK,1,Lmean,0.3479988332516422
Cirsium_vulgare,-1.922,0.465,Hurdle_zi,T0-T2,NPK,1,R0,-1.420279247517773
Cirsium_vulgare,-1.922,0.465,Hurdle_zi,T0-T2,NPK,1,Reactivity,2.641485998869525
Cirsium_vulgare,-1.922,0.465,Hurdle_zi,T0-T2,NPK,1,T_generation,1.4828783988333107
Cirsium_vulgare,-1.922,0.465,Hurdle_zi,T0-T2,NPK,1,age_repro,0.9323966804077027
Cirsium_vulgare,-1.922,0.465,Hurdle_zi,T0-T2,NPK,1,percapita_repro,1.89963041219607
Daucus_carota,-2.014,0.281,Hurdle_zi,T0-T2,NPK,1,FirstStepAtt,-4.040610337013186
Daucus_carota,-2.014,0.281,Hurdle_zi,T0-T2,NPK,1,Lambda,1.7161044748521754
Daucus_carota,-2.014,0.281,Hurdle_zi,T0-T2,NPK,1,Lmax,1.0986122886681098
Daucus_carota,-2.014,0.281,Hurdle_zi,T0-T2,NPK,1,Lmean,0.31834252276646996
Daucus_carota,-2.014,0.281,Hurdle_zi,T0-T2,NPK,1,R0,1.8196701629274532
Daucus_carota,-2.014,0.281,Hurdle_zi,T0-T2,NPK,1,Reactivity,NA
Daucus_carota,-2.014,0.281,Hurdle_zi,T0-T2,NPK,1,T_generation,1.189773196967312
Daucus_carota,-2.014,0.281,Hurdle_zi,T0-T2,NPK,1,age_repro,1.431272611901774
Daucus_carota,-2.014,0.281,Hurdle_zi,T0-T2,NPK,1,percapita_repro,NA
Echium_vulgare,-2.022,0.356,Hurdle_zi,T0-T2,NPK,1,FirstStepAtt,-1.4808281568478856
Echium_vulgare,-2.022,0.356,Hurdle_zi,T0-T2,NPK,1,Lambda,1.5475980030086196
Echium_vulgare,-2.022,0.356,Hurdle_zi,T0-T2,NPK,1,Lmax,1.3862943611198906
Echium_vulgare,-2.022,0.356,Hurdle_zi,T0-T2,NPK,1,Lmean,0.5010758488001461
Echium_vulgare,-2.022,0.356,Hurdle_zi,T0-T2,NPK,1,R0,1.6034012709220467
Echium_vulgare,-2.022,0.356,Hurdle_zi,T0-T2,NPK,1,Reactivity,3.2663741200499037
Echium_vulgare,-2.022,0.356,Hurdle_zi,T0-T2,NPK,1,T_generation,1.2871395045757101
Echium_vulgare,-2.022,0.356,Hurdle_zi,T0-T2,NPK,1,age_repro,1.3132909952863716
Echium_vulgare,-2.022,0.356,Hurdle_zi,T0-T2,NPK,1,percapita_repro,3.7030781735137492
Elymus_repens,-1.784,0.237,Hurdle_zi,T0-T2,NPK,1,FirstStepAtt,-19.608981934788076
Elymus_repens,-1.784,0.237,Hurdle_zi,T0-T2,NPK,1,Lambda,NA
Elymus_repens,-1.784,0.237,Hurdle_zi,T0-T2,NPK,1,Lmax,0.6931471805599453
Elymus_repens,-1.784,0.237,Hurdle_zi,T0-T2,NPK,1,Lmean,0.34830572665687204
Elymus_repens,-1.784,0.237,Hurdle_zi,T0-T2,NPK,1,R0,4.306802628082906
Elymus_repens,-1.784,0.237,Hurdle_zi,T0-T2,NPK,1,Reactivity,NA
Elymus_repens,-1.784,0.237,Hurdle_zi,T0-T2,NPK,1,T_generation,0.00771453240913415
Elymus_repens,-1.784,0.237,Hurdle_zi,T0-T2,NPK,1,age_repro,0
Elymus_repens,-1.784,0.237,Hurdle_zi,T0-T2,NPK,1,percapita_repro,-5.74205469871386
Erigeron_canadensis,-2.446,0.31,Hurdle_zi,T0-T2,NPK,1,FirstStepAtt,-2.9940372183428647
Erigeron_canadensis,-2.446,0.31,Hurdle_zi,T0-T2,NPK,1,Lambda,NA
Erigeron_canadensis,-2.446,0.31,Hurdle_zi,T0-T2,NPK,1,Lmax,0
Erigeron_canadensis,-2.446,0.31,Hurdle_zi,T0-T2,NPK,1,Lmean,0
Erigeron_canadensis,-2.446,0.31,Hurdle_zi,T0-T2,NPK,1,R0,2.750423016465953
Erigeron_canadensis,-2.446,0.31,Hurdle_zi,T0-T2,NPK,1,Reactivity,3.7256901124743216
Erigeron_canadensis,-2.446,0.31,Hurdle_zi,T0-T2,NPK,1,T_generation,0.1300250884192771
Erigeron_canadensis,-2.446,0.31,Hurdle_zi,T0-T2,NPK,1,age_repro,0.9159908368351705
Erigeron_canadensis,-2.446,0.31,Hurdle_zi,T0-T2,NPK,1,percapita_repro,5.684089841310465
Knautia_arvensis,-1.387,0.4,Hurdle_zi,T0-T2,NPK,1,FirstStepAtt,-2.9563737542749036
Knautia_arvensis,-1.387,0.4,Hurdle_zi,T0-T2,NPK,1,Lambda,0.30764990872892983
Knautia_arvensis,-1.387,0.4,Hurdle_zi,T0-T2,NPK,1,Lmax,0.6931471805599453
Knautia_arvensis,-1.387,0.4,Hurdle_zi,T0-T2,NPK,1,Lmean,0.022139719151234638
Knautia_arvensis,-1.387,0.4,Hurdle_zi,T0-T2,NPK,1,R0,-9.95071325619903
Knautia_arvensis,-1.387,0.4,Hurdle_zi,T0-T2,NPK,1,Reactivity,0.35097071858090523
Knautia_arvensis,-1.387,0.4,Hurdle_zi,T0-T2,NPK,1,T_generation,NA
Knautia_arvensis,-1.387,0.4,Hurdle_zi,T0-T2,NPK,1,age_repro,0.9322894183877876
Knautia_arvensis,-1.387,0.4,Hurdle_zi,T0-T2,NPK,1,percapita_repro,-4.367646677748796
Lactuca_serriola,-2.058,0.55,Hurdle_zi,T0-T2,NPK,1,FirstStepAtt,-2.5276283678174485
Lactuca_serriola,-2.058,0.55,Hurdle_zi,T0-T2,NPK,1,Lambda,NA
Lactuca_serriola,-2.058,0.55,Hurdle_zi,T0-T2,NPK,1,Lmax,0
Lactuca_serriola,-2.058,0.55,Hurdle_zi,T0-T2,NPK,1,Lmean,0
Lactuca_serriola,-2.058,0.55,Hurdle_zi,T0-T2,NPK,1,R0,2.961708269076509
Lactuca_serriola,-2.058,0.55,Hurdle_zi,T0-T2,NPK,1,Reactivity,5.096932718325193
Lactuca_serriola,-2.058,0.55,Hurdle_zi,T0-T2,NPK,1,T_generation,0.08738433516364566
Lactuca_serriola,-2.058,0.55,Hurdle_zi,T0-T2,NPK,1,age_repro,1.2839753424841123
Lactuca_serriola,-2.058,0.55,Hurdle_zi,T0-T2,NPK,1,percapita_repro,7.147653680580111
Linum_catharticum,-2.133,0.453,Hurdle_zi,T0-T2,NPK,1,FirstStepAtt,-3.1953085121694222
Linum_catharticum,-2.133,0.453,Hurdle_zi,T0-T2,NPK,1,Lambda,NA
Linum_catharticum,-2.133,0.453,Hurdle_zi,T0-T2,NPK,1,Lmax,2.0794415416798357
Linum_catharticum,-2.133,0.453,Hurdle_zi,T0-T2,NPK,1,Lmean,0.7715798705141755
Linum_catharticum,-2.133,0.453,Hurdle_zi,T0-T2,NPK,1,R0,1.7942778474769046
Linum_catharticum,-2.133,0.453,Hurdle_zi,T0-T2,NPK,1,Reactivity,3.8165083573910685
Linum_catharticum,-2.133,0.453,Hurdle_zi,T0-T2,NPK,1,T_generation,0.3007917133047998
Linum_catharticum,-2.133,0.453,Hurdle_zi,T0-T2,NPK,1,age_repro,0.7034715243015948
Linum_catharticum,-2.133,0.453,Hurdle_zi,T0-T2,NPK,1,percapita_repro,3.0328521355315146
Myosotis_ramosissima,-2.06,0.55,Hurdle_zi,T0-T2,NPK,1,FirstStepAtt,-3.6870030575668453
Myosotis_ramosissima,-2.06,0.55,Hurdle_zi,T0-T2,NPK,1,Lambda,1.4558843238144925
Myosotis_ramosissima,-2.06,0.55,Hurdle_zi,T0-T2,NPK,1,Lmax,0
Myosotis_ramosissima,-2.06,0.55,Hurdle_zi,T0-T2,NPK,1,Lmean,0
Myosotis_ramosissima,-2.06,0.55,Hurdle_zi,T0-T2,NPK,1,R0,1.3761933951892638
Myosotis_ramosissima,-2.06,0.55,Hurdle_zi,T0-T2,NPK,1,Reactivity,0.48764865977290195
Myosotis_ramosissima,-2.06,0.55,Hurdle_zi,T0-T2,NPK,1,T_generation,0.01373447854635909
Myosotis_ramosissima,-2.06,0.55,Hurdle_zi,T0-T2,NPK,1,age_repro,0.7154702161542037
Myosotis_ramosissima,-2.06,0.55,Hurdle_zi,T0-T2,NPK,1,percapita_repro,1.826732983425593
Picris_hieracioides,-1.698,0.282,Hurdle_zi,T0-T2,NPK,1,FirstStepAtt,-4.012603074068455
Picris_hieracioides,-1.698,0.282,Hurdle_zi,T0-T2,NPK,1,Lambda,0.8846497432296888
Picris_hieracioides,-1.698,0.282,Hurdle_zi,T0-T2,NPK,1,Lmax,0.6931471805599453
Picris_hieracioides,-1.698,0.282,Hurdle_zi,T0-T2,NPK,1,Lmean,0.025497751793431413
Picris_hieracioides,-1.698,0.282,Hurdle_zi,T0-T2,NPK,1,R0,-0.5012341883972119
Picris_hieracioides,-1.698,0.282,Hurdle_zi,T0-T2,NPK,1,Reactivity,5.739334580340472
Picris_hieracioides,-1.698,0.282,Hurdle_zi,T0-T2,NPK,1,T_generation,1.4151934417967609
Picris_hieracioides,-1.698,0.282,Hurdle_zi,T0-T2,NPK,1,age_repro,1.5430234695350933
Picris_hieracioides,-1.698,0.282,Hurdle_zi,T0-T2,NPK,1,percapita_repro,5.616771097666572
Pimpinella_saxifraga,-1.692,0.33,Hurdle_zi,T0-T2,NPK,1,FirstStepAtt,-0.5923077657542145
Pimpinella_saxifraga,-1.692,0.33,Hurdle_zi,T0-T2,NPK,1,Lambda,0.9547406316474246
Pimpinella_saxifraga,-1.692,0.33,Hurdle_zi,T0-T2,NPK,1,Lmax,3.2778313935718644
Pimpinella_saxifraga,-1.692,0.33,Hurdle_zi,T0-T2,NPK,1,Lmean,1.3985454207581607
Pimpinella_saxifraga,-1.692,0.33,Hurdle_zi,T0-T2,NPK,1,R0,-0.7090626241047243
Pimpinella_saxifraga,-1.692,0.33,Hurdle_zi,T0-T2,NPK,1,Reactivity,0.9233752615973373
Pimpinella_saxifraga,-1.692,0.33,Hurdle_zi,T0-T2,NPK,1,T_generation,2.775613869924522
Pimpinella_saxifraga,-1.692,0.33,Hurdle_zi,T0-T2,NPK,1,age_repro,1.7819632124517442
Pimpinella_saxifraga,-1.692,0.33,Hurdle_zi,T0-T2,NPK,1,percapita_repro,-0.16356267781330006
Plantago_coronopus,-1.456,0.293,Hurdle_zi,T0-T2,NPK,1,FirstStepAtt,-1.0607821044920802
Plantago_coronopus,-1.456,0.293,Hurdle_zi,T0-T2,NPK,1,Lambda,0.8883340096307588
Plantago_coronopus,-1.456,0.293,Hurdle_zi,T0-T2,NPK,1,Lmax,1.907994489728227
Plantago_coronopus,-1.456,0.293,Hurdle_zi,T0-T2,NPK,1,Lmean,0.5836315540514999
Plantago_coronopus,-1.456,0.293,Hurdle_zi,T0-T2,NPK,1,R0,-0.7679497099488539
Plantago_coronopus,-1.456,0.293,Hurdle_zi,T0-T2,NPK,1,Reactivity,1.2700917455756846
Plantago_coronopus,-1.456,0.293,Hurdle_zi,T0-T2,NPK,1,T_generation,1.4792349913940708
Plantago_coronopus,-1.456,0.293,Hurdle_zi,T0-T2,NPK,1,age_repro,0.7227032675127357
Plantago_coronopus,-1.456,0.293,Hurdle_zi,T0-T2,NPK,1,percapita_repro,-0.1607889960080645
Plantago_media,-1.854,0.411,Hurdle_zi,T0-T2,NPK,1,FirstStepAtt,-2.5216721506920545
Plantago_media,-1.854,0.411,Hurdle_zi,T0-T2,NPK,1,Lambda,0.9166479924897526
Plantago_media,-1.854,0.411,Hurdle_zi,T0-T2,NPK,1,Lmax,1.7178918965462198
Plantago_media,-1.854,0.411,Hurdle_zi,T0-T2,NPK,1,Lmean,0.24009345509101096
Plantago_media,-1.854,0.411,Hurdle_zi,T0-T2,NPK,1,R0,-3.703632943874186
Plantago_media,-1.854,0.411,Hurdle_zi,T0-T2,NPK,1,Reactivity,0.9115891884505661
Plantago_media,-1.854,0.411,Hurdle_zi,T0-T2,NPK,1,T_generation,3.283074054166277
Plantago_media,-1.854,0.411,Hurdle_zi,T0-T2,NPK,1,age_repro,2.050568331584061
Plantago_media,-1.854,0.411,Hurdle_zi,T0-T2,NPK,1,percapita_repro,0.21247852101489456
Potentilla_recta,-2.074,0.327,Hurdle_zi,T0-T2,NPK,1,FirstStepAtt,-1.207246625178343
Potentilla_recta,-2.074,0.327,Hurdle_zi,T0-T2,NPK,1,Lambda,1.3233051390988662
Potentilla_recta,-2.074,0.327,Hurdle_zi,T0-T2,NPK,1,Lmax,2.8995463272302633
Potentilla_recta,-2.074,0.327,Hurdle_zi,T0-T2,NPK,1,Lmean,1.114174982541197
Potentilla_recta,-2.074,0.327,Hurdle_zi,T0-T2,NPK,1,R0,-Inf
Potentilla_recta,-2.074,0.327,Hurdle_zi,T0-T2,NPK,1,Reactivity,2.3355670141886495
Potentilla_recta,-2.074,0.327,Hurdle_zi,T0-T2,NPK,1,T_generation,1.12856647634655
Potentilla_recta,-2.074,0.327,Hurdle_zi,T0-T2,NPK,1,age_repro,1.470241457035962
Potentilla_recta,-2.074,0.327,Hurdle_zi,T0-T2,NPK,1,percapita_repro,5.184136566294191
Primula_elatior,-1.958,0.563,Hurdle_zi,T0-T2,NPK,1,FirstStepAtt,-2.5752591198739894
Primula_elatior,-1.958,0.563,Hurdle_zi,T0-T2,NPK,1,Lambda,1.0243599289476764
Primula_elatior,-1.958,0.563,Hurdle_zi,T0-T2,NPK,1,Lmax,3.078214221499716
Primula_elatior,-1.958,0.563,Hurdle_zi,T0-T2,NPK,1,Lmean,0.934868660605433
Primula_elatior,-1.958,0.563,Hurdle_zi,T0-T2,NPK,1,R0,-0.19834378876572734
Primula_elatior,-1.958,0.563,Hurdle_zi,T0-T2,NPK,1,Reactivity,1.2375774274497275
Primula_elatior,-1.958,0.563,Hurdle_zi,T0-T2,NPK,1,T_generation,2.7743429427827526
Primula_elatior,-1.958,0.563,Hurdle_zi,T0-T2,NPK,1,age_repro,1.5965918444925693
Primula_elatior,-1.958,0.563,Hurdle_zi,T0-T2,NPK,1,percapita_repro,0.6906312588074859
Primula_veris,-1.981,0.431,Hurdle_zi,T0-T2,NPK,1,FirstStepAtt,-3.0996415326914413
Primula_veris,-1.981,0.431,Hurdle_zi,T0-T2,NPK,1,Lambda,0.9177166512186883
Primula_veris,-1.981,0.431,Hurdle_zi,T0-T2,NPK,1,Lmax,1.777554626801171
Primula_veris,-1.981,0.431,Hurdle_zi,T0-T2,NPK,1,Lmean,0.3457340899605148
Primula_veris,-1.981,0.431,Hurdle_zi,T0-T2,NPK,1,R0,-3.5312053848310136
Primula_veris,-1.981,0.431,Hurdle_zi,T0-T2,NPK,1,Reactivity,1.8406103144604358
Primula_veris,-1.981,0.431,Hurdle_zi,T0-T2,NPK,1,T_generation,3.2661511301743356
Primula_veris,-1.981,0.431,Hurdle_zi,T0-T2,NPK,1,age_repro,2.1007008996065113
Primula_veris,-1.981,0.431,Hurdle_zi,T0-T2,NPK,1,percapita_repro,1.3057574210790406
Ranunculus_acris,-2.134,0.237,Hurdle_zi,T0-T2,NPK,1,FirstStepAtt,-2.223673155588096
Ranunculus_acris,-2.134,0.237,Hurdle_zi,T0-T2,NPK,1,Lambda,1.1474253581153837
Ranunculus_acris,-2.134,0.237,Hurdle_zi,T0-T2,NPK,1,Lmax,1.791759469228055
Ranunculus_acris,-2.134,0.237,Hurdle_zi,T0-T2,NPK,1,Lmean,0.2694368352850544
Ranunculus_acris,-2.134,0.237,Hurdle_zi,T0-T2,NPK,1,R0,0.4291243489821683
Ranunculus_acris,-2.134,0.237,Hurdle_zi,T0-T2,NPK,1,Reactivity,1.8978523971700296
Ranunculus_acris,-2.134,0.237,Hurdle_zi,T0-T2,NPK,1,T_generation,1.3335494740785472
Ranunculus_acris,-2.134,0.237,Hurdle_zi,T0-T2,NPK,1,age_repro,1.1167312512505851
Ranunculus_acris,-2.134,0.237,Hurdle_zi,T0-T2,NPK,1,percapita_repro,1.9401794743463283
Sphaeralcea_coccinea,-2.106,0.346,Hurdle_zi,T0-T2,NPK,1,FirstStepAtt,-0.021668930362796438
Sphaeralcea_coccinea,-2.106,0.346,Hurdle_zi,T0-T2,NPK,1,Lambda,0.9140916052986946
Sphaeralcea_coccinea,-2.106,0.346,Hurdle_zi,T0-T2,NPK,1,Lmax,1.1291966833851346
Sphaeralcea_coccinea,-2.106,0.346,Hurdle_zi,T0-T2,NPK,1,Lmean,0.18479959171993668
Sphaeralcea_coccinea,-2.106,0.346,Hurdle_zi,T0-T2,NPK,1,R0,-0.1631566065473073
Sphaeralcea_coccinea,-2.106,0.346,Hurdle_zi,T0-T2,NPK,1,Reactivity,0.06479482429602482
Sphaeralcea_coccinea,-2.106,0.346,Hurdle_zi,T0-T2,NPK,1,T_generation,0.2422469272637918
Sphaeralcea_coccinea,-2.106,0.346,Hurdle_zi,T0-T2,NPK,1,age_repro,0
Sphaeralcea_coccinea,-2.106,0.346,Hurdle_zi,T0-T2,NPK,1,percapita_repro,-0.347956198267244
Stenaria_nigricans,-1.679,0.377,Hurdle_zi,T0-T2,NPK,1,FirstStepAtt,-0.001506241946231945
Stenaria_nigricans,-1.679,0.377,Hurdle_zi,T0-T2,NPK,1,Lambda,0.9901413361648121
Stenaria_nigricans,-1.679,0.377,Hurdle_zi,T0-T2,NPK,1,Lmax,0.8841014310483891
Stenaria_nigricans,-1.679,0.377,Hurdle_zi,T0-T2,NPK,1,Lmean,0.1061701762787086
Stenaria_nigricans,-1.679,0.377,Hurdle_zi,T0-T2,NPK,1,R0,0.21085254589803137
Stenaria_nigricans,-1.679,0.377,Hurdle_zi,T0-T2,NPK,1,Reactivity,0.009202684809058356
Stenaria_nigricans,-1.679,0.377,Hurdle_zi,T0-T2,NPK,1,T_generation,0.10216634557653176
Stenaria_nigricans,-1.679,0.377,Hurdle_zi,T0-T2,NPK,1,age_repro,0
Stenaria_nigricans,-1.679,0.377,Hurdle_zi,T0-T2,NPK,1,percapita_repro,0.10468236961932272
Taraxacum_campylodes,-2.229,0.399,Hurdle_zi,T0-T2,NPK,1,FirstStepAtt,-2.3531148413315983
Taraxacum_campylodes,-2.229,0.399,Hurdle_zi,T0-T2,NPK,1,Lambda,0.08041791145870329
Taraxacum_campylodes,-2.229,0.399,Hurdle_zi,T0-T2,NPK,1,Lmax,0.5493061443340549
Taraxacum_campylodes,-2.229,0.399,Hurdle_zi,T0-T2,NPK,1,Lmean,0.06773896227809098
Taraxacum_campylodes,-2.229,0.399,Hurdle_zi,T0-T2,NPK,1,R0,-Inf
Taraxacum_campylodes,-2.229,0.399,Hurdle_zi,T0-T2,NPK,1,Reactivity,2.4046693226371185
Taraxacum_campylodes,-2.229,0.399,Hurdle_zi,T0-T2,NPK,1,T_generation,NA
Taraxacum_campylodes,-2.229,0.399,Hurdle_zi,T0-T2,NPK,1,age_repro,0
Taraxacum_campylodes,-2.229,0.399,Hurdle_zi,T0-T2,NPK,1,percapita_repro,-11.213549524439351
Thymus_vulgaris,-1.811,0.471,Hurdle_zi,T0-T2,NPK,1,FirstStepAtt,-0.005866973847378982
Thymus_vulgaris,-1.811,0.471,Hurdle_zi,T0-T2,NPK,1,Lambda,0.9926751959162854
Thymus_vulgaris,-1.811,0.471,Hurdle_zi,T0-T2,NPK,1,Lmax,5.964961904446033
Thymus_vulgaris,-1.811,0.471,Hurdle_zi,T0-T2,NPK,1,Lmean,4.459892288650257
Thymus_vulgaris,-1.811,0.471,Hurdle_zi,T0-T2,NPK,1,R0,-1.07189733945768
Thymus_vulgaris,-1.811,0.471,Hurdle_zi,T0-T2,NPK,1,Reactivity,0.010349758754626258
Thymus_vulgaris,-1.811,0.471,Hurdle_zi,T0-T2,NPK,1,T_generation,NA
Thymus_vulgaris,-1.811,0.471,Hurdle_zi,T0-T2,NPK,1,age_repro,NA
Thymus_vulgaris,-1.811,0.471,Hurdle_zi,T0-T2,NPK,1,percapita_repro,-5.143380039347928
Verbascum_thapsus,-1.976,0.461,Hurdle_zi,T0-T2,NPK,1,FirstStepAtt,-4.012613096092431
Verbascum_thapsus,-1.976,0.461,Hurdle_zi,T0-T2,NPK,1,Lambda,NA
Verbascum_thapsus,-1.976,0.461,Hurdle_zi,T0-T2,NPK,1,Lmax,0.6931471805599453
Verbascum_thapsus,-1.976,0.461,Hurdle_zi,T0-T2,NPK,1,Lmean,0.05129369438747054
Verbascum_thapsus,-1.976,0.461,Hurdle_zi,T0-T2,NPK,1,R0,3.381715911075376
Verbascum_thapsus,-1.976,0.461,Hurdle_zi,T0-T2,NPK,1,Reactivity,NA
Verbascum_thapsus,-1.976,0.461,Hurdle_zi,T0-T2,NPK,1,T_generation,0.7764348966557838
Verbascum_thapsus,-1.976,0.461,Hurdle_zi,T0-T2,NPK,1,age_repro,2.5523449856956373
Verbascum_thapsus,-1.976,0.461,Hurdle_zi,T0-T2,NPK,1,percapita_repro,NA
Veronica_arvensis,-2.41,0.267,Hurdle_zi,T0-T2,NPK,1,FirstStepAtt,-1.3609972168245543
Veronica_arvensis,-2.41,0.267,Hurdle_zi,T0-T2,NPK,1,Lambda,1.0575348190993947
Veronica_arvensis,-2.41,0.267,Hurdle_zi,T0-T2,NPK,1,Lmax,0.12924850454918937
Veronica_arvensis,-2.41,0.267,Hurdle_zi,T0-T2,NPK,1,Lmean,0.05244694819316372
Veronica_arvensis,-2.41,0.267,Hurdle_zi,T0-T2,NPK,1,R0,-0.014999404757933849
Veronica_arvensis,-2.41,0.267,Hurdle_zi,T0-T2,NPK,1,Reactivity,1.7913324339405632
Veronica_arvensis,-2.41,0.267,Hurdle_zi,T0-T2,NPK,1,T_generation,0.41785049626112153
Veronica_arvensis,-2.41,0.267,Hurdle_zi,T0-T2,NPK,1,age_repro,0.8907769885320955
Veronica_arvensis,-2.41,0.267,Hurdle_zi,T0-T2,NPK,1,percapita_repro,1.8152156216155975
Acer_saccharum,-2.359,0.559,Ordbeta,T0-T2,NPK,1,FirstStepAtt,-0.13633162397836543
Acer_saccharum,-2.359,0.559,Ordbeta,T0-T2,NPK,1,Lambda,1.7751478346888434
Acer_saccharum,-2.359,0.559,Ordbeta,T0-T2,NPK,1,Lmax,5.5871025137026376
Acer_saccharum,-2.359,0.559,Ordbeta,T0-T2,NPK,1,Lmean,5.240241348413525
Acer_saccharum,-2.359,0.559,Ordbeta,T0-T2,NPK,1,R0,6.4970270462927875
Acer_saccharum,-2.359,0.559,Ordbeta,T0-T2,NPK,1,Reactivity,0.11239532885872887
Acer_saccharum,-2.359,0.559,Ordbeta,T0-T2,NPK,1,T_generation,1.6297372686170404
Acer_saccharum,-2.359,0.559,Ordbeta,T0-T2,NPK,1,age_repro,2.5048380603456604
Acer_saccharum,-2.359,0.559,Ordbeta,T0-T2,NPK,1,percapita_repro,-0.15190606423970499
Agrimonia_eupatoria,-2.123,0.298,Ordbeta,T0-T2,NPK,1,FirstStepAtt,-0.40426778811109665
Agrimonia_eupatoria,-2.123,0.298,Ordbeta,T0-T2,NPK,1,Lambda,0.99064442494128635
Agrimonia_eupatoria,-2.123,0.298,Ordbeta,T0-T2,NPK,1,Lmax,4.5330412476880015
Agrimonia_eupatoria,-2.123,0.298,Ordbeta,T0-T2,NPK,1,Lmean,2.276623485281897
Agrimonia_eupatoria,-2.123,0.298,Ordbeta,T0-T2,NPK,1,R0,-0.38127020833005776
Agrimonia_eupatoria,-2.123,0.298,Ordbeta,T0-T2,NPK,1,Reactivity,0.19207496843703886
Agrimonia_eupatoria,-2.123,0.298,Ordbeta,T0-T2,NPK,1,T_generation,3.6207086258222283
Agrimonia_eupatoria,-2.123,0.298,Ordbeta,T0-T2,NPK,1,age_repro,2.087394345070076
Agrimonia_eupatoria,-2.123,0.298,Ordbeta,T0-T2,NPK,1,percapita_repro,-1.5661843426366495
Allium_vineale,-2.22,0.484,Ordbeta,T0-T2,NPK,1,FirstStepAtt,-2.036030904211625
Allium_vineale,-2.22,0.484,Ordbeta,T0-T2,NPK,1,Lambda,1.170906773884173
Allium_vineale,-2.22,0.484,Ordbeta,T0-T2,NPK,1,Lmax,1.0986122886681098
Allium_vineale,-2.22,0.484,Ordbeta,T0-T2,NPK,1,Lmean,0.16647352389668973
Allium_vineale,-2.22,0.484,Ordbeta,T0-T2,NPK,1,R0,0.3408368280021561
Allium_vineale,-2.22,0.484,Ordbeta,T0-T2,NPK,1,Reactivity,2.1940830508207325
Allium_vineale,-2.22,0.484,Ordbeta,T0-T2,NPK,1,T_generation,0.7635325690826141
Allium_vineale,-2.22,0.484,Ordbeta,T0-T2,NPK,1,age_repro,1.2000990079409088
Allium_vineale,-2.22,0.484,Ordbeta,T0-T2,NPK,1,percapita_repro,2.3368650630604555
Andropogon_gerardii,-0.656,0.319,Ordbeta,T0-T2,NPK,1,FirstStepAtt,-1.1908608264270113
Andropogon_gerardii,-0.656,0.319,Ordbeta,T0-T2,NPK,1,Lambda,1.5058732521698401
Andropogon_gerardii,-0.656,0.319,Ordbeta,T0-T2,NPK,1,Lmax,1.764891121214301
Andropogon_gerardii,-0.656,0.319,Ordbeta,T0-T2,NPK,1,Lmean,0.6723210807858808
Andropogon_gerardii,-0.656,0.319,Ordbeta,T0-T2,NPK,1,R0,0.8354773555720532
Andropogon_gerardii,-0.656,0.319,Ordbeta,T0-T2,NPK,1,Reactivity,1.7926841280473302
Andropogon_gerardii,-0.656,0.319,Ordbeta,T0-T2,NPK,1,T_generation,0.7395193223181743
Andropogon_gerardii,-0.656,0.319,Ordbeta,T0-T2,NPK,1,age_repro,0.7862530575220442
Andropogon_gerardii,-0.656,0.319,Ordbeta,T0-T2,NPK,1,percapita_repro,2.0924307697315556
Arenaria_serpyllifolia,-2.193,0.316,Ordbeta,T0-T2,NPK,1,FirstStepAtt,-2.2176497264357233
Arenaria_serpyllifolia,-2.193,0.316,Ordbeta,T0-T2,NPK,1,Lambda,0.860684361881849
Arenaria_serpyllifolia,-2.193,0.316,Ordbeta,T0-T2,NPK,1,Lmax,0
Arenaria_serpyllifolia,-2.193,0.316,Ordbeta,T0-T2,NPK,1,Lmean,0
Arenaria_serpyllifolia,-2.193,0.316,Ordbeta,T0-T2,NPK,1,R0,0.13128547046852534
Arenaria_serpyllifolia,-2.193,0.316,Ordbeta,T0-T2,NPK,1,Reactivity,2.5929750386335604
Arenaria_serpyllifolia,-2.193,0.316,Ordbeta,T0-T2,NPK,1,T_generation,0.1698858306660028
Arenaria_serpyllifolia,-2.193,0.316,Ordbeta,T0-T2,NPK,1,age_repro,0.8303384136066279
Arenaria_serpyllifolia,-2.193,0.316,Ordbeta,T0-T2,NPK,1,percapita_repro,2.639396025140823
Armeria_maritima,-2.446,0.373,Ordbeta,T0-T2,NPK,1,FirstStepAtt,-2.2414258727445264
Armeria_maritima,-2.446,0.373,Ordbeta,T0-T2,NPK,1,Lambda,1.4580438530642406
Armeria_maritima,-2.446,0.373,Ordbeta,T0-T2,NPK,1,Lmax,2.995732273553991
Armeria_maritima,-2.446,0.373,Ordbeta,T0-T2,NPK,1,Lmean,0.6122577291406874
Armeria_maritima,-2.446,0.373,Ordbeta,T0-T2,NPK,1,R0,4.4450836460525265
Armeria_maritima,-2.446,0.373,Ordbeta,T0-T2,NPK,1,Reactivity,5.495776723555246
Armeria_maritima,-2.446,0.373,Ordbeta,T0-T2,NPK,1,T_generation,2.0996042559618977
Armeria_maritima,-2.446,0.373,Ordbeta,T0-T2,NPK,1,age_repro,1.525500516347215
Armeria_maritima,-2.446,0.373,Ordbeta,T0-T2,NPK,1,percapita_repro,3.6172820201716607
Centaurea_jacea,-2.154,0.304,Ordbeta,T0-T2,NPK,1,FirstStepAtt,-0.6368104471974831
Centaurea_jacea,-2.154,0.304,Ordbeta,T0-T2,NPK,1,Lambda,0.9157150879324937
Centaurea_jacea,-2.154,0.304,Ordbeta,T0-T2,NPK,1,Lmax,2.4003251984703664
Centaurea_jacea,-2.154,0.304,Ordbeta,T0-T2,NPK,1,Lmean,1.372271579332501
Centaurea_jacea,-2.154,0.304,Ordbeta,T0-T2,NPK,1,R0,-3.4842742317189583
Centaurea_jacea,-2.154,0.304,Ordbeta,T0-T2,NPK,1,Reactivity,0.4168576413811439
Centaurea_jacea,-2.154,0.304,Ordbeta,T0-T2,NPK,1,T_generation,2.978872381362829
Centaurea_jacea,-2.154,0.304,Ordbeta,T0-T2,NPK,1,age_repro,1.6363011514297372
Centaurea_jacea,-2.154,0.304,Ordbeta,T0-T2,NPK,1,percapita_repro,-1.7828083742933423
Cerastium_fontanum,-2.504,0.215,Ordbeta,T0-T2,NPK,1,FirstStepAtt,-2.696031853083466
Cerastium_fontanum,-2.504,0.215,Ordbeta,T0-T2,NPK,1,Lambda,NA
Cerastium_fontanum,-2.504,0.215,Ordbeta,T0-T2,NPK,1,Lmax,0
Cerastium_fontanum,-2.504,0.215,Ordbeta,T0-T2,NPK,1,Lmean,0
Cerastium_fontanum,-2.504,0.215,Ordbeta,T0-T2,NPK,1,R0,1.5184623246973081
Cerastium_fontanum,-2.504,0.215,Ordbeta,T0-T2,NPK,1,Reactivity,3.027270925563423
Cerastium_fontanum,-2.504,0.215,Ordbeta,T0-T2,NPK,1,T_generation,0.005048904923272251
Cerastium_fontanum,-2.504,0.215,Ordbeta,T0-T2,NPK,1,age_repro,0.8873031950009029
Cerastium_fontanum,-2.504,0.215,Ordbeta,T0-T2,NPK,1,percapita_repro,4.522657764413627
Cirsium_arvense,-2.068,0.233,Ordbeta,T0-T2,NPK,1,FirstStepAtt,-3.3290015249469986
Cirsium_arvense,-2.068,0.233,Ordbeta,T0-T2,NPK,1,Lambda,NA
Cirsium_arvense,-2.068,0.233,Ordbeta,T0-T2,NPK,1,Lmax,1.0986122886681098
Cirsium_arvense,-2.068,0.233,Ordbeta,T0-T2,NPK,1,Lmean,0.1699960817758222
Cirsium_arvense,-2.068,0.233,Ordbeta,T0-T2,NPK,1,R0,3.228914980534981
Cirsium_arvense,-2.068,0.233,Ordbeta,T0-T2,NPK,1,Reactivity,4.0664130997692896
Cirsium_arvense,-2.068,0.233,Ordbeta,T0-T2,NPK,1,T_generation,0.770361224737239
Cirsium_arvense,-2.068,0.233,Ordbeta,T0-T2,NPK,1,age_repro,1.162546762671639
Cirsium_arvense,-2.068,0.233,Ordbeta,T0-T2,NPK,1,percapita_repro,5.427985054670073
Cirsium_palustre,-2.421,0.552,Ordbeta,T0-T2,NPK,1,FirstStepAtt,-2.5937654771378242
Cirsium_palustre,-2.421,0.552,Ordbeta,T0-T2,NPK,1,Lambda,1.4428002172428838
Cirsium_palustre,-2.421,0.552,Ordbeta,T0-T2,NPK,1,Lmax,1.5273118956910914
Cirsium_palustre,-2.421,0.552,Ordbeta,T0-T2,NPK,1,Lmean,0.20135107219302092
Cirsium_palustre,-2.421,0.552,Ordbeta,T0-T2,NPK,1,R0,1.2807231364002394
Cirsium_palustre,-2.421,0.552,Ordbeta,T0-T2,NPK,1,Reactivity,4.898747288058176
Cirsium_palustre,-2.421,0.552,Ordbeta,T0-T2,NPK,1,T_generation,1.2255759905166657
Cirsium_palustre,-2.421,0.552,Ordbeta,T0-T2,NPK,1,age_repro,1.534647496889771
Cirsium_palustre,-2.421,0.552,Ordbeta,T0-T2,NPK,1,percapita_repro,4.957313127808717
Cirsium_vulgare,-2.147,0.455,Ordbeta,T0-T2,NPK,1,FirstStepAtt,-3.1910655226282234
Cirsium_vulgare,-2.147,0.455,Ordbeta,T0-T2,NPK,1,Lambda,0.7844344795818798
Cirsium_vulgare,-2.147,0.455,Ordbeta,T0-T2,NPK,1,Lmax,1.507973248367974
Cirsium_vulgare,-2.147,0.455,Ordbeta,T0-T2,NPK,1,Lmean,0.3479988332516422
Cirsium_vulgare,-2.147,0.455,Ordbeta,T0-T2,NPK,1,R0,-1.420279247517773
Cirsium_vulgare,-2.147,0.455,Ordbeta,T0-T2,NPK,1,Reactivity,2.641485998869525
Cirsium_vulgare,-2.147,0.455,Ordbeta,T0-T2,NPK,1,T_generation,1.4828783988333107
Cirsium_vulgare,-2.147,0.455,Ordbeta,T0-T2,NPK,1,age_repro,0.9323966804077027
Cirsium_vulgare,-2.147,0.455,Ordbeta,T0-T2,NPK,1,percapita_repro,1.89963041219607
Daucus_carota,-2.171,0.265,Ordbeta,T0-T2,NPK,1,FirstStepAtt,-4.040610337013186
Daucus_carota,-2.171,0.265,Ordbeta,T0-T2,NPK,1,Lambda,1.7161044748521754
Daucus_carota,-2.171,0.265,Ordbeta,T0-T2,NPK,1,Lmax,1.0986122886681098
Daucus_carota,-2.171,0.265,Ordbeta,T0-T2,NPK,1,Lmean,0.31834252276646996
Daucus_carota,-2.171,0.265,Ordbeta,T0-T2,NPK,1,R0,1.8196701629274532
Daucus_carota,-2.171,0.265,Ordbeta,T0-T2,NPK,1,Reactivity,NA
Daucus_carota,-2.171,0.265,Ordbeta,T0-T2,NPK,1,T_generation,1.189773196967312
Daucus_carota,-2.171,0.265,Ordbeta,T0-T2,NPK,1,age_repro,1.431272611901774
Daucus_carota,-2.171,0.265,Ordbeta,T0-T2,NPK,1,percapita_repro,NA
Echium_vulgare,-2.124,0.365,Ordbeta,T0-T2,NPK,1,FirstStepAtt,-1.4808281568478856
Echium_vulgare,-2.124,0.365,Ordbeta,T0-T2,NPK,1,Lambda,1.5475980030086196
Echium_vulgare,-2.124,0.365,Ordbeta,T0-T2,NPK,1,Lmax,1.3862943611198906
Echium_vulgare,-2.124,0.365,Ordbeta,T0-T2,NPK,1,Lmean,0.5010758488001461
Echium_vulgare,-2.124,0.365,Ordbeta,T0-T2,NPK,1,R0,1.6034012709220467
Echium_vulgare,-2.124,0.365,Ordbeta,T0-T2,NPK,1,Reactivity,3.2663741200499037
Echium_vulgare,-2.124,0.365,Ordbeta,T0-T2,NPK,1,T_generation,1.2871395045757101
Echium_vulgare,-2.124,0.365,Ordbeta,T0-T2,NPK,1,age_repro,1.3132909952863716
Echium_vulgare,-2.124,0.365,Ordbeta,T0-T2,NPK,1,percapita_repro,3.7030781735137492
Elymus_repens,-2.024,0.22,Ordbeta,T0-T2,NPK,1,FirstStepAtt,-19.608981934788076
Elymus_repens,-2.024,0.22,Ordbeta,T0-T2,NPK,1,Lambda,NA
Elymus_repens,-2.024,0.22,Ordbeta,T0-T2,NPK,1,Lmax,0.6931471805599453
Elymus_repens,-2.024,0.22,Ordbeta,T0-T2,NPK,1,Lmean,0.34830572665687204
Elymus_repens,-2.024,0.22,Ordbeta,T0-T2,NPK,1,R0,4.306802628082906
Elymus_repens,-2.024,0.22,Ordbeta,T0-T2,NPK,1,Reactivity,NA
Elymus_repens,-2.024,0.22,Ordbeta,T0-T2,NPK,1,T_generation,0.00771453240913415
Elymus_repens,-2.024,0.22,Ordbeta,T0-T2,NPK,1,age_repro,0
Elymus_repens,-2.024,0.22,Ordbeta,T0-T2,NPK,1,percapita_repro,-5.74205469871386
Erigeron_canadensis,-2.415,0.311,Ordbeta,T0-T2,NPK,1,FirstStepAtt,-2.9940372183428647
Erigeron_canadensis,-2.415,0.311,Ordbeta,T0-T2,NPK,1,Lambda,NA
Erigeron_canadensis,-2.415,0.311,Ordbeta,T0-T2,NPK,1,Lmax,0
Erigeron_canadensis,-2.415,0.311,Ordbeta,T0-T2,NPK,1,Lmean,0
Erigeron_canadensis,-2.415,0.311,Ordbeta,T0-T2,NPK,1,R0,2.750423016465953
Erigeron_canadensis,-2.415,0.311,Ordbeta,T0-T2,NPK,1,Reactivity,3.7256901124743216
Erigeron_canadensis,-2.415,0.311,Ordbeta,T0-T2,NPK,1,T_generation,0.1300250884192771
Erigeron_canadensis,-2.415,0.311,Ordbeta,T0-T2,NPK,1,age_repro,0.9159908368351705
Erigeron_canadensis,-2.415,0.311,Ordbeta,T0-T2,NPK,1,percapita_repro,5.684089841310465
Knautia_arvensis,-1.655,0.405,Ordbeta,T0-T2,NPK,1,FirstStepAtt,-2.9563737542749036
Knautia_arvensis,-1.655,0.405,Ordbeta,T0-T2,NPK,1,Lambda,0.30764990872892983
Knautia_arvensis,-1.655,0.405,Ordbeta,T0-T2,NPK,1,Lmax,0.6931471805599453
Knautia_arvensis,-1.655,0.405,Ordbeta,T0-T2,NPK,1,Lmean,0.022139719151234638
Knautia_arvensis,-1.655,0.405,Ordbeta,T0-T2,NPK,1,R0,-9.95071325619903
Knautia_arvensis,-1.655,0.405,Ordbeta,T0-T2,NPK,1,Reactivity,0.35097071858090523
Knautia_arvensis,-1.655,0.405,Ordbeta,T0-T2,NPK,1,T_generation,NA
Knautia_arvensis,-1.655,0.405,Ordbeta,T0-T2,NPK,1,age_repro,0.9322894183877876
Knautia_arvensis,-1.655,0.405,Ordbeta,T0-T2,NPK,1,percapita_repro,-4.367646677748796
Lactuca_serriola,-2.399,0.556,Ordbeta,T0-T2,NPK,1,FirstStepAtt,-2.5276283678174485
Lactuca_serriola,-2.399,0.556,Ordbeta,T0-T2,NPK,1,Lambda,NA
Lactuca_serriola,-2.399,0.556,Ordbeta,T0-T2,NPK,1,Lmax,0
Lactuca_serriola,-2.399,0.556,Ordbeta,T0-T2,NPK,1,Lmean,0
Lactuca_serriola,-2.399,0.556,Ordbeta,T0-T2,NPK,1,R0,2.961708269076509
Lactuca_serriola,-2.399,0.556,Ordbeta,T0-T2,NPK,1,Reactivity,5.096932718325193
Lactuca_serriola,-2.399,0.556,Ordbeta,T0-T2,NPK,1,T_generation,0.08738433516364566
Lactuca_serriola,-2.399,0.556,Ordbeta,T0-T2,NPK,1,age_repro,1.2839753424841123
Lactuca_serriola,-2.399,0.556,Ordbeta,T0-T2,NPK,1,percapita_repro,7.147653680580111
Linum_catharticum,-2.576,0.447,Ordbeta,T0-T2,NPK,1,FirstStepAtt,-3.1953085121694222
Linum_catharticum,-2.576,0.447,Ordbeta,T0-T2,NPK,1,Lambda,NA
Linum_catharticum,-2.576,0.447,Ordbeta,T0-T2,NPK,1,Lmax,2.0794415416798357
Linum_catharticum,-2.576,0.447,Ordbeta,T0-T2,NPK,1,Lmean,0.7715798705141755
Linum_catharticum,-2.576,0.447,Ordbeta,T0-T2,NPK,1,R0,1.7942778474769046
Linum_catharticum,-2.576,0.447,Ordbeta,T0-T2,NPK,1,Reactivity,3.8165083573910685
Linum_catharticum,-2.576,0.447,Ordbeta,T0-T2,NPK,1,T_generation,0.3007917133047998
Linum_catharticum,-2.576,0.447,Ordbeta,T0-T2,NPK,1,age_repro,0.7034715243015948
Linum_catharticum,-2.576,0.447,Ordbeta,T0-T2,NPK,1,percapita_repro,3.0328521355315146
Myosotis_ramosissima,-2.168,0.556,Ordbeta,T0-T2,NPK,1,FirstStepAtt,-3.6870030575668453
Myosotis_ramosissima,-2.168,0.556,Ordbeta,T0-T2,NPK,1,Lambda,1.4558843238144925
Myosotis_ramosissima,-2.168,0.556,Ordbeta,T0-T2,NPK,1,Lmax,0
Myosotis_ramosissima,-2.168,0.556,Ordbeta,T0-T2,NPK,1,Lmean,0
Myosotis_ramosissima,-2.168,0.556,Ordbeta,T0-T2,NPK,1,R0,1.3761933951892638
Myosotis_ramosissima,-2.168,0.556,Ordbeta,T0-T2,NPK,1,Reactivity,0.48764865977290195
Myosotis_ramosissima,-2.168,0.556,Ordbeta,T0-T2,NPK,1,T_generation,0.01373447854635909
Myosotis_ramosissima,-2.168,0.556,Ordbeta,T0-T2,NPK,1,age_repro,0.7154702161542037
Myosotis_ramosissima,-2.168,0.556,Ordbeta,T0-T2,NPK,1,percapita_repro,1.826732983425593
Picris_hieracioides,-1.72,0.265,Ordbeta,T0-T2,NPK,1,FirstStepAtt,-4.012603074068455
Picris_hieracioides,-1.72,0.265,Ordbeta,T0-T2,NPK,1,Lambda,0.8846497432296888
Picris_hieracioides,-1.72,0.265,Ordbeta,T0-T2,NPK,1,Lmax,0.6931471805599453
Picris_hieracioides,-1.72,0.265,Ordbeta,T0-T2,NPK,1,Lmean,0.025497751793431413
Picris_hieracioides,-1.72,0.265,Ordbeta,T0-T2,NPK,1,R0,-0.5012341883972119
Picris_hieracioides,-1.72,0.265,Ordbeta,T0-T2,NPK,1,Reactivity,5.739334580340472
Picris_hieracioides,-1.72,0.265,Ordbeta,T0-T2,NPK,1,T_generation,1.4151934417967609
Picris_hieracioides,-1.72,0.265,Ordbeta,T0-T2,NPK,1,age_repro,1.5430234695350933
Picris_hieracioides,-1.72,0.265,Ordbeta,T0-T2,NPK,1,percapita_repro,5.616771097666572
Pimpinella_saxifraga,-1.756,0.342,Ordbeta,T0-T2,NPK,1,FirstStepAtt,-0.5923077657542145
Pimpinella_saxifraga,-1.756,0.342,Ordbeta,T0-T2,NPK,1,Lambda,0.9547406316474246
Pimpinella_saxifraga,-1.756,0.342,Ordbeta,T0-T2,NPK,1,Lmax,3.2778313935718644
Pimpinella_saxifraga,-1.756,0.342,Ordbeta,T0-T2,NPK,1,Lmean,1.3985454207581607
Pimpinella_saxifraga,-1.756,0.342,Ordbeta,T0-T2,NPK,1,R0,-0.7090626241047243
Pimpinella_saxifraga,-1.756,0.342,Ordbeta,T0-T2,NPK,1,Reactivity,0.9233752615973373
Pimpinella_saxifraga,-1.756,0.342,Ordbeta,T0-T2,NPK,1,T_generation,2.775613869924522
Pimpinella_saxifraga,-1.756,0.342,Ordbeta,T0-T2,NPK,1,age_repro,1.7819632124517442
Pimpinella_saxifraga,-1.756,0.342,Ordbeta,T0-T2,NPK,1,percapita_repro,-0.16356267781330006
Plantago_coronopus,-1.732,0.3,Ordbeta,T0-T2,NPK,1,FirstStepAtt,-1.0607821044920802
Plantago_coronopus,-1.732,0.3,Ordbeta,T0-T2,NPK,1,Lambda,0.8883340096307588
Plantago_coronopus,-1.732,0.3,Ordbeta,T0-T2,NPK,1,Lmax,1.907994489728227
Plantago_coronopus,-1.732,0.3,Ordbeta,T0-T2,NPK,1,Lmean,0.5836315540514999
Plantago_coronopus,-1.732,0.3,Ordbeta,T0-T2,NPK,1,R0,-0.7679497099488539
Plantago_coronopus,-1.732,0.3,Ordbeta,T0-T2,NPK,1,Reactivity,1.2700917455756846
Plantago_coronopus,-1.732,0.3,Ordbeta,T0-T2,NPK,1,T_generation,1.4792349913940708
Plantago_coronopus,-1.732,0.3,Ordbeta,T0-T2,NPK,1,age_repro,0.7227032675127357
Plantago_coronopus,-1.732,0.3,Ordbeta,T0-T2,NPK,1,percapita_repro,-0.1607889960080645
Plantago_media,-2.412,0.421,Ordbeta,T0-T2,NPK,1,FirstStepAtt,-2.5216721506920545
Plantago_media,-2.412,0.421,Ordbeta,T0-T2,NPK,1,Lambda,0.9166479924897526
Plantago_media,-2.412,0.421,Ordbeta,T0-T2,NPK,1,Lmax,1.7178918965462198
Plantago_media,-2.412,0.421,Ordbeta,T0-T2,NPK,1,Lmean,0.24009345509101096
Plantago_media,-2.412,0.421,Ordbeta,T0-T2,NPK,1,R0,-3.703632943874186
Plantago_media,-2.412,0.421,Ordbeta,T0-T2,NPK,1,Reactivity,0.9115891884505661
Plantago_media,-2.412,0.421,Ordbeta,T0-T2,NPK,1,T_generation,3.283074054166277
Plantago_media,-2.412,0.421,Ordbeta,T0-T2,NPK,1,age_repro,2.050568331584061
Plantago_media,-2.412,0.421,Ordbeta,T0-T2,NPK,1,percapita_repro,0.21247852101489456
Potentilla_recta,-2.311,0.332,Ordbeta,T0-T2,NPK,1,FirstStepAtt,-1.207246625178343
Potentilla_recta,-2.311,0.332,Ordbeta,T0-T2,NPK,1,Lambda,1.3233051390988662
Potentilla_recta,-2.311,0.332,Ordbeta,T0-T2,NPK,1,Lmax,2.8995463272302633
Potentilla_recta,-2.311,0.332,Ordbeta,T0-T2,NPK,1,Lmean,1.114174982541197
Potentilla_recta,-2.311,0.332,Ordbeta,T0-T2,NPK,1,R0,-Inf
Potentilla_recta,-2.311,0.332,Ordbeta,T0-T2,NPK,1,Reactivity,2.3355670141886495
Potentilla_recta,-2.311,0.332,Ordbeta,T0-T2,NPK,1,T_generation,1.12856647634655
Potentilla_recta,-2.311,0.332,Ordbeta,T0-T2,NPK,1,age_repro,1.470241457035962
Potentilla_recta,-2.311,0.332,Ordbeta,T0-T2,NPK,1,percapita_repro,5.184136566294191
Primula_elatior,-2.11,0.563,Ordbeta,T0-T2,NPK,1,FirstStepAtt,-2.5752591198739894
Primula_elatior,-2.11,0.563,Ordbeta,T0-T2,NPK,1,Lambda,1.0243599289476764
Primula_elatior,-2.11,0.563,Ordbeta,T0-T2,NPK,1,Lmax,3.078214221499716
Primula_elatior,-2.11,0.563,Ordbeta,T0-T2,NPK,1,Lmean,0.934868660605433
Primula_elatior,-2.11,0.563,Ordbeta,T0-T2,NPK,1,R0,-0.19834378876572734
Primula_elatior,-2.11,0.563,Ordbeta,T0-T2,NPK,1,Reactivity,1.2375774274497275
Primula_elatior,-2.11,0.563,Ordbeta,T0-T2,NPK,1,T_generation,2.7743429427827526
Primula_elatior,-2.11,0.563,Ordbeta,T0-T2,NPK,1,age_repro,1.5965918444925693
Primula_elatior,-2.11,0.563,Ordbeta,T0-T2,NPK,1,percapita_repro,0.6906312588074859
Primula_veris,-2.053,0.429,Ordbeta,T0-T2,NPK,1,FirstStepAtt,-3.0996415326914413
Primula_veris,-2.053,0.429,Ordbeta,T0-T2,NPK,1,Lambda,0.9177166512186883
Primula_veris,-2.053,0.429,Ordbeta,T0-T2,NPK,1,Lmax,1.777554626801171
Primula_veris,-2.053,0.429,Ordbeta,T0-T2,NPK,1,Lmean,0.3457340899605148
Primula_veris,-2.053,0.429,Ordbeta,T0-T2,NPK,1,R0,-3.5312053848310136
Primula_veris,-2.053,0.429,Ordbeta,T0-T2,NPK,1,Reactivity,1.8406103144604358
Primula_veris,-2.053,0.429,Ordbeta,T0-T2,NPK,1,T_generation,3.2661511301743356
Primula_veris,-2.053,0.429,Ordbeta,T0-T2,NPK,1,age_repro,2.1007008996065113
Primula_veris,-2.053,0.429,Ordbeta,T0-T2,NPK,1,percapita_repro,1.3057574210790406
Ranunculus_acris,-2.305,0.219,Ordbeta,T0-T2,NPK,1,FirstStepAtt,-2.223673155588096
Ranunculus_acris,-2.305,0.219,Ordbeta,T0-T2,NPK,1,Lambda,1.1474253581153837
Ranunculus_acris,-2.305,0.219,Ordbeta,T0-T2,NPK,1,Lmax,1.791759469228055
Ranunculus_acris,-2.305,0.219,Ordbeta,T0-T2,NPK,1,Lmean,0.2694368352850544
Ranunculus_acris,-2.305,0.219,Ordbeta,T0-T2,NPK,1,R0,0.4291243489821683
Ranunculus_acris,-2.305,0.219,Ordbeta,T0-T2,NPK,1,Reactivity,1.8978523971700296
Ranunculus_acris,-2.305,0.219,Ordbeta,T0-T2,NPK,1,T_generation,1.3335494740785472
Ranunculus_acris,-2.305,0.219,Ordbeta,T0-T2,NPK,1,age_repro,1.1167312512505851
Ranunculus_acris,-2.305,0.219,Ordbeta,T0-T2,NPK,1,percapita_repro,1.9401794743463283
Sphaeralcea_coccinea,-2.15,0.352,Ordbeta,T0-T2,NPK,1,FirstStepAtt,-0.021668930362796438
Sphaeralcea_coccinea,-2.15,0.352,Ordbeta,T0-T2,NPK,1,Lambda,0.9140916052986946
Sphaeralcea_coccinea,-2.15,0.352,Ordbeta,T0-T2,NPK,1,Lmax,1.1291966833851346
Sphaeralcea_coccinea,-2.15,0.352,Ordbeta,T0-T2,NPK,1,Lmean,0.18479959171993668
Sphaeralcea_coccinea,-2.15,0.352,Ordbeta,T0-T2,NPK,1,R0,-0.1631566065473073
Sphaeralcea_coccinea,-2.15,0.352,Ordbeta,T0-T2,NPK,1,Reactivity,0.06479482429602482
Sphaeralcea_coccinea,-2.15,0.352,Ordbeta,T0-T2,NPK,1,T_generation,0.2422469272637918
Sphaeralcea_coccinea,-2.15,0.352,Ordbeta,T0-T2,NPK,1,age_repro,0
Sphaeralcea_coccinea,-2.15,0.352,Ordbeta,T0-T2,NPK,1,percapita_repro,-0.347956198267244
Stenaria_nigricans,-2.007,0.371,Ordbeta,T0-T2,NPK,1,FirstStepAtt,-0.001506241946231945
Stenaria_nigricans,-2.007,0.371,Ordbeta,T0-T2,NPK,1,Lambda,0.9901413361648121
Stenaria_nigricans,-2.007,0.371,Ordbeta,T0-T2,NPK,1,Lmax,0.8841014310483891
Stenaria_nigricans,-2.007,0.371,Ordbeta,T0-T2,NPK,1,Lmean,0.1061701762787086
Stenaria_nigricans,-2.007,0.371,Ordbeta,T0-T2,NPK,1,R0,0.21085254589803137
Stenaria_nigricans,-2.007,0.371,Ordbeta,T0-T2,NPK,1,Reactivity,0.009202684809058356
Stenaria_nigricans,-2.007,0.371,Ordbeta,T0-T2,NPK,1,T_generation,0.10216634557653176
Stenaria_nigricans,-2.007,0.371,Ordbeta,T0-T2,NPK,1,age_repro,0
Stenaria_nigricans,-2.007,0.371,Ordbeta,T0-T2,NPK,1,percapita_repro,0.10468236961932272
Taraxacum_campylodes,-2.673,0.391,Ordbeta,T0-T2,NPK,1,FirstStepAtt,-2.3531148413315983
Taraxacum_campylodes,-2.673,0.391,Ordbeta,T0-T2,NPK,1,Lambda,0.08041791145870329
Taraxacum_campylodes,-2.673,0.391,Ordbeta,T0-T2,NPK,1,Lmax,0.5493061443340549
Taraxacum_campylodes,-2.673,0.391,Ordbeta,T0-T2,NPK,1,Lmean,0.06773896227809098
Taraxacum_campylodes,-2.673,0.391,Ordbeta,T0-T2,NPK,1,R0,-Inf
Taraxacum_campylodes,-2.673,0.391,Ordbeta,T0-T2,NPK,1,Reactivity,2.4046693226371185
Taraxacum_campylodes,-2.673,0.391,Ordbeta,T0-T2,NPK,1,T_generation,NA
Taraxacum_campylodes,-2.673,0.391,Ordbeta,T0-T2,NPK,1,age_repro,0
Taraxacum_campylodes,-2.673,0.391,Ordbeta,T0-T2,NPK,1,percapita_repro,-11.213549524439351
Thymus_vulgaris,-1.931,0.454,Ordbeta,T0-T2,NPK,1,FirstStepAtt,-0.005866973847378982
Thymus_vulgaris,-1.931,0.454,Ordbeta,T0-T2,NPK,1,Lambda,0.9926751959162854
Thymus_vulgaris,-1.931,0.454,Ordbeta,T0-T2,NPK,1,Lmax,5.964961904446033
Thymus_vulgaris,-1.931,0.454,Ordbeta,T0-T2,NPK,1,Lmean,4.459892288650257
Thymus_vulgaris,-1.931,0.454,Ordbeta,T0-T2,NPK,1,R0,-1.07189733945768
Thymus_vulgaris,-1.931,0.454,Ordbeta,T0-T2,NPK,1,Reactivity,0.010349758754626258
Thymus_vulgaris,-1.931,0.454,Ordbeta,T0-T2,NPK,1,T_generation,NA
Thymus_vulgaris,-1.931,0.454,Ordbeta,T0-T2,NPK,1,age_repro,NA
Thymus_vulgaris,-1.931,0.454,Ordbeta,T0-T2,NPK,1,percapita_repro,-5.143380039347928
Verbascum_thapsus,-2.408,0.462,Ordbeta,T0-T2,NPK,1,FirstStepAtt,-4.012613096092431
Verbascum_thapsus,-2.408,0.462,Ordbeta,T0-T2,NPK,1,Lambda,NA
Verbascum_thapsus,-2.408,0.462,Ordbeta,T0-T2,NPK,1,Lmax,0.6931471805599453
Verbascum_thapsus,-2.408,0.462,Ordbeta,T0-T2,NPK,1,Lmean,0.05129369438747054
Verbascum_thapsus,-2.408,0.462,Ordbeta,T0-T2,NPK,1,R0,3.381715911075376
Verbascum_thapsus,-2.408,0.462,Ordbeta,T0-T2,NPK,1,Reactivity,NA
Verbascum_thapsus,-2.408,0.462,Ordbeta,T0-T2,NPK,1,T_generation,0.7764348966557838
Verbascum_thapsus,-2.408,0.462,Ordbeta,T0-T2,NPK,1,age_repro,2.5523449856956373
Verbascum_thapsus,-2.408,0.462,Ordbeta,T0-T2,NPK,1,percapita_repro,NA
Veronica_arvensis,-2.493,0.25,Ordbeta,T0-T2,NPK,1,FirstStepAtt,-1.3609972168245543
Veronica_arvensis,-2.493,0.25,Ordbeta,T0-T2,NPK,1,Lambda,1.0575348190993947
Veronica_arvensis,-2.493,0.25,Ordbeta,T0-T2,NPK,1,Lmax,0.12924850454918937
Veronica_arvensis,-2.493,0.25,Ordbeta,T0-T2,NPK,1,Lmean,0.05244694819316372
Veronica_arvensis,-2.493,0.25,Ordbeta,T0-T2,NPK,1,R0,-0.014999404757933849
Veronica_arvensis,-2.493,0.25,Ordbeta,T0-T2,NPK,1,Reactivity,1.7913324339405632
Veronica_arvensis,-2.493,0.25,Ordbeta,T0-T2,NPK,1,T_generation,0.41785049626112153
Veronica_arvensis,-2.493,0.25,Ordbeta,T0-T2,NPK,1,age_repro,0.8907769885320955
Veronica_arvensis,-2.493,0.25,Ordbeta,T0-T2,NPK,1,percapita_repro,1.8152156216155975
Agrimonia_eupatoria,-2.414,0.253,Hurdle_cond,T0-T3,DIST,1,FirstStepAtt,-0.40426778811109665
Agrimonia_eupatoria,-2.414,0.253,Hurdle_cond,T0-T3,DIST,1,Lambda,0.99064442494128635
Agrimonia_eupatoria,-2.414,0.253,Hurdle_cond,T0-T3,DIST,1,Lmax,4.5330412476880015
Agrimonia_eupatoria,-2.414,0.253,Hurdle_cond,T0-T3,DIST,1,Lmean,2.276623485281897
Agrimonia_eupatoria,-2.414,0.253,Hurdle_cond,T0-T3,DIST,1,R0,-0.38127020833005776
Agrimonia_eupatoria,-2.414,0.253,Hurdle_cond,T0-T3,DIST,1,Reactivity,0.19207496843703886
Agrimonia_eupatoria,-2.414,0.253,Hurdle_cond,T0-T3,DIST,1,T_generation,3.6207086258222283
Agrimonia_eupatoria,-2.414,0.253,Hurdle_cond,T0-T3,DIST,1,age_repro,2.087394345070076
Agrimonia_eupatoria,-2.414,0.253,Hurdle_cond,T0-T3,DIST,1,percapita_repro,-1.5661843426366495
Allium_vineale,-2.498,0.437,Hurdle_cond,T0-T3,DIST,1,FirstStepAtt,-2.036030904211625
Allium_vineale,-2.498,0.437,Hurdle_cond,T0-T3,DIST,1,Lambda,1.170906773884173
Allium_vineale,-2.498,0.437,Hurdle_cond,T0-T3,DIST,1,Lmax,1.0986122886681098
Allium_vineale,-2.498,0.437,Hurdle_cond,T0-T3,DIST,1,Lmean,0.16647352389668973
Allium_vineale,-2.498,0.437,Hurdle_cond,T0-T3,DIST,1,R0,0.3408368280021561
Allium_vineale,-2.498,0.437,Hurdle_cond,T0-T3,DIST,1,Reactivity,2.1940830508207325
Allium_vineale,-2.498,0.437,Hurdle_cond,T0-T3,DIST,1,T_generation,0.7635325690826141
Allium_vineale,-2.498,0.437,Hurdle_cond,T0-T3,DIST,1,age_repro,1.2000990079409088
Allium_vineale,-2.498,0.437,Hurdle_cond,T0-T3,DIST,1,percapita_repro,2.3368650630604555
Andropogon_gerardii,-0.826,0.253,Hurdle_cond,T0-T3,DIST,1,FirstStepAtt,-1.1908608264270113
Andropogon_gerardii,-0.826,0.253,Hurdle_cond,T0-T3,DIST,1,Lambda,1.5058732521698401
Andropogon_gerardii,-0.826,0.253,Hurdle_cond,T0-T3,DIST,1,Lmax,1.764891121214301
Andropogon_gerardii,-0.826,0.253,Hurdle_cond,T0-T3,DIST,1,Lmean,0.6723210807858808
Andropogon_gerardii,-0.826,0.253,Hurdle_cond,T0-T3,DIST,1,R0,0.8354773555720532
Andropogon_gerardii,-0.826,0.253,Hurdle_cond,T0-T3,DIST,1,Reactivity,1.7926841280473302
Andropogon_gerardii,-0.826,0.253,Hurdle_cond,T0-T3,DIST,1,T_generation,0.7395193223181743
Andropogon_gerardii,-0.826,0.253,Hurdle_cond,T0-T3,DIST,1,age_repro,0.7862530575220442
Andropogon_gerardii,-0.826,0.253,Hurdle_cond,T0-T3,DIST,1,percapita_repro,2.0924307697315556
Arenaria_serpyllifolia,-2.441,0.295,Hurdle_cond,T0-T3,DIST,1,FirstStepAtt,-2.2176497264357233
Arenaria_serpyllifolia,-2.441,0.295,Hurdle_cond,T0-T3,DIST,1,Lambda,0.860684361881849
Arenaria_serpyllifolia,-2.441,0.295,Hurdle_cond,T0-T3,DIST,1,Lmax,0
Arenaria_serpyllifolia,-2.441,0.295,Hurdle_cond,T0-T3,DIST,1,Lmean,0
Arenaria_serpyllifolia,-2.441,0.295,Hurdle_cond,T0-T3,DIST,1,R0,0.13128547046852534
Arenaria_serpyllifolia,-2.441,0.295,Hurdle_cond,T0-T3,DIST,1,Reactivity,2.5929750386335604
Arenaria_serpyllifolia,-2.441,0.295,Hurdle_cond,T0-T3,DIST,1,T_generation,0.1698858306660028
Arenaria_serpyllifolia,-2.441,0.295,Hurdle_cond,T0-T3,DIST,1,age_repro,0.8303384136066279
Arenaria_serpyllifolia,-2.441,0.295,Hurdle_cond,T0-T3,DIST,1,percapita_repro,2.639396025140823
Armeria_maritima,-2.556,0.381,Hurdle_cond,T0-T3,DIST,1,FirstStepAtt,-2.2414258727445264
Armeria_maritima,-2.556,0.381,Hurdle_cond,T0-T3,DIST,1,Lambda,1.4580438530642406
Armeria_maritima,-2.556,0.381,Hurdle_cond,T0-T3,DIST,1,Lmax,2.995732273553991
Armeria_maritima,-2.556,0.381,Hurdle_cond,T0-T3,DIST,1,Lmean,0.6122577291406874
Armeria_maritima,-2.556,0.381,Hurdle_cond,T0-T3,DIST,1,R0,4.4450836460525265
Armeria_maritima,-2.556,0.381,Hurdle_cond,T0-T3,DIST,1,Reactivity,5.495776723555246
Armeria_maritima,-2.556,0.381,Hurdle_cond,T0-T3,DIST,1,T_generation,2.0996042559618977
Armeria_maritima,-2.556,0.381,Hurdle_cond,T0-T3,DIST,1,age_repro,1.525500516347215
Armeria_maritima,-2.556,0.381,Hurdle_cond,T0-T3,DIST,1,percapita_repro,3.6172820201716607
Centaurea_jacea,-2.493,0.261,Hurdle_cond,T0-T3,DIST,1,FirstStepAtt,-0.6368104471974831
Centaurea_jacea,-2.493,0.261,Hurdle_cond,T0-T3,DIST,1,Lambda,0.9157150879324937
Centaurea_jacea,-2.493,0.261,Hurdle_cond,T0-T3,DIST,1,Lmax,2.4003251984703664
Centaurea_jacea,-2.493,0.261,Hurdle_cond,T0-T3,DIST,1,Lmean,1.372271579332501
Centaurea_jacea,-2.493,0.261,Hurdle_cond,T0-T3,DIST,1,R0,-3.4842742317189583
Centaurea_jacea,-2.493,0.261,Hurdle_cond,T0-T3,DIST,1,Reactivity,0.4168576413811439
Centaurea_jacea,-2.493,0.261,Hurdle_cond,T0-T3,DIST,1,T_generation,2.978872381362829
Centaurea_jacea,-2.493,0.261,Hurdle_cond,T0-T3,DIST,1,age_repro,1.6363011514297372
Centaurea_jacea,-2.493,0.261,Hurdle_cond,T0-T3,DIST,1,percapita_repro,-1.7828083742933423
Cerastium_fontanum,-2.55,0.198,Hurdle_cond,T0-T3,DIST,1,FirstStepAtt,-2.696031853083466
Cerastium_fontanum,-2.55,0.198,Hurdle_cond,T0-T3,DIST,1,Lambda,NA
Cerastium_fontanum,-2.55,0.198,Hurdle_cond,T0-T3,DIST,1,Lmax,0
Cerastium_fontanum,-2.55,0.198,Hurdle_cond,T0-T3,DIST,1,Lmean,0
Cerastium_fontanum,-2.55,0.198,Hurdle_cond,T0-T3,DIST,1,R0,1.5184623246973081
Cerastium_fontanum,-2.55,0.198,Hurdle_cond,T0-T3,DIST,1,Reactivity,3.027270925563423
Cerastium_fontanum,-2.55,0.198,Hurdle_cond,T0-T3,DIST,1,T_generation,0.005048904923272251
Cerastium_fontanum,-2.55,0.198,Hurdle_cond,T0-T3,DIST,1,age_repro,0.8873031950009029
Cerastium_fontanum,-2.55,0.198,Hurdle_cond,T0-T3,DIST,1,percapita_repro,4.522657764413627
Cirsium_arvense,-2.106,0.231,Hurdle_cond,T0-T3,DIST,1,FirstStepAtt,-3.3290015249469986
Cirsium_arvense,-2.106,0.231,Hurdle_cond,T0-T3,DIST,1,Lambda,NA
Cirsium_arvense,-2.106,0.231,Hurdle_cond,T0-T3,DIST,1,Lmax,1.0986122886681098
Cirsium_arvense,-2.106,0.231,Hurdle_cond,T0-T3,DIST,1,Lmean,0.1699960817758222
Cirsium_arvense,-2.106,0.231,Hurdle_cond,T0-T3,DIST,1,R0,3.228914980534981
Cirsium_arvense,-2.106,0.231,Hurdle_cond,T0-T3,DIST,1,Reactivity,4.0664130997692896
Cirsium_arvense,-2.106,0.231,Hurdle_cond,T0-T3,DIST,1,T_generation,0.770361224737239
Cirsium_arvense,-2.106,0.231,Hurdle_cond,T0-T3,DIST,1,age_repro,1.162546762671639
Cirsium_arvense,-2.106,0.231,Hurdle_cond,T0-T3,DIST,1,percapita_repro,5.427985054670073
Cirsium_palustre,-2.626,0.468,Hurdle_cond,T0-T3,DIST,1,FirstStepAtt,-2.5937654771378242
Cirsium_palustre,-2.626,0.468,Hurdle_cond,T0-T3,DIST,1,Lambda,1.4428002172428838
Cirsium_palustre,-2.626,0.468,Hurdle_cond,T0-T3,DIST,1,Lmax,1.5273118956910914
Cirsium_palustre,-2.626,0.468,Hurdle_cond,T0-T3,DIST,1,Lmean,0.20135107219302092
Cirsium_palustre,-2.626,0.468,Hurdle_cond,T0-T3,DIST,1,R0,1.2807231364002394
Cirsium_palustre,-2.626,0.468,Hurdle_cond,T0-T3,DIST,1,Reactivity,4.898747288058176
Cirsium_palustre,-2.626,0.468,Hurdle_cond,T0-T3,DIST,1,T_generation,1.2255759905166657
Cirsium_palustre,-2.626,0.468,Hurdle_cond,T0-T3,DIST,1,age_repro,1.534647496889771
Cirsium_palustre,-2.626,0.468,Hurdle_cond,T0-T3,DIST,1,percapita_repro,4.957313127808717
Cirsium_vulgare,-2.572,0.363,Hurdle_cond,T0-T3,DIST,1,FirstStepAtt,-3.1910655226282234
Cirsium_vulgare,-2.572,0.363,Hurdle_cond,T0-T3,DIST,1,Lambda,0.7844344795818798
Cirsium_vulgare,-2.572,0.363,Hurdle_cond,T0-T3,DIST,1,Lmax,1.507973248367974
Cirsium_vulgare,-2.572,0.363,Hurdle_cond,T0-T3,DIST,1,Lmean,0.3479988332516422
Cirsium_vulgare,-2.572,0.363,Hurdle_cond,T0-T3,DIST,1,R0,-1.420279247517773
Cirsium_vulgare,-2.572,0.363,Hurdle_cond,T0-T3,DIST,1,Reactivity,2.641485998869525
Cirsium_vulgare,-2.572,0.363,Hurdle_cond,T0-T3,DIST,1,T_generation,1.4828783988333107
Cirsium_vulgare,-2.572,0.363,Hurdle_cond,T0-T3,DIST,1,age_repro,0.9323966804077027
Cirsium_vulgare,-2.572,0.363,Hurdle_cond,T0-T3,DIST,1,percapita_repro,1.89963041219607
Cytisus_scoparius,-2.32,0.557,Hurdle_cond,T0-T3,DIST,1,FirstStepAtt,-1.0805803134528444
Cytisus_scoparius,-2.32,0.557,Hurdle_cond,T0-T3,DIST,1,Lambda,1.213292465253893
Cytisus_scoparius,-2.32,0.557,Hurdle_cond,T0-T3,DIST,1,Lmax,3.4362872742721846
Cytisus_scoparius,-2.32,0.557,Hurdle_cond,T0-T3,DIST,1,Lmean,1.6108317812687714
Cytisus_scoparius,-2.32,0.557,Hurdle_cond,T0-T3,DIST,1,R0,1.2836591821667371
Cytisus_scoparius,-2.32,0.557,Hurdle_cond,T0-T3,DIST,1,Reactivity,7.2558813136686915
Cytisus_scoparius,-2.32,0.557,Hurdle_cond,T0-T3,DIST,1,T_generation,2.553183717615863
Cytisus_scoparius,-2.32,0.557,Hurdle_cond,T0-T3,DIST,1,age_repro,1.7233105661137673
Cytisus_scoparius,-2.32,0.557,Hurdle_cond,T0-T3,DIST,1,percapita_repro,5.712086717106164
Daucus_carota,-2.283,0.227,Hurdle_cond,T0-T3,DIST,1,FirstStepAtt,-4.040610337013186
Daucus_carota,-2.283,0.227,Hurdle_cond,T0-T3,DIST,1,Lambda,1.7161044748521754
Daucus_carota,-2.283,0.227,Hurdle_cond,T0-T3,DIST,1,Lmax,1.0986122886681098
Daucus_carota,-2.283,0.227,Hurdle_cond,T0-T3,DIST,1,Lmean,0.31834252276646996
Daucus_carota,-2.283,0.227,Hurdle_cond,T0-T3,DIST,1,R0,1.8196701629274532
Daucus_carota,-2.283,0.227,Hurdle_cond,T0-T3,DIST,1,Reactivity,NA
Daucus_carota,-2.283,0.227,Hurdle_cond,T0-T3,DIST,1,T_generation,1.189773196967312
Daucus_carota,-2.283,0.227,Hurdle_cond,T0-T3,DIST,1,age_repro,1.431272611901774
Daucus_carota,-2.283,0.227,Hurdle_cond,T0-T3,DIST,1,percapita_repro,NA
Echium_vulgare,-1.803,0.394,Hurdle_cond,T0-T3,DIST,1,FirstStepAtt,-1.4808281568478856
Echium_vulgare,-1.803,0.394,Hurdle_cond,T0-T3,DIST,1,Lambda,1.5475980030086196
Echium_vulgare,-1.803,0.394,Hurdle_cond,T0-T3,DIST,1,Lmax,1.3862943611198906
Echium_vulgare,-1.803,0.394,Hurdle_cond,T0-T3,DIST,1,Lmean,0.5010758488001461
Echium_vulgare,-1.803,0.394,Hurdle_cond,T0-T3,DIST,1,R0,1.6034012709220467
Echium_vulgare,-1.803,0.394,Hurdle_cond,T0-T3,DIST,1,Reactivity,3.2663741200499037
Echium_vulgare,-1.803,0.394,Hurdle_cond,T0-T3,DIST,1,T_generation,1.2871395045757101
Echium_vulgare,-1.803,0.394,Hurdle_cond,T0-T3,DIST,1,age_repro,1.3132909952863716
Echium_vulgare,-1.803,0.394,Hurdle_cond,T0-T3,DIST,1,percapita_repro,3.7030781735137492
Elymus_repens,-1.907,0.238,Hurdle_cond,T0-T3,DIST,1,FirstStepAtt,-19.608981934788076
Elymus_repens,-1.907,0.238,Hurdle_cond,T0-T3,DIST,1,Lambda,NA
Elymus_repens,-1.907,0.238,Hurdle_cond,T0-T3,DIST,1,Lmax,0.6931471805599453
Elymus_repens,-1.907,0.238,Hurdle_cond,T0-T3,DIST,1,Lmean,0.34830572665687204
Elymus_repens,-1.907,0.238,Hurdle_cond,T0-T3,DIST,1,R0,4.306802628082906
Elymus_repens,-1.907,0.238,Hurdle_cond,T0-T3,DIST,1,Reactivity,NA
Elymus_repens,-1.907,0.238,Hurdle_cond,T0-T3,DIST,1,T_generation,0.00771453240913415
Elymus_repens,-1.907,0.238,Hurdle_cond,T0-T3,DIST,1,age_repro,0
Elymus_repens,-1.907,0.238,Hurdle_cond,T0-T3,DIST,1,percapita_repro,-5.74205469871386
Erigeron_canadensis,-2.639,0.301,Hurdle_cond,T0-T3,DIST,1,FirstStepAtt,-2.9940372183428647
Erigeron_canadensis,-2.639,0.301,Hurdle_cond,T0-T3,DIST,1,Lambda,NA
Erigeron_canadensis,-2.639,0.301,Hurdle_cond,T0-T3,DIST,1,Lmax,0
Erigeron_canadensis,-2.639,0.301,Hurdle_cond,T0-T3,DIST,1,Lmean,0
Erigeron_canadensis,-2.639,0.301,Hurdle_cond,T0-T3,DIST,1,R0,2.750423016465953
Erigeron_canadensis,-2.639,0.301,Hurdle_cond,T0-T3,DIST,1,Reactivity,3.7256901124743216
Erigeron_canadensis,-2.639,0.301,Hurdle_cond,T0-T3,DIST,1,T_generation,0.1300250884192771
Erigeron_canadensis,-2.639,0.301,Hurdle_cond,T0-T3,DIST,1,age_repro,0.9159908368351705
Erigeron_canadensis,-2.639,0.301,Hurdle_cond,T0-T3,DIST,1,percapita_repro,5.684089841310465
Knautia_arvensis,-2.117,0.324,Hurdle_cond,T0-T3,DIST,1,FirstStepAtt,-2.9563737542749036
Knautia_arvensis,-2.117,0.324,Hurdle_cond,T0-T3,DIST,1,Lambda,0.30764990872892983
Knautia_arvensis,-2.117,0.324,Hurdle_cond,T0-T3,DIST,1,Lmax,0.6931471805599453
Knautia_arvensis,-2.117,0.324,Hurdle_cond,T0-T3,DIST,1,Lmean,0.022139719151234638
Knautia_arvensis,-2.117,0.324,Hurdle_cond,T0-T3,DIST,1,R0,-9.95071325619903
Knautia_arvensis,-2.117,0.324,Hurdle_cond,T0-T3,DIST,1,Reactivity,0.35097071858090523
Knautia_arvensis,-2.117,0.324,Hurdle_cond,T0-T3,DIST,1,T_generation,NA
Knautia_arvensis,-2.117,0.324,Hurdle_cond,T0-T3,DIST,1,age_repro,0.9322894183877876
Knautia_arvensis,-2.117,0.324,Hurdle_cond,T0-T3,DIST,1,percapita_repro,-4.367646677748796
Lactuca_serriola,-2.519,0.477,Hurdle_cond,T0-T3,DIST,1,FirstStepAtt,-2.5276283678174485
Lactuca_serriola,-2.519,0.477,Hurdle_cond,T0-T3,DIST,1,Lambda,NA
Lactuca_serriola,-2.519,0.477,Hurdle_cond,T0-T3,DIST,1,Lmax,0
Lactuca_serriola,-2.519,0.477,Hurdle_cond,T0-T3,DIST,1,Lmean,0
Lactuca_serriola,-2.519,0.477,Hurdle_cond,T0-T3,DIST,1,R0,2.961708269076509
Lactuca_serriola,-2.519,0.477,Hurdle_cond,T0-T3,DIST,1,Reactivity,5.096932718325193
Lactuca_serriola,-2.519,0.477,Hurdle_cond,T0-T3,DIST,1,T_generation,0.08738433516364566
Lactuca_serriola,-2.519,0.477,Hurdle_cond,T0-T3,DIST,1,age_repro,1.2839753424841123
Lactuca_serriola,-2.519,0.477,Hurdle_cond,T0-T3,DIST,1,percapita_repro,7.147653680580111
Linum_catharticum,-2.535,0.287,Hurdle_cond,T0-T3,DIST,1,FirstStepAtt,-3.1953085121694222
Linum_catharticum,-2.535,0.287,Hurdle_cond,T0-T3,DIST,1,Lambda,NA
Linum_catharticum,-2.535,0.287,Hurdle_cond,T0-T3,DIST,1,Lmax,2.0794415416798357
Linum_catharticum,-2.535,0.287,Hurdle_cond,T0-T3,DIST,1,Lmean,0.7715798705141755
Linum_catharticum,-2.535,0.287,Hurdle_cond,T0-T3,DIST,1,R0,1.7942778474769046
Linum_catharticum,-2.535,0.287,Hurdle_cond,T0-T3,DIST,1,Reactivity,3.8165083573910685
Linum_catharticum,-2.535,0.287,Hurdle_cond,T0-T3,DIST,1,T_generation,0.3007917133047998
Linum_catharticum,-2.535,0.287,Hurdle_cond,T0-T3,DIST,1,age_repro,0.7034715243015948
Linum_catharticum,-2.535,0.287,Hurdle_cond,T0-T3,DIST,1,percapita_repro,3.0328521355315146
Myosotis_ramosissima,-2.504,0.478,Hurdle_cond,T0-T3,DIST,1,FirstStepAtt,-3.6870030575668453
Myosotis_ramosissima,-2.504,0.478,Hurdle_cond,T0-T3,DIST,1,Lambda,1.4558843238144925
Myosotis_ramosissima,-2.504,0.478,Hurdle_cond,T0-T3,DIST,1,Lmax,0
Myosotis_ramosissima,-2.504,0.478,Hurdle_cond,T0-T3,DIST,1,Lmean,0
Myosotis_ramosissima,-2.504,0.478,Hurdle_cond,T0-T3,DIST,1,R0,1.3761933951892638
Myosotis_ramosissima,-2.504,0.478,Hurdle_cond,T0-T3,DIST,1,Reactivity,0.48764865977290195
Myosotis_ramosissima,-2.504,0.478,Hurdle_cond,T0-T3,DIST,1,T_generation,0.01373447854635909
Myosotis_ramosissima,-2.504,0.478,Hurdle_cond,T0-T3,DIST,1,age_repro,0.7154702161542037
Myosotis_ramosissima,-2.504,0.478,Hurdle_cond,T0-T3,DIST,1,percapita_repro,1.826732983425593
Picris_hieracioides,-1.673,0.255,Hurdle_cond,T0-T3,DIST,1,FirstStepAtt,-4.012603074068455
Picris_hieracioides,-1.673,0.255,Hurdle_cond,T0-T3,DIST,1,Lambda,0.8846497432296888
Picris_hieracioides,-1.673,0.255,Hurdle_cond,T0-T3,DIST,1,Lmax,0.6931471805599453
Picris_hieracioides,-1.673,0.255,Hurdle_cond,T0-T3,DIST,1,Lmean,0.025497751793431413
Picris_hieracioides,-1.673,0.255,Hurdle_cond,T0-T3,DIST,1,R0,-0.5012341883972119
Picris_hieracioides,-1.673,0.255,Hurdle_cond,T0-T3,DIST,1,Reactivity,5.739334580340472
Picris_hieracioides,-1.673,0.255,Hurdle_cond,T0-T3,DIST,1,T_generation,1.4151934417967609
Picris_hieracioides,-1.673,0.255,Hurdle_cond,T0-T3,DIST,1,age_repro,1.5430234695350933
Picris_hieracioides,-1.673,0.255,Hurdle_cond,T0-T3,DIST,1,percapita_repro,5.616771097666572
Pimpinella_saxifraga,-2.277,0.35,Hurdle_cond,T0-T3,DIST,1,FirstStepAtt,-0.5923077657542145
Pimpinella_saxifraga,-2.277,0.35,Hurdle_cond,T0-T3,DIST,1,Lambda,0.9547406316474246
Pimpinella_saxifraga,-2.277,0.35,Hurdle_cond,T0-T3,DIST,1,Lmax,3.2778313935718644
Pimpinella_saxifraga,-2.277,0.35,Hurdle_cond,T0-T3,DIST,1,Lmean,1.3985454207581607
Pimpinella_saxifraga,-2.277,0.35,Hurdle_cond,T0-T3,DIST,1,R0,-0.7090626241047243
Pimpinella_saxifraga,-2.277,0.35,Hurdle_cond,T0-T3,DIST,1,Reactivity,0.9233752615973373
Pimpinella_saxifraga,-2.277,0.35,Hurdle_cond,T0-T3,DIST,1,T_generation,2.775613869924522
Pimpinella_saxifraga,-2.277,0.35,Hurdle_cond,T0-T3,DIST,1,age_repro,1.7819632124517442
Pimpinella_saxifraga,-2.277,0.35,Hurdle_cond,T0-T3,DIST,1,percapita_repro,-0.16356267781330006
Plantago_coronopus,-2.12,0.259,Hurdle_cond,T0-T3,DIST,1,FirstStepAtt,-1.0607821044920802
Plantago_coronopus,-2.12,0.259,Hurdle_cond,T0-T3,DIST,1,Lambda,0.8883340096307588
Plantago_coronopus,-2.12,0.259,Hurdle_cond,T0-T3,DIST,1,Lmax,1.907994489728227
Plantago_coronopus,-2.12,0.259,Hurdle_cond,T0-T3,DIST,1,Lmean,0.5836315540514999
Plantago_coronopus,-2.12,0.259,Hurdle_cond,T0-T3,DIST,1,R0,-0.7679497099488539
Plantago_coronopus,-2.12,0.259,Hurdle_cond,T0-T3,DIST,1,Reactivity,1.2700917455756846
Plantago_coronopus,-2.12,0.259,Hurdle_cond,T0-T3,DIST,1,T_generation,1.4792349913940708
Plantago_coronopus,-2.12,0.259,Hurdle_cond,T0-T3,DIST,1,age_repro,0.7227032675127357
Plantago_coronopus,-2.12,0.259,Hurdle_cond,T0-T3,DIST,1,percapita_repro,-0.1607889960080645
Plantago_media,-2.249,0.335,Hurdle_cond,T0-T3,DIST,1,FirstStepAtt,-2.5216721506920545
Plantago_media,-2.249,0.335,Hurdle_cond,T0-T3,DIST,1,Lambda,0.9166479924897526
Plantago_media,-2.249,0.335,Hurdle_cond,T0-T3,DIST,1,Lmax,1.7178918965462198
Plantago_media,-2.249,0.335,Hurdle_cond,T0-T3,DIST,1,Lmean,0.24009345509101096
Plantago_media,-2.249,0.335,Hurdle_cond,T0-T3,DIST,1,R0,-3.703632943874186
Plantago_media,-2.249,0.335,Hurdle_cond,T0-T3,DIST,1,Reactivity,0.9115891884505661
Plantago_media,-2.249,0.335,Hurdle_cond,T0-T3,DIST,1,T_generation,3.283074054166277
Plantago_media,-2.249,0.335,Hurdle_cond,T0-T3,DIST,1,age_repro,2.050568331584061
Plantago_media,-2.249,0.335,Hurdle_cond,T0-T3,DIST,1,percapita_repro,0.21247852101489456
Poa_alpina,-2.385,0.549,Hurdle_cond,T0-T3,DIST,1,FirstStepAtt,-0.6821869840767281
Poa_alpina,-2.385,0.549,Hurdle_cond,T0-T3,DIST,1,Lambda,0.9289514100594023
Poa_alpina,-2.385,0.549,Hurdle_cond,T0-T3,DIST,1,Lmax,3.3423058638339636
Poa_alpina,-2.385,0.549,Hurdle_cond,T0-T3,DIST,1,Lmean,1.53204966522348
Poa_alpina,-2.385,0.549,Hurdle_cond,T0-T3,DIST,1,R0,-1.2908410925748004
Poa_alpina,-2.385,0.549,Hurdle_cond,T0-T3,DIST,1,Reactivity,0.7212213077881131
Poa_alpina,-2.385,0.549,Hurdle_cond,T0-T3,DIST,1,T_generation,3.1870862370839936
Poa_alpina,-2.385,0.549,Hurdle_cond,T0-T3,DIST,1,age_repro,0.8494642415925806
Poa_alpina,-2.385,0.549,Hurdle_cond,T0-T3,DIST,1,percapita_repro,-2.1498564717132638
Potentilla_recta,-2.353,0.312,Hurdle_cond,T0-T3,DIST,1,FirstStepAtt,-1.207246625178343
Potentilla_recta,-2.353,0.312,Hurdle_cond,T0-T3,DIST,1,Lambda,1.3233051390988662
Potentilla_recta,-2.353,0.312,Hurdle_cond,T0-T3,DIST,1,Lmax,2.8995463272302633
Potentilla_recta,-2.353,0.312,Hurdle_cond,T0-T3,DIST,1,Lmean,1.114174982541197
Potentilla_recta,-2.353,0.312,Hurdle_cond,T0-T3,DIST,1,R0,-Inf
Potentilla_recta,-2.353,0.312,Hurdle_cond,T0-T3,DIST,1,Reactivity,2.3355670141886495
Potentilla_recta,-2.353,0.312,Hurdle_cond,T0-T3,DIST,1,T_generation,1.12856647634655
Potentilla_recta,-2.353,0.312,Hurdle_cond,T0-T3,DIST,1,age_repro,1.470241457035962
Potentilla_recta,-2.353,0.312,Hurdle_cond,T0-T3,DIST,1,percapita_repro,5.184136566294191
Primula_elatior,-2.405,0.442,Hurdle_cond,T0-T3,DIST,1,FirstStepAtt,-2.5752591198739894
Primula_elatior,-2.405,0.442,Hurdle_cond,T0-T3,DIST,1,Lambda,1.0243599289476764
Primula_elatior,-2.405,0.442,Hurdle_cond,T0-T3,DIST,1,Lmax,3.078214221499716
Primula_elatior,-2.405,0.442,Hurdle_cond,T0-T3,DIST,1,Lmean,0.934868660605433
Primula_elatior,-2.405,0.442,Hurdle_cond,T0-T3,DIST,1,R0,-0.19834378876572734
Primula_elatior,-2.405,0.442,Hurdle_cond,T0-T3,DIST,1,Reactivity,1.2375774274497275
Primula_elatior,-2.405,0.442,Hurdle_cond,T0-T3,DIST,1,T_generation,2.7743429427827526
Primula_elatior,-2.405,0.442,Hurdle_cond,T0-T3,DIST,1,age_repro,1.5965918444925693
Primula_elatior,-2.405,0.442,Hurdle_cond,T0-T3,DIST,1,percapita_repro,0.6906312588074859
Primula_veris,-2.418,0.442,Hurdle_cond,T0-T3,DIST,1,FirstStepAtt,-3.0996415326914413
Primula_veris,-2.418,0.442,Hurdle_cond,T0-T3,DIST,1,Lambda,0.9177166512186883
Primula_veris,-2.418,0.442,Hurdle_cond,T0-T3,DIST,1,Lmax,1.777554626801171
Primula_veris,-2.418,0.442,Hurdle_cond,T0-T3,DIST,1,Lmean,0.3457340899605148
Primula_veris,-2.418,0.442,Hurdle_cond,T0-T3,DIST,1,R0,-3.5312053848310136
Primula_veris,-2.418,0.442,Hurdle_cond,T0-T3,DIST,1,Reactivity,1.8406103144604358
Primula_veris,-2.418,0.442,Hurdle_cond,T0-T3,DIST,1,T_generation,3.2661511301743356
Primula_veris,-2.418,0.442,Hurdle_cond,T0-T3,DIST,1,age_repro,2.1007008996065113
Primula_veris,-2.418,0.442,Hurdle_cond,T0-T3,DIST,1,percapita_repro,1.3057574210790406
Ranunculus_acris,-2.437,0.207,Hurdle_cond,T0-T3,DIST,1,FirstStepAtt,-2.223673155588096
Ranunculus_acris,-2.437,0.207,Hurdle_cond,T0-T3,DIST,1,Lambda,1.1474253581153837
Ranunculus_acris,-2.437,0.207,Hurdle_cond,T0-T3,DIST,1,Lmax,1.791759469228055
Ranunculus_acris,-2.437,0.207,Hurdle_cond,T0-T3,DIST,1,Lmean,0.2694368352850544
Ranunculus_acris,-2.437,0.207,Hurdle_cond,T0-T3,DIST,1,R0,0.4291243489821683
Ranunculus_acris,-2.437,0.207,Hurdle_cond,T0-T3,DIST,1,Reactivity,1.8978523971700296
Ranunculus_acris,-2.437,0.207,Hurdle_cond,T0-T3,DIST,1,T_generation,1.3335494740785472
Ranunculus_acris,-2.437,0.207,Hurdle_cond,T0-T3,DIST,1,age_repro,1.1167312512505851
Ranunculus_acris,-2.437,0.207,Hurdle_cond,T0-T3,DIST,1,percapita_repro,1.9401794743463283
Salsola_kali,-2.596,0.471,Hurdle_cond,T0-T3,DIST,1,FirstStepAtt,-7.237614553412407
Salsola_kali,-2.596,0.471,Hurdle_cond,T0-T3,DIST,1,Lambda,0.5896874965204653
Salsola_kali,-2.596,0.471,Hurdle_cond,T0-T3,DIST,1,Lmax,1.0986122886681098
Salsola_kali,-2.596,0.471,Hurdle_cond,T0-T3,DIST,1,Lmean,0.6329527878317025
Salsola_kali,-2.596,0.471,Hurdle_cond,T0-T3,DIST,1,R0,-3.1690448866467187
Salsola_kali,-2.596,0.471,Hurdle_cond,T0-T3,DIST,1,Reactivity,NA
Salsola_kali,-2.596,0.471,Hurdle_cond,T0-T3,DIST,1,T_generation,1.7917877371801425
Salsola_kali,-2.596,0.471,Hurdle_cond,T0-T3,DIST,1,age_repro,1.7917761374226397
Salsola_kali,-2.596,0.471,Hurdle_cond,T0-T3,DIST,1,percapita_repro,NA
Sphaeralcea_coccinea,-2.188,0.391,Hurdle_cond,T0-T3,DIST,1,FirstStepAtt,-0.021668930362796438
Sphaeralcea_coccinea,-2.188,0.391,Hurdle_cond,T0-T3,DIST,1,Lambda,0.9140916052986946
Sphaeralcea_coccinea,-2.188,0.391,Hurdle_cond,T0-T3,DIST,1,Lmax,1.1291966833851346
Sphaeralcea_coccinea,-2.188,0.391,Hurdle_cond,T0-T3,DIST,1,Lmean,0.18479959171993668
Sphaeralcea_coccinea,-2.188,0.391,Hurdle_cond,T0-T3,DIST,1,R0,-0.1631566065473073
Sphaeralcea_coccinea,-2.188,0.391,Hurdle_cond,T0-T3,DIST,1,Reactivity,0.06479482429602482
Sphaeralcea_coccinea,-2.188,0.391,Hurdle_cond,T0-T3,DIST,1,T_generation,0.2422469272637918
Sphaeralcea_coccinea,-2.188,0.391,Hurdle_cond,T0-T3,DIST,1,age_repro,0
Sphaeralcea_coccinea,-2.188,0.391,Hurdle_cond,T0-T3,DIST,1,percapita_repro,-0.347956198267244
Stenaria_nigricans,-2.041,0.393,Hurdle_cond,T0-T3,DIST,1,FirstStepAtt,-0.001506241946231945
Stenaria_nigricans,-2.041,0.393,Hurdle_cond,T0-T3,DIST,1,Lambda,0.9901413361648121
Stenaria_nigricans,-2.041,0.393,Hurdle_cond,T0-T3,DIST,1,Lmax,0.8841014310483891
Stenaria_nigricans,-2.041,0.393,Hurdle_cond,T0-T3,DIST,1,Lmean,0.1061701762787086
Stenaria_nigricans,-2.041,0.393,Hurdle_cond,T0-T3,DIST,1,R0,0.21085254589803137
Stenaria_nigricans,-2.041,0.393,Hurdle_cond,T0-T3,DIST,1,Reactivity,0.009202684809058356
Stenaria_nigricans,-2.041,0.393,Hurdle_cond,T0-T3,DIST,1,T_generation,0.10216634557653176
Stenaria_nigricans,-2.041,0.393,Hurdle_cond,T0-T3,DIST,1,age_repro,0
Stenaria_nigricans,-2.041,0.393,Hurdle_cond,T0-T3,DIST,1,percapita_repro,0.10468236961932272
Taraxacum_campylodes,-2.179,0.453,Hurdle_cond,T0-T3,DIST,1,FirstStepAtt,-2.3531148413315983
Taraxacum_campylodes,-2.179,0.453,Hurdle_cond,T0-T3,DIST,1,Lambda,0.08041791145870329
Taraxacum_campylodes,-2.179,0.453,Hurdle_cond,T0-T3,DIST,1,Lmax,0.5493061443340549
Taraxacum_campylodes,-2.179,0.453,Hurdle_cond,T0-T3,DIST,1,Lmean,0.06773896227809098
Taraxacum_campylodes,-2.179,0.453,Hurdle_cond,T0-T3,DIST,1,R0,-Inf
Taraxacum_campylodes,-2.179,0.453,Hurdle_cond,T0-T3,DIST,1,Reactivity,2.4046693226371185
Taraxacum_campylodes,-2.179,0.453,Hurdle_cond,T0-T3,DIST,1,T_generation,NA
Taraxacum_campylodes,-2.179,0.453,Hurdle_cond,T0-T3,DIST,1,age_repro,0
Taraxacum_campylodes,-2.179,0.453,Hurdle_cond,T0-T3,DIST,1,percapita_repro,-11.213549524439351
Thymus_vulgaris,-2.413,0.385,Hurdle_cond,T0-T3,DIST,1,FirstStepAtt,-0.005866973847378982
Thymus_vulgaris,-2.413,0.385,Hurdle_cond,T0-T3,DIST,1,Lambda,0.9926751959162854
Thymus_vulgaris,-2.413,0.385,Hurdle_cond,T0-T3,DIST,1,Lmax,5.964961904446033
Thymus_vulgaris,-2.413,0.385,Hurdle_cond,T0-T3,DIST,1,Lmean,4.459892288650257
Thymus_vulgaris,-2.413,0.385,Hurdle_cond,T0-T3,DIST,1,R0,-1.07189733945768
Thymus_vulgaris,-2.413,0.385,Hurdle_cond,T0-T3,DIST,1,Reactivity,0.010349758754626258
Thymus_vulgaris,-2.413,0.385,Hurdle_cond,T0-T3,DIST,1,T_generation,NA
Thymus_vulgaris,-2.413,0.385,Hurdle_cond,T0-T3,DIST,1,age_repro,NA
Thymus_vulgaris,-2.413,0.385,Hurdle_cond,T0-T3,DIST,1,percapita_repro,-5.143380039347928
Verbascum_thapsus,-2.037,0.458,Hurdle_cond,T0-T3,DIST,1,FirstStepAtt,-4.012613096092431
Verbascum_thapsus,-2.037,0.458,Hurdle_cond,T0-T3,DIST,1,Lambda,NA
Verbascum_thapsus,-2.037,0.458,Hurdle_cond,T0-T3,DIST,1,Lmax,0.6931471805599453
Verbascum_thapsus,-2.037,0.458,Hurdle_cond,T0-T3,DIST,1,Lmean,0.05129369438747054
Verbascum_thapsus,-2.037,0.458,Hurdle_cond,T0-T3,DIST,1,R0,3.381715911075376
Verbascum_thapsus,-2.037,0.458,Hurdle_cond,T0-T3,DIST,1,Reactivity,NA
Verbascum_thapsus,-2.037,0.458,Hurdle_cond,T0-T3,DIST,1,T_generation,0.7764348966557838
Verbascum_thapsus,-2.037,0.458,Hurdle_cond,T0-T3,DIST,1,age_repro,2.5523449856956373
Verbascum_thapsus,-2.037,0.458,Hurdle_cond,T0-T3,DIST,1,percapita_repro,NA
Veronica_arvensis,-2.616,0.275,Hurdle_cond,T0-T3,DIST,1,FirstStepAtt,-1.3609972168245543
Veronica_arvensis,-2.616,0.275,Hurdle_cond,T0-T3,DIST,1,Lambda,1.0575348190993947
Veronica_arvensis,-2.616,0.275,Hurdle_cond,T0-T3,DIST,1,Lmax,0.12924850454918937
Veronica_arvensis,-2.616,0.275,Hurdle_cond,T0-T3,DIST,1,Lmean,0.05244694819316372
Veronica_arvensis,-2.616,0.275,Hurdle_cond,T0-T3,DIST,1,R0,-0.014999404757933849
Veronica_arvensis,-2.616,0.275,Hurdle_cond,T0-T3,DIST,1,Reactivity,1.7913324339405632
Veronica_arvensis,-2.616,0.275,Hurdle_cond,T0-T3,DIST,1,T_generation,0.41785049626112153
Veronica_arvensis,-2.616,0.275,Hurdle_cond,T0-T3,DIST,1,age_repro,0.8907769885320955
Veronica_arvensis,-2.616,0.275,Hurdle_cond,T0-T3,DIST,1,percapita_repro,1.8152156216155975
Agrimonia_eupatoria,-2.517,0.3,Hurdle_zi,T0-T3,DIST,1,FirstStepAtt,-0.40426778811109665
Agrimonia_eupatoria,-2.517,0.3,Hurdle_zi,T0-T3,DIST,1,Lambda,0.99064442494128635
Agrimonia_eupatoria,-2.517,0.3,Hurdle_zi,T0-T3,DIST,1,Lmax,4.5330412476880015
Agrimonia_eupatoria,-2.517,0.3,Hurdle_zi,T0-T3,DIST,1,Lmean,2.276623485281897
Agrimonia_eupatoria,-2.517,0.3,Hurdle_zi,T0-T3,DIST,1,R0,-0.38127020833005776
Agrimonia_eupatoria,-2.517,0.3,Hurdle_zi,T0-T3,DIST,1,Reactivity,0.19207496843703886
Agrimonia_eupatoria,-2.517,0.3,Hurdle_zi,T0-T3,DIST,1,T_generation,3.6207086258222283
Agrimonia_eupatoria,-2.517,0.3,Hurdle_zi,T0-T3,DIST,1,age_repro,2.087394345070076
Agrimonia_eupatoria,-2.517,0.3,Hurdle_zi,T0-T3,DIST,1,percapita_repro,-1.5661843426366495
Allium_vineale,-2.601,0.466,Hurdle_zi,T0-T3,DIST,1,FirstStepAtt,-2.036030904211625
Allium_vineale,-2.601,0.466,Hurdle_zi,T0-T3,DIST,1,Lambda,1.170906773884173
Allium_vineale,-2.601,0.466,Hurdle_zi,T0-T3,DIST,1,Lmax,1.0986122886681098
Allium_vineale,-2.601,0.466,Hurdle_zi,T0-T3,DIST,1,Lmean,0.16647352389668973
Allium_vineale,-2.601,0.466,Hurdle_zi,T0-T3,DIST,1,R0,0.3408368280021561
Allium_vineale,-2.601,0.466,Hurdle_zi,T0-T3,DIST,1,Reactivity,2.1940830508207325
Allium_vineale,-2.601,0.466,Hurdle_zi,T0-T3,DIST,1,T_generation,0.7635325690826141
Allium_vineale,-2.601,0.466,Hurdle_zi,T0-T3,DIST,1,age_repro,1.2000990079409088
Allium_vineale,-2.601,0.466,Hurdle_zi,T0-T3,DIST,1,percapita_repro,2.3368650630604555
Andropogon_gerardii,-0.929,0.3,Hurdle_zi,T0-T3,DIST,1,FirstStepAtt,-1.1908608264270113
Andropogon_gerardii,-0.929,0.3,Hurdle_zi,T0-T3,DIST,1,Lambda,1.5058732521698401
Andropogon_gerardii,-0.929,0.3,Hurdle_zi,T0-T3,DIST,1,Lmax,1.764891121214301
Andropogon_gerardii,-0.929,0.3,Hurdle_zi,T0-T3,DIST,1,Lmean,0.6723210807858808
Andropogon_gerardii,-0.929,0.3,Hurdle_zi,T0-T3,DIST,1,R0,0.8354773555720532
Andropogon_gerardii,-0.929,0.3,Hurdle_zi,T0-T3,DIST,1,Reactivity,1.7926841280473302
Andropogon_gerardii,-0.929,0.3,Hurdle_zi,T0-T3,DIST,1,T_generation,0.7395193223181743
Andropogon_gerardii,-0.929,0.3,Hurdle_zi,T0-T3,DIST,1,age_repro,0.7862530575220442
Andropogon_gerardii,-0.929,0.3,Hurdle_zi,T0-T3,DIST,1,percapita_repro,2.0924307697315556
Arenaria_serpyllifolia,-2.544,0.336,Hurdle_zi,T0-T3,DIST,1,FirstStepAtt,-2.2176497264357233
Arenaria_serpyllifolia,-2.544,0.336,Hurdle_zi,T0-T3,DIST,1,Lambda,0.860684361881849
Arenaria_serpyllifolia,-2.544,0.336,Hurdle_zi,T0-T3,DIST,1,Lmax,0
Arenaria_serpyllifolia,-2.544,0.336,Hurdle_zi,T0-T3,DIST,1,Lmean,0
Arenaria_serpyllifolia,-2.544,0.336,Hurdle_zi,T0-T3,DIST,1,R0,0.13128547046852534
Arenaria_serpyllifolia,-2.544,0.336,Hurdle_zi,T0-T3,DIST,1,Reactivity,2.5929750386335604
Arenaria_serpyllifolia,-2.544,0.336,Hurdle_zi,T0-T3,DIST,1,T_generation,0.1698858306660028
Arenaria_serpyllifolia,-2.544,0.336,Hurdle_zi,T0-T3,DIST,1,age_repro,0.8303384136066279
Arenaria_serpyllifolia,-2.544,0.336,Hurdle_zi,T0-T3,DIST,1,percapita_repro,2.639396025140823
Armeria_maritima,-2.659,0.414,Hurdle_zi,T0-T3,DIST,1,FirstStepAtt,-2.2414258727445264
Armeria_maritima,-2.659,0.414,Hurdle_zi,T0-T3,DIST,1,Lambda,1.4580438530642406
Armeria_maritima,-2.659,0.414,Hurdle_zi,T0-T3,DIST,1,Lmax,2.995732273553991
Armeria_maritima,-2.659,0.414,Hurdle_zi,T0-T3,DIST,1,Lmean,0.6122577291406874
Armeria_maritima,-2.659,0.414,Hurdle_zi,T0-T3,DIST,1,R0,4.4450836460525265
Armeria_maritima,-2.659,0.414,Hurdle_zi,T0-T3,DIST,1,Reactivity,5.495776723555246
Armeria_maritima,-2.659,0.414,Hurdle_zi,T0-T3,DIST,1,T_generation,2.0996042559618977
Armeria_maritima,-2.659,0.414,Hurdle_zi,T0-T3,DIST,1,age_repro,1.525500516347215
Armeria_maritima,-2.659,0.414,Hurdle_zi,T0-T3,DIST,1,percapita_repro,3.6172820201716607
Centaurea_jacea,-2.596,0.307,Hurdle_zi,T0-T3,DIST,1,FirstStepAtt,-0.6368104471974831
Centaurea_jacea,-2.596,0.307,Hurdle_zi,T0-T3,DIST,1,Lambda,0.9157150879324937
Centaurea_jacea,-2.596,0.307,Hurdle_zi,T0-T3,DIST,1,Lmax,2.4003251984703664
Centaurea_jacea,-2.596,0.307,Hurdle_zi,T0-T3,DIST,1,Lmean,1.372271579332501
Centaurea_jacea,-2.596,0.307,Hurdle_zi,T0-T3,DIST,1,R0,-3.4842742317189583
Centaurea_jacea,-2.596,0.307,Hurdle_zi,T0-T3,DIST,1,Reactivity,0.4168576413811439
Centaurea_jacea,-2.596,0.307,Hurdle_zi,T0-T3,DIST,1,T_generation,2.978872381362829
Centaurea_jacea,-2.596,0.307,Hurdle_zi,T0-T3,DIST,1,age_repro,1.6363011514297372
Centaurea_jacea,-2.596,0.307,Hurdle_zi,T0-T3,DIST,1,percapita_repro,-1.7828083742933423
Cerastium_fontanum,-2.653,0.256,Hurdle_zi,T0-T3,DIST,1,FirstStepAtt,-2.696031853083466
Cerastium_fontanum,-2.653,0.256,Hurdle_zi,T0-T3,DIST,1,Lambda,NA
Cerastium_fontanum,-2.653,0.256,Hurdle_zi,T0-T3,DIST,1,Lmax,0
Cerastium_fontanum,-2.653,0.256,Hurdle_zi,T0-T3,DIST,1,Lmean,0
Cerastium_fontanum,-2.653,0.256,Hurdle_zi,T0-T3,DIST,1,R0,1.5184623246973081
Cerastium_fontanum,-2.653,0.256,Hurdle_zi,T0-T3,DIST,1,Reactivity,3.027270925563423
Cerastium_fontanum,-2.653,0.256,Hurdle_zi,T0-T3,DIST,1,T_generation,0.005048904923272251
Cerastium_fontanum,-2.653,0.256,Hurdle_zi,T0-T3,DIST,1,age_repro,0.8873031950009029
Cerastium_fontanum,-2.653,0.256,Hurdle_zi,T0-T3,DIST,1,percapita_repro,4.522657764413627
Cirsium_arvense,-2.209,0.282,Hurdle_zi,T0-T3,DIST,1,FirstStepAtt,-3.3290015249469986
Cirsium_arvense,-2.209,0.282,Hurdle_zi,T0-T3,DIST,1,Lambda,NA
Cirsium_arvense,-2.209,0.282,Hurdle_zi,T0-T3,DIST,1,Lmax,1.0986122886681098
Cirsium_arvense,-2.209,0.282,Hurdle_zi,T0-T3,DIST,1,Lmean,0.1699960817758222
Cirsium_arvense,-2.209,0.282,Hurdle_zi,T0-T3,DIST,1,R0,3.228914980534981
Cirsium_arvense,-2.209,0.282,Hurdle_zi,T0-T3,DIST,1,Reactivity,4.0664130997692896
Cirsium_arvense,-2.209,0.282,Hurdle_zi,T0-T3,DIST,1,T_generation,0.770361224737239
Cirsium_arvense,-2.209,0.282,Hurdle_zi,T0-T3,DIST,1,age_repro,1.162546762671639
Cirsium_arvense,-2.209,0.282,Hurdle_zi,T0-T3,DIST,1,percapita_repro,5.427985054670073
Cirsium_palustre,-2.729,0.495,Hurdle_zi,T0-T3,DIST,1,FirstStepAtt,-2.5937654771378242
Cirsium_palustre,-2.729,0.495,Hurdle_zi,T0-T3,DIST,1,Lambda,1.4428002172428838
Cirsium_palustre,-2.729,0.495,Hurdle_zi,T0-T3,DIST,1,Lmax,1.5273118956910914
Cirsium_palustre,-2.729,0.495,Hurdle_zi,T0-T3,DIST,1,Lmean,0.20135107219302092
Cirsium_palustre,-2.729,0.495,Hurdle_zi,T0-T3,DIST,1,R0,1.2807231364002394
Cirsium_palustre,-2.729,0.495,Hurdle_zi,T0-T3,DIST,1,Reactivity,4.898747288058176
Cirsium_palustre,-2.729,0.495,Hurdle_zi,T0-T3,DIST,1,T_generation,1.2255759905166657
Cirsium_palustre,-2.729,0.495,Hurdle_zi,T0-T3,DIST,1,age_repro,1.534647496889771
Cirsium_palustre,-2.729,0.495,Hurdle_zi,T0-T3,DIST,1,percapita_repro,4.957313127808717
Cirsium_vulgare,-2.675,0.398,Hurdle_zi,T0-T3,DIST,1,FirstStepAtt,-3.1910655226282234
Cirsium_vulgare,-2.675,0.398,Hurdle_zi,T0-T3,DIST,1,Lambda,0.7844344795818798
Cirsium_vulgare,-2.675,0.398,Hurdle_zi,T0-T3,DIST,1,Lmax,1.507973248367974
Cirsium_vulgare,-2.675,0.398,Hurdle_zi,T0-T3,DIST,1,Lmean,0.3479988332516422
Cirsium_vulgare,-2.675,0.398,Hurdle_zi,T0-T3,DIST,1,R0,-1.420279247517773
Cirsium_vulgare,-2.675,0.398,Hurdle_zi,T0-T3,DIST,1,Reactivity,2.641485998869525
Cirsium_vulgare,-2.675,0.398,Hurdle_zi,T0-T3,DIST,1,T_generation,1.4828783988333107
Cirsium_vulgare,-2.675,0.398,Hurdle_zi,T0-T3,DIST,1,age_repro,0.9323966804077027
Cirsium_vulgare,-2.675,0.398,Hurdle_zi,T0-T3,DIST,1,percapita_repro,1.89963041219607
Cytisus_scoparius,-2.423,0.58,Hurdle_zi,T0-T3,DIST,1,FirstStepAtt,-1.0805803134528444
Cytisus_scoparius,-2.423,0.58,Hurdle_zi,T0-T3,DIST,1,Lambda,1.213292465253893
Cytisus_scoparius,-2.423,0.58,Hurdle_zi,T0-T3,DIST,1,Lmax,3.4362872742721846
Cytisus_scoparius,-2.423,0.58,Hurdle_zi,T0-T3,DIST,1,Lmean,1.6108317812687714
Cytisus_scoparius,-2.423,0.58,Hurdle_zi,T0-T3,DIST,1,R0,1.2836591821667371
Cytisus_scoparius,-2.423,0.58,Hurdle_zi,T0-T3,DIST,1,Reactivity,7.2558813136686915
Cytisus_scoparius,-2.423,0.58,Hurdle_zi,T0-T3,DIST,1,T_generation,2.553183717615863
Cytisus_scoparius,-2.423,0.58,Hurdle_zi,T0-T3,DIST,1,age_repro,1.7233105661137673
Cytisus_scoparius,-2.423,0.58,Hurdle_zi,T0-T3,DIST,1,percapita_repro,5.712086717106164
Daucus_carota,-2.386,0.279,Hurdle_zi,T0-T3,DIST,1,FirstStepAtt,-4.040610337013186
Daucus_carota,-2.386,0.279,Hurdle_zi,T0-T3,DIST,1,Lambda,1.7161044748521754
Daucus_carota,-2.386,0.279,Hurdle_zi,T0-T3,DIST,1,Lmax,1.0986122886681098
Daucus_carota,-2.386,0.279,Hurdle_zi,T0-T3,DIST,1,Lmean,0.31834252276646996
Daucus_carota,-2.386,0.279,Hurdle_zi,T0-T3,DIST,1,R0,1.8196701629274532
Daucus_carota,-2.386,0.279,Hurdle_zi,T0-T3,DIST,1,Reactivity,NA
Daucus_carota,-2.386,0.279,Hurdle_zi,T0-T3,DIST,1,T_generation,1.189773196967312
Daucus_carota,-2.386,0.279,Hurdle_zi,T0-T3,DIST,1,age_repro,1.431272611901774
Daucus_carota,-2.386,0.279,Hurdle_zi,T0-T3,DIST,1,percapita_repro,NA
Echium_vulgare,-1.906,0.426,Hurdle_zi,T0-T3,DIST,1,FirstStepAtt,-1.4808281568478856
Echium_vulgare,-1.906,0.426,Hurdle_zi,T0-T3,DIST,1,Lambda,1.5475980030086196
Echium_vulgare,-1.906,0.426,Hurdle_zi,T0-T3,DIST,1,Lmax,1.3862943611198906
Echium_vulgare,-1.906,0.426,Hurdle_zi,T0-T3,DIST,1,Lmean,0.5010758488001461
Echium_vulgare,-1.906,0.426,Hurdle_zi,T0-T3,DIST,1,R0,1.6034012709220467
Echium_vulgare,-1.906,0.426,Hurdle_zi,T0-T3,DIST,1,Reactivity,3.2663741200499037
Echium_vulgare,-1.906,0.426,Hurdle_zi,T0-T3,DIST,1,T_generation,1.2871395045757101
Echium_vulgare,-1.906,0.426,Hurdle_zi,T0-T3,DIST,1,age_repro,1.3132909952863716
Echium_vulgare,-1.906,0.426,Hurdle_zi,T0-T3,DIST,1,percapita_repro,3.7030781735137492
Elymus_repens,-2.01,0.288,Hurdle_zi,T0-T3,DIST,1,FirstStepAtt,-19.608981934788076
Elymus_repens,-2.01,0.288,Hurdle_zi,T0-T3,DIST,1,Lambda,NA
Elymus_repens,-2.01,0.288,Hurdle_zi,T0-T3,DIST,1,Lmax,0.6931471805599453
Elymus_repens,-2.01,0.288,Hurdle_zi,T0-T3,DIST,1,Lmean,0.34830572665687204
Elymus_repens,-2.01,0.288,Hurdle_zi,T0-T3,DIST,1,R0,4.306802628082906
Elymus_repens,-2.01,0.288,Hurdle_zi,T0-T3,DIST,1,Reactivity,NA
Elymus_repens,-2.01,0.288,Hurdle_zi,T0-T3,DIST,1,T_generation,0.00771453240913415
Elymus_repens,-2.01,0.288,Hurdle_zi,T0-T3,DIST,1,age_repro,0
Elymus_repens,-2.01,0.288,Hurdle_zi,T0-T3,DIST,1,percapita_repro,-5.74205469871386
Erigeron_canadensis,-2.742,0.342,Hurdle_zi,T0-T3,DIST,1,FirstStepAtt,-2.9940372183428647
Erigeron_canadensis,-2.742,0.342,Hurdle_zi,T0-T3,DIST,1,Lambda,NA
Erigeron_canadensis,-2.742,0.342,Hurdle_zi,T0-T3,DIST,1,Lmax,0
Erigeron_canadensis,-2.742,0.342,Hurdle_zi,T0-T3,DIST,1,Lmean,0
Erigeron_canadensis,-2.742,0.342,Hurdle_zi,T0-T3,DIST,1,R0,2.750423016465953
Erigeron_canadensis,-2.742,0.342,Hurdle_zi,T0-T3,DIST,1,Reactivity,3.7256901124743216
Erigeron_canadensis,-2.742,0.342,Hurdle_zi,T0-T3,DIST,1,T_generation,0.1300250884192771
Erigeron_canadensis,-2.742,0.342,Hurdle_zi,T0-T3,DIST,1,age_repro,0.9159908368351705
Erigeron_canadensis,-2.742,0.342,Hurdle_zi,T0-T3,DIST,1,percapita_repro,5.684089841310465
Knautia_arvensis,-2.22,0.363,Hurdle_zi,T0-T3,DIST,1,FirstStepAtt,-2.9563737542749036
Knautia_arvensis,-2.22,0.363,Hurdle_zi,T0-T3,DIST,1,Lambda,0.30764990872892983
Knautia_arvensis,-2.22,0.363,Hurdle_zi,T0-T3,DIST,1,Lmax,0.6931471805599453
Knautia_arvensis,-2.22,0.363,Hurdle_zi,T0-T3,DIST,1,Lmean,0.022139719151234638
Knautia_arvensis,-2.22,0.363,Hurdle_zi,T0-T3,DIST,1,R0,-9.95071325619903
Knautia_arvensis,-2.22,0.363,Hurdle_zi,T0-T3,DIST,1,Reactivity,0.35097071858090523
Knautia_arvensis,-2.22,0.363,Hurdle_zi,T0-T3,DIST,1,T_generation,NA
Knautia_arvensis,-2.22,0.363,Hurdle_zi,T0-T3,DIST,1,age_repro,0.9322894183877876
Knautia_arvensis,-2.22,0.363,Hurdle_zi,T0-T3,DIST,1,percapita_repro,-4.367646677748796
Lactuca_serriola,-2.622,0.504,Hurdle_zi,T0-T3,DIST,1,FirstStepAtt,-2.5276283678174485
Lactuca_serriola,-2.622,0.504,Hurdle_zi,T0-T3,DIST,1,Lambda,NA
Lactuca_serriola,-2.622,0.504,Hurdle_zi,T0-T3,DIST,1,Lmax,0
Lactuca_serriola,-2.622,0.504,Hurdle_zi,T0-T3,DIST,1,Lmean,0
Lactuca_serriola,-2.622,0.504,Hurdle_zi,T0-T3,DIST,1,R0,2.961708269076509
Lactuca_serriola,-2.622,0.504,Hurdle_zi,T0-T3,DIST,1,Reactivity,5.096932718325193
Lactuca_serriola,-2.622,0.504,Hurdle_zi,T0-T3,DIST,1,T_generation,0.08738433516364566
Lactuca_serriola,-2.622,0.504,Hurdle_zi,T0-T3,DIST,1,age_repro,1.2839753424841123
Lactuca_serriola,-2.622,0.504,Hurdle_zi,T0-T3,DIST,1,percapita_repro,7.147653680580111
Linum_catharticum,-2.638,0.33,Hurdle_zi,T0-T3,DIST,1,FirstStepAtt,-3.1953085121694222
Linum_catharticum,-2.638,0.33,Hurdle_zi,T0-T3,DIST,1,Lambda,NA
Linum_catharticum,-2.638,0.33,Hurdle_zi,T0-T3,DIST,1,Lmax,2.0794415416798357
Linum_catharticum,-2.638,0.33,Hurdle_zi,T0-T3,DIST,1,Lmean,0.7715798705141755
Linum_catharticum,-2.638,0.33,Hurdle_zi,T0-T3,DIST,1,R0,1.7942778474769046
Linum_catharticum,-2.638,0.33,Hurdle_zi,T0-T3,DIST,1,Reactivity,3.8165083573910685
Linum_catharticum,-2.638,0.33,Hurdle_zi,T0-T3,DIST,1,T_generation,0.3007917133047998
Linum_catharticum,-2.638,0.33,Hurdle_zi,T0-T3,DIST,1,age_repro,0.7034715243015948
Linum_catharticum,-2.638,0.33,Hurdle_zi,T0-T3,DIST,1,percapita_repro,3.0328521355315146
Myosotis_ramosissima,-2.607,0.504,Hurdle_zi,T0-T3,DIST,1,FirstStepAtt,-3.6870030575668453
Myosotis_ramosissima,-2.607,0.504,Hurdle_zi,T0-T3,DIST,1,Lambda,1.4558843238144925
Myosotis_ramosissima,-2.607,0.504,Hurdle_zi,T0-T3,DIST,1,Lmax,0
Myosotis_ramosissima,-2.607,0.504,Hurdle_zi,T0-T3,DIST,1,Lmean,0
Myosotis_ramosissima,-2.607,0.504,Hurdle_zi,T0-T3,DIST,1,R0,1.3761933951892638
Myosotis_ramosissima,-2.607,0.504,Hurdle_zi,T0-T3,DIST,1,Reactivity,0.48764865977290195
Myosotis_ramosissima,-2.607,0.504,Hurdle_zi,T0-T3,DIST,1,T_generation,0.01373447854635909
Myosotis_ramosissima,-2.607,0.504,Hurdle_zi,T0-T3,DIST,1,age_repro,0.7154702161542037
Myosotis_ramosissima,-2.607,0.504,Hurdle_zi,T0-T3,DIST,1,percapita_repro,1.826732983425593
Picris_hieracioides,-1.776,0.303,Hurdle_zi,T0-T3,DIST,1,FirstStepAtt,-4.012603074068455
Picris_hieracioides,-1.776,0.303,Hurdle_zi,T0-T3,DIST,1,Lambda,0.8846497432296888
Picris_hieracioides,-1.776,0.303,Hurdle_zi,T0-T3,DIST,1,Lmax,0.6931471805599453
Picris_hieracioides,-1.776,0.303,Hurdle_zi,T0-T3,DIST,1,Lmean,0.025497751793431413
Picris_hieracioides,-1.776,0.303,Hurdle_zi,T0-T3,DIST,1,R0,-0.5012341883972119
Picris_hieracioides,-1.776,0.303,Hurdle_zi,T0-T3,DIST,1,Reactivity,5.739334580340472
Picris_hieracioides,-1.776,0.303,Hurdle_zi,T0-T3,DIST,1,T_generation,1.4151934417967609
Picris_hieracioides,-1.776,0.303,Hurdle_zi,T0-T3,DIST,1,age_repro,1.5430234695350933
Picris_hieracioides,-1.776,0.303,Hurdle_zi,T0-T3,DIST,1,percapita_repro,5.616771097666572
Pimpinella_saxifraga,-2.38,0.386,Hurdle_zi,T0-T3,DIST,1,FirstStepAtt,-0.5923077657542145
Pimpinella_saxifraga,-2.38,0.386,Hurdle_zi,T0-T3,DIST,1,Lambda,0.9547406316474246
Pimpinella_saxifraga,-2.38,0.386,Hurdle_zi,T0-T3,DIST,1,Lmax,3.2778313935718644
Pimpinella_saxifraga,-2.38,0.386,Hurdle_zi,T0-T3,DIST,1,Lmean,1.3985454207581607
Pimpinella_saxifraga,-2.38,0.386,Hurdle_zi,T0-T3,DIST,1,R0,-0.7090626241047243
Pimpinella_saxifraga,-2.38,0.386,Hurdle_zi,T0-T3,DIST,1,Reactivity,0.9233752615973373
Pimpinella_saxifraga,-2.38,0.386,Hurdle_zi,T0-T3,DIST,1,T_generation,2.775613869924522
Pimpinella_saxifraga,-2.38,0.386,Hurdle_zi,T0-T3,DIST,1,age_repro,1.7819632124517442
Pimpinella_saxifraga,-2.38,0.386,Hurdle_zi,T0-T3,DIST,1,percapita_repro,-0.16356267781330006
Plantago_coronopus,-2.223,0.306,Hurdle_zi,T0-T3,DIST,1,FirstStepAtt,-1.0607821044920802
Plantago_coronopus,-2.223,0.306,Hurdle_zi,T0-T3,DIST,1,Lambda,0.8883340096307588
Plantago_coronopus,-2.223,0.306,Hurdle_zi,T0-T3,DIST,1,Lmax,1.907994489728227
Plantago_coronopus,-2.223,0.306,Hurdle_zi,T0-T3,DIST,1,Lmean,0.5836315540514999
Plantago_coronopus,-2.223,0.306,Hurdle_zi,T0-T3,DIST,1,R0,-0.7679497099488539
Plantago_coronopus,-2.223,0.306,Hurdle_zi,T0-T3,DIST,1,Reactivity,1.2700917455756846
Plantago_coronopus,-2.223,0.306,Hurdle_zi,T0-T3,DIST,1,T_generation,1.4792349913940708
Plantago_coronopus,-2.223,0.306,Hurdle_zi,T0-T3,DIST,1,age_repro,0.7227032675127357
Plantago_coronopus,-2.223,0.306,Hurdle_zi,T0-T3,DIST,1,percapita_repro,-0.1607889960080645
Plantago_media,-2.352,0.372,Hurdle_zi,T0-T3,DIST,1,FirstStepAtt,-2.5216721506920545
Plantago_media,-2.352,0.372,Hurdle_zi,T0-T3,DIST,1,Lambda,0.9166479924897526
Plantago_media,-2.352,0.372,Hurdle_zi,T0-T3,DIST,1,Lmax,1.7178918965462198
Plantago_media,-2.352,0.372,Hurdle_zi,T0-T3,DIST,1,Lmean,0.24009345509101096
Plantago_media,-2.352,0.372,Hurdle_zi,T0-T3,DIST,1,R0,-3.703632943874186
Plantago_media,-2.352,0.372,Hurdle_zi,T0-T3,DIST,1,Reactivity,0.9115891884505661
Plantago_media,-2.352,0.372,Hurdle_zi,T0-T3,DIST,1,T_generation,3.283074054166277
Plantago_media,-2.352,0.372,Hurdle_zi,T0-T3,DIST,1,age_repro,2.050568331584061
Plantago_media,-2.352,0.372,Hurdle_zi,T0-T3,DIST,1,percapita_repro,0.21247852101489456
Poa_alpina,-2.488,0.572,Hurdle_zi,T0-T3,DIST,1,FirstStepAtt,-0.6821869840767281
Poa_alpina,-2.488,0.572,Hurdle_zi,T0-T3,DIST,1,Lambda,0.9289514100594023
Poa_alpina,-2.488,0.572,Hurdle_zi,T0-T3,DIST,1,Lmax,3.3423058638339636
Poa_alpina,-2.488,0.572,Hurdle_zi,T0-T3,DIST,1,Lmean,1.53204966522348
Poa_alpina,-2.488,0.572,Hurdle_zi,T0-T3,DIST,1,R0,-1.2908410925748004
Poa_alpina,-2.488,0.572,Hurdle_zi,T0-T3,DIST,1,Reactivity,0.7212213077881131
Poa_alpina,-2.488,0.572,Hurdle_zi,T0-T3,DIST,1,T_generation,3.1870862370839936
Poa_alpina,-2.488,0.572,Hurdle_zi,T0-T3,DIST,1,age_repro,0.8494642415925806
Poa_alpina,-2.488,0.572,Hurdle_zi,T0-T3,DIST,1,percapita_repro,-2.1498564717132638
Potentilla_recta,-2.456,0.352,Hurdle_zi,T0-T3,DIST,1,FirstStepAtt,-1.207246625178343
Potentilla_recta,-2.456,0.352,Hurdle_zi,T0-T3,DIST,1,Lambda,1.3233051390988662
Potentilla_recta,-2.456,0.352,Hurdle_zi,T0-T3,DIST,1,Lmax,2.8995463272302633
Potentilla_recta,-2.456,0.352,Hurdle_zi,T0-T3,DIST,1,Lmean,1.114174982541197
Potentilla_recta,-2.456,0.352,Hurdle_zi,T0-T3,DIST,1,R0,-Inf
Potentilla_recta,-2.456,0.352,Hurdle_zi,T0-T3,DIST,1,Reactivity,2.3355670141886495
Potentilla_recta,-2.456,0.352,Hurdle_zi,T0-T3,DIST,1,T_generation,1.12856647634655
Potentilla_recta,-2.456,0.352,Hurdle_zi,T0-T3,DIST,1,age_repro,1.470241457035962
Potentilla_recta,-2.456,0.352,Hurdle_zi,T0-T3,DIST,1,percapita_repro,5.184136566294191
Primula_elatior,-2.508,0.471,Hurdle_zi,T0-T3,DIST,1,FirstStepAtt,-2.5752591198739894
Primula_elatior,-2.508,0.471,Hurdle_zi,T0-T3,DIST,1,Lambda,1.0243599289476764
Primula_elatior,-2.508,0.471,Hurdle_zi,T0-T3,DIST,1,Lmax,3.078214221499716
Primula_elatior,-2.508,0.471,Hurdle_zi,T0-T3,DIST,1,Lmean,0.934868660605433
Primula_elatior,-2.508,0.471,Hurdle_zi,T0-T3,DIST,1,R0,-0.19834378876572734
Primula_elatior,-2.508,0.471,Hurdle_zi,T0-T3,DIST,1,Reactivity,1.2375774274497275
Primula_elatior,-2.508,0.471,Hurdle_zi,T0-T3,DIST,1,T_generation,2.7743429427827526
Primula_elatior,-2.508,0.471,Hurdle_zi,T0-T3,DIST,1,age_repro,1.5965918444925693
Primula_elatior,-2.508,0.471,Hurdle_zi,T0-T3,DIST,1,percapita_repro,0.6906312588074859
Primula_veris,-2.521,0.471,Hurdle_zi,T0-T3,DIST,1,FirstStepAtt,-3.0996415326914413
Primula_veris,-2.521,0.471,Hurdle_zi,T0-T3,DIST,1,Lambda,0.9177166512186883
Primula_veris,-2.521,0.471,Hurdle_zi,T0-T3,DIST,1,Lmax,1.777554626801171
Primula_veris,-2.521,0.471,Hurdle_zi,T0-T3,DIST,1,Lmean,0.3457340899605148
Primula_veris,-2.521,0.471,Hurdle_zi,T0-T3,DIST,1,R0,-3.5312053848310136
Primula_veris,-2.521,0.471,Hurdle_zi,T0-T3,DIST,1,Reactivity,1.8406103144604358
Primula_veris,-2.521,0.471,Hurdle_zi,T0-T3,DIST,1,T_generation,3.2661511301743356
Primula_veris,-2.521,0.471,Hurdle_zi,T0-T3,DIST,1,age_repro,2.1007008996065113
Primula_veris,-2.521,0.471,Hurdle_zi,T0-T3,DIST,1,percapita_repro,1.3057574210790406
Ranunculus_acris,-2.54,0.263,Hurdle_zi,T0-T3,DIST,1,FirstStepAtt,-2.223673155588096
Ranunculus_acris,-2.54,0.263,Hurdle_zi,T0-T3,DIST,1,Lambda,1.1474253581153837
Ranunculus_acris,-2.54,0.263,Hurdle_zi,T0-T3,DIST,1,Lmax,1.791759469228055
Ranunculus_acris,-2.54,0.263,Hurdle_zi,T0-T3,DIST,1,Lmean,0.2694368352850544
Ranunculus_acris,-2.54,0.263,Hurdle_zi,T0-T3,DIST,1,R0,0.4291243489821683
Ranunculus_acris,-2.54,0.263,Hurdle_zi,T0-T3,DIST,1,Reactivity,1.8978523971700296
Ranunculus_acris,-2.54,0.263,Hurdle_zi,T0-T3,DIST,1,T_generation,1.3335494740785472
Ranunculus_acris,-2.54,0.263,Hurdle_zi,T0-T3,DIST,1,age_repro,1.1167312512505851
Ranunculus_acris,-2.54,0.263,Hurdle_zi,T0-T3,DIST,1,percapita_repro,1.9401794743463283
Salsola_kali,-2.699,0.498,Hurdle_zi,T0-T3,DIST,1,FirstStepAtt,-7.237614553412407
Salsola_kali,-2.699,0.498,Hurdle_zi,T0-T3,DIST,1,Lambda,0.5896874965204653
Salsola_kali,-2.699,0.498,Hurdle_zi,T0-T3,DIST,1,Lmax,1.0986122886681098
Salsola_kali,-2.699,0.498,Hurdle_zi,T0-T3,DIST,1,Lmean,0.6329527878317025
Salsola_kali,-2.699,0.498,Hurdle_zi,T0-T3,DIST,1,R0,-3.1690448866467187
Salsola_kali,-2.699,0.498,Hurdle_zi,T0-T3,DIST,1,Reactivity,NA
Salsola_kali,-2.699,0.498,Hurdle_zi,T0-T3,DIST,1,T_generation,1.7917877371801425
Salsola_kali,-2.699,0.498,Hurdle_zi,T0-T3,DIST,1,age_repro,1.7917761374226397
Salsola_kali,-2.699,0.498,Hurdle_zi,T0-T3,DIST,1,percapita_repro,NA
Sphaeralcea_coccinea,-2.291,0.423,Hurdle_zi,T0-T3,DIST,1,FirstStepAtt,-0.021668930362796438
Sphaeralcea_coccinea,-2.291,0.423,Hurdle_zi,T0-T3,DIST,1,Lambda,0.9140916052986946
Sphaeralcea_coccinea,-2.291,0.423,Hurdle_zi,T0-T3,DIST,1,Lmax,1.1291966833851346
Sphaeralcea_coccinea,-2.291,0.423,Hurdle_zi,T0-T3,DIST,1,Lmean,0.18479959171993668
Sphaeralcea_coccinea,-2.291,0.423,Hurdle_zi,T0-T3,DIST,1,R0,-0.1631566065473073
Sphaeralcea_coccinea,-2.291,0.423,Hurdle_zi,T0-T3,DIST,1,Reactivity,0.06479482429602482
Sphaeralcea_coccinea,-2.291,0.423,Hurdle_zi,T0-T3,DIST,1,T_generation,0.2422469272637918
Sphaeralcea_coccinea,-2.291,0.423,Hurdle_zi,T0-T3,DIST,1,age_repro,0
Sphaeralcea_coccinea,-2.291,0.423,Hurdle_zi,T0-T3,DIST,1,percapita_repro,-0.347956198267244
Stenaria_nigricans,-2.144,0.425,Hurdle_zi,T0-T3,DIST,1,FirstStepAtt,-0.001506241946231945
Stenaria_nigricans,-2.144,0.425,Hurdle_zi,T0-T3,DIST,1,Lambda,0.9901413361648121
Stenaria_nigricans,-2.144,0.425,Hurdle_zi,T0-T3,DIST,1,Lmax,0.8841014310483891
Stenaria_nigricans,-2.144,0.425,Hurdle_zi,T0-T3,DIST,1,Lmean,0.1061701762787086
Stenaria_nigricans,-2.144,0.425,Hurdle_zi,T0-T3,DIST,1,R0,0.21085254589803137
Stenaria_nigricans,-2.144,0.425,Hurdle_zi,T0-T3,DIST,1,Reactivity,0.009202684809058356
Stenaria_nigricans,-2.144,0.425,Hurdle_zi,T0-T3,DIST,1,T_generation,0.10216634557653176
Stenaria_nigricans,-2.144,0.425,Hurdle_zi,T0-T3,DIST,1,age_repro,0
Stenaria_nigricans,-2.144,0.425,Hurdle_zi,T0-T3,DIST,1,percapita_repro,0.10468236961932272
Taraxacum_campylodes,-2.282,0.482,Hurdle_zi,T0-T3,DIST,1,FirstStepAtt,-2.3531148413315983
Taraxacum_campylodes,-2.282,0.482,Hurdle_zi,T0-T3,DIST,1,Lambda,0.08041791145870329
Taraxacum_campylodes,-2.282,0.482,Hurdle_zi,T0-T3,DIST,1,Lmax,0.5493061443340549
Taraxacum_campylodes,-2.282,0.482,Hurdle_zi,T0-T3,DIST,1,Lmean,0.06773896227809098
Taraxacum_campylodes,-2.282,0.482,Hurdle_zi,T0-T3,DIST,1,R0,-Inf
Taraxacum_campylodes,-2.282,0.482,Hurdle_zi,T0-T3,DIST,1,Reactivity,2.4046693226371185
Taraxacum_campylodes,-2.282,0.482,Hurdle_zi,T0-T3,DIST,1,T_generation,NA
Taraxacum_campylodes,-2.282,0.482,Hurdle_zi,T0-T3,DIST,1,age_repro,0
Taraxacum_campylodes,-2.282,0.482,Hurdle_zi,T0-T3,DIST,1,percapita_repro,-11.213549524439351
Thymus_vulgaris,-2.516,0.418,Hurdle_zi,T0-T3,DIST,1,FirstStepAtt,-0.005866973847378982
Thymus_vulgaris,-2.516,0.418,Hurdle_zi,T0-T3,DIST,1,Lambda,0.9926751959162854
Thymus_vulgaris,-2.516,0.418,Hurdle_zi,T0-T3,DIST,1,Lmax,5.964961904446033
Thymus_vulgaris,-2.516,0.418,Hurdle_zi,T0-T3,DIST,1,Lmean,4.459892288650257
Thymus_vulgaris,-2.516,0.418,Hurdle_zi,T0-T3,DIST,1,R0,-1.07189733945768
Thymus_vulgaris,-2.516,0.418,Hurdle_zi,T0-T3,DIST,1,Reactivity,0.010349758754626258
Thymus_vulgaris,-2.516,0.418,Hurdle_zi,T0-T3,DIST,1,T_generation,NA
Thymus_vulgaris,-2.516,0.418,Hurdle_zi,T0-T3,DIST,1,age_repro,NA
Thymus_vulgaris,-2.516,0.418,Hurdle_zi,T0-T3,DIST,1,percapita_repro,-5.143380039347928
Verbascum_thapsus,-2.14,0.486,Hurdle_zi,T0-T3,DIST,1,FirstStepAtt,-4.012613096092431
Verbascum_thapsus,-2.14,0.486,Hurdle_zi,T0-T3,DIST,1,Lambda,NA
Verbascum_thapsus,-2.14,0.486,Hurdle_zi,T0-T3,DIST,1,Lmax,0.6931471805599453
Verbascum_thapsus,-2.14,0.486,Hurdle_zi,T0-T3,DIST,1,Lmean,0.05129369438747054
Verbascum_thapsus,-2.14,0.486,Hurdle_zi,T0-T3,DIST,1,R0,3.381715911075376
Verbascum_thapsus,-2.14,0.486,Hurdle_zi,T0-T3,DIST,1,Reactivity,NA
Verbascum_thapsus,-2.14,0.486,Hurdle_zi,T0-T3,DIST,1,T_generation,0.7764348966557838
Verbascum_thapsus,-2.14,0.486,Hurdle_zi,T0-T3,DIST,1,age_repro,2.5523449856956373
Verbascum_thapsus,-2.14,0.486,Hurdle_zi,T0-T3,DIST,1,percapita_repro,NA
Veronica_arvensis,-2.719,0.32,Hurdle_zi,T0-T3,DIST,1,FirstStepAtt,-1.3609972168245543
Veronica_arvensis,-2.719,0.32,Hurdle_zi,T0-T3,DIST,1,Lambda,1.0575348190993947
Veronica_arvensis,-2.719,0.32,Hurdle_zi,T0-T3,DIST,1,Lmax,0.12924850454918937
Veronica_arvensis,-2.719,0.32,Hurdle_zi,T0-T3,DIST,1,Lmean,0.05244694819316372
Veronica_arvensis,-2.719,0.32,Hurdle_zi,T0-T3,DIST,1,R0,-0.014999404757933849
Veronica_arvensis,-2.719,0.32,Hurdle_zi,T0-T3,DIST,1,Reactivity,1.7913324339405632
Veronica_arvensis,-2.719,0.32,Hurdle_zi,T0-T3,DIST,1,T_generation,0.41785049626112153
Veronica_arvensis,-2.719,0.32,Hurdle_zi,T0-T3,DIST,1,age_repro,0.8907769885320955
Veronica_arvensis,-2.719,0.32,Hurdle_zi,T0-T3,DIST,1,percapita_repro,1.8152156216155975
Agrimonia_eupatoria,-2.112,0.232,Ordbeta,T0-T3,DIST,1,FirstStepAtt,-0.40426778811109665
Agrimonia_eupatoria,-2.112,0.232,Ordbeta,T0-T3,DIST,1,Lambda,0.99064442494128635
Agrimonia_eupatoria,-2.112,0.232,Ordbeta,T0-T3,DIST,1,Lmax,4.5330412476880015
Agrimonia_eupatoria,-2.112,0.232,Ordbeta,T0-T3,DIST,1,Lmean,2.276623485281897
Agrimonia_eupatoria,-2.112,0.232,Ordbeta,T0-T3,DIST,1,R0,-0.38127020833005776
Agrimonia_eupatoria,-2.112,0.232,Ordbeta,T0-T3,DIST,1,Reactivity,0.19207496843703886
Agrimonia_eupatoria,-2.112,0.232,Ordbeta,T0-T3,DIST,1,T_generation,3.6207086258222283
Agrimonia_eupatoria,-2.112,0.232,Ordbeta,T0-T3,DIST,1,age_repro,2.087394345070076
Agrimonia_eupatoria,-2.112,0.232,Ordbeta,T0-T3,DIST,1,percapita_repro,-1.5661843426366495
Allium_vineale,-2.345,0.405,Ordbeta,T0-T3,DIST,1,FirstStepAtt,-2.036030904211625
Allium_vineale,-2.345,0.405,Ordbeta,T0-T3,DIST,1,Lambda,1.170906773884173
Allium_vineale,-2.345,0.405,Ordbeta,T0-T3,DIST,1,Lmax,1.0986122886681098
Allium_vineale,-2.345,0.405,Ordbeta,T0-T3,DIST,1,Lmean,0.16647352389668973
Allium_vineale,-2.345,0.405,Ordbeta,T0-T3,DIST,1,R0,0.3408368280021561
Allium_vineale,-2.345,0.405,Ordbeta,T0-T3,DIST,1,Reactivity,2.1940830508207325
Allium_vineale,-2.345,0.405,Ordbeta,T0-T3,DIST,1,T_generation,0.7635325690826141
Allium_vineale,-2.345,0.405,Ordbeta,T0-T3,DIST,1,age_repro,1.2000990079409088
Allium_vineale,-2.345,0.405,Ordbeta,T0-T3,DIST,1,percapita_repro,2.3368650630604555
Andropogon_gerardii,-0.927,0.259,Ordbeta,T0-T3,DIST,1,FirstStepAtt,-1.1908608264270113
Andropogon_gerardii,-0.927,0.259,Ordbeta,T0-T3,DIST,1,Lambda,1.5058732521698401
Andropogon_gerardii,-0.927,0.259,Ordbeta,T0-T3,DIST,1,Lmax,1.764891121214301
Andropogon_gerardii,-0.927,0.259,Ordbeta,T0-T3,DIST,1,Lmean,0.6723210807858808
Andropogon_gerardii,-0.927,0.259,Ordbeta,T0-T3,DIST,1,R0,0.8354773555720532
Andropogon_gerardii,-0.927,0.259,Ordbeta,T0-T3,DIST,1,Reactivity,1.7926841280473302
Andropogon_gerardii,-0.927,0.259,Ordbeta,T0-T3,DIST,1,T_generation,0.7395193223181743
Andropogon_gerardii,-0.927,0.259,Ordbeta,T0-T3,DIST,1,age_repro,0.7862530575220442
Andropogon_gerardii,-0.927,0.259,Ordbeta,T0-T3,DIST,1,percapita_repro,2.0924307697315556
Arenaria_serpyllifolia,-2.33,0.277,Ordbeta,T0-T3,DIST,1,FirstStepAtt,-2.2176497264357233
Arenaria_serpyllifolia,-2.33,0.277,Ordbeta,T0-T3,DIST,1,Lambda,0.860684361881849
Arenaria_serpyllifolia,-2.33,0.277,Ordbeta,T0-T3,DIST,1,Lmax,0
Arenaria_serpyllifolia,-2.33,0.277,Ordbeta,T0-T3,DIST,1,Lmean,0
Arenaria_serpyllifolia,-2.33,0.277,Ordbeta,T0-T3,DIST,1,R0,0.13128547046852534
Arenaria_serpyllifolia,-2.33,0.277,Ordbeta,T0-T3,DIST,1,Reactivity,2.5929750386335604
Arenaria_serpyllifolia,-2.33,0.277,Ordbeta,T0-T3,DIST,1,T_generation,0.1698858306660028
Arenaria_serpyllifolia,-2.33,0.277,Ordbeta,T0-T3,DIST,1,age_repro,0.8303384136066279
Arenaria_serpyllifolia,-2.33,0.277,Ordbeta,T0-T3,DIST,1,percapita_repro,2.639396025140823
Armeria_maritima,-2.605,0.359,Ordbeta,T0-T3,DIST,1,FirstStepAtt,-2.2414258727445264
Armeria_maritima,-2.605,0.359,Ordbeta,T0-T3,DIST,1,Lambda,1.4580438530642406
Armeria_maritima,-2.605,0.359,Ordbeta,T0-T3,DIST,1,Lmax,2.995732273553991
Armeria_maritima,-2.605,0.359,Ordbeta,T0-T3,DIST,1,Lmean,0.6122577291406874
Armeria_maritima,-2.605,0.359,Ordbeta,T0-T3,DIST,1,R0,4.4450836460525265
Armeria_maritima,-2.605,0.359,Ordbeta,T0-T3,DIST,1,Reactivity,5.495776723555246
Armeria_maritima,-2.605,0.359,Ordbeta,T0-T3,DIST,1,T_generation,2.0996042559618977
Armeria_maritima,-2.605,0.359,Ordbeta,T0-T3,DIST,1,age_repro,1.525500516347215
Armeria_maritima,-2.605,0.359,Ordbeta,T0-T3,DIST,1,percapita_repro,3.6172820201716607
Centaurea_jacea,-2.477,0.246,Ordbeta,T0-T3,DIST,1,FirstStepAtt,-0.6368104471974831
Centaurea_jacea,-2.477,0.246,Ordbeta,T0-T3,DIST,1,Lambda,0.9157150879324937
Centaurea_jacea,-2.477,0.246,Ordbeta,T0-T3,DIST,1,Lmax,2.4003251984703664
Centaurea_jacea,-2.477,0.246,Ordbeta,T0-T3,DIST,1,Lmean,1.372271579332501
Centaurea_jacea,-2.477,0.246,Ordbeta,T0-T3,DIST,1,R0,-3.4842742317189583
Centaurea_jacea,-2.477,0.246,Ordbeta,T0-T3,DIST,1,Reactivity,0.4168576413811439
Centaurea_jacea,-2.477,0.246,Ordbeta,T0-T3,DIST,1,T_generation,2.978872381362829
Centaurea_jacea,-2.477,0.246,Ordbeta,T0-T3,DIST,1,age_repro,1.6363011514297372
Centaurea_jacea,-2.477,0.246,Ordbeta,T0-T3,DIST,1,percapita_repro,-1.7828083742933423
Cerastium_fontanum,-2.377,0.186,Ordbeta,T0-T3,DIST,1,FirstStepAtt,-2.696031853083466
Cerastium_fontanum,-2.377,0.186,Ordbeta,T0-T3,DIST,1,Lambda,NA
Cerastium_fontanum,-2.377,0.186,Ordbeta,T0-T3,DIST,1,Lmax,0
Cerastium_fontanum,-2.377,0.186,Ordbeta,T0-T3,DIST,1,Lmean,0
Cerastium_fontanum,-2.377,0.186,Ordbeta,T0-T3,DIST,1,R0,1.5184623246973081
Cerastium_fontanum,-2.377,0.186,Ordbeta,T0-T3,DIST,1,Reactivity,3.027270925563423
Cerastium_fontanum,-2.377,0.186,Ordbeta,T0-T3,DIST,1,T_generation,0.005048904923272251
Cerastium_fontanum,-2.377,0.186,Ordbeta,T0-T3,DIST,1,age_repro,0.8873031950009029
Cerastium_fontanum,-2.377,0.186,Ordbeta,T0-T3,DIST,1,percapita_repro,4.522657764413627
Cirsium_arvense,-1.902,0.215,Ordbeta,T0-T3,DIST,1,FirstStepAtt,-3.3290015249469986
Cirsium_arvense,-1.902,0.215,Ordbeta,T0-T3,DIST,1,Lambda,NA
Cirsium_arvense,-1.902,0.215,Ordbeta,T0-T3,DIST,1,Lmax,1.0986122886681098
Cirsium_arvense,-1.902,0.215,Ordbeta,T0-T3,DIST,1,Lmean,0.1699960817758222
Cirsium_arvense,-1.902,0.215,Ordbeta,T0-T3,DIST,1,R0,3.228914980534981
Cirsium_arvense,-1.902,0.215,Ordbeta,T0-T3,DIST,1,Reactivity,4.0664130997692896
Cirsium_arvense,-1.902,0.215,Ordbeta,T0-T3,DIST,1,T_generation,0.770361224737239
Cirsium_arvense,-1.902,0.215,Ordbeta,T0-T3,DIST,1,age_repro,1.162546762671639
Cirsium_arvense,-1.902,0.215,Ordbeta,T0-T3,DIST,1,percapita_repro,5.427985054670073
Cirsium_palustre,-2.474,0.438,Ordbeta,T0-T3,DIST,1,FirstStepAtt,-2.5937654771378242
Cirsium_palustre,-2.474,0.438,Ordbeta,T0-T3,DIST,1,Lambda,1.4428002172428838
Cirsium_palustre,-2.474,0.438,Ordbeta,T0-T3,DIST,1,Lmax,1.5273118956910914
Cirsium_palustre,-2.474,0.438,Ordbeta,T0-T3,DIST,1,Lmean,0.20135107219302092
Cirsium_palustre,-2.474,0.438,Ordbeta,T0-T3,DIST,1,R0,1.2807231364002394
Cirsium_palustre,-2.474,0.438,Ordbeta,T0-T3,DIST,1,Reactivity,4.898747288058176
Cirsium_palustre,-2.474,0.438,Ordbeta,T0-T3,DIST,1,T_generation,1.2255759905166657
Cirsium_palustre,-2.474,0.438,Ordbeta,T0-T3,DIST,1,age_repro,1.534647496889771
Cirsium_palustre,-2.474,0.438,Ordbeta,T0-T3,DIST,1,percapita_repro,4.957313127808717
Cirsium_vulgare,-2.441,0.347,Ordbeta,T0-T3,DIST,1,FirstStepAtt,-3.1910655226282234
Cirsium_vulgare,-2.441,0.347,Ordbeta,T0-T3,DIST,1,Lambda,0.7844344795818798
Cirsium_vulgare,-2.441,0.347,Ordbeta,T0-T3,DIST,1,Lmax,1.507973248367974
Cirsium_vulgare,-2.441,0.347,Ordbeta,T0-T3,DIST,1,Lmean,0.3479988332516422
Cirsium_vulgare,-2.441,0.347,Ordbeta,T0-T3,DIST,1,R0,-1.420279247517773
Cirsium_vulgare,-2.441,0.347,Ordbeta,T0-T3,DIST,1,Reactivity,2.641485998869525
Cirsium_vulgare,-2.441,0.347,Ordbeta,T0-T3,DIST,1,T_generation,1.4828783988333107
Cirsium_vulgare,-2.441,0.347,Ordbeta,T0-T3,DIST,1,age_repro,0.9323966804077027
Cirsium_vulgare,-2.441,0.347,Ordbeta,T0-T3,DIST,1,percapita_repro,1.89963041219607
Cytisus_scoparius,-2.148,0.537,Ordbeta,T0-T3,DIST,1,FirstStepAtt,-1.0805803134528444
Cytisus_scoparius,-2.148,0.537,Ordbeta,T0-T3,DIST,1,Lambda,1.213292465253893
Cytisus_scoparius,-2.148,0.537,Ordbeta,T0-T3,DIST,1,Lmax,3.4362872742721846
Cytisus_scoparius,-2.148,0.537,Ordbeta,T0-T3,DIST,1,Lmean,1.6108317812687714
Cytisus_scoparius,-2.148,0.537,Ordbeta,T0-T3,DIST,1,R0,1.2836591821667371
Cytisus_scoparius,-2.148,0.537,Ordbeta,T0-T3,DIST,1,Reactivity,7.2558813136686915
Cytisus_scoparius,-2.148,0.537,Ordbeta,T0-T3,DIST,1,T_generation,2.553183717615863
Cytisus_scoparius,-2.148,0.537,Ordbeta,T0-T3,DIST,1,age_repro,1.7233105661137673
Cytisus_scoparius,-2.148,0.537,Ordbeta,T0-T3,DIST,1,percapita_repro,5.712086717106164
Daucus_carota,-2.106,0.214,Ordbeta,T0-T3,DIST,1,FirstStepAtt,-4.040610337013186
Daucus_carota,-2.106,0.214,Ordbeta,T0-T3,DIST,1,Lambda,1.7161044748521754
Daucus_carota,-2.106,0.214,Ordbeta,T0-T3,DIST,1,Lmax,1.0986122886681098
Daucus_carota,-2.106,0.214,Ordbeta,T0-T3,DIST,1,Lmean,0.31834252276646996
Daucus_carota,-2.106,0.214,Ordbeta,T0-T3,DIST,1,R0,1.8196701629274532
Daucus_carota,-2.106,0.214,Ordbeta,T0-T3,DIST,1,Reactivity,NA
Daucus_carota,-2.106,0.214,Ordbeta,T0-T3,DIST,1,T_generation,1.189773196967312
Daucus_carota,-2.106,0.214,Ordbeta,T0-T3,DIST,1,age_repro,1.431272611901774
Daucus_carota,-2.106,0.214,Ordbeta,T0-T3,DIST,1,percapita_repro,NA
Echium_vulgare,-2.178,0.411,Ordbeta,T0-T3,DIST,1,FirstStepAtt,-1.4808281568478856
Echium_vulgare,-2.178,0.411,Ordbeta,T0-T3,DIST,1,Lambda,1.5475980030086196
Echium_vulgare,-2.178,0.411,Ordbeta,T0-T3,DIST,1,Lmax,1.3862943611198906
Echium_vulgare,-2.178,0.411,Ordbeta,T0-T3,DIST,1,Lmean,0.5010758488001461
Echium_vulgare,-2.178,0.411,Ordbeta,T0-T3,DIST,1,R0,1.6034012709220467
Echium_vulgare,-2.178,0.411,Ordbeta,T0-T3,DIST,1,Reactivity,3.2663741200499037
Echium_vulgare,-2.178,0.411,Ordbeta,T0-T3,DIST,1,T_generation,1.2871395045757101
Echium_vulgare,-2.178,0.411,Ordbeta,T0-T3,DIST,1,age_repro,1.3132909952863716
Echium_vulgare,-2.178,0.411,Ordbeta,T0-T3,DIST,1,percapita_repro,3.7030781735137492
Elymus_repens,-1.859,0.226,Ordbeta,T0-T3,DIST,1,FirstStepAtt,-19.608981934788076
Elymus_repens,-1.859,0.226,Ordbeta,T0-T3,DIST,1,Lambda,NA
Elymus_repens,-1.859,0.226,Ordbeta,T0-T3,DIST,1,Lmax,0.6931471805599453
Elymus_repens,-1.859,0.226,Ordbeta,T0-T3,DIST,1,Lmean,0.34830572665687204
Elymus_repens,-1.859,0.226,Ordbeta,T0-T3,DIST,1,R0,4.306802628082906
Elymus_repens,-1.859,0.226,Ordbeta,T0-T3,DIST,1,Reactivity,NA
Elymus_repens,-1.859,0.226,Ordbeta,T0-T3,DIST,1,T_generation,0.00771453240913415
Elymus_repens,-1.859,0.226,Ordbeta,T0-T3,DIST,1,age_repro,0
Elymus_repens,-1.859,0.226,Ordbeta,T0-T3,DIST,1,percapita_repro,-5.74205469871386
Erigeron_canadensis,-2.471,0.276,Ordbeta,T0-T3,DIST,1,FirstStepAtt,-2.9940372183428647
Erigeron_canadensis,-2.471,0.276,Ordbeta,T0-T3,DIST,1,Lambda,NA
Erigeron_canadensis,-2.471,0.276,Ordbeta,T0-T3,DIST,1,Lmax,0
Erigeron_canadensis,-2.471,0.276,Ordbeta,T0-T3,DIST,1,Lmean,0
Erigeron_canadensis,-2.471,0.276,Ordbeta,T0-T3,DIST,1,R0,2.750423016465953
Erigeron_canadensis,-2.471,0.276,Ordbeta,T0-T3,DIST,1,Reactivity,3.7256901124743216
Erigeron_canadensis,-2.471,0.276,Ordbeta,T0-T3,DIST,1,T_generation,0.1300250884192771
Erigeron_canadensis,-2.471,0.276,Ordbeta,T0-T3,DIST,1,age_repro,0.9159908368351705
Erigeron_canadensis,-2.471,0.276,Ordbeta,T0-T3,DIST,1,percapita_repro,5.684089841310465
Knautia_arvensis,-2.049,0.312,Ordbeta,T0-T3,DIST,1,FirstStepAtt,-2.9563737542749036
Knautia_arvensis,-2.049,0.312,Ordbeta,T0-T3,DIST,1,Lambda,0.30764990872892983
Knautia_arvensis,-2.049,0.312,Ordbeta,T0-T3,DIST,1,Lmax,0.6931471805599453
Knautia_arvensis,-2.049,0.312,Ordbeta,T0-T3,DIST,1,Lmean,0.022139719151234638
Knautia_arvensis,-2.049,0.312,Ordbeta,T0-T3,DIST,1,R0,-9.95071325619903
Knautia_arvensis,-2.049,0.312,Ordbeta,T0-T3,DIST,1,Reactivity,0.35097071858090523
Knautia_arvensis,-2.049,0.312,Ordbeta,T0-T3,DIST,1,T_generation,NA
Knautia_arvensis,-2.049,0.312,Ordbeta,T0-T3,DIST,1,age_repro,0.9322894183877876
Knautia_arvensis,-2.049,0.312,Ordbeta,T0-T3,DIST,1,percapita_repro,-4.367646677748796
Lactuca_serriola,-2.533,0.467,Ordbeta,T0-T3,DIST,1,FirstStepAtt,-2.5276283678174485
Lactuca_serriola,-2.533,0.467,Ordbeta,T0-T3,DIST,1,Lambda,NA
Lactuca_serriola,-2.533,0.467,Ordbeta,T0-T3,DIST,1,Lmax,0
Lactuca_serriola,-2.533,0.467,Ordbeta,T0-T3,DIST,1,Lmean,0
Lactuca_serriola,-2.533,0.467,Ordbeta,T0-T3,DIST,1,R0,2.961708269076509
Lactuca_serriola,-2.533,0.467,Ordbeta,T0-T3,DIST,1,Reactivity,5.096932718325193
Lactuca_serriola,-2.533,0.467,Ordbeta,T0-T3,DIST,1,T_generation,0.08738433516364566
Lactuca_serriola,-2.533,0.467,Ordbeta,T0-T3,DIST,1,age_repro,1.2839753424841123
Lactuca_serriola,-2.533,0.467,Ordbeta,T0-T3,DIST,1,percapita_repro,7.147653680580111
Linum_catharticum,-2.358,0.266,Ordbeta,T0-T3,DIST,1,FirstStepAtt,-3.1953085121694222
Linum_catharticum,-2.358,0.266,Ordbeta,T0-T3,DIST,1,Lambda,NA
Linum_catharticum,-2.358,0.266,Ordbeta,T0-T3,DIST,1,Lmax,2.0794415416798357
Linum_catharticum,-2.358,0.266,Ordbeta,T0-T3,DIST,1,Lmean,0.7715798705141755
Linum_catharticum,-2.358,0.266,Ordbeta,T0-T3,DIST,1,R0,1.7942778474769046
Linum_catharticum,-2.358,0.266,Ordbeta,T0-T3,DIST,1,Reactivity,3.8165083573910685
Linum_catharticum,-2.358,0.266,Ordbeta,T0-T3,DIST,1,T_generation,0.3007917133047998
Linum_catharticum,-2.358,0.266,Ordbeta,T0-T3,DIST,1,age_repro,0.7034715243015948
Linum_catharticum,-2.358,0.266,Ordbeta,T0-T3,DIST,1,percapita_repro,3.0328521355315146
Myosotis_ramosissima,-2.396,0.461,Ordbeta,T0-T3,DIST,1,FirstStepAtt,-3.6870030575668453
Myosotis_ramosissima,-2.396,0.461,Ordbeta,T0-T3,DIST,1,Lambda,1.4558843238144925
Myosotis_ramosissima,-2.396,0.461,Ordbeta,T0-T3,DIST,1,Lmax,0
Myosotis_ramosissima,-2.396,0.461,Ordbeta,T0-T3,DIST,1,Lmean,0
Myosotis_ramosissima,-2.396,0.461,Ordbeta,T0-T3,DIST,1,R0,1.3761933951892638
Myosotis_ramosissima,-2.396,0.461,Ordbeta,T0-T3,DIST,1,Reactivity,0.48764865977290195
Myosotis_ramosissima,-2.396,0.461,Ordbeta,T0-T3,DIST,1,T_generation,0.01373447854635909
Myosotis_ramosissima,-2.396,0.461,Ordbeta,T0-T3,DIST,1,age_repro,0.7154702161542037
Myosotis_ramosissima,-2.396,0.461,Ordbeta,T0-T3,DIST,1,percapita_repro,1.826732983425593
Picris_hieracioides,-1.456,0.242,Ordbeta,T0-T3,DIST,1,FirstStepAtt,-4.012603074068455
Picris_hieracioides,-1.456,0.242,Ordbeta,T0-T3,DIST,1,Lambda,0.8846497432296888
Picris_hieracioides,-1.456,0.242,Ordbeta,T0-T3,DIST,1,Lmax,0.6931471805599453
Picris_hieracioides,-1.456,0.242,Ordbeta,T0-T3,DIST,1,Lmean,0.025497751793431413
Picris_hieracioides,-1.456,0.242,Ordbeta,T0-T3,DIST,1,R0,-0.5012341883972119
Picris_hieracioides,-1.456,0.242,Ordbeta,T0-T3,DIST,1,Reactivity,5.739334580340472
Picris_hieracioides,-1.456,0.242,Ordbeta,T0-T3,DIST,1,T_generation,1.4151934417967609
Picris_hieracioides,-1.456,0.242,Ordbeta,T0-T3,DIST,1,age_repro,1.5430234695350933
Picris_hieracioides,-1.456,0.242,Ordbeta,T0-T3,DIST,1,percapita_repro,5.616771097666572
Pimpinella_saxifraga,-2.282,0.333,Ordbeta,T0-T3,DIST,1,FirstStepAtt,-0.5923077657542145
Pimpinella_saxifraga,-2.282,0.333,Ordbeta,T0-T3,DIST,1,Lambda,0.9547406316474246
Pimpinella_saxifraga,-2.282,0.333,Ordbeta,T0-T3,DIST,1,Lmax,3.2778313935718644
Pimpinella_saxifraga,-2.282,0.333,Ordbeta,T0-T3,DIST,1,Lmean,1.3985454207581607
Pimpinella_saxifraga,-2.282,0.333,Ordbeta,T0-T3,DIST,1,R0,-0.7090626241047243
Pimpinella_saxifraga,-2.282,0.333,Ordbeta,T0-T3,DIST,1,Reactivity,0.9233752615973373
Pimpinella_saxifraga,-2.282,0.333,Ordbeta,T0-T3,DIST,1,T_generation,2.775613869924522
Pimpinella_saxifraga,-2.282,0.333,Ordbeta,T0-T3,DIST,1,age_repro,1.7819632124517442
Pimpinella_saxifraga,-2.282,0.333,Ordbeta,T0-T3,DIST,1,percapita_repro,-0.16356267781330006
Plantago_coronopus,-1.978,0.244,Ordbeta,T0-T3,DIST,1,FirstStepAtt,-1.0607821044920802
Plantago_coronopus,-1.978,0.244,Ordbeta,T0-T3,DIST,1,Lambda,0.8883340096307588
Plantago_coronopus,-1.978,0.244,Ordbeta,T0-T3,DIST,1,Lmax,1.907994489728227
Plantago_coronopus,-1.978,0.244,Ordbeta,T0-T3,DIST,1,Lmean,0.5836315540514999
Plantago_coronopus,-1.978,0.244,Ordbeta,T0-T3,DIST,1,R0,-0.7679497099488539
Plantago_coronopus,-1.978,0.244,Ordbeta,T0-T3,DIST,1,Reactivity,1.2700917455756846
Plantago_coronopus,-1.978,0.244,Ordbeta,T0-T3,DIST,1,T_generation,1.4792349913940708
Plantago_coronopus,-1.978,0.244,Ordbeta,T0-T3,DIST,1,age_repro,0.7227032675127357
Plantago_coronopus,-1.978,0.244,Ordbeta,T0-T3,DIST,1,percapita_repro,-0.1607889960080645
Plantago_media,-2.224,0.32,Ordbeta,T0-T3,DIST,1,FirstStepAtt,-2.5216721506920545
Plantago_media,-2.224,0.32,Ordbeta,T0-T3,DIST,1,Lambda,0.9166479924897526
Plantago_media,-2.224,0.32,Ordbeta,T0-T3,DIST,1,Lmax,1.7178918965462198
Plantago_media,-2.224,0.32,Ordbeta,T0-T3,DIST,1,Lmean,0.24009345509101096
Plantago_media,-2.224,0.32,Ordbeta,T0-T3,DIST,1,R0,-3.703632943874186
Plantago_media,-2.224,0.32,Ordbeta,T0-T3,DIST,1,Reactivity,0.9115891884505661
Plantago_media,-2.224,0.32,Ordbeta,T0-T3,DIST,1,T_generation,3.283074054166277
Plantago_media,-2.224,0.32,Ordbeta,T0-T3,DIST,1,age_repro,2.050568331584061
Plantago_media,-2.224,0.32,Ordbeta,T0-T3,DIST,1,percapita_repro,0.21247852101489456
Poa_alpina,-2.259,0.522,Ordbeta,T0-T3,DIST,1,FirstStepAtt,-0.6821869840767281
Poa_alpina,-2.259,0.522,Ordbeta,T0-T3,DIST,1,Lambda,0.9289514100594023
Poa_alpina,-2.259,0.522,Ordbeta,T0-T3,DIST,1,Lmax,3.3423058638339636
Poa_alpina,-2.259,0.522,Ordbeta,T0-T3,DIST,1,Lmean,1.53204966522348
Poa_alpina,-2.259,0.522,Ordbeta,T0-T3,DIST,1,R0,-1.2908410925748004
Poa_alpina,-2.259,0.522,Ordbeta,T0-T3,DIST,1,Reactivity,0.7212213077881131
Poa_alpina,-2.259,0.522,Ordbeta,T0-T3,DIST,1,T_generation,3.1870862370839936
Poa_alpina,-2.259,0.522,Ordbeta,T0-T3,DIST,1,age_repro,0.8494642415925806
Poa_alpina,-2.259,0.522,Ordbeta,T0-T3,DIST,1,percapita_repro,-2.1498564717132638
Potentilla_recta,-2.196,0.288,Ordbeta,T0-T3,DIST,1,FirstStepAtt,-1.207246625178343
Potentilla_recta,-2.196,0.288,Ordbeta,T0-T3,DIST,1,Lambda,1.3233051390988662
Potentilla_recta,-2.196,0.288,Ordbeta,T0-T3,DIST,1,Lmax,2.8995463272302633
Potentilla_recta,-2.196,0.288,Ordbeta,T0-T3,DIST,1,Lmean,1.114174982541197
Potentilla_recta,-2.196,0.288,Ordbeta,T0-T3,DIST,1,R0,-Inf
Potentilla_recta,-2.196,0.288,Ordbeta,T0-T3,DIST,1,Reactivity,2.3355670141886495
Potentilla_recta,-2.196,0.288,Ordbeta,T0-T3,DIST,1,T_generation,1.12856647634655
Potentilla_recta,-2.196,0.288,Ordbeta,T0-T3,DIST,1,age_repro,1.470241457035962
Potentilla_recta,-2.196,0.288,Ordbeta,T0-T3,DIST,1,percapita_repro,5.184136566294191
Primula_elatior,-2.248,0.411,Ordbeta,T0-T3,DIST,1,FirstStepAtt,-2.5752591198739894
Primula_elatior,-2.248,0.411,Ordbeta,T0-T3,DIST,1,Lambda,1.0243599289476764
Primula_elatior,-2.248,0.411,Ordbeta,T0-T3,DIST,1,Lmax,3.078214221499716
Primula_elatior,-2.248,0.411,Ordbeta,T0-T3,DIST,1,Lmean,0.934868660605433
Primula_elatior,-2.248,0.411,Ordbeta,T0-T3,DIST,1,R0,-0.19834378876572734
Primula_elatior,-2.248,0.411,Ordbeta,T0-T3,DIST,1,Reactivity,1.2375774274497275
Primula_elatior,-2.248,0.411,Ordbeta,T0-T3,DIST,1,T_generation,2.7743429427827526
Primula_elatior,-2.248,0.411,Ordbeta,T0-T3,DIST,1,age_repro,1.5965918444925693
Primula_elatior,-2.248,0.411,Ordbeta,T0-T3,DIST,1,percapita_repro,0.6906312588074859
Primula_veris,-2.36,0.417,Ordbeta,T0-T3,DIST,1,FirstStepAtt,-3.0996415326914413
Primula_veris,-2.36,0.417,Ordbeta,T0-T3,DIST,1,Lambda,0.9177166512186883
Primula_veris,-2.36,0.417,Ordbeta,T0-T3,DIST,1,Lmax,1.777554626801171
Primula_veris,-2.36,0.417,Ordbeta,T0-T3,DIST,1,Lmean,0.3457340899605148
Primula_veris,-2.36,0.417,Ordbeta,T0-T3,DIST,1,R0,-3.5312053848310136
Primula_veris,-2.36,0.417,Ordbeta,T0-T3,DIST,1,Reactivity,1.8406103144604358
Primula_veris,-2.36,0.417,Ordbeta,T0-T3,DIST,1,T_generation,3.2661511301743356
Primula_veris,-2.36,0.417,Ordbeta,T0-T3,DIST,1,age_repro,2.1007008996065113
Primula_veris,-2.36,0.417,Ordbeta,T0-T3,DIST,1,percapita_repro,1.3057574210790406
Ranunculus_acris,-2.343,0.195,Ordbeta,T0-T3,DIST,1,FirstStepAtt,-2.223673155588096
Ranunculus_acris,-2.343,0.195,Ordbeta,T0-T3,DIST,1,Lambda,1.1474253581153837
Ranunculus_acris,-2.343,0.195,Ordbeta,T0-T3,DIST,1,Lmax,1.791759469228055
Ranunculus_acris,-2.343,0.195,Ordbeta,T0-T3,DIST,1,Lmean,0.2694368352850544
Ranunculus_acris,-2.343,0.195,Ordbeta,T0-T3,DIST,1,R0,0.4291243489821683
Ranunculus_acris,-2.343,0.195,Ordbeta,T0-T3,DIST,1,Reactivity,1.8978523971700296
Ranunculus_acris,-2.343,0.195,Ordbeta,T0-T3,DIST,1,T_generation,1.3335494740785472
Ranunculus_acris,-2.343,0.195,Ordbeta,T0-T3,DIST,1,age_repro,1.1167312512505851
Ranunculus_acris,-2.343,0.195,Ordbeta,T0-T3,DIST,1,percapita_repro,1.9401794743463283
Salsola_kali,-2.363,0.446,Ordbeta,T0-T3,DIST,1,FirstStepAtt,-7.237614553412407
Salsola_kali,-2.363,0.446,Ordbeta,T0-T3,DIST,1,Lambda,0.5896874965204653
Salsola_kali,-2.363,0.446,Ordbeta,T0-T3,DIST,1,Lmax,1.0986122886681098
Salsola_kali,-2.363,0.446,Ordbeta,T0-T3,DIST,1,Lmean,0.6329527878317025
Salsola_kali,-2.363,0.446,Ordbeta,T0-T3,DIST,1,R0,-3.1690448866467187
Salsola_kali,-2.363,0.446,Ordbeta,T0-T3,DIST,1,Reactivity,NA
Salsola_kali,-2.363,0.446,Ordbeta,T0-T3,DIST,1,T_generation,1.7917877371801425
Salsola_kali,-2.363,0.446,Ordbeta,T0-T3,DIST,1,age_repro,1.7917761374226397
Salsola_kali,-2.363,0.446,Ordbeta,T0-T3,DIST,1,percapita_repro,NA
Sphaeralcea_coccinea,-2.045,0.362,Ordbeta,T0-T3,DIST,1,FirstStepAtt,-0.021668930362796438
Sphaeralcea_coccinea,-2.045,0.362,Ordbeta,T0-T3,DIST,1,Lambda,0.9140916052986946
Sphaeralcea_coccinea,-2.045,0.362,Ordbeta,T0-T3,DIST,1,Lmax,1.1291966833851346
Sphaeralcea_coccinea,-2.045,0.362,Ordbeta,T0-T3,DIST,1,Lmean,0.18479959171993668
Sphaeralcea_coccinea,-2.045,0.362,Ordbeta,T0-T3,DIST,1,R0,-0.1631566065473073
Sphaeralcea_coccinea,-2.045,0.362,Ordbeta,T0-T3,DIST,1,Reactivity,0.06479482429602482
Sphaeralcea_coccinea,-2.045,0.362,Ordbeta,T0-T3,DIST,1,T_generation,0.2422469272637918
Sphaeralcea_coccinea,-2.045,0.362,Ordbeta,T0-T3,DIST,1,age_repro,0
Sphaeralcea_coccinea,-2.045,0.362,Ordbeta,T0-T3,DIST,1,percapita_repro,-0.347956198267244
Stenaria_nigricans,-2.181,0.384,Ordbeta,T0-T3,DIST,1,FirstStepAtt,-0.001506241946231945
Stenaria_nigricans,-2.181,0.384,Ordbeta,T0-T3,DIST,1,Lambda,0.9901413361648121
Stenaria_nigricans,-2.181,0.384,Ordbeta,T0-T3,DIST,1,Lmax,0.8841014310483891
Stenaria_nigricans,-2.181,0.384,Ordbeta,T0-T3,DIST,1,Lmean,0.1061701762787086
Stenaria_nigricans,-2.181,0.384,Ordbeta,T0-T3,DIST,1,R0,0.21085254589803137
Stenaria_nigricans,-2.181,0.384,Ordbeta,T0-T3,DIST,1,Reactivity,0.009202684809058356
Stenaria_nigricans,-2.181,0.384,Ordbeta,T0-T3,DIST,1,T_generation,0.10216634557653176
Stenaria_nigricans,-2.181,0.384,Ordbeta,T0-T3,DIST,1,age_repro,0
Stenaria_nigricans,-2.181,0.384,Ordbeta,T0-T3,DIST,1,percapita_repro,0.10468236961932272
Taraxacum_campylodes,-2.443,0.438,Ordbeta,T0-T3,DIST,1,FirstStepAtt,-2.3531148413315983
Taraxacum_campylodes,-2.443,0.438,Ordbeta,T0-T3,DIST,1,Lambda,0.08041791145870329
Taraxacum_campylodes,-2.443,0.438,Ordbeta,T0-T3,DIST,1,Lmax,0.5493061443340549
Taraxacum_campylodes,-2.443,0.438,Ordbeta,T0-T3,DIST,1,Lmean,0.06773896227809098
Taraxacum_campylodes,-2.443,0.438,Ordbeta,T0-T3,DIST,1,R0,-Inf
Taraxacum_campylodes,-2.443,0.438,Ordbeta,T0-T3,DIST,1,Reactivity,2.4046693226371185
Taraxacum_campylodes,-2.443,0.438,Ordbeta,T0-T3,DIST,1,T_generation,NA
Taraxacum_campylodes,-2.443,0.438,Ordbeta,T0-T3,DIST,1,age_repro,0
Taraxacum_campylodes,-2.443,0.438,Ordbeta,T0-T3,DIST,1,percapita_repro,-11.213549524439351
Thymus_vulgaris,-2.241,0.354,Ordbeta,T0-T3,DIST,1,FirstStepAtt,-0.005866973847378982
Thymus_vulgaris,-2.241,0.354,Ordbeta,T0-T3,DIST,1,Lambda,0.9926751959162854
Thymus_vulgaris,-2.241,0.354,Ordbeta,T0-T3,DIST,1,Lmax,5.964961904446033
Thymus_vulgaris,-2.241,0.354,Ordbeta,T0-T3,DIST,1,Lmean,4.459892288650257
Thymus_vulgaris,-2.241,0.354,Ordbeta,T0-T3,DIST,1,R0,-1.07189733945768
Thymus_vulgaris,-2.241,0.354,Ordbeta,T0-T3,DIST,1,Reactivity,0.010349758754626258
Thymus_vulgaris,-2.241,0.354,Ordbeta,T0-T3,DIST,1,T_generation,NA
Thymus_vulgaris,-2.241,0.354,Ordbeta,T0-T3,DIST,1,age_repro,NA
Thymus_vulgaris,-2.241,0.354,Ordbeta,T0-T3,DIST,1,percapita_repro,-5.143380039347928
Verbascum_thapsus,-2.023,0.442,Ordbeta,T0-T3,DIST,1,FirstStepAtt,-4.012613096092431
Verbascum_thapsus,-2.023,0.442,Ordbeta,T0-T3,DIST,1,Lambda,NA
Verbascum_thapsus,-2.023,0.442,Ordbeta,T0-T3,DIST,1,Lmax,0.6931471805599453
Verbascum_thapsus,-2.023,0.442,Ordbeta,T0-T3,DIST,1,Lmean,0.05129369438747054
Verbascum_thapsus,-2.023,0.442,Ordbeta,T0-T3,DIST,1,R0,3.381715911075376
Verbascum_thapsus,-2.023,0.442,Ordbeta,T0-T3,DIST,1,Reactivity,NA
Verbascum_thapsus,-2.023,0.442,Ordbeta,T0-T3,DIST,1,T_generation,0.7764348966557838
Verbascum_thapsus,-2.023,0.442,Ordbeta,T0-T3,DIST,1,age_repro,2.5523449856956373
Verbascum_thapsus,-2.023,0.442,Ordbeta,T0-T3,DIST,1,percapita_repro,NA
Veronica_arvensis,-2.548,0.255,Ordbeta,T0-T3,DIST,1,FirstStepAtt,-1.3609972168245543
Veronica_arvensis,-2.548,0.255,Ordbeta,T0-T3,DIST,1,Lambda,1.0575348190993947
Veronica_arvensis,-2.548,0.255,Ordbeta,T0-T3,DIST,1,Lmax,0.12924850454918937
Veronica_arvensis,-2.548,0.255,Ordbeta,T0-T3,DIST,1,Lmean,0.05244694819316372
Veronica_arvensis,-2.548,0.255,Ordbeta,T0-T3,DIST,1,R0,-0.014999404757933849
Veronica_arvensis,-2.548,0.255,Ordbeta,T0-T3,DIST,1,Reactivity,1.7913324339405632
Veronica_arvensis,-2.548,0.255,Ordbeta,T0-T3,DIST,1,T_generation,0.41785049626112153
Veronica_arvensis,-2.548,0.255,Ordbeta,T0-T3,DIST,1,age_repro,0.8907769885320955
Veronica_arvensis,-2.548,0.255,Ordbeta,T0-T3,DIST,1,percapita_repro,1.8152156216155975
Agrimonia_eupatoria,-2.355,0.265,Hurdle_cond,T0-T3,NPK,1,FirstStepAtt,-0.40426778811109665
Agrimonia_eupatoria,-2.355,0.265,Hurdle_cond,T0-T3,NPK,1,Lambda,0.99064442494128635
Agrimonia_eupatoria,-2.355,0.265,Hurdle_cond,T0-T3,NPK,1,Lmax,4.5330412476880015
Agrimonia_eupatoria,-2.355,0.265,Hurdle_cond,T0-T3,NPK,1,Lmean,2.276623485281897
Agrimonia_eupatoria,-2.355,0.265,Hurdle_cond,T0-T3,NPK,1,R0,-0.38127020833005776
Agrimonia_eupatoria,-2.355,0.265,Hurdle_cond,T0-T3,NPK,1,Reactivity,0.19207496843703886
Agrimonia_eupatoria,-2.355,0.265,Hurdle_cond,T0-T3,NPK,1,T_generation,3.6207086258222283
Agrimonia_eupatoria,-2.355,0.265,Hurdle_cond,T0-T3,NPK,1,age_repro,2.087394345070076
Agrimonia_eupatoria,-2.355,0.265,Hurdle_cond,T0-T3,NPK,1,percapita_repro,-1.5661843426366495
Allium_vineale,-2.304,0.496,Hurdle_cond,T0-T3,NPK,1,FirstStepAtt,-2.036030904211625
Allium_vineale,-2.304,0.496,Hurdle_cond,T0-T3,NPK,1,Lambda,1.170906773884173
Allium_vineale,-2.304,0.496,Hurdle_cond,T0-T3,NPK,1,Lmax,1.0986122886681098
Allium_vineale,-2.304,0.496,Hurdle_cond,T0-T3,NPK,1,Lmean,0.16647352389668973
Allium_vineale,-2.304,0.496,Hurdle_cond,T0-T3,NPK,1,R0,0.3408368280021561
Allium_vineale,-2.304,0.496,Hurdle_cond,T0-T3,NPK,1,Reactivity,2.1940830508207325
Allium_vineale,-2.304,0.496,Hurdle_cond,T0-T3,NPK,1,T_generation,0.7635325690826141
Allium_vineale,-2.304,0.496,Hurdle_cond,T0-T3,NPK,1,age_repro,1.2000990079409088
Allium_vineale,-2.304,0.496,Hurdle_cond,T0-T3,NPK,1,percapita_repro,2.3368650630604555
Andropogon_gerardii,-0.172,0.28,Hurdle_cond,T0-T3,NPK,1,FirstStepAtt,-1.1908608264270113
Andropogon_gerardii,-0.172,0.28,Hurdle_cond,T0-T3,NPK,1,Lambda,1.5058732521698401
Andropogon_gerardii,-0.172,0.28,Hurdle_cond,T0-T3,NPK,1,Lmax,1.764891121214301
Andropogon_gerardii,-0.172,0.28,Hurdle_cond,T0-T3,NPK,1,Lmean,0.6723210807858808
Andropogon_gerardii,-0.172,0.28,Hurdle_cond,T0-T3,NPK,1,R0,0.8354773555720532
Andropogon_gerardii,-0.172,0.28,Hurdle_cond,T0-T3,NPK,1,Reactivity,1.7926841280473302
Andropogon_gerardii,-0.172,0.28,Hurdle_cond,T0-T3,NPK,1,T_generation,0.7395193223181743
Andropogon_gerardii,-0.172,0.28,Hurdle_cond,T0-T3,NPK,1,age_repro,0.7862530575220442
Andropogon_gerardii,-0.172,0.28,Hurdle_cond,T0-T3,NPK,1,percapita_repro,2.0924307697315556
Arenaria_serpyllifolia,-2.164,0.36,Hurdle_cond,T0-T3,NPK,1,FirstStepAtt,-2.2176497264357233
Arenaria_serpyllifolia,-2.164,0.36,Hurdle_cond,T0-T3,NPK,1,Lambda,0.860684361881849
Arenaria_serpyllifolia,-2.164,0.36,Hurdle_cond,T0-T3,NPK,1,Lmax,0
Arenaria_serpyllifolia,-2.164,0.36,Hurdle_cond,T0-T3,NPK,1,Lmean,0
Arenaria_serpyllifolia,-2.164,0.36,Hurdle_cond,T0-T3,NPK,1,R0,0.13128547046852534
Arenaria_serpyllifolia,-2.164,0.36,Hurdle_cond,T0-T3,NPK,1,Reactivity,2.5929750386335604
Arenaria_serpyllifolia,-2.164,0.36,Hurdle_cond,T0-T3,NPK,1,T_generation,0.1698858306660028
Arenaria_serpyllifolia,-2.164,0.36,Hurdle_cond,T0-T3,NPK,1,age_repro,0.8303384136066279
Arenaria_serpyllifolia,-2.164,0.36,Hurdle_cond,T0-T3,NPK,1,percapita_repro,2.639396025140823
Armeria_maritima,-2.388,0.373,Hurdle_cond,T0-T3,NPK,1,FirstStepAtt,-2.2414258727445264
Armeria_maritima,-2.388,0.373,Hurdle_cond,T0-T3,NPK,1,Lambda,1.4580438530642406
Armeria_maritima,-2.388,0.373,Hurdle_cond,T0-T3,NPK,1,Lmax,2.995732273553991
Armeria_maritima,-2.388,0.373,Hurdle_cond,T0-T3,NPK,1,Lmean,0.6122577291406874
Armeria_maritima,-2.388,0.373,Hurdle_cond,T0-T3,NPK,1,R0,4.4450836460525265
Armeria_maritima,-2.388,0.373,Hurdle_cond,T0-T3,NPK,1,Reactivity,5.495776723555246
Armeria_maritima,-2.388,0.373,Hurdle_cond,T0-T3,NPK,1,T_generation,2.0996042559618977
Armeria_maritima,-2.388,0.373,Hurdle_cond,T0-T3,NPK,1,age_repro,1.525500516347215
Armeria_maritima,-2.388,0.373,Hurdle_cond,T0-T3,NPK,1,percapita_repro,3.6172820201716607
Centaurea_jacea,-2.453,0.279,Hurdle_cond,T0-T3,NPK,1,FirstStepAtt,-0.6368104471974831
Centaurea_jacea,-2.453,0.279,Hurdle_cond,T0-T3,NPK,1,Lambda,0.9157150879324937
Centaurea_jacea,-2.453,0.279,Hurdle_cond,T0-T3,NPK,1,Lmax,2.4003251984703664
Centaurea_jacea,-2.453,0.279,Hurdle_cond,T0-T3,NPK,1,Lmean,1.372271579332501
Centaurea_jacea,-2.453,0.279,Hurdle_cond,T0-T3,NPK,1,R0,-3.4842742317189583
Centaurea_jacea,-2.453,0.279,Hurdle_cond,T0-T3,NPK,1,Reactivity,0.4168576413811439
Centaurea_jacea,-2.453,0.279,Hurdle_cond,T0-T3,NPK,1,T_generation,2.978872381362829
Centaurea_jacea,-2.453,0.279,Hurdle_cond,T0-T3,NPK,1,age_repro,1.6363011514297372
Centaurea_jacea,-2.453,0.279,Hurdle_cond,T0-T3,NPK,1,percapita_repro,-1.7828083742933423
Cerastium_fontanum,-2.555,0.212,Hurdle_cond,T0-T3,NPK,1,FirstStepAtt,-2.696031853083466
Cerastium_fontanum,-2.555,0.212,Hurdle_cond,T0-T3,NPK,1,Lambda,NA
Cerastium_fontanum,-2.555,0.212,Hurdle_cond,T0-T3,NPK,1,Lmax,0
Cerastium_fontanum,-2.555,0.212,Hurdle_cond,T0-T3,NPK,1,Lmean,0
Cerastium_fontanum,-2.555,0.212,Hurdle_cond,T0-T3,NPK,1,R0,1.5184623246973081
Cerastium_fontanum,-2.555,0.212,Hurdle_cond,T0-T3,NPK,1,Reactivity,3.027270925563423
Cerastium_fontanum,-2.555,0.212,Hurdle_cond,T0-T3,NPK,1,T_generation,0.005048904923272251
Cerastium_fontanum,-2.555,0.212,Hurdle_cond,T0-T3,NPK,1,age_repro,0.8873031950009029
Cerastium_fontanum,-2.555,0.212,Hurdle_cond,T0-T3,NPK,1,percapita_repro,4.522657764413627
Cirsium_arvense,-2.2,0.239,Hurdle_cond,T0-T3,NPK,1,FirstStepAtt,-3.3290015249469986
Cirsium_arvense,-2.2,0.239,Hurdle_cond,T0-T3,NPK,1,Lambda,NA
Cirsium_arvense,-2.2,0.239,Hurdle_cond,T0-T3,NPK,1,Lmax,1.0986122886681098
Cirsium_arvense,-2.2,0.239,Hurdle_cond,T0-T3,NPK,1,Lmean,0.1699960817758222
Cirsium_arvense,-2.2,0.239,Hurdle_cond,T0-T3,NPK,1,R0,3.228914980534981
Cirsium_arvense,-2.2,0.239,Hurdle_cond,T0-T3,NPK,1,Reactivity,4.0664130997692896
Cirsium_arvense,-2.2,0.239,Hurdle_cond,T0-T3,NPK,1,T_generation,0.770361224737239
Cirsium_arvense,-2.2,0.239,Hurdle_cond,T0-T3,NPK,1,age_repro,1.162546762671639
Cirsium_arvense,-2.2,0.239,Hurdle_cond,T0-T3,NPK,1,percapita_repro,5.427985054670073
Cirsium_palustre,-2.309,0.558,Hurdle_cond,T0-T3,NPK,1,FirstStepAtt,-2.5937654771378242
Cirsium_palustre,-2.309,0.558,Hurdle_cond,T0-T3,NPK,1,Lambda,1.4428002172428838
Cirsium_palustre,-2.309,0.558,Hurdle_cond,T0-T3,NPK,1,Lmax,1.5273118956910914
Cirsium_palustre,-2.309,0.558,Hurdle_cond,T0-T3,NPK,1,Lmean,0.20135107219302092
Cirsium_palustre,-2.309,0.558,Hurdle_cond,T0-T3,NPK,1,R0,1.2807231364002394
Cirsium_palustre,-2.309,0.558,Hurdle_cond,T0-T3,NPK,1,Reactivity,4.898747288058176
Cirsium_palustre,-2.309,0.558,Hurdle_cond,T0-T3,NPK,1,T_generation,1.2255759905166657
Cirsium_palustre,-2.309,0.558,Hurdle_cond,T0-T3,NPK,1,age_repro,1.534647496889771
Cirsium_palustre,-2.309,0.558,Hurdle_cond,T0-T3,NPK,1,percapita_repro,4.957313127808717
Cirsium_vulgare,-2.194,0.425,Hurdle_cond,T0-T3,NPK,1,FirstStepAtt,-3.1910655226282234
Cirsium_vulgare,-2.194,0.425,Hurdle_cond,T0-T3,NPK,1,Lambda,0.7844344795818798
Cirsium_vulgare,-2.194,0.425,Hurdle_cond,T0-T3,NPK,1,Lmax,1.507973248367974
Cirsium_vulgare,-2.194,0.425,Hurdle_cond,T0-T3,NPK,1,Lmean,0.3479988332516422
Cirsium_vulgare,-2.194,0.425,Hurdle_cond,T0-T3,NPK,1,R0,-1.420279247517773
Cirsium_vulgare,-2.194,0.425,Hurdle_cond,T0-T3,NPK,1,Reactivity,2.641485998869525
Cirsium_vulgare,-2.194,0.425,Hurdle_cond,T0-T3,NPK,1,T_generation,1.4828783988333107
Cirsium_vulgare,-2.194,0.425,Hurdle_cond,T0-T3,NPK,1,age_repro,0.9323966804077027
Cirsium_vulgare,-2.194,0.425,Hurdle_cond,T0-T3,NPK,1,percapita_repro,1.89963041219607
Cytisus_scoparius,-2.18,0.574,Hurdle_cond,T0-T3,NPK,1,FirstStepAtt,-1.0805803134528444
Cytisus_scoparius,-2.18,0.574,Hurdle_cond,T0-T3,NPK,1,Lambda,1.213292465253893
Cytisus_scoparius,-2.18,0.574,Hurdle_cond,T0-T3,NPK,1,Lmax,3.4362872742721846
Cytisus_scoparius,-2.18,0.574,Hurdle_cond,T0-T3,NPK,1,Lmean,1.6108317812687714
Cytisus_scoparius,-2.18,0.574,Hurdle_cond,T0-T3,NPK,1,R0,1.2836591821667371
Cytisus_scoparius,-2.18,0.574,Hurdle_cond,T0-T3,NPK,1,Reactivity,7.2558813136686915
Cytisus_scoparius,-2.18,0.574,Hurdle_cond,T0-T3,NPK,1,T_generation,2.553183717615863
Cytisus_scoparius,-2.18,0.574,Hurdle_cond,T0-T3,NPK,1,age_repro,1.7233105661137673
Cytisus_scoparius,-2.18,0.574,Hurdle_cond,T0-T3,NPK,1,percapita_repro,5.712086717106164
Daucus_carota,-2.241,0.269,Hurdle_cond,T0-T3,NPK,1,FirstStepAtt,-4.040610337013186
Daucus_carota,-2.241,0.269,Hurdle_cond,T0-T3,NPK,1,Lambda,1.7161044748521754
Daucus_carota,-2.241,0.269,Hurdle_cond,T0-T3,NPK,1,Lmax,1.0986122886681098
Daucus_carota,-2.241,0.269,Hurdle_cond,T0-T3,NPK,1,Lmean,0.31834252276646996
Daucus_carota,-2.241,0.269,Hurdle_cond,T0-T3,NPK,1,R0,1.8196701629274532
Daucus_carota,-2.241,0.269,Hurdle_cond,T0-T3,NPK,1,Reactivity,NA
Daucus_carota,-2.241,0.269,Hurdle_cond,T0-T3,NPK,1,T_generation,1.189773196967312
Daucus_carota,-2.241,0.269,Hurdle_cond,T0-T3,NPK,1,age_repro,1.431272611901774
Daucus_carota,-2.241,0.269,Hurdle_cond,T0-T3,NPK,1,percapita_repro,NA
Echium_vulgare,-1.641,0.345,Hurdle_cond,T0-T3,NPK,1,FirstStepAtt,-1.4808281568478856
Echium_vulgare,-1.641,0.345,Hurdle_cond,T0-T3,NPK,1,Lambda,1.5475980030086196
Echium_vulgare,-1.641,0.345,Hurdle_cond,T0-T3,NPK,1,Lmax,1.3862943611198906
Echium_vulgare,-1.641,0.345,Hurdle_cond,T0-T3,NPK,1,Lmean,0.5010758488001461
Echium_vulgare,-1.641,0.345,Hurdle_cond,T0-T3,NPK,1,R0,1.6034012709220467
Echium_vulgare,-1.641,0.345,Hurdle_cond,T0-T3,NPK,1,Reactivity,3.2663741200499037
Echium_vulgare,-1.641,0.345,Hurdle_cond,T0-T3,NPK,1,T_generation,1.2871395045757101
Echium_vulgare,-1.641,0.345,Hurdle_cond,T0-T3,NPK,1,age_repro,1.3132909952863716
Echium_vulgare,-1.641,0.345,Hurdle_cond,T0-T3,NPK,1,percapita_repro,3.7030781735137492
Elymus_repens,-1.833,0.251,Hurdle_cond,T0-T3,NPK,1,FirstStepAtt,-19.608981934788076
Elymus_repens,-1.833,0.251,Hurdle_cond,T0-T3,NPK,1,Lambda,NA
Elymus_repens,-1.833,0.251,Hurdle_cond,T0-T3,NPK,1,Lmax,0.6931471805599453
Elymus_repens,-1.833,0.251,Hurdle_cond,T0-T3,NPK,1,Lmean,0.34830572665687204
Elymus_repens,-1.833,0.251,Hurdle_cond,T0-T3,NPK,1,R0,4.306802628082906
Elymus_repens,-1.833,0.251,Hurdle_cond,T0-T3,NPK,1,Reactivity,NA
Elymus_repens,-1.833,0.251,Hurdle_cond,T0-T3,NPK,1,T_generation,0.00771453240913415
Elymus_repens,-1.833,0.251,Hurdle_cond,T0-T3,NPK,1,age_repro,0
Elymus_repens,-1.833,0.251,Hurdle_cond,T0-T3,NPK,1,percapita_repro,-5.74205469871386
Erigeron_canadensis,-2.559,0.353,Hurdle_cond,T0-T3,NPK,1,FirstStepAtt,-2.9940372183428647
Erigeron_canadensis,-2.559,0.353,Hurdle_cond,T0-T3,NPK,1,Lambda,NA
Erigeron_canadensis,-2.559,0.353,Hurdle_cond,T0-T3,NPK,1,Lmax,0
Erigeron_canadensis,-2.559,0.353,Hurdle_cond,T0-T3,NPK,1,Lmean,0
Erigeron_canadensis,-2.559,0.353,Hurdle_cond,T0-T3,NPK,1,R0,2.750423016465953
Erigeron_canadensis,-2.559,0.353,Hurdle_cond,T0-T3,NPK,1,Reactivity,3.7256901124743216
Erigeron_canadensis,-2.559,0.353,Hurdle_cond,T0-T3,NPK,1,T_generation,0.1300250884192771
Erigeron_canadensis,-2.559,0.353,Hurdle_cond,T0-T3,NPK,1,age_repro,0.9159908368351705
Erigeron_canadensis,-2.559,0.353,Hurdle_cond,T0-T3,NPK,1,percapita_repro,5.684089841310465
Knautia_arvensis,-1.867,0.349,Hurdle_cond,T0-T3,NPK,1,FirstStepAtt,-2.9563737542749036
Knautia_arvensis,-1.867,0.349,Hurdle_cond,T0-T3,NPK,1,Lambda,0.30764990872892983
Knautia_arvensis,-1.867,0.349,Hurdle_cond,T0-T3,NPK,1,Lmax,0.6931471805599453
Knautia_arvensis,-1.867,0.349,Hurdle_cond,T0-T3,NPK,1,Lmean,0.022139719151234638
Knautia_arvensis,-1.867,0.349,Hurdle_cond,T0-T3,NPK,1,R0,-9.95071325619903
Knautia_arvensis,-1.867,0.349,Hurdle_cond,T0-T3,NPK,1,Reactivity,0.35097071858090523
Knautia_arvensis,-1.867,0.349,Hurdle_cond,T0-T3,NPK,1,T_generation,NA
Knautia_arvensis,-1.867,0.349,Hurdle_cond,T0-T3,NPK,1,age_repro,0.9322894183877876
Knautia_arvensis,-1.867,0.349,Hurdle_cond,T0-T3,NPK,1,percapita_repro,-4.367646677748796
Lactuca_serriola,-2.497,0.444,Hurdle_cond,T0-T3,NPK,1,FirstStepAtt,-2.5276283678174485
Lactuca_serriola,-2.497,0.444,Hurdle_cond,T0-T3,NPK,1,Lambda,NA
Lactuca_serriola,-2.497,0.444,Hurdle_cond,T0-T3,NPK,1,Lmax,0
Lactuca_serriola,-2.497,0.444,Hurdle_cond,T0-T3,NPK,1,Lmean,0
Lactuca_serriola,-2.497,0.444,Hurdle_cond,T0-T3,NPK,1,R0,2.961708269076509
Lactuca_serriola,-2.497,0.444,Hurdle_cond,T0-T3,NPK,1,Reactivity,5.096932718325193
Lactuca_serriola,-2.497,0.444,Hurdle_cond,T0-T3,NPK,1,T_generation,0.08738433516364566
Lactuca_serriola,-2.497,0.444,Hurdle_cond,T0-T3,NPK,1,age_repro,1.2839753424841123
Lactuca_serriola,-2.497,0.444,Hurdle_cond,T0-T3,NPK,1,percapita_repro,7.147653680580111
Linum_catharticum,-2.558,0.303,Hurdle_cond,T0-T3,NPK,1,FirstStepAtt,-3.1953085121694222
Linum_catharticum,-2.558,0.303,Hurdle_cond,T0-T3,NPK,1,Lambda,NA
Linum_catharticum,-2.558,0.303,Hurdle_cond,T0-T3,NPK,1,Lmax,2.0794415416798357
Linum_catharticum,-2.558,0.303,Hurdle_cond,T0-T3,NPK,1,Lmean,0.7715798705141755
Linum_catharticum,-2.558,0.303,Hurdle_cond,T0-T3,NPK,1,R0,1.7942778474769046
Linum_catharticum,-2.558,0.303,Hurdle_cond,T0-T3,NPK,1,Reactivity,3.8165083573910685
Linum_catharticum,-2.558,0.303,Hurdle_cond,T0-T3,NPK,1,T_generation,0.3007917133047998
Linum_catharticum,-2.558,0.303,Hurdle_cond,T0-T3,NPK,1,age_repro,0.7034715243015948
Linum_catharticum,-2.558,0.303,Hurdle_cond,T0-T3,NPK,1,percapita_repro,3.0328521355315146
Myosotis_ramosissima,-2.263,0.564,Hurdle_cond,T0-T3,NPK,1,FirstStepAtt,-3.6870030575668453
Myosotis_ramosissima,-2.263,0.564,Hurdle_cond,T0-T3,NPK,1,Lambda,1.4558843238144925
Myosotis_ramosissima,-2.263,0.564,Hurdle_cond,T0-T3,NPK,1,Lmax,0
Myosotis_ramosissima,-2.263,0.564,Hurdle_cond,T0-T3,NPK,1,Lmean,0
Myosotis_ramosissima,-2.263,0.564,Hurdle_cond,T0-T3,NPK,1,R0,1.3761933951892638
Myosotis_ramosissima,-2.263,0.564,Hurdle_cond,T0-T3,NPK,1,Reactivity,0.48764865977290195
Myosotis_ramosissima,-2.263,0.564,Hurdle_cond,T0-T3,NPK,1,T_generation,0.01373447854635909
Myosotis_ramosissima,-2.263,0.564,Hurdle_cond,T0-T3,NPK,1,age_repro,0.7154702161542037
Myosotis_ramosissima,-2.263,0.564,Hurdle_cond,T0-T3,NPK,1,percapita_repro,1.826732983425593
Picris_hieracioides,-1.761,0.269,Hurdle_cond,T0-T3,NPK,1,FirstStepAtt,-4.012603074068455
Picris_hieracioides,-1.761,0.269,Hurdle_cond,T0-T3,NPK,1,Lambda,0.8846497432296888
Picris_hieracioides,-1.761,0.269,Hurdle_cond,T0-T3,NPK,1,Lmax,0.6931471805599453
Picris_hieracioides,-1.761,0.269,Hurdle_cond,T0-T3,NPK,1,Lmean,0.025497751793431413
Picris_hieracioides,-1.761,0.269,Hurdle_cond,T0-T3,NPK,1,R0,-0.5012341883972119
Picris_hieracioides,-1.761,0.269,Hurdle_cond,T0-T3,NPK,1,Reactivity,5.739334580340472
Picris_hieracioides,-1.761,0.269,Hurdle_cond,T0-T3,NPK,1,T_generation,1.4151934417967609
Picris_hieracioides,-1.761,0.269,Hurdle_cond,T0-T3,NPK,1,age_repro,1.5430234695350933
Picris_hieracioides,-1.761,0.269,Hurdle_cond,T0-T3,NPK,1,percapita_repro,5.616771097666572
Pimpinella_saxifraga,-2.073,0.38,Hurdle_cond,T0-T3,NPK,1,FirstStepAtt,-0.5923077657542145
Pimpinella_saxifraga,-2.073,0.38,Hurdle_cond,T0-T3,NPK,1,Lambda,0.9547406316474246
Pimpinella_saxifraga,-2.073,0.38,Hurdle_cond,T0-T3,NPK,1,Lmax,3.2778313935718644
Pimpinella_saxifraga,-2.073,0.38,Hurdle_cond,T0-T3,NPK,1,Lmean,1.3985454207581607
Pimpinella_saxifraga,-2.073,0.38,Hurdle_cond,T0-T3,NPK,1,R0,-0.7090626241047243
Pimpinella_saxifraga,-2.073,0.38,Hurdle_cond,T0-T3,NPK,1,Reactivity,0.9233752615973373
Pimpinella_saxifraga,-2.073,0.38,Hurdle_cond,T0-T3,NPK,1,T_generation,2.775613869924522
Pimpinella_saxifraga,-2.073,0.38,Hurdle_cond,T0-T3,NPK,1,age_repro,1.7819632124517442
Pimpinella_saxifraga,-2.073,0.38,Hurdle_cond,T0-T3,NPK,1,percapita_repro,-0.16356267781330006
Plantago_coronopus,-1.845,0.271,Hurdle_cond,T0-T3,NPK,1,FirstStepAtt,-1.0607821044920802
Plantago_coronopus,-1.845,0.271,Hurdle_cond,T0-T3,NPK,1,Lambda,0.8883340096307588
Plantago_coronopus,-1.845,0.271,Hurdle_cond,T0-T3,NPK,1,Lmax,1.907994489728227
Plantago_coronopus,-1.845,0.271,Hurdle_cond,T0-T3,NPK,1,Lmean,0.5836315540514999
Plantago_coronopus,-1.845,0.271,Hurdle_cond,T0-T3,NPK,1,R0,-0.7679497099488539
Plantago_coronopus,-1.845,0.271,Hurdle_cond,T0-T3,NPK,1,Reactivity,1.2700917455756846
Plantago_coronopus,-1.845,0.271,Hurdle_cond,T0-T3,NPK,1,T_generation,1.4792349913940708
Plantago_coronopus,-1.845,0.271,Hurdle_cond,T0-T3,NPK,1,age_repro,0.7227032675127357
Plantago_coronopus,-1.845,0.271,Hurdle_cond,T0-T3,NPK,1,percapita_repro,-0.1607889960080645
Plantago_media,-2.186,0.36,Hurdle_cond,T0-T3,NPK,1,FirstStepAtt,-2.5216721506920545
Plantago_media,-2.186,0.36,Hurdle_cond,T0-T3,NPK,1,Lambda,0.9166479924897526
Plantago_media,-2.186,0.36,Hurdle_cond,T0-T3,NPK,1,Lmax,1.7178918965462198
Plantago_media,-2.186,0.36,Hurdle_cond,T0-T3,NPK,1,Lmean,0.24009345509101096
Plantago_media,-2.186,0.36,Hurdle_cond,T0-T3,NPK,1,R0,-3.703632943874186
Plantago_media,-2.186,0.36,Hurdle_cond,T0-T3,NPK,1,Reactivity,0.9115891884505661
Plantago_media,-2.186,0.36,Hurdle_cond,T0-T3,NPK,1,T_generation,3.283074054166277
Plantago_media,-2.186,0.36,Hurdle_cond,T0-T3,NPK,1,age_repro,2.050568331584061
Plantago_media,-2.186,0.36,Hurdle_cond,T0-T3,NPK,1,percapita_repro,0.21247852101489456
Potentilla_recta,-2.16,0.378,Hurdle_cond,T0-T3,NPK,1,FirstStepAtt,-1.207246625178343
Potentilla_recta,-2.16,0.378,Hurdle_cond,T0-T3,NPK,1,Lambda,1.3233051390988662
Potentilla_recta,-2.16,0.378,Hurdle_cond,T0-T3,NPK,1,Lmax,2.8995463272302633
Potentilla_recta,-2.16,0.378,Hurdle_cond,T0-T3,NPK,1,Lmean,1.114174982541197
Potentilla_recta,-2.16,0.378,Hurdle_cond,T0-T3,NPK,1,R0,-Inf
Potentilla_recta,-2.16,0.378,Hurdle_cond,T0-T3,NPK,1,Reactivity,2.3355670141886495
Potentilla_recta,-2.16,0.378,Hurdle_cond,T0-T3,NPK,1,T_generation,1.12856647634655
Potentilla_recta,-2.16,0.378,Hurdle_cond,T0-T3,NPK,1,age_repro,1.470241457035962
Potentilla_recta,-2.16,0.378,Hurdle_cond,T0-T3,NPK,1,percapita_repro,5.184136566294191
Primula_elatior,-2.155,0.577,Hurdle_cond,T0-T3,NPK,1,FirstStepAtt,-2.5752591198739894
Primula_elatior,-2.155,0.577,Hurdle_cond,T0-T3,NPK,1,Lambda,1.0243599289476764
Primula_elatior,-2.155,0.577,Hurdle_cond,T0-T3,NPK,1,Lmax,3.078214221499716
Primula_elatior,-2.155,0.577,Hurdle_cond,T0-T3,NPK,1,Lmean,0.934868660605433
Primula_elatior,-2.155,0.577,Hurdle_cond,T0-T3,NPK,1,R0,-0.19834378876572734
Primula_elatior,-2.155,0.577,Hurdle_cond,T0-T3,NPK,1,Reactivity,1.2375774274497275
Primula_elatior,-2.155,0.577,Hurdle_cond,T0-T3,NPK,1,T_generation,2.7743429427827526
Primula_elatior,-2.155,0.577,Hurdle_cond,T0-T3,NPK,1,age_repro,1.5965918444925693
Primula_elatior,-2.155,0.577,Hurdle_cond,T0-T3,NPK,1,percapita_repro,0.6906312588074859
Primula_veris,-2.271,0.455,Hurdle_cond,T0-T3,NPK,1,FirstStepAtt,-3.0996415326914413
Primula_veris,-2.271,0.455,Hurdle_cond,T0-T3,NPK,1,Lambda,0.9177166512186883
Primula_veris,-2.271,0.455,Hurdle_cond,T0-T3,NPK,1,Lmax,1.777554626801171
Primula_veris,-2.271,0.455,Hurdle_cond,T0-T3,NPK,1,Lmean,0.3457340899605148
Primula_veris,-2.271,0.455,Hurdle_cond,T0-T3,NPK,1,R0,-3.5312053848310136
Primula_veris,-2.271,0.455,Hurdle_cond,T0-T3,NPK,1,Reactivity,1.8406103144604358
Primula_veris,-2.271,0.455,Hurdle_cond,T0-T3,NPK,1,T_generation,3.2661511301743356
Primula_veris,-2.271,0.455,Hurdle_cond,T0-T3,NPK,1,age_repro,2.1007008996065113
Primula_veris,-2.271,0.455,Hurdle_cond,T0-T3,NPK,1,percapita_repro,1.3057574210790406
Ranunculus_acris,-2.332,0.211,Hurdle_cond,T0-T3,NPK,1,FirstStepAtt,-2.223673155588096
Ranunculus_acris,-2.332,0.211,Hurdle_cond,T0-T3,NPK,1,Lambda,1.1474253581153837
Ranunculus_acris,-2.332,0.211,Hurdle_cond,T0-T3,NPK,1,Lmax,1.791759469228055
Ranunculus_acris,-2.332,0.211,Hurdle_cond,T0-T3,NPK,1,Lmean,0.2694368352850544
Ranunculus_acris,-2.332,0.211,Hurdle_cond,T0-T3,NPK,1,R0,0.4291243489821683
Ranunculus_acris,-2.332,0.211,Hurdle_cond,T0-T3,NPK,1,Reactivity,1.8978523971700296
Ranunculus_acris,-2.332,0.211,Hurdle_cond,T0-T3,NPK,1,T_generation,1.3335494740785472
Ranunculus_acris,-2.332,0.211,Hurdle_cond,T0-T3,NPK,1,age_repro,1.1167312512505851
Ranunculus_acris,-2.332,0.211,Hurdle_cond,T0-T3,NPK,1,percapita_repro,1.9401794743463283
Sphaeralcea_coccinea,-2.266,0.396,Hurdle_cond,T0-T3,NPK,1,FirstStepAtt,-0.021668930362796438
Sphaeralcea_coccinea,-2.266,0.396,Hurdle_cond,T0-T3,NPK,1,Lambda,0.9140916052986946
Sphaeralcea_coccinea,-2.266,0.396,Hurdle_cond,T0-T3,NPK,1,Lmax,1.1291966833851346
Sphaeralcea_coccinea,-2.266,0.396,Hurdle_cond,T0-T3,NPK,1,Lmean,0.18479959171993668
Sphaeralcea_coccinea,-2.266,0.396,Hurdle_cond,T0-T3,NPK,1,R0,-0.1631566065473073
Sphaeralcea_coccinea,-2.266,0.396,Hurdle_cond,T0-T3,NPK,1,Reactivity,0.06479482429602482
Sphaeralcea_coccinea,-2.266,0.396,Hurdle_cond,T0-T3,NPK,1,T_generation,0.2422469272637918
Sphaeralcea_coccinea,-2.266,0.396,Hurdle_cond,T0-T3,NPK,1,age_repro,0
Sphaeralcea_coccinea,-2.266,0.396,Hurdle_cond,T0-T3,NPK,1,percapita_repro,-0.347956198267244
Stenaria_nigricans,-1.863,0.407,Hurdle_cond,T0-T3,NPK,1,FirstStepAtt,-0.001506241946231945
Stenaria_nigricans,-1.863,0.407,Hurdle_cond,T0-T3,NPK,1,Lambda,0.9901413361648121
Stenaria_nigricans,-1.863,0.407,Hurdle_cond,T0-T3,NPK,1,Lmax,0.8841014310483891
Stenaria_nigricans,-1.863,0.407,Hurdle_cond,T0-T3,NPK,1,Lmean,0.1061701762787086
Stenaria_nigricans,-1.863,0.407,Hurdle_cond,T0-T3,NPK,1,R0,0.21085254589803137
Stenaria_nigricans,-1.863,0.407,Hurdle_cond,T0-T3,NPK,1,Reactivity,0.009202684809058356
Stenaria_nigricans,-1.863,0.407,Hurdle_cond,T0-T3,NPK,1,T_generation,0.10216634557653176
Stenaria_nigricans,-1.863,0.407,Hurdle_cond,T0-T3,NPK,1,age_repro,0
Stenaria_nigricans,-1.863,0.407,Hurdle_cond,T0-T3,NPK,1,percapita_repro,0.10468236961932272
Taraxacum_campylodes,-2.352,0.419,Hurdle_cond,T0-T3,NPK,1,FirstStepAtt,-2.3531148413315983
Taraxacum_campylodes,-2.352,0.419,Hurdle_cond,T0-T3,NPK,1,Lambda,0.08041791145870329
Taraxacum_campylodes,-2.352,0.419,Hurdle_cond,T0-T3,NPK,1,Lmax,0.5493061443340549
Taraxacum_campylodes,-2.352,0.419,Hurdle_cond,T0-T3,NPK,1,Lmean,0.06773896227809098
Taraxacum_campylodes,-2.352,0.419,Hurdle_cond,T0-T3,NPK,1,R0,-Inf
Taraxacum_campylodes,-2.352,0.419,Hurdle_cond,T0-T3,NPK,1,Reactivity,2.4046693226371185
Taraxacum_campylodes,-2.352,0.419,Hurdle_cond,T0-T3,NPK,1,T_generation,NA
Taraxacum_campylodes,-2.352,0.419,Hurdle_cond,T0-T3,NPK,1,age_repro,0
Taraxacum_campylodes,-2.352,0.419,Hurdle_cond,T0-T3,NPK,1,percapita_repro,-11.213549524439351
Thymus_vulgaris,-1.99,0.47,Hurdle_cond,T0-T3,NPK,1,FirstStepAtt,-0.005866973847378982
Thymus_vulgaris,-1.99,0.47,Hurdle_cond,T0-T3,NPK,1,Lambda,0.9926751959162854
Thymus_vulgaris,-1.99,0.47,Hurdle_cond,T0-T3,NPK,1,Lmax,5.964961904446033
Thymus_vulgaris,-1.99,0.47,Hurdle_cond,T0-T3,NPK,1,Lmean,4.459892288650257
Thymus_vulgaris,-1.99,0.47,Hurdle_cond,T0-T3,NPK,1,R0,-1.07189733945768
Thymus_vulgaris,-1.99,0.47,Hurdle_cond,T0-T3,NPK,1,Reactivity,0.010349758754626258
Thymus_vulgaris,-1.99,0.47,Hurdle_cond,T0-T3,NPK,1,T_generation,NA
Thymus_vulgaris,-1.99,0.47,Hurdle_cond,T0-T3,NPK,1,age_repro,NA
Thymus_vulgaris,-1.99,0.47,Hurdle_cond,T0-T3,NPK,1,percapita_repro,-5.143380039347928
Verbascum_thapsus,-2.073,0.515,Hurdle_cond,T0-T3,NPK,1,FirstStepAtt,-4.012613096092431
Verbascum_thapsus,-2.073,0.515,Hurdle_cond,T0-T3,NPK,1,Lambda,NA
Verbascum_thapsus,-2.073,0.515,Hurdle_cond,T0-T3,NPK,1,Lmax,0.6931471805599453
Verbascum_thapsus,-2.073,0.515,Hurdle_cond,T0-T3,NPK,1,Lmean,0.05129369438747054
Verbascum_thapsus,-2.073,0.515,Hurdle_cond,T0-T3,NPK,1,R0,3.381715911075376
Verbascum_thapsus,-2.073,0.515,Hurdle_cond,T0-T3,NPK,1,Reactivity,NA
Verbascum_thapsus,-2.073,0.515,Hurdle_cond,T0-T3,NPK,1,T_generation,0.7764348966557838
Verbascum_thapsus,-2.073,0.515,Hurdle_cond,T0-T3,NPK,1,age_repro,2.5523449856956373
Verbascum_thapsus,-2.073,0.515,Hurdle_cond,T0-T3,NPK,1,percapita_repro,NA
Veronica_arvensis,-2.595,0.27,Hurdle_cond,T0-T3,NPK,1,FirstStepAtt,-1.3609972168245543
Veronica_arvensis,-2.595,0.27,Hurdle_cond,T0-T3,NPK,1,Lambda,1.0575348190993947
Veronica_arvensis,-2.595,0.27,Hurdle_cond,T0-T3,NPK,1,Lmax,0.12924850454918937
Veronica_arvensis,-2.595,0.27,Hurdle_cond,T0-T3,NPK,1,Lmean,0.05244694819316372
Veronica_arvensis,-2.595,0.27,Hurdle_cond,T0-T3,NPK,1,R0,-0.014999404757933849
Veronica_arvensis,-2.595,0.27,Hurdle_cond,T0-T3,NPK,1,Reactivity,1.7913324339405632
Veronica_arvensis,-2.595,0.27,Hurdle_cond,T0-T3,NPK,1,T_generation,0.41785049626112153
Veronica_arvensis,-2.595,0.27,Hurdle_cond,T0-T3,NPK,1,age_repro,0.8907769885320955
Veronica_arvensis,-2.595,0.27,Hurdle_cond,T0-T3,NPK,1,percapita_repro,1.8152156216155975
Agrimonia_eupatoria,-2.597,0.309,Hurdle_zi,T0-T3,NPK,1,FirstStepAtt,-0.40426778811109665
Agrimonia_eupatoria,-2.597,0.309,Hurdle_zi,T0-T3,NPK,1,Lambda,0.99064442494128635
Agrimonia_eupatoria,-2.597,0.309,Hurdle_zi,T0-T3,NPK,1,Lmax,4.5330412476880015
Agrimonia_eupatoria,-2.597,0.309,Hurdle_zi,T0-T3,NPK,1,Lmean,2.276623485281897
Agrimonia_eupatoria,-2.597,0.309,Hurdle_zi,T0-T3,NPK,1,R0,-0.38127020833005776
Agrimonia_eupatoria,-2.597,0.309,Hurdle_zi,T0-T3,NPK,1,Reactivity,0.19207496843703886
Agrimonia_eupatoria,-2.597,0.309,Hurdle_zi,T0-T3,NPK,1,T_generation,3.6207086258222283
Agrimonia_eupatoria,-2.597,0.309,Hurdle_zi,T0-T3,NPK,1,age_repro,2.087394345070076
Agrimonia_eupatoria,-2.597,0.309,Hurdle_zi,T0-T3,NPK,1,percapita_repro,-1.5661843426366495
Allium_vineale,-2.546,0.521,Hurdle_zi,T0-T3,NPK,1,FirstStepAtt,-2.036030904211625
Allium_vineale,-2.546,0.521,Hurdle_zi,T0-T3,NPK,1,Lambda,1.170906773884173
Allium_vineale,-2.546,0.521,Hurdle_zi,T0-T3,NPK,1,Lmax,1.0986122886681098
Allium_vineale,-2.546,0.521,Hurdle_zi,T0-T3,NPK,1,Lmean,0.16647352389668973
Allium_vineale,-2.546,0.521,Hurdle_zi,T0-T3,NPK,1,R0,0.3408368280021561
Allium_vineale,-2.546,0.521,Hurdle_zi,T0-T3,NPK,1,Reactivity,2.1940830508207325
Allium_vineale,-2.546,0.521,Hurdle_zi,T0-T3,NPK,1,T_generation,0.7635325690826141
Allium_vineale,-2.546,0.521,Hurdle_zi,T0-T3,NPK,1,age_repro,1.2000990079409088
Allium_vineale,-2.546,0.521,Hurdle_zi,T0-T3,NPK,1,percapita_repro,2.3368650630604555
Andropogon_gerardii,-0.414,0.322,Hurdle_zi,T0-T3,NPK,1,FirstStepAtt,-1.1908608264270113
Andropogon_gerardii,-0.414,0.322,Hurdle_zi,T0-T3,NPK,1,Lambda,1.5058732521698401
Andropogon_gerardii,-0.414,0.322,Hurdle_zi,T0-T3,NPK,1,Lmax,1.764891121214301
Andropogon_gerardii,-0.414,0.322,Hurdle_zi,T0-T3,NPK,1,Lmean,0.6723210807858808
Andropogon_gerardii,-0.414,0.322,Hurdle_zi,T0-T3,NPK,1,R0,0.8354773555720532
Andropogon_gerardii,-0.414,0.322,Hurdle_zi,T0-T3,NPK,1,Reactivity,1.7926841280473302
Andropogon_gerardii,-0.414,0.322,Hurdle_zi,T0-T3,NPK,1,T_generation,0.7395193223181743
Andropogon_gerardii,-0.414,0.322,Hurdle_zi,T0-T3,NPK,1,age_repro,0.7862530575220442
Andropogon_gerardii,-0.414,0.322,Hurdle_zi,T0-T3,NPK,1,percapita_repro,2.0924307697315556
Arenaria_serpyllifolia,-2.406,0.393,Hurdle_zi,T0-T3,NPK,1,FirstStepAtt,-2.2176497264357233
Arenaria_serpyllifolia,-2.406,0.393,Hurdle_zi,T0-T3,NPK,1,Lambda,0.860684361881849
Arenaria_serpyllifolia,-2.406,0.393,Hurdle_zi,T0-T3,NPK,1,Lmax,0
Arenaria_serpyllifolia,-2.406,0.393,Hurdle_zi,T0-T3,NPK,1,Lmean,0
Arenaria_serpyllifolia,-2.406,0.393,Hurdle_zi,T0-T3,NPK,1,R0,0.13128547046852534
Arenaria_serpyllifolia,-2.406,0.393,Hurdle_zi,T0-T3,NPK,1,Reactivity,2.5929750386335604
Arenaria_serpyllifolia,-2.406,0.393,Hurdle_zi,T0-T3,NPK,1,T_generation,0.1698858306660028
Arenaria_serpyllifolia,-2.406,0.393,Hurdle_zi,T0-T3,NPK,1,age_repro,0.8303384136066279
Arenaria_serpyllifolia,-2.406,0.393,Hurdle_zi,T0-T3,NPK,1,percapita_repro,2.639396025140823
Armeria_maritima,-2.63,0.405,Hurdle_zi,T0-T3,NPK,1,FirstStepAtt,-2.2414258727445264
Armeria_maritima,-2.63,0.405,Hurdle_zi,T0-T3,NPK,1,Lambda,1.4580438530642406
Armeria_maritima,-2.63,0.405,Hurdle_zi,T0-T3,NPK,1,Lmax,2.995732273553991
Armeria_maritima,-2.63,0.405,Hurdle_zi,T0-T3,NPK,1,Lmean,0.6122577291406874
Armeria_maritima,-2.63,0.405,Hurdle_zi,T0-T3,NPK,1,R0,4.4450836460525265
Armeria_maritima,-2.63,0.405,Hurdle_zi,T0-T3,NPK,1,Reactivity,5.495776723555246
Armeria_maritima,-2.63,0.405,Hurdle_zi,T0-T3,NPK,1,T_generation,2.0996042559618977
Armeria_maritima,-2.63,0.405,Hurdle_zi,T0-T3,NPK,1,age_repro,1.525500516347215
Armeria_maritima,-2.63,0.405,Hurdle_zi,T0-T3,NPK,1,percapita_repro,3.6172820201716607
Centaurea_jacea,-2.695,0.32,Hurdle_zi,T0-T3,NPK,1,FirstStepAtt,-0.6368104471974831
Centaurea_jacea,-2.695,0.32,Hurdle_zi,T0-T3,NPK,1,Lambda,0.9157150879324937
Centaurea_jacea,-2.695,0.32,Hurdle_zi,T0-T3,NPK,1,Lmax,2.4003251984703664
Centaurea_jacea,-2.695,0.32,Hurdle_zi,T0-T3,NPK,1,Lmean,1.372271579332501
Centaurea_jacea,-2.695,0.32,Hurdle_zi,T0-T3,NPK,1,R0,-3.4842742317189583
Centaurea_jacea,-2.695,0.32,Hurdle_zi,T0-T3,NPK,1,Reactivity,0.4168576413811439
Centaurea_jacea,-2.695,0.32,Hurdle_zi,T0-T3,NPK,1,T_generation,2.978872381362829
Centaurea_jacea,-2.695,0.32,Hurdle_zi,T0-T3,NPK,1,age_repro,1.6363011514297372
Centaurea_jacea,-2.695,0.32,Hurdle_zi,T0-T3,NPK,1,percapita_repro,-1.7828083742933423
Cerastium_fontanum,-2.797,0.264,Hurdle_zi,T0-T3,NPK,1,FirstStepAtt,-2.696031853083466
Cerastium_fontanum,-2.797,0.264,Hurdle_zi,T0-T3,NPK,1,Lambda,NA
Cerastium_fontanum,-2.797,0.264,Hurdle_zi,T0-T3,NPK,1,Lmax,0
Cerastium_fontanum,-2.797,0.264,Hurdle_zi,T0-T3,NPK,1,Lmean,0
Cerastium_fontanum,-2.797,0.264,Hurdle_zi,T0-T3,NPK,1,R0,1.5184623246973081
Cerastium_fontanum,-2.797,0.264,Hurdle_zi,T0-T3,NPK,1,Reactivity,3.027270925563423
Cerastium_fontanum,-2.797,0.264,Hurdle_zi,T0-T3,NPK,1,T_generation,0.005048904923272251
Cerastium_fontanum,-2.797,0.264,Hurdle_zi,T0-T3,NPK,1,age_repro,0.8873031950009029
Cerastium_fontanum,-2.797,0.264,Hurdle_zi,T0-T3,NPK,1,percapita_repro,4.522657764413627
Cirsium_arvense,-2.442,0.286,Hurdle_zi,T0-T3,NPK,1,FirstStepAtt,-3.3290015249469986
Cirsium_arvense,-2.442,0.286,Hurdle_zi,T0-T3,NPK,1,Lambda,NA
Cirsium_arvense,-2.442,0.286,Hurdle_zi,T0-T3,NPK,1,Lmax,1.0986122886681098
Cirsium_arvense,-2.442,0.286,Hurdle_zi,T0-T3,NPK,1,Lmean,0.1699960817758222
Cirsium_arvense,-2.442,0.286,Hurdle_zi,T0-T3,NPK,1,R0,3.228914980534981
Cirsium_arvense,-2.442,0.286,Hurdle_zi,T0-T3,NPK,1,Reactivity,4.0664130997692896
Cirsium_arvense,-2.442,0.286,Hurdle_zi,T0-T3,NPK,1,T_generation,0.770361224737239
Cirsium_arvense,-2.442,0.286,Hurdle_zi,T0-T3,NPK,1,age_repro,1.162546762671639
Cirsium_arvense,-2.442,0.286,Hurdle_zi,T0-T3,NPK,1,percapita_repro,5.427985054670073
Cirsium_palustre,-2.551,0.58,Hurdle_zi,T0-T3,NPK,1,FirstStepAtt,-2.5937654771378242
Cirsium_palustre,-2.551,0.58,Hurdle_zi,T0-T3,NPK,1,Lambda,1.4428002172428838
Cirsium_palustre,-2.551,0.58,Hurdle_zi,T0-T3,NPK,1,Lmax,1.5273118956910914
Cirsium_palustre,-2.551,0.58,Hurdle_zi,T0-T3,NPK,1,Lmean,0.20135107219302092
Cirsium_palustre,-2.551,0.58,Hurdle_zi,T0-T3,NPK,1,R0,1.2807231364002394
Cirsium_palustre,-2.551,0.58,Hurdle_zi,T0-T3,NPK,1,Reactivity,4.898747288058176
Cirsium_palustre,-2.551,0.58,Hurdle_zi,T0-T3,NPK,1,T_generation,1.2255759905166657
Cirsium_palustre,-2.551,0.58,Hurdle_zi,T0-T3,NPK,1,age_repro,1.534647496889771
Cirsium_palustre,-2.551,0.58,Hurdle_zi,T0-T3,NPK,1,percapita_repro,4.957313127808717
Cirsium_vulgare,-2.436,0.454,Hurdle_zi,T0-T3,NPK,1,FirstStepAtt,-3.1910655226282234
Cirsium_vulgare,-2.436,0.454,Hurdle_zi,T0-T3,NPK,1,Lambda,0.7844344795818798
Cirsium_vulgare,-2.436,0.454,Hurdle_zi,T0-T3,NPK,1,Lmax,1.507973248367974
Cirsium_vulgare,-2.436,0.454,Hurdle_zi,T0-T3,NPK,1,Lmean,0.3479988332516422
Cirsium_vulgare,-2.436,0.454,Hurdle_zi,T0-T3,NPK,1,R0,-1.420279247517773
Cirsium_vulgare,-2.436,0.454,Hurdle_zi,T0-T3,NPK,1,Reactivity,2.641485998869525
Cirsium_vulgare,-2.436,0.454,Hurdle_zi,T0-T3,NPK,1,T_generation,1.4828783988333107
Cirsium_vulgare,-2.436,0.454,Hurdle_zi,T0-T3,NPK,1,age_repro,0.9323966804077027
Cirsium_vulgare,-2.436,0.454,Hurdle_zi,T0-T3,NPK,1,percapita_repro,1.89963041219607
Cytisus_scoparius,-2.422,0.596,Hurdle_zi,T0-T3,NPK,1,FirstStepAtt,-1.0805803134528444
Cytisus_scoparius,-2.422,0.596,Hurdle_zi,T0-T3,NPK,1,Lambda,1.213292465253893
Cytisus_scoparius,-2.422,0.596,Hurdle_zi,T0-T3,NPK,1,Lmax,3.4362872742721846
Cytisus_scoparius,-2.422,0.596,Hurdle_zi,T0-T3,NPK,1,Lmean,1.6108317812687714
Cytisus_scoparius,-2.422,0.596,Hurdle_zi,T0-T3,NPK,1,R0,1.2836591821667371
Cytisus_scoparius,-2.422,0.596,Hurdle_zi,T0-T3,NPK,1,Reactivity,7.2558813136686915
Cytisus_scoparius,-2.422,0.596,Hurdle_zi,T0-T3,NPK,1,T_generation,2.553183717615863
Cytisus_scoparius,-2.422,0.596,Hurdle_zi,T0-T3,NPK,1,age_repro,1.7233105661137673
Cytisus_scoparius,-2.422,0.596,Hurdle_zi,T0-T3,NPK,1,percapita_repro,5.712086717106164
Daucus_carota,-2.483,0.312,Hurdle_zi,T0-T3,NPK,1,FirstStepAtt,-4.040610337013186
Daucus_carota,-2.483,0.312,Hurdle_zi,T0-T3,NPK,1,Lambda,1.7161044748521754
Daucus_carota,-2.483,0.312,Hurdle_zi,T0-T3,NPK,1,Lmax,1.0986122886681098
Daucus_carota,-2.483,0.312,Hurdle_zi,T0-T3,NPK,1,Lmean,0.31834252276646996
Daucus_carota,-2.483,0.312,Hurdle_zi,T0-T3,NPK,1,R0,1.8196701629274532
Daucus_carota,-2.483,0.312,Hurdle_zi,T0-T3,NPK,1,Reactivity,NA
Daucus_carota,-2.483,0.312,Hurdle_zi,T0-T3,NPK,1,T_generation,1.189773196967312
Daucus_carota,-2.483,0.312,Hurdle_zi,T0-T3,NPK,1,age_repro,1.431272611901774
Daucus_carota,-2.483,0.312,Hurdle_zi,T0-T3,NPK,1,percapita_repro,NA
Echium_vulgare,-1.883,0.38,Hurdle_zi,T0-T3,NPK,1,FirstStepAtt,-1.4808281568478856
Echium_vulgare,-1.883,0.38,Hurdle_zi,T0-T3,NPK,1,Lambda,1.5475980030086196
Echium_vulgare,-1.883,0.38,Hurdle_zi,T0-T3,NPK,1,Lmax,1.3862943611198906
Echium_vulgare,-1.883,0.38,Hurdle_zi,T0-T3,NPK,1,Lmean,0.5010758488001461
Echium_vulgare,-1.883,0.38,Hurdle_zi,T0-T3,NPK,1,R0,1.6034012709220467
Echium_vulgare,-1.883,0.38,Hurdle_zi,T0-T3,NPK,1,Reactivity,3.2663741200499037
Echium_vulgare,-1.883,0.38,Hurdle_zi,T0-T3,NPK,1,T_generation,1.2871395045757101
Echium_vulgare,-1.883,0.38,Hurdle_zi,T0-T3,NPK,1,age_repro,1.3132909952863716
Echium_vulgare,-1.883,0.38,Hurdle_zi,T0-T3,NPK,1,percapita_repro,3.7030781735137492
Elymus_repens,-2.075,0.297,Hurdle_zi,T0-T3,NPK,1,FirstStepAtt,-19.608981934788076
Elymus_repens,-2.075,0.297,Hurdle_zi,T0-T3,NPK,1,Lambda,NA
Elymus_repens,-2.075,0.297,Hurdle_zi,T0-T3,NPK,1,Lmax,0.6931471805599453
Elymus_repens,-2.075,0.297,Hurdle_zi,T0-T3,NPK,1,Lmean,0.34830572665687204
Elymus_repens,-2.075,0.297,Hurdle_zi,T0-T3,NPK,1,R0,4.306802628082906
Elymus_repens,-2.075,0.297,Hurdle_zi,T0-T3,NPK,1,Reactivity,NA
Elymus_repens,-2.075,0.297,Hurdle_zi,T0-T3,NPK,1,T_generation,0.00771453240913415
Elymus_repens,-2.075,0.297,Hurdle_zi,T0-T3,NPK,1,age_repro,0
Elymus_repens,-2.075,0.297,Hurdle_zi,T0-T3,NPK,1,percapita_repro,-5.74205469871386
Erigeron_canadensis,-2.801,0.387,Hurdle_zi,T0-T3,NPK,1,FirstStepAtt,-2.9940372183428647
Erigeron_canadensis,-2.801,0.387,Hurdle_zi,T0-T3,NPK,1,Lambda,NA
Erigeron_canadensis,-2.801,0.387,Hurdle_zi,T0-T3,NPK,1,Lmax,0
Erigeron_canadensis,-2.801,0.387,Hurdle_zi,T0-T3,NPK,1,Lmean,0
Erigeron_canadensis,-2.801,0.387,Hurdle_zi,T0-T3,NPK,1,R0,2.750423016465953
Erigeron_canadensis,-2.801,0.387,Hurdle_zi,T0-T3,NPK,1,Reactivity,3.7256901124743216
Erigeron_canadensis,-2.801,0.387,Hurdle_zi,T0-T3,NPK,1,T_generation,0.1300250884192771
Erigeron_canadensis,-2.801,0.387,Hurdle_zi,T0-T3,NPK,1,age_repro,0.9159908368351705
Erigeron_canadensis,-2.801,0.387,Hurdle_zi,T0-T3,NPK,1,percapita_repro,5.684089841310465
Knautia_arvensis,-2.109,0.383,Hurdle_zi,T0-T3,NPK,1,FirstStepAtt,-2.9563737542749036
Knautia_arvensis,-2.109,0.383,Hurdle_zi,T0-T3,NPK,1,Lambda,0.30764990872892983
Knautia_arvensis,-2.109,0.383,Hurdle_zi,T0-T3,NPK,1,Lmax,0.6931471805599453
Knautia_arvensis,-2.109,0.383,Hurdle_zi,T0-T3,NPK,1,Lmean,0.022139719151234638
Knautia_arvensis,-2.109,0.383,Hurdle_zi,T0-T3,NPK,1,R0,-9.95071325619903
Knautia_arvensis,-2.109,0.383,Hurdle_zi,T0-T3,NPK,1,Reactivity,0.35097071858090523
Knautia_arvensis,-2.109,0.383,Hurdle_zi,T0-T3,NPK,1,T_generation,NA
Knautia_arvensis,-2.109,0.383,Hurdle_zi,T0-T3,NPK,1,age_repro,0.9322894183877876
Knautia_arvensis,-2.109,0.383,Hurdle_zi,T0-T3,NPK,1,percapita_repro,-4.367646677748796
Lactuca_serriola,-2.739,0.472,Hurdle_zi,T0-T3,NPK,1,FirstStepAtt,-2.5276283678174485
Lactuca_serriola,-2.739,0.472,Hurdle_zi,T0-T3,NPK,1,Lambda,NA
Lactuca_serriola,-2.739,0.472,Hurdle_zi,T0-T3,NPK,1,Lmax,0
Lactuca_serriola,-2.739,0.472,Hurdle_zi,T0-T3,NPK,1,Lmean,0
Lactuca_serriola,-2.739,0.472,Hurdle_zi,T0-T3,NPK,1,R0,2.961708269076509
Lactuca_serriola,-2.739,0.472,Hurdle_zi,T0-T3,NPK,1,Reactivity,5.096932718325193
Lactuca_serriola,-2.739,0.472,Hurdle_zi,T0-T3,NPK,1,T_generation,0.08738433516364566
Lactuca_serriola,-2.739,0.472,Hurdle_zi,T0-T3,NPK,1,age_repro,1.2839753424841123
Lactuca_serriola,-2.739,0.472,Hurdle_zi,T0-T3,NPK,1,percapita_repro,7.147653680580111
Linum_catharticum,-2.8,0.342,Hurdle_zi,T0-T3,NPK,1,FirstStepAtt,-3.1953085121694222
Linum_catharticum,-2.8,0.342,Hurdle_zi,T0-T3,NPK,1,Lambda,NA
Linum_catharticum,-2.8,0.342,Hurdle_zi,T0-T3,NPK,1,Lmax,2.0794415416798357
Linum_catharticum,-2.8,0.342,Hurdle_zi,T0-T3,NPK,1,Lmean,0.7715798705141755
Linum_catharticum,-2.8,0.342,Hurdle_zi,T0-T3,NPK,1,R0,1.7942778474769046
Linum_catharticum,-2.8,0.342,Hurdle_zi,T0-T3,NPK,1,Reactivity,3.8165083573910685
Linum_catharticum,-2.8,0.342,Hurdle_zi,T0-T3,NPK,1,T_generation,0.3007917133047998
Linum_catharticum,-2.8,0.342,Hurdle_zi,T0-T3,NPK,1,age_repro,0.7034715243015948
Linum_catharticum,-2.8,0.342,Hurdle_zi,T0-T3,NPK,1,percapita_repro,3.0328521355315146
Myosotis_ramosissima,-2.505,0.585,Hurdle_zi,T0-T3,NPK,1,FirstStepAtt,-3.6870030575668453
Myosotis_ramosissima,-2.505,0.585,Hurdle_zi,T0-T3,NPK,1,Lambda,1.4558843238144925
Myosotis_ramosissima,-2.505,0.585,Hurdle_zi,T0-T3,NPK,1,Lmax,0
Myosotis_ramosissima,-2.505,0.585,Hurdle_zi,T0-T3,NPK,1,Lmean,0
Myosotis_ramosissima,-2.505,0.585,Hurdle_zi,T0-T3,NPK,1,R0,1.3761933951892638
Myosotis_ramosissima,-2.505,0.585,Hurdle_zi,T0-T3,NPK,1,Reactivity,0.48764865977290195
Myosotis_ramosissima,-2.505,0.585,Hurdle_zi,T0-T3,NPK,1,T_generation,0.01373447854635909
Myosotis_ramosissima,-2.505,0.585,Hurdle_zi,T0-T3,NPK,1,age_repro,0.7154702161542037
Myosotis_ramosissima,-2.505,0.585,Hurdle_zi,T0-T3,NPK,1,percapita_repro,1.826732983425593
Picris_hieracioides,-2.003,0.312,Hurdle_zi,T0-T3,NPK,1,FirstStepAtt,-4.012603074068455
Picris_hieracioides,-2.003,0.312,Hurdle_zi,T0-T3,NPK,1,Lambda,0.8846497432296888
Picris_hieracioides,-2.003,0.312,Hurdle_zi,T0-T3,NPK,1,Lmax,0.6931471805599453
Picris_hieracioides,-2.003,0.312,Hurdle_zi,T0-T3,NPK,1,Lmean,0.025497751793431413
Picris_hieracioides,-2.003,0.312,Hurdle_zi,T0-T3,NPK,1,R0,-0.5012341883972119
Picris_hieracioides,-2.003,0.312,Hurdle_zi,T0-T3,NPK,1,Reactivity,5.739334580340472
Picris_hieracioides,-2.003,0.312,Hurdle_zi,T0-T3,NPK,1,T_generation,1.4151934417967609
Picris_hieracioides,-2.003,0.312,Hurdle_zi,T0-T3,NPK,1,age_repro,1.5430234695350933
Picris_hieracioides,-2.003,0.312,Hurdle_zi,T0-T3,NPK,1,percapita_repro,5.616771097666572
Pimpinella_saxifraga,-2.315,0.412,Hurdle_zi,T0-T3,NPK,1,FirstStepAtt,-0.5923077657542145
Pimpinella_saxifraga,-2.315,0.412,Hurdle_zi,T0-T3,NPK,1,Lambda,0.9547406316474246
Pimpinella_saxifraga,-2.315,0.412,Hurdle_zi,T0-T3,NPK,1,Lmax,3.2778313935718644
Pimpinella_saxifraga,-2.315,0.412,Hurdle_zi,T0-T3,NPK,1,Lmean,1.3985454207581607
Pimpinella_saxifraga,-2.315,0.412,Hurdle_zi,T0-T3,NPK,1,R0,-0.7090626241047243
Pimpinella_saxifraga,-2.315,0.412,Hurdle_zi,T0-T3,NPK,1,Reactivity,0.9233752615973373
Pimpinella_saxifraga,-2.315,0.412,Hurdle_zi,T0-T3,NPK,1,T_generation,2.775613869924522
Pimpinella_saxifraga,-2.315,0.412,Hurdle_zi,T0-T3,NPK,1,age_repro,1.7819632124517442
Pimpinella_saxifraga,-2.315,0.412,Hurdle_zi,T0-T3,NPK,1,percapita_repro,-0.16356267781330006
Plantago_coronopus,-2.087,0.314,Hurdle_zi,T0-T3,NPK,1,FirstStepAtt,-1.0607821044920802
Plantago_coronopus,-2.087,0.314,Hurdle_zi,T0-T3,NPK,1,Lambda,0.8883340096307588
Plantago_coronopus,-2.087,0.314,Hurdle_zi,T0-T3,NPK,1,Lmax,1.907994489728227
Plantago_coronopus,-2.087,0.314,Hurdle_zi,T0-T3,NPK,1,Lmean,0.5836315540514999
Plantago_coronopus,-2.087,0.314,Hurdle_zi,T0-T3,NPK,1,R0,-0.7679497099488539
Plantago_coronopus,-2.087,0.314,Hurdle_zi,T0-T3,NPK,1,Reactivity,1.2700917455756846
Plantago_coronopus,-2.087,0.314,Hurdle_zi,T0-T3,NPK,1,T_generation,1.4792349913940708
Plantago_coronopus,-2.087,0.314,Hurdle_zi,T0-T3,NPK,1,age_repro,0.7227032675127357
Plantago_coronopus,-2.087,0.314,Hurdle_zi,T0-T3,NPK,1,percapita_repro,-0.1607889960080645
Plantago_media,-2.428,0.393,Hurdle_zi,T0-T3,NPK,1,FirstStepAtt,-2.5216721506920545
Plantago_media,-2.428,0.393,Hurdle_zi,T0-T3,NPK,1,Lambda,0.9166479924897526
Plantago_media,-2.428,0.393,Hurdle_zi,T0-T3,NPK,1,Lmax,1.7178918965462198
Plantago_media,-2.428,0.393,Hurdle_zi,T0-T3,NPK,1,Lmean,0.24009345509101096
Plantago_media,-2.428,0.393,Hurdle_zi,T0-T3,NPK,1,R0,-3.703632943874186
Plantago_media,-2.428,0.393,Hurdle_zi,T0-T3,NPK,1,Reactivity,0.9115891884505661
Plantago_media,-2.428,0.393,Hurdle_zi,T0-T3,NPK,1,T_generation,3.283074054166277
Plantago_media,-2.428,0.393,Hurdle_zi,T0-T3,NPK,1,age_repro,2.050568331584061
Plantago_media,-2.428,0.393,Hurdle_zi,T0-T3,NPK,1,percapita_repro,0.21247852101489456
Potentilla_recta,-2.402,0.41,Hurdle_zi,T0-T3,NPK,1,FirstStepAtt,-1.207246625178343
Potentilla_recta,-2.402,0.41,Hurdle_zi,T0-T3,NPK,1,Lambda,1.3233051390988662
Potentilla_recta,-2.402,0.41,Hurdle_zi,T0-T3,NPK,1,Lmax,2.8995463272302633
Potentilla_recta,-2.402,0.41,Hurdle_zi,T0-T3,NPK,1,Lmean,1.114174982541197
Potentilla_recta,-2.402,0.41,Hurdle_zi,T0-T3,NPK,1,R0,-Inf
Potentilla_recta,-2.402,0.41,Hurdle_zi,T0-T3,NPK,1,Reactivity,2.3355670141886495
Potentilla_recta,-2.402,0.41,Hurdle_zi,T0-T3,NPK,1,T_generation,1.12856647634655
Potentilla_recta,-2.402,0.41,Hurdle_zi,T0-T3,NPK,1,age_repro,1.470241457035962
Potentilla_recta,-2.402,0.41,Hurdle_zi,T0-T3,NPK,1,percapita_repro,5.184136566294191
Primula_elatior,-2.397,0.599,Hurdle_zi,T0-T3,NPK,1,FirstStepAtt,-2.5752591198739894
Primula_elatior,-2.397,0.599,Hurdle_zi,T0-T3,NPK,1,Lambda,1.0243599289476764
Primula_elatior,-2.397,0.599,Hurdle_zi,T0-T3,NPK,1,Lmax,3.078214221499716
Primula_elatior,-2.397,0.599,Hurdle_zi,T0-T3,NPK,1,Lmean,0.934868660605433
Primula_elatior,-2.397,0.599,Hurdle_zi,T0-T3,NPK,1,R0,-0.19834378876572734
Primula_elatior,-2.397,0.599,Hurdle_zi,T0-T3,NPK,1,Reactivity,1.2375774274497275
Primula_elatior,-2.397,0.599,Hurdle_zi,T0-T3,NPK,1,T_generation,2.7743429427827526
Primula_elatior,-2.397,0.599,Hurdle_zi,T0-T3,NPK,1,age_repro,1.5965918444925693
Primula_elatior,-2.397,0.599,Hurdle_zi,T0-T3,NPK,1,percapita_repro,0.6906312588074859
Primula_veris,-2.513,0.482,Hurdle_zi,T0-T3,NPK,1,FirstStepAtt,-3.0996415326914413
Primula_veris,-2.513,0.482,Hurdle_zi,T0-T3,NPK,1,Lambda,0.9177166512186883
Primula_veris,-2.513,0.482,Hurdle_zi,T0-T3,NPK,1,Lmax,1.777554626801171
Primula_veris,-2.513,0.482,Hurdle_zi,T0-T3,NPK,1,Lmean,0.3457340899605148
Primula_veris,-2.513,0.482,Hurdle_zi,T0-T3,NPK,1,R0,-3.5312053848310136
Primula_veris,-2.513,0.482,Hurdle_zi,T0-T3,NPK,1,Reactivity,1.8406103144604358
Primula_veris,-2.513,0.482,Hurdle_zi,T0-T3,NPK,1,T_generation,3.2661511301743356
Primula_veris,-2.513,0.482,Hurdle_zi,T0-T3,NPK,1,age_repro,2.1007008996065113
Primula_veris,-2.513,0.482,Hurdle_zi,T0-T3,NPK,1,percapita_repro,1.3057574210790406
Ranunculus_acris,-2.574,0.264,Hurdle_zi,T0-T3,NPK,1,FirstStepAtt,-2.223673155588096
Ranunculus_acris,-2.574,0.264,Hurdle_zi,T0-T3,NPK,1,Lambda,1.1474253581153837
Ranunculus_acris,-2.574,0.264,Hurdle_zi,T0-T3,NPK,1,Lmax,1.791759469228055
Ranunculus_acris,-2.574,0.264,Hurdle_zi,T0-T3,NPK,1,Lmean,0.2694368352850544
Ranunculus_acris,-2.574,0.264,Hurdle_zi,T0-T3,NPK,1,R0,0.4291243489821683
Ranunculus_acris,-2.574,0.264,Hurdle_zi,T0-T3,NPK,1,Reactivity,1.8978523971700296
Ranunculus_acris,-2.574,0.264,Hurdle_zi,T0-T3,NPK,1,T_generation,1.3335494740785472
Ranunculus_acris,-2.574,0.264,Hurdle_zi,T0-T3,NPK,1,age_repro,1.1167312512505851
Ranunculus_acris,-2.574,0.264,Hurdle_zi,T0-T3,NPK,1,percapita_repro,1.9401794743463283
Sphaeralcea_coccinea,-2.508,0.427,Hurdle_zi,T0-T3,NPK,1,FirstStepAtt,-0.021668930362796438
Sphaeralcea_coccinea,-2.508,0.427,Hurdle_zi,T0-T3,NPK,1,Lambda,0.9140916052986946
Sphaeralcea_coccinea,-2.508,0.427,Hurdle_zi,T0-T3,NPK,1,Lmax,1.1291966833851346
Sphaeralcea_coccinea,-2.508,0.427,Hurdle_zi,T0-T3,NPK,1,Lmean,0.18479959171993668
Sphaeralcea_coccinea,-2.508,0.427,Hurdle_zi,T0-T3,NPK,1,R0,-0.1631566065473073
Sphaeralcea_coccinea,-2.508,0.427,Hurdle_zi,T0-T3,NPK,1,Reactivity,0.06479482429602482
Sphaeralcea_coccinea,-2.508,0.427,Hurdle_zi,T0-T3,NPK,1,T_generation,0.2422469272637918
Sphaeralcea_coccinea,-2.508,0.427,Hurdle_zi,T0-T3,NPK,1,age_repro,0
Sphaeralcea_coccinea,-2.508,0.427,Hurdle_zi,T0-T3,NPK,1,percapita_repro,-0.347956198267244
Stenaria_nigricans,-2.105,0.436,Hurdle_zi,T0-T3,NPK,1,FirstStepAtt,-0.001506241946231945
Stenaria_nigricans,-2.105,0.436,Hurdle_zi,T0-T3,NPK,1,Lambda,0.9901413361648121
Stenaria_nigricans,-2.105,0.436,Hurdle_zi,T0-T3,NPK,1,Lmax,0.8841014310483891
Stenaria_nigricans,-2.105,0.436,Hurdle_zi,T0-T3,NPK,1,Lmean,0.1061701762787086
Stenaria_nigricans,-2.105,0.436,Hurdle_zi,T0-T3,NPK,1,R0,0.21085254589803137
Stenaria_nigricans,-2.105,0.436,Hurdle_zi,T0-T3,NPK,1,Reactivity,0.009202684809058356
Stenaria_nigricans,-2.105,0.436,Hurdle_zi,T0-T3,NPK,1,T_generation,0.10216634557653176
Stenaria_nigricans,-2.105,0.436,Hurdle_zi,T0-T3,NPK,1,age_repro,0
Stenaria_nigricans,-2.105,0.436,Hurdle_zi,T0-T3,NPK,1,percapita_repro,0.10468236961932272
Taraxacum_campylodes,-2.594,0.448,Hurdle_zi,T0-T3,NPK,1,FirstStepAtt,-2.3531148413315983
Taraxacum_campylodes,-2.594,0.448,Hurdle_zi,T0-T3,NPK,1,Lambda,0.08041791145870329
Taraxacum_campylodes,-2.594,0.448,Hurdle_zi,T0-T3,NPK,1,Lmax,0.5493061443340549
Taraxacum_campylodes,-2.594,0.448,Hurdle_zi,T0-T3,NPK,1,Lmean,0.06773896227809098
Taraxacum_campylodes,-2.594,0.448,Hurdle_zi,T0-T3,NPK,1,R0,-Inf
Taraxacum_campylodes,-2.594,0.448,Hurdle_zi,T0-T3,NPK,1,Reactivity,2.4046693226371185
Taraxacum_campylodes,-2.594,0.448,Hurdle_zi,T0-T3,NPK,1,T_generation,NA
Taraxacum_campylodes,-2.594,0.448,Hurdle_zi,T0-T3,NPK,1,age_repro,0
Taraxacum_campylodes,-2.594,0.448,Hurdle_zi,T0-T3,NPK,1,percapita_repro,-11.213549524439351
Thymus_vulgaris,-2.232,0.496,Hurdle_zi,T0-T3,NPK,1,FirstStepAtt,-0.005866973847378982
Thymus_vulgaris,-2.232,0.496,Hurdle_zi,T0-T3,NPK,1,Lambda,0.9926751959162854
Thymus_vulgaris,-2.232,0.496,Hurdle_zi,T0-T3,NPK,1,Lmax,5.964961904446033
Thymus_vulgaris,-2.232,0.496,Hurdle_zi,T0-T3,NPK,1,Lmean,4.459892288650257
Thymus_vulgaris,-2.232,0.496,Hurdle_zi,T0-T3,NPK,1,R0,-1.07189733945768
Thymus_vulgaris,-2.232,0.496,Hurdle_zi,T0-T3,NPK,1,Reactivity,0.010349758754626258
Thymus_vulgaris,-2.232,0.496,Hurdle_zi,T0-T3,NPK,1,T_generation,NA
Thymus_vulgaris,-2.232,0.496,Hurdle_zi,T0-T3,NPK,1,age_repro,NA
Thymus_vulgaris,-2.232,0.496,Hurdle_zi,T0-T3,NPK,1,percapita_repro,-5.143380039347928
Verbascum_thapsus,-2.315,0.539,Hurdle_zi,T0-T3,NPK,1,FirstStepAtt,-4.012613096092431
Verbascum_thapsus,-2.315,0.539,Hurdle_zi,T0-T3,NPK,1,Lambda,NA
Verbascum_thapsus,-2.315,0.539,Hurdle_zi,T0-T3,NPK,1,Lmax,0.6931471805599453
Verbascum_thapsus,-2.315,0.539,Hurdle_zi,T0-T3,NPK,1,Lmean,0.05129369438747054
Verbascum_thapsus,-2.315,0.539,Hurdle_zi,T0-T3,NPK,1,R0,3.381715911075376
Verbascum_thapsus,-2.315,0.539,Hurdle_zi,T0-T3,NPK,1,Reactivity,NA
Verbascum_thapsus,-2.315,0.539,Hurdle_zi,T0-T3,NPK,1,T_generation,0.7764348966557838
Verbascum_thapsus,-2.315,0.539,Hurdle_zi,T0-T3,NPK,1,age_repro,2.5523449856956373
Verbascum_thapsus,-2.315,0.539,Hurdle_zi,T0-T3,NPK,1,percapita_repro,NA
Veronica_arvensis,-2.837,0.313,Hurdle_zi,T0-T3,NPK,1,FirstStepAtt,-1.3609972168245543
Veronica_arvensis,-2.837,0.313,Hurdle_zi,T0-T3,NPK,1,Lambda,1.0575348190993947
Veronica_arvensis,-2.837,0.313,Hurdle_zi,T0-T3,NPK,1,Lmax,0.12924850454918937
Veronica_arvensis,-2.837,0.313,Hurdle_zi,T0-T3,NPK,1,Lmean,0.05244694819316372
Veronica_arvensis,-2.837,0.313,Hurdle_zi,T0-T3,NPK,1,R0,-0.014999404757933849
Veronica_arvensis,-2.837,0.313,Hurdle_zi,T0-T3,NPK,1,Reactivity,1.7913324339405632
Veronica_arvensis,-2.837,0.313,Hurdle_zi,T0-T3,NPK,1,T_generation,0.41785049626112153
Veronica_arvensis,-2.837,0.313,Hurdle_zi,T0-T3,NPK,1,age_repro,0.8907769885320955
Veronica_arvensis,-2.837,0.313,Hurdle_zi,T0-T3,NPK,1,percapita_repro,1.8152156216155975
Agrimonia_eupatoria,-2.054,0.247,Ordbeta,T0-T3,NPK,1,FirstStepAtt,-0.40426778811109665
Agrimonia_eupatoria,-2.054,0.247,Ordbeta,T0-T3,NPK,1,Lambda,0.99064442494128635
Agrimonia_eupatoria,-2.054,0.247,Ordbeta,T0-T3,NPK,1,Lmax,4.5330412476880015
Agrimonia_eupatoria,-2.054,0.247,Ordbeta,T0-T3,NPK,1,Lmean,2.276623485281897
Agrimonia_eupatoria,-2.054,0.247,Ordbeta,T0-T3,NPK,1,R0,-0.38127020833005776
Agrimonia_eupatoria,-2.054,0.247,Ordbeta,T0-T3,NPK,1,Reactivity,0.19207496843703886
Agrimonia_eupatoria,-2.054,0.247,Ordbeta,T0-T3,NPK,1,T_generation,3.6207086258222283
Agrimonia_eupatoria,-2.054,0.247,Ordbeta,T0-T3,NPK,1,age_repro,2.087394345070076
Agrimonia_eupatoria,-2.054,0.247,Ordbeta,T0-T3,NPK,1,percapita_repro,-1.5661843426366495
Allium_vineale,-2.173,0.474,Ordbeta,T0-T3,NPK,1,FirstStepAtt,-2.036030904211625
Allium_vineale,-2.173,0.474,Ordbeta,T0-T3,NPK,1,Lambda,1.170906773884173
Allium_vineale,-2.173,0.474,Ordbeta,T0-T3,NPK,1,Lmax,1.0986122886681098
Allium_vineale,-2.173,0.474,Ordbeta,T0-T3,NPK,1,Lmean,0.16647352389668973
Allium_vineale,-2.173,0.474,Ordbeta,T0-T3,NPK,1,R0,0.3408368280021561
Allium_vineale,-2.173,0.474,Ordbeta,T0-T3,NPK,1,Reactivity,2.1940830508207325
Allium_vineale,-2.173,0.474,Ordbeta,T0-T3,NPK,1,T_generation,0.7635325690826141
Allium_vineale,-2.173,0.474,Ordbeta,T0-T3,NPK,1,age_repro,1.2000990079409088
Allium_vineale,-2.173,0.474,Ordbeta,T0-T3,NPK,1,percapita_repro,2.3368650630604555
Andropogon_gerardii,-0.009,0.286,Ordbeta,T0-T3,NPK,1,FirstStepAtt,-1.1908608264270113
Andropogon_gerardii,-0.009,0.286,Ordbeta,T0-T3,NPK,1,Lambda,1.5058732521698401
Andropogon_gerardii,-0.009,0.286,Ordbeta,T0-T3,NPK,1,Lmax,1.764891121214301
Andropogon_gerardii,-0.009,0.286,Ordbeta,T0-T3,NPK,1,Lmean,0.6723210807858808
Andropogon_gerardii,-0.009,0.286,Ordbeta,T0-T3,NPK,1,R0,0.8354773555720532
Andropogon_gerardii,-0.009,0.286,Ordbeta,T0-T3,NPK,1,Reactivity,1.7926841280473302
Andropogon_gerardii,-0.009,0.286,Ordbeta,T0-T3,NPK,1,T_generation,0.7395193223181743
Andropogon_gerardii,-0.009,0.286,Ordbeta,T0-T3,NPK,1,age_repro,0.7862530575220442
Andropogon_gerardii,-0.009,0.286,Ordbeta,T0-T3,NPK,1,percapita_repro,2.0924307697315556
Arenaria_serpyllifolia,-2.05,0.34,Ordbeta,T0-T3,NPK,1,FirstStepAtt,-2.2176497264357233
Arenaria_serpyllifolia,-2.05,0.34,Ordbeta,T0-T3,NPK,1,Lambda,0.860684361881849
Arenaria_serpyllifolia,-2.05,0.34,Ordbeta,T0-T3,NPK,1,Lmax,0
Arenaria_serpyllifolia,-2.05,0.34,Ordbeta,T0-T3,NPK,1,Lmean,0
Arenaria_serpyllifolia,-2.05,0.34,Ordbeta,T0-T3,NPK,1,R0,0.13128547046852534
Arenaria_serpyllifolia,-2.05,0.34,Ordbeta,T0-T3,NPK,1,Reactivity,2.5929750386335604
Arenaria_serpyllifolia,-2.05,0.34,Ordbeta,T0-T3,NPK,1,T_generation,0.1698858306660028
Arenaria_serpyllifolia,-2.05,0.34,Ordbeta,T0-T3,NPK,1,age_repro,0.8303384136066279
Arenaria_serpyllifolia,-2.05,0.34,Ordbeta,T0-T3,NPK,1,percapita_repro,2.639396025140823
Armeria_maritima,-2.504,0.357,Ordbeta,T0-T3,NPK,1,FirstStepAtt,-2.2414258727445264
Armeria_maritima,-2.504,0.357,Ordbeta,T0-T3,NPK,1,Lambda,1.4580438530642406
Armeria_maritima,-2.504,0.357,Ordbeta,T0-T3,NPK,1,Lmax,2.995732273553991
Armeria_maritima,-2.504,0.357,Ordbeta,T0-T3,NPK,1,Lmean,0.6122577291406874
Armeria_maritima,-2.504,0.357,Ordbeta,T0-T3,NPK,1,R0,4.4450836460525265
Armeria_maritima,-2.504,0.357,Ordbeta,T0-T3,NPK,1,Reactivity,5.495776723555246
Armeria_maritima,-2.504,0.357,Ordbeta,T0-T3,NPK,1,T_generation,2.0996042559618977
Armeria_maritima,-2.504,0.357,Ordbeta,T0-T3,NPK,1,age_repro,1.525500516347215
Armeria_maritima,-2.504,0.357,Ordbeta,T0-T3,NPK,1,percapita_repro,3.6172820201716607
Centaurea_jacea,-2.328,0.264,Ordbeta,T0-T3,NPK,1,FirstStepAtt,-0.6368104471974831
Centaurea_jacea,-2.328,0.264,Ordbeta,T0-T3,NPK,1,Lambda,0.9157150879324937
Centaurea_jacea,-2.328,0.264,Ordbeta,T0-T3,NPK,1,Lmax,2.4003251984703664
Centaurea_jacea,-2.328,0.264,Ordbeta,T0-T3,NPK,1,Lmean,1.372271579332501
Centaurea_jacea,-2.328,0.264,Ordbeta,T0-T3,NPK,1,R0,-3.4842742317189583
Centaurea_jacea,-2.328,0.264,Ordbeta,T0-T3,NPK,1,Reactivity,0.4168576413811439
Centaurea_jacea,-2.328,0.264,Ordbeta,T0-T3,NPK,1,T_generation,2.978872381362829
Centaurea_jacea,-2.328,0.264,Ordbeta,T0-T3,NPK,1,age_repro,1.6363011514297372
Centaurea_jacea,-2.328,0.264,Ordbeta,T0-T3,NPK,1,percapita_repro,-1.7828083742933423
Cerastium_fontanum,-2.33,0.201,Ordbeta,T0-T3,NPK,1,FirstStepAtt,-2.696031853083466
Cerastium_fontanum,-2.33,0.201,Ordbeta,T0-T3,NPK,1,Lambda,NA
Cerastium_fontanum,-2.33,0.201,Ordbeta,T0-T3,NPK,1,Lmax,0
Cerastium_fontanum,-2.33,0.201,Ordbeta,T0-T3,NPK,1,Lmean,0
Cerastium_fontanum,-2.33,0.201,Ordbeta,T0-T3,NPK,1,R0,1.5184623246973081
Cerastium_fontanum,-2.33,0.201,Ordbeta,T0-T3,NPK,1,Reactivity,3.027270925563423
Cerastium_fontanum,-2.33,0.201,Ordbeta,T0-T3,NPK,1,T_generation,0.005048904923272251
Cerastium_fontanum,-2.33,0.201,Ordbeta,T0-T3,NPK,1,age_repro,0.8873031950009029
Cerastium_fontanum,-2.33,0.201,Ordbeta,T0-T3,NPK,1,percapita_repro,4.522657764413627
Cirsium_arvense,-1.992,0.224,Ordbeta,T0-T3,NPK,1,FirstStepAtt,-3.3290015249469986
Cirsium_arvense,-1.992,0.224,Ordbeta,T0-T3,NPK,1,Lambda,NA
Cirsium_arvense,-1.992,0.224,Ordbeta,T0-T3,NPK,1,Lmax,1.0986122886681098
Cirsium_arvense,-1.992,0.224,Ordbeta,T0-T3,NPK,1,Lmean,0.1699960817758222
Cirsium_arvense,-1.992,0.224,Ordbeta,T0-T3,NPK,1,R0,3.228914980534981
Cirsium_arvense,-1.992,0.224,Ordbeta,T0-T3,NPK,1,Reactivity,4.0664130997692896
Cirsium_arvense,-1.992,0.224,Ordbeta,T0-T3,NPK,1,T_generation,0.770361224737239
Cirsium_arvense,-1.992,0.224,Ordbeta,T0-T3,NPK,1,age_repro,1.162546762671639
Cirsium_arvense,-1.992,0.224,Ordbeta,T0-T3,NPK,1,percapita_repro,5.427985054670073
Cirsium_palustre,-2.199,0.543,Ordbeta,T0-T3,NPK,1,FirstStepAtt,-2.5937654771378242
Cirsium_palustre,-2.199,0.543,Ordbeta,T0-T3,NPK,1,Lambda,1.4428002172428838
Cirsium_palustre,-2.199,0.543,Ordbeta,T0-T3,NPK,1,Lmax,1.5273118956910914
Cirsium_palustre,-2.199,0.543,Ordbeta,T0-T3,NPK,1,Lmean,0.20135107219302092
Cirsium_palustre,-2.199,0.543,Ordbeta,T0-T3,NPK,1,R0,1.2807231364002394
Cirsium_palustre,-2.199,0.543,Ordbeta,T0-T3,NPK,1,Reactivity,4.898747288058176
Cirsium_palustre,-2.199,0.543,Ordbeta,T0-T3,NPK,1,T_generation,1.2255759905166657
Cirsium_palustre,-2.199,0.543,Ordbeta,T0-T3,NPK,1,age_repro,1.534647496889771
Cirsium_palustre,-2.199,0.543,Ordbeta,T0-T3,NPK,1,percapita_repro,4.957313127808717
Cirsium_vulgare,-1.966,0.402,Ordbeta,T0-T3,NPK,1,FirstStepAtt,-3.1910655226282234
Cirsium_vulgare,-1.966,0.402,Ordbeta,T0-T3,NPK,1,Lambda,0.7844344795818798
Cirsium_vulgare,-1.966,0.402,Ordbeta,T0-T3,NPK,1,Lmax,1.507973248367974
Cirsium_vulgare,-1.966,0.402,Ordbeta,T0-T3,NPK,1,Lmean,0.3479988332516422
Cirsium_vulgare,-1.966,0.402,Ordbeta,T0-T3,NPK,1,R0,-1.420279247517773
Cirsium_vulgare,-1.966,0.402,Ordbeta,T0-T3,NPK,1,Reactivity,2.641485998869525
Cirsium_vulgare,-1.966,0.402,Ordbeta,T0-T3,NPK,1,T_generation,1.4828783988333107
Cirsium_vulgare,-1.966,0.402,Ordbeta,T0-T3,NPK,1,age_repro,0.9323966804077027
Cirsium_vulgare,-1.966,0.402,Ordbeta,T0-T3,NPK,1,percapita_repro,1.89963041219607
Cytisus_scoparius,-1.993,0.569,Ordbeta,T0-T3,NPK,1,FirstStepAtt,-1.0805803134528444
Cytisus_scoparius,-1.993,0.569,Ordbeta,T0-T3,NPK,1,Lambda,1.213292465253893
Cytisus_scoparius,-1.993,0.569,Ordbeta,T0-T3,NPK,1,Lmax,3.4362872742721846
Cytisus_scoparius,-1.993,0.569,Ordbeta,T0-T3,NPK,1,Lmean,1.6108317812687714
Cytisus_scoparius,-1.993,0.569,Ordbeta,T0-T3,NPK,1,R0,1.2836591821667371
Cytisus_scoparius,-1.993,0.569,Ordbeta,T0-T3,NPK,1,Reactivity,7.2558813136686915
Cytisus_scoparius,-1.993,0.569,Ordbeta,T0-T3,NPK,1,T_generation,2.553183717615863
Cytisus_scoparius,-1.993,0.569,Ordbeta,T0-T3,NPK,1,age_repro,1.7233105661137673
Cytisus_scoparius,-1.993,0.569,Ordbeta,T0-T3,NPK,1,percapita_repro,5.712086717106164
Daucus_carota,-2.067,0.256,Ordbeta,T0-T3,NPK,1,FirstStepAtt,-4.040610337013186
Daucus_carota,-2.067,0.256,Ordbeta,T0-T3,NPK,1,Lambda,1.7161044748521754
Daucus_carota,-2.067,0.256,Ordbeta,T0-T3,NPK,1,Lmax,1.0986122886681098
Daucus_carota,-2.067,0.256,Ordbeta,T0-T3,NPK,1,Lmean,0.31834252276646996
Daucus_carota,-2.067,0.256,Ordbeta,T0-T3,NPK,1,R0,1.8196701629274532
Daucus_carota,-2.067,0.256,Ordbeta,T0-T3,NPK,1,Reactivity,NA
Daucus_carota,-2.067,0.256,Ordbeta,T0-T3,NPK,1,T_generation,1.189773196967312
Daucus_carota,-2.067,0.256,Ordbeta,T0-T3,NPK,1,age_repro,1.431272611901774
Daucus_carota,-2.067,0.256,Ordbeta,T0-T3,NPK,1,percapita_repro,NA
Echium_vulgare,-1.594,0.346,Ordbeta,T0-T3,NPK,1,FirstStepAtt,-1.4808281568478856
Echium_vulgare,-1.594,0.346,Ordbeta,T0-T3,NPK,1,Lambda,1.5475980030086196
Echium_vulgare,-1.594,0.346,Ordbeta,T0-T3,NPK,1,Lmax,1.3862943611198906
Echium_vulgare,-1.594,0.346,Ordbeta,T0-T3,NPK,1,Lmean,0.5010758488001461
Echium_vulgare,-1.594,0.346,Ordbeta,T0-T3,NPK,1,R0,1.6034012709220467
Echium_vulgare,-1.594,0.346,Ordbeta,T0-T3,NPK,1,Reactivity,3.2663741200499037
Echium_vulgare,-1.594,0.346,Ordbeta,T0-T3,NPK,1,T_generation,1.2871395045757101
Echium_vulgare,-1.594,0.346,Ordbeta,T0-T3,NPK,1,age_repro,1.3132909952863716
Echium_vulgare,-1.594,0.346,Ordbeta,T0-T3,NPK,1,percapita_repro,3.7030781735137492
Elymus_repens,-1.749,0.24,Ordbeta,T0-T3,NPK,1,FirstStepAtt,-19.608981934788076
Elymus_repens,-1.749,0.24,Ordbeta,T0-T3,NPK,1,Lambda,NA
Elymus_repens,-1.749,0.24,Ordbeta,T0-T3,NPK,1,Lmax,0.6931471805599453
Elymus_repens,-1.749,0.24,Ordbeta,T0-T3,NPK,1,Lmean,0.34830572665687204
Elymus_repens,-1.749,0.24,Ordbeta,T0-T3,NPK,1,R0,4.306802628082906
Elymus_repens,-1.749,0.24,Ordbeta,T0-T3,NPK,1,Reactivity,NA
Elymus_repens,-1.749,0.24,Ordbeta,T0-T3,NPK,1,T_generation,0.00771453240913415
Elymus_repens,-1.749,0.24,Ordbeta,T0-T3,NPK,1,age_repro,0
Elymus_repens,-1.749,0.24,Ordbeta,T0-T3,NPK,1,percapita_repro,-5.74205469871386
Erigeron_canadensis,-2.421,0.327,Ordbeta,T0-T3,NPK,1,FirstStepAtt,-2.9940372183428647
Erigeron_canadensis,-2.421,0.327,Ordbeta,T0-T3,NPK,1,Lambda,NA
Erigeron_canadensis,-2.421,0.327,Ordbeta,T0-T3,NPK,1,Lmax,0
Erigeron_canadensis,-2.421,0.327,Ordbeta,T0-T3,NPK,1,Lmean,0
Erigeron_canadensis,-2.421,0.327,Ordbeta,T0-T3,NPK,1,R0,2.750423016465953
Erigeron_canadensis,-2.421,0.327,Ordbeta,T0-T3,NPK,1,Reactivity,3.7256901124743216
Erigeron_canadensis,-2.421,0.327,Ordbeta,T0-T3,NPK,1,T_generation,0.1300250884192771
Erigeron_canadensis,-2.421,0.327,Ordbeta,T0-T3,NPK,1,age_repro,0.9159908368351705
Erigeron_canadensis,-2.421,0.327,Ordbeta,T0-T3,NPK,1,percapita_repro,5.684089841310465
Knautia_arvensis,-1.903,0.348,Ordbeta,T0-T3,NPK,1,FirstStepAtt,-2.9563737542749036
Knautia_arvensis,-1.903,0.348,Ordbeta,T0-T3,NPK,1,Lambda,0.30764990872892983
Knautia_arvensis,-1.903,0.348,Ordbeta,T0-T3,NPK,1,Lmax,0.6931471805599453
Knautia_arvensis,-1.903,0.348,Ordbeta,T0-T3,NPK,1,Lmean,0.022139719151234638
Knautia_arvensis,-1.903,0.348,Ordbeta,T0-T3,NPK,1,R0,-9.95071325619903
Knautia_arvensis,-1.903,0.348,Ordbeta,T0-T3,NPK,1,Reactivity,0.35097071858090523
Knautia_arvensis,-1.903,0.348,Ordbeta,T0-T3,NPK,1,T_generation,NA
Knautia_arvensis,-1.903,0.348,Ordbeta,T0-T3,NPK,1,age_repro,0.9322894183877876
Knautia_arvensis,-1.903,0.348,Ordbeta,T0-T3,NPK,1,percapita_repro,-4.367646677748796
Lactuca_serriola,-2.551,0.441,Ordbeta,T0-T3,NPK,1,FirstStepAtt,-2.5276283678174485
Lactuca_serriola,-2.551,0.441,Ordbeta,T0-T3,NPK,1,Lambda,NA
Lactuca_serriola,-2.551,0.441,Ordbeta,T0-T3,NPK,1,Lmax,0
Lactuca_serriola,-2.551,0.441,Ordbeta,T0-T3,NPK,1,Lmean,0
Lactuca_serriola,-2.551,0.441,Ordbeta,T0-T3,NPK,1,R0,2.961708269076509
Lactuca_serriola,-2.551,0.441,Ordbeta,T0-T3,NPK,1,Reactivity,5.096932718325193
Lactuca_serriola,-2.551,0.441,Ordbeta,T0-T3,NPK,1,T_generation,0.08738433516364566
Lactuca_serriola,-2.551,0.441,Ordbeta,T0-T3,NPK,1,age_repro,1.2839753424841123
Lactuca_serriola,-2.551,0.441,Ordbeta,T0-T3,NPK,1,percapita_repro,7.147653680580111
Linum_catharticum,-2.43,0.29,Ordbeta,T0-T3,NPK,1,FirstStepAtt,-3.1953085121694222
Linum_catharticum,-2.43,0.29,Ordbeta,T0-T3,NPK,1,Lambda,NA
Linum_catharticum,-2.43,0.29,Ordbeta,T0-T3,NPK,1,Lmax,2.0794415416798357
Linum_catharticum,-2.43,0.29,Ordbeta,T0-T3,NPK,1,Lmean,0.7715798705141755
Linum_catharticum,-2.43,0.29,Ordbeta,T0-T3,NPK,1,R0,1.7942778474769046
Linum_catharticum,-2.43,0.29,Ordbeta,T0-T3,NPK,1,Reactivity,3.8165083573910685
Linum_catharticum,-2.43,0.29,Ordbeta,T0-T3,NPK,1,T_generation,0.3007917133047998
Linum_catharticum,-2.43,0.29,Ordbeta,T0-T3,NPK,1,age_repro,0.7034715243015948
Linum_catharticum,-2.43,0.29,Ordbeta,T0-T3,NPK,1,percapita_repro,3.0328521355315146
Myosotis_ramosissima,-2.072,0.558,Ordbeta,T0-T3,NPK,1,FirstStepAtt,-3.6870030575668453
Myosotis_ramosissima,-2.072,0.558,Ordbeta,T0-T3,NPK,1,Lambda,1.4558843238144925
Myosotis_ramosissima,-2.072,0.558,Ordbeta,T0-T3,NPK,1,Lmax,0
Myosotis_ramosissima,-2.072,0.558,Ordbeta,T0-T3,NPK,1,Lmean,0
Myosotis_ramosissima,-2.072,0.558,Ordbeta,T0-T3,NPK,1,R0,1.3761933951892638
Myosotis_ramosissima,-2.072,0.558,Ordbeta,T0-T3,NPK,1,Reactivity,0.48764865977290195
Myosotis_ramosissima,-2.072,0.558,Ordbeta,T0-T3,NPK,1,T_generation,0.01373447854635909
Myosotis_ramosissima,-2.072,0.558,Ordbeta,T0-T3,NPK,1,age_repro,0.7154702161542037
Myosotis_ramosissima,-2.072,0.558,Ordbeta,T0-T3,NPK,1,percapita_repro,1.826732983425593
Picris_hieracioides,-1.496,0.255,Ordbeta,T0-T3,NPK,1,FirstStepAtt,-4.012603074068455
Picris_hieracioides,-1.496,0.255,Ordbeta,T0-T3,NPK,1,Lambda,0.8846497432296888
Picris_hieracioides,-1.496,0.255,Ordbeta,T0-T3,NPK,1,Lmax,0.6931471805599453
Picris_hieracioides,-1.496,0.255,Ordbeta,T0-T3,NPK,1,Lmean,0.025497751793431413
Picris_hieracioides,-1.496,0.255,Ordbeta,T0-T3,NPK,1,R0,-0.5012341883972119
Picris_hieracioides,-1.496,0.255,Ordbeta,T0-T3,NPK,1,Reactivity,5.739334580340472
Picris_hieracioides,-1.496,0.255,Ordbeta,T0-T3,NPK,1,T_generation,1.4151934417967609
Picris_hieracioides,-1.496,0.255,Ordbeta,T0-T3,NPK,1,age_repro,1.5430234695350933
Picris_hieracioides,-1.496,0.255,Ordbeta,T0-T3,NPK,1,percapita_repro,5.616771097666572
Pimpinella_saxifraga,-2.252,0.372,Ordbeta,T0-T3,NPK,1,FirstStepAtt,-0.5923077657542145
Pimpinella_saxifraga,-2.252,0.372,Ordbeta,T0-T3,NPK,1,Lambda,0.9547406316474246
Pimpinella_saxifraga,-2.252,0.372,Ordbeta,T0-T3,NPK,1,Lmax,3.2778313935718644
Pimpinella_saxifraga,-2.252,0.372,Ordbeta,T0-T3,NPK,1,Lmean,1.3985454207581607
Pimpinella_saxifraga,-2.252,0.372,Ordbeta,T0-T3,NPK,1,R0,-0.7090626241047243
Pimpinella_saxifraga,-2.252,0.372,Ordbeta,T0-T3,NPK,1,Reactivity,0.9233752615973373
Pimpinella_saxifraga,-2.252,0.372,Ordbeta,T0-T3,NPK,1,T_generation,2.775613869924522
Pimpinella_saxifraga,-2.252,0.372,Ordbeta,T0-T3,NPK,1,age_repro,1.7819632124517442
Pimpinella_saxifraga,-2.252,0.372,Ordbeta,T0-T3,NPK,1,percapita_repro,-0.16356267781330006
Plantago_coronopus,-1.752,0.263,Ordbeta,T0-T3,NPK,1,FirstStepAtt,-1.0607821044920802
Plantago_coronopus,-1.752,0.263,Ordbeta,T0-T3,NPK,1,Lambda,0.8883340096307588
Plantago_coronopus,-1.752,0.263,Ordbeta,T0-T3,NPK,1,Lmax,1.907994489728227
Plantago_coronopus,-1.752,0.263,Ordbeta,T0-T3,NPK,1,Lmean,0.5836315540514999
Plantago_coronopus,-1.752,0.263,Ordbeta,T0-T3,NPK,1,R0,-0.7679497099488539
Plantago_coronopus,-1.752,0.263,Ordbeta,T0-T3,NPK,1,Reactivity,1.2700917455756846
Plantago_coronopus,-1.752,0.263,Ordbeta,T0-T3,NPK,1,T_generation,1.4792349913940708
Plantago_coronopus,-1.752,0.263,Ordbeta,T0-T3,NPK,1,age_repro,0.7227032675127357
Plantago_coronopus,-1.752,0.263,Ordbeta,T0-T3,NPK,1,percapita_repro,-0.1607889960080645
Plantago_media,-2.171,0.347,Ordbeta,T0-T3,NPK,1,FirstStepAtt,-2.5216721506920545
Plantago_media,-2.171,0.347,Ordbeta,T0-T3,NPK,1,Lambda,0.9166479924897526
Plantago_media,-2.171,0.347,Ordbeta,T0-T3,NPK,1,Lmax,1.7178918965462198
Plantago_media,-2.171,0.347,Ordbeta,T0-T3,NPK,1,Lmean,0.24009345509101096
Plantago_media,-2.171,0.347,Ordbeta,T0-T3,NPK,1,R0,-3.703632943874186
Plantago_media,-2.171,0.347,Ordbeta,T0-T3,NPK,1,Reactivity,0.9115891884505661
Plantago_media,-2.171,0.347,Ordbeta,T0-T3,NPK,1,T_generation,3.283074054166277
Plantago_media,-2.171,0.347,Ordbeta,T0-T3,NPK,1,age_repro,2.050568331584061
Plantago_media,-2.171,0.347,Ordbeta,T0-T3,NPK,1,percapita_repro,0.21247852101489456
Potentilla_recta,-2.002,0.353,Ordbeta,T0-T3,NPK,1,FirstStepAtt,-1.207246625178343
Potentilla_recta,-2.002,0.353,Ordbeta,T0-T3,NPK,1,Lambda,1.3233051390988662
Potentilla_recta,-2.002,0.353,Ordbeta,T0-T3,NPK,1,Lmax,2.8995463272302633
Potentilla_recta,-2.002,0.353,Ordbeta,T0-T3,NPK,1,Lmean,1.114174982541197
Potentilla_recta,-2.002,0.353,Ordbeta,T0-T3,NPK,1,R0,-Inf
Potentilla_recta,-2.002,0.353,Ordbeta,T0-T3,NPK,1,Reactivity,2.3355670141886495
Potentilla_recta,-2.002,0.353,Ordbeta,T0-T3,NPK,1,T_generation,1.12856647634655
Potentilla_recta,-2.002,0.353,Ordbeta,T0-T3,NPK,1,age_repro,1.470241457035962
Potentilla_recta,-2.002,0.353,Ordbeta,T0-T3,NPK,1,percapita_repro,5.184136566294191
Primula_elatior,-2.044,0.563,Ordbeta,T0-T3,NPK,1,FirstStepAtt,-2.5752591198739894
Primula_elatior,-2.044,0.563,Ordbeta,T0-T3,NPK,1,Lambda,1.0243599289476764
Primula_elatior,-2.044,0.563,Ordbeta,T0-T3,NPK,1,Lmax,3.078214221499716
Primula_elatior,-2.044,0.563,Ordbeta,T0-T3,NPK,1,Lmean,0.934868660605433
Primula_elatior,-2.044,0.563,Ordbeta,T0-T3,NPK,1,R0,-0.19834378876572734
Primula_elatior,-2.044,0.563,Ordbeta,T0-T3,NPK,1,Reactivity,1.2375774274497275
Primula_elatior,-2.044,0.563,Ordbeta,T0-T3,NPK,1,T_generation,2.7743429427827526
Primula_elatior,-2.044,0.563,Ordbeta,T0-T3,NPK,1,age_repro,1.5965918444925693
Primula_elatior,-2.044,0.563,Ordbeta,T0-T3,NPK,1,percapita_repro,0.6906312588074859
Primula_veris,-2.217,0.437,Ordbeta,T0-T3,NPK,1,FirstStepAtt,-3.0996415326914413
Primula_veris,-2.217,0.437,Ordbeta,T0-T3,NPK,1,Lambda,0.9177166512186883
Primula_veris,-2.217,0.437,Ordbeta,T0-T3,NPK,1,Lmax,1.777554626801171
Primula_veris,-2.217,0.437,Ordbeta,T0-T3,NPK,1,Lmean,0.3457340899605148
Primula_veris,-2.217,0.437,Ordbeta,T0-T3,NPK,1,R0,-3.5312053848310136
Primula_veris,-2.217,0.437,Ordbeta,T0-T3,NPK,1,Reactivity,1.8406103144604358
Primula_veris,-2.217,0.437,Ordbeta,T0-T3,NPK,1,T_generation,3.2661511301743356
Primula_veris,-2.217,0.437,Ordbeta,T0-T3,NPK,1,age_repro,2.1007008996065113
Primula_veris,-2.217,0.437,Ordbeta,T0-T3,NPK,1,percapita_repro,1.3057574210790406
Ranunculus_acris,-2.205,0.202,Ordbeta,T0-T3,NPK,1,FirstStepAtt,-2.223673155588096
Ranunculus_acris,-2.205,0.202,Ordbeta,T0-T3,NPK,1,Lambda,1.1474253581153837
Ranunculus_acris,-2.205,0.202,Ordbeta,T0-T3,NPK,1,Lmax,1.791759469228055
Ranunculus_acris,-2.205,0.202,Ordbeta,T0-T3,NPK,1,Lmean,0.2694368352850544
Ranunculus_acris,-2.205,0.202,Ordbeta,T0-T3,NPK,1,R0,0.4291243489821683
Ranunculus_acris,-2.205,0.202,Ordbeta,T0-T3,NPK,1,Reactivity,1.8978523971700296
Ranunculus_acris,-2.205,0.202,Ordbeta,T0-T3,NPK,1,T_generation,1.3335494740785472
Ranunculus_acris,-2.205,0.202,Ordbeta,T0-T3,NPK,1,age_repro,1.1167312512505851
Ranunculus_acris,-2.205,0.202,Ordbeta,T0-T3,NPK,1,percapita_repro,1.9401794743463283
Sphaeralcea_coccinea,-2.104,0.37,Ordbeta,T0-T3,NPK,1,FirstStepAtt,-0.021668930362796438
Sphaeralcea_coccinea,-2.104,0.37,Ordbeta,T0-T3,NPK,1,Lambda,0.9140916052986946
Sphaeralcea_coccinea,-2.104,0.37,Ordbeta,T0-T3,NPK,1,Lmax,1.1291966833851346
Sphaeralcea_coccinea,-2.104,0.37,Ordbeta,T0-T3,NPK,1,Lmean,0.18479959171993668
Sphaeralcea_coccinea,-2.104,0.37,Ordbeta,T0-T3,NPK,1,R0,-0.1631566065473073
Sphaeralcea_coccinea,-2.104,0.37,Ordbeta,T0-T3,NPK,1,Reactivity,0.06479482429602482
Sphaeralcea_coccinea,-2.104,0.37,Ordbeta,T0-T3,NPK,1,T_generation,0.2422469272637918
Sphaeralcea_coccinea,-2.104,0.37,Ordbeta,T0-T3,NPK,1,age_repro,0
Sphaeralcea_coccinea,-2.104,0.37,Ordbeta,T0-T3,NPK,1,percapita_repro,-0.347956198267244
Stenaria_nigricans,-2.293,0.408,Ordbeta,T0-T3,NPK,1,FirstStepAtt,-0.001506241946231945
Stenaria_nigricans,-2.293,0.408,Ordbeta,T0-T3,NPK,1,Lambda,0.9901413361648121
Stenaria_nigricans,-2.293,0.408,Ordbeta,T0-T3,NPK,1,Lmax,0.8841014310483891
Stenaria_nigricans,-2.293,0.408,Ordbeta,T0-T3,NPK,1,Lmean,0.1061701762787086
Stenaria_nigricans,-2.293,0.408,Ordbeta,T0-T3,NPK,1,R0,0.21085254589803137
Stenaria_nigricans,-2.293,0.408,Ordbeta,T0-T3,NPK,1,Reactivity,0.009202684809058356
Stenaria_nigricans,-2.293,0.408,Ordbeta,T0-T3,NPK,1,T_generation,0.10216634557653176
Stenaria_nigricans,-2.293,0.408,Ordbeta,T0-T3,NPK,1,age_repro,0
Stenaria_nigricans,-2.293,0.408,Ordbeta,T0-T3,NPK,1,percapita_repro,0.10468236961932272
Taraxacum_campylodes,-2.606,0.405,Ordbeta,T0-T3,NPK,1,FirstStepAtt,-2.3531148413315983
Taraxacum_campylodes,-2.606,0.405,Ordbeta,T0-T3,NPK,1,Lambda,0.08041791145870329
Taraxacum_campylodes,-2.606,0.405,Ordbeta,T0-T3,NPK,1,Lmax,0.5493061443340549
Taraxacum_campylodes,-2.606,0.405,Ordbeta,T0-T3,NPK,1,Lmean,0.06773896227809098
Taraxacum_campylodes,-2.606,0.405,Ordbeta,T0-T3,NPK,1,R0,-Inf
Taraxacum_campylodes,-2.606,0.405,Ordbeta,T0-T3,NPK,1,Reactivity,2.4046693226371185
Taraxacum_campylodes,-2.606,0.405,Ordbeta,T0-T3,NPK,1,T_generation,NA
Taraxacum_campylodes,-2.606,0.405,Ordbeta,T0-T3,NPK,1,age_repro,0
Taraxacum_campylodes,-2.606,0.405,Ordbeta,T0-T3,NPK,1,percapita_repro,-11.213549524439351
Thymus_vulgaris,-1.856,0.447,Ordbeta,T0-T3,NPK,1,FirstStepAtt,-0.005866973847378982
Thymus_vulgaris,-1.856,0.447,Ordbeta,T0-T3,NPK,1,Lambda,0.9926751959162854
Thymus_vulgaris,-1.856,0.447,Ordbeta,T0-T3,NPK,1,Lmax,5.964961904446033
Thymus_vulgaris,-1.856,0.447,Ordbeta,T0-T3,NPK,1,Lmean,4.459892288650257
Thymus_vulgaris,-1.856,0.447,Ordbeta,T0-T3,NPK,1,R0,-1.07189733945768
Thymus_vulgaris,-1.856,0.447,Ordbeta,T0-T3,NPK,1,Reactivity,0.010349758754626258
Thymus_vulgaris,-1.856,0.447,Ordbeta,T0-T3,NPK,1,T_generation,NA
Thymus_vulgaris,-1.856,0.447,Ordbeta,T0-T3,NPK,1,age_repro,NA
Thymus_vulgaris,-1.856,0.447,Ordbeta,T0-T3,NPK,1,percapita_repro,-5.143380039347928
Verbascum_thapsus,-1.942,0.494,Ordbeta,T0-T3,NPK,1,FirstStepAtt,-4.012613096092431
Verbascum_thapsus,-1.942,0.494,Ordbeta,T0-T3,NPK,1,Lambda,NA
Verbascum_thapsus,-1.942,0.494,Ordbeta,T0-T3,NPK,1,Lmax,0.6931471805599453
Verbascum_thapsus,-1.942,0.494,Ordbeta,T0-T3,NPK,1,Lmean,0.05129369438747054
Verbascum_thapsus,-1.942,0.494,Ordbeta,T0-T3,NPK,1,R0,3.381715911075376
Verbascum_thapsus,-1.942,0.494,Ordbeta,T0-T3,NPK,1,Reactivity,NA
Verbascum_thapsus,-1.942,0.494,Ordbeta,T0-T3,NPK,1,T_generation,0.7764348966557838
Verbascum_thapsus,-1.942,0.494,Ordbeta,T0-T3,NPK,1,age_repro,2.5523449856956373
Verbascum_thapsus,-1.942,0.494,Ordbeta,T0-T3,NPK,1,percapita_repro,NA
Veronica_arvensis,-2.394,0.252,Ordbeta,T0-T3,NPK,1,FirstStepAtt,-1.3609972168245543
Veronica_arvensis,-2.394,0.252,Ordbeta,T0-T3,NPK,1,Lambda,1.0575348190993947
Veronica_arvensis,-2.394,0.252,Ordbeta,T0-T3,NPK,1,Lmax,0.12924850454918937
Veronica_arvensis,-2.394,0.252,Ordbeta,T0-T3,NPK,1,Lmean,0.05244694819316372
Veronica_arvensis,-2.394,0.252,Ordbeta,T0-T3,NPK,1,R0,-0.014999404757933849
Veronica_arvensis,-2.394,0.252,Ordbeta,T0-T3,NPK,1,Reactivity,1.7913324339405632
Veronica_arvensis,-2.394,0.252,Ordbeta,T0-T3,NPK,1,T_generation,0.41785049626112153
Veronica_arvensis,-2.394,0.252,Ordbeta,T0-T3,NPK,1,age_repro,0.8907769885320955
Veronica_arvensis,-2.394,0.252,Ordbeta,T0-T3,NPK,1,percapita_repro,1.8152156216155975
