Taxon,Taxon_site,RE,RE_se,model,time_period_cover_change,experiment,ID,site_name,Demo_trait,Demo_value,New_demo_trait,hypoth,year_trt,site_time_rich,site_time_simp,site_time_shan,site_time_invsimp,meanSigmas,sigmaonMeans,variability,mean_cover,new_provenance
Agrimonia_eupatoria,Agrimonia_eupatoria_Lublin,-2.121,0.633,Ordbeta,T0-T1,DIST,1,Lublin,FirstStepAtt,2.3343019259834654,First step attenuation,H3,T0,0.9200782621397927,0.9604863427438979,1.1194775334878724,0,-0.4348762416097607,-0.6652760678718184,0.5867498761097362,0.2778387604157047,NAT
Agrimonia_eupatoria,Agrimonia_eupatoria_Lublin,-2.121,0.633,Ordbeta,T0-T1,DIST,1,Lublin,Lambda,-0.10656669035025709,Population growth rate,H4,T0,0.9200782621397927,0.9604863427438979,1.1194775334878724,0,-0.4348762416097607,-0.6652760678718184,0.5867498761097362,0.2778387604157047,NAT
Agrimonia_eupatoria,Agrimonia_eupatoria_Lublin,-2.121,0.633,Ordbeta,T0-T1,DIST,1,Lublin,R0,-0.5264557080408857,Net reproductive rate,H1,T0,0.9200782621397927,0.9604863427438979,1.1194775334878724,0,-0.4348762416097607,-0.6652760678718184,0.5867498761097362,0.2778387604157047,NAT
Agrimonia_eupatoria,Agrimonia_eupatoria_Lublin,-2.121,0.633,Ordbeta,T0-T1,DIST,1,Lublin,Reactivity,-0.6589856762149182,Reactivity,H3,T0,0.9200782621397927,0.9604863427438979,1.1194775334878724,0,-0.4348762416097607,-0.6652760678718184,0.5867498761097362,0.2778387604157047,NAT
Agrimonia_eupatoria,Agrimonia_eupatoria_Lublin,-2.121,0.633,Ordbeta,T0-T1,DIST,1,Lublin,T_generation,4.391663176946134,Generation time,H2,T0,0.9200782621397927,0.9604863427438979,1.1194775334878724,0,-0.4348762416097607,-0.6652760678718184,0.5867498761097362,0.2778387604157047,NAT
Agrimonia_eupatoria,Agrimonia_eupatoria_Lublin,-2.121,0.633,Ordbeta,T0-T1,DIST,1,Lublin,age_repro,1.7697949123951642,Age at first reproduction,H2,T0,0.9200782621397927,0.9604863427438979,1.1194775334878724,0,-0.4348762416097607,-0.6652760678718184,0.5867498761097362,0.2778387604157047,NAT
Agrimonia_eupatoria,Agrimonia_eupatoria_Lublin,-2.121,0.633,Ordbeta,T0-T1,DIST,1,Lublin,percapita_repro,-0.4706447535163626,Per capita reproduction,H1,T0,0.9200782621397927,0.9604863427438979,1.1194775334878724,0,-0.4348762416097607,-0.6652760678718184,0.5867498761097362,0.2778387604157047,NAT
Agrimonia_eupatoria,Agrimonia_eupatoria_Wytham Woods,-2.31,0.197,Ordbeta,T0-T1,DIST,1,Wytham Woods,FirstStepAtt,2.3343019259834654,First step attenuation,H3,T0,1.1385262951706692,0.9703437817001139,1.0760089899315513,0,-0.48678535534291734,-0.5976146616129729,0.41522666757088206,-0.12047087426531668,NAT
Agrimonia_eupatoria,Agrimonia_eupatoria_Wytham Woods,-2.31,0.197,Ordbeta,T0-T1,DIST,1,Wytham Woods,Lambda,-0.10656669035025709,Population growth rate,H4,T0,1.1385262951706692,0.9703437817001139,1.0760089899315513,0,-0.48678535534291734,-0.5976146616129729,0.41522666757088206,-0.12047087426531668,NAT
Agrimonia_eupatoria,Agrimonia_eupatoria_Wytham Woods,-2.31,0.197,Ordbeta,T0-T1,DIST,1,Wytham Woods,R0,-0.5264557080408857,Net reproductive rate,H1,T0,1.1385262951706692,0.9703437817001139,1.0760089899315513,0,-0.48678535534291734,-0.5976146616129729,0.41522666757088206,-0.12047087426531668,NAT
Agrimonia_eupatoria,Agrimonia_eupatoria_Wytham Woods,-2.31,0.197,Ordbeta,T0-T1,DIST,1,Wytham Woods,Reactivity,-0.6589856762149182,Reactivity,H3,T0,1.1385262951706692,0.9703437817001139,1.0760089899315513,0,-0.48678535534291734,-0.5976146616129729,0.41522666757088206,-0.12047087426531668,NAT
Agrimonia_eupatoria,Agrimonia_eupatoria_Wytham Woods,-2.31,0.197,Ordbeta,T0-T1,DIST,1,Wytham Woods,T_generation,4.391663176946134,Generation time,H2,T0,1.1385262951706692,0.9703437817001139,1.0760089899315513,0,-0.48678535534291734,-0.5976146616129729,0.41522666757088206,-0.12047087426531668,NAT
Agrimonia_eupatoria,Agrimonia_eupatoria_Wytham Woods,-2.31,0.197,Ordbeta,T0-T1,DIST,1,Wytham Woods,age_repro,1.7697949123951642,Age at first reproduction,H2,T0,1.1385262951706692,0.9703437817001139,1.0760089899315513,0,-0.48678535534291734,-0.5976146616129729,0.41522666757088206,-0.12047087426531668,NAT
Agrimonia_eupatoria,Agrimonia_eupatoria_Wytham Woods,-2.31,0.197,Ordbeta,T0-T1,DIST,1,Wytham Woods,percapita_repro,-0.4706447535163626,Per capita reproduction,H1,T0,1.1385262951706692,0.9703437817001139,1.0760089899315513,0,-0.48678535534291734,-0.5976146616129729,0.41522666757088206,-0.12047087426531668,NAT
Allium_vineale,Allium_vineale_Blandy Experimental Farm,-3.038,0.342,Ordbeta,T0-T1,DIST,1,Blandy Experimental Farm,FirstStepAtt,-0.14304657203922302,First step attenuation,H3,T0,-0.9211265876918799,-0.9121998324506817,-1.444734176104233,0,0.7318735048799031,1.120081927705361,-1.1236658654167908,-0.23930332157524994,INT
Allium_vineale,Allium_vineale_Blandy Experimental Farm,-3.038,0.342,Ordbeta,T0-T1,DIST,1,Blandy Experimental Farm,Lambda,0.36286125690224547,Population growth rate,H4,T0,-0.9211265876918799,-0.9121998324506817,-1.444734176104233,0,0.7318735048799031,1.120081927705361,-1.1236658654167908,-0.23930332157524994,INT
Allium_vineale,Allium_vineale_Blandy Experimental Farm,-3.038,0.342,Ordbeta,T0-T1,DIST,1,Blandy Experimental Farm,R0,-0.5363791774498088,Net reproductive rate,H1,T0,-0.9211265876918799,-0.9121998324506817,-1.444734176104233,0,0.7318735048799031,1.120081927705361,-1.1236658654167908,-0.23930332157524994,INT
Allium_vineale,Allium_vineale_Blandy Experimental Farm,-3.038,0.342,Ordbeta,T0-T1,DIST,1,Blandy Experimental Farm,Reactivity,-0.5554183130459877,Reactivity,H3,T0,-0.9211265876918799,-0.9121998324506817,-1.444734176104233,0,0.7318735048799031,1.120081927705361,-1.1236658654167908,-0.23930332157524994,INT
Allium_vineale,Allium_vineale_Blandy Experimental Farm,-3.038,0.342,Ordbeta,T0-T1,DIST,1,Blandy Experimental Farm,T_generation,-0.35878904972400877,Generation time,H2,T0,-0.9211265876918799,-0.9121998324506817,-1.444734176104233,0,0.7318735048799031,1.120081927705361,-1.1236658654167908,-0.23930332157524994,INT
Allium_vineale,Allium_vineale_Blandy Experimental Farm,-3.038,0.342,Ordbeta,T0-T1,DIST,1,Blandy Experimental Farm,age_repro,-0.11220086554133288,Age at first reproduction,H2,T0,-0.9211265876918799,-0.9121998324506817,-1.444734176104233,0,0.7318735048799031,1.120081927705361,-1.1236658654167908,-0.23930332157524994,INT
Allium_vineale,Allium_vineale_Blandy Experimental Farm,-3.038,0.342,Ordbeta,T0-T1,DIST,1,Blandy Experimental Farm,percapita_repro,-0.43946971610834556,Per capita reproduction,H1,T0,-0.9211265876918799,-0.9121998324506817,-1.444734176104233,0,0.7318735048799031,1.120081927705361,-1.1236658654167908,-0.23930332157524994,INT
Andropogon_gerardii,Andropogon_gerardii_Kellogg Biological Station (KBS),-0.847,0.223,Ordbeta,T0-T1,DIST,1,Kellogg Biological Station (KBS),FirstStepAtt,0.667186533462534,First step attenuation,H3,T0,0.6080096435242552,-0.3823161357234788,-0.16217943353098632,0,-0.6951717449115951,-0.3815561424686202,-0.7649907190758011,2.026063801802161,NAT
Andropogon_gerardii,Andropogon_gerardii_Kellogg Biological Station (KBS),-0.847,0.223,Ordbeta,T0-T1,DIST,1,Kellogg Biological Station (KBS),Lambda,1.235160032670782,Population growth rate,H4,T0,0.6080096435242552,-0.3823161357234788,-0.16217943353098632,0,-0.6951717449115951,-0.3815561424686202,-0.7649907190758011,2.026063801802161,NAT
Andropogon_gerardii,Andropogon_gerardii_Kellogg Biological Station (KBS),-0.847,0.223,Ordbeta,T0-T1,DIST,1,Kellogg Biological Station (KBS),R0,-0.48623812084619317,Net reproductive rate,H1,T0,0.6080096435242552,-0.3823161357234788,-0.16217943353098632,0,-0.6951717449115951,-0.3815561424686202,-0.7649907190758011,2.026063801802161,NAT
Andropogon_gerardii,Andropogon_gerardii_Kellogg Biological Station (KBS),-0.847,0.223,Ordbeta,T0-T1,DIST,1,Kellogg Biological Station (KBS),Reactivity,-0.5937479251050107,Reactivity,H3,T0,0.6080096435242552,-0.3823161357234788,-0.16217943353098632,0,-0.6951717449115951,-0.3815561424686202,-0.7649907190758011,2.026063801802161,NAT
Andropogon_gerardii,Andropogon_gerardii_Kellogg Biological Station (KBS),-0.847,0.223,Ordbeta,T0-T1,DIST,1,Kellogg Biological Station (KBS),T_generation,-0.365185126767067,Generation time,H2,T0,0.6080096435242552,-0.3823161357234788,-0.16217943353098632,0,-0.6951717449115951,-0.3815561424686202,-0.7649907190758011,2.026063801802161,NAT
Andropogon_gerardii,Andropogon_gerardii_Kellogg Biological Station (KBS),-0.847,0.223,Ordbeta,T0-T1,DIST,1,Kellogg Biological Station (KBS),age_repro,-0.5533873019253842,Age at first reproduction,H2,T0,0.6080096435242552,-0.3823161357234788,-0.16217943353098632,0,-0.6951717449115951,-0.3815561424686202,-0.7649907190758011,2.026063801802161,NAT
Andropogon_gerardii,Andropogon_gerardii_Kellogg Biological Station (KBS),-0.847,0.223,Ordbeta,T0-T1,DIST,1,Kellogg Biological Station (KBS),percapita_repro,-0.4462256807349163,Per capita reproduction,H1,T0,0.6080096435242552,-0.3823161357234788,-0.16217943353098632,0,-0.6951717449115951,-0.3815561424686202,-0.7649907190758011,2.026063801802161,NAT
Andropogon_gerardii,Andropogon_gerardii_Oak Lake Field Station,-2.841,0.508,Ordbeta,T0-T1,DIST,1,Oak Lake Field Station,FirstStepAtt,0.667186533462534,First step attenuation,H3,T0,-1.4828501011998478,0.07910218638638122,-1.444734176104233,0,NA,NA,NA,-1.1408838408782984,NA
Andropogon_gerardii,Andropogon_gerardii_Oak Lake Field Station,-2.841,0.508,Ordbeta,T0-T1,DIST,1,Oak Lake Field Station,Lambda,1.235160032670782,Population growth rate,H4,T0,-1.4828501011998478,0.07910218638638122,-1.444734176104233,0,NA,NA,NA,-1.1408838408782984,NA
Andropogon_gerardii,Andropogon_gerardii_Oak Lake Field Station,-2.841,0.508,Ordbeta,T0-T1,DIST,1,Oak Lake Field Station,R0,-0.48623812084619317,Net reproductive rate,H1,T0,-1.4828501011998478,0.07910218638638122,-1.444734176104233,0,NA,NA,NA,-1.1408838408782984,NA
Andropogon_gerardii,Andropogon_gerardii_Oak Lake Field Station,-2.841,0.508,Ordbeta,T0-T1,DIST,1,Oak Lake Field Station,Reactivity,-0.5937479251050107,Reactivity,H3,T0,-1.4828501011998478,0.07910218638638122,-1.444734176104233,0,NA,NA,NA,-1.1408838408782984,NA
Andropogon_gerardii,Andropogon_gerardii_Oak Lake Field Station,-2.841,0.508,Ordbeta,T0-T1,DIST,1,Oak Lake Field Station,T_generation,-0.365185126767067,Generation time,H2,T0,-1.4828501011998478,0.07910218638638122,-1.444734176104233,0,NA,NA,NA,-1.1408838408782984,NA
Andropogon_gerardii,Andropogon_gerardii_Oak Lake Field Station,-2.841,0.508,Ordbeta,T0-T1,DIST,1,Oak Lake Field Station,age_repro,-0.5533873019253842,Age at first reproduction,H2,T0,-1.4828501011998478,0.07910218638638122,-1.444734176104233,0,NA,NA,NA,-1.1408838408782984,NA
Andropogon_gerardii,Andropogon_gerardii_Oak Lake Field Station,-2.841,0.508,Ordbeta,T0-T1,DIST,1,Oak Lake Field Station,percapita_repro,-0.4462256807349163,Per capita reproduction,H1,T0,-1.4828501011998478,0.07910218638638122,-1.444734176104233,0,NA,NA,NA,-1.1408838408782984,NA
Andropogon_gerardii,Andropogon_gerardii_Piedmont Prairie,-2.832,0.51,Ordbeta,T0-T1,DIST,1,Piedmont Prairie,FirstStepAtt,0.667186533462534,First step attenuation,H3,T0,-1.3892295156151866,0.07910218638638122,-1.444734176104233,0,NA,NA,NA,-1.1581732300136014,NAT
Andropogon_gerardii,Andropogon_gerardii_Piedmont Prairie,-2.832,0.51,Ordbeta,T0-T1,DIST,1,Piedmont Prairie,Lambda,1.235160032670782,Population growth rate,H4,T0,-1.3892295156151866,0.07910218638638122,-1.444734176104233,0,NA,NA,NA,-1.1581732300136014,NAT
Andropogon_gerardii,Andropogon_gerardii_Piedmont Prairie,-2.832,0.51,Ordbeta,T0-T1,DIST,1,Piedmont Prairie,R0,-0.48623812084619317,Net reproductive rate,H1,T0,-1.3892295156151866,0.07910218638638122,-1.444734176104233,0,NA,NA,NA,-1.1581732300136014,NAT
Andropogon_gerardii,Andropogon_gerardii_Piedmont Prairie,-2.832,0.51,Ordbeta,T0-T1,DIST,1,Piedmont Prairie,Reactivity,-0.5937479251050107,Reactivity,H3,T0,-1.3892295156151866,0.07910218638638122,-1.444734176104233,0,NA,NA,NA,-1.1581732300136014,NAT
Andropogon_gerardii,Andropogon_gerardii_Piedmont Prairie,-2.832,0.51,Ordbeta,T0-T1,DIST,1,Piedmont Prairie,T_generation,-0.365185126767067,Generation time,H2,T0,-1.3892295156151866,0.07910218638638122,-1.444734176104233,0,NA,NA,NA,-1.1581732300136014,NAT
Andropogon_gerardii,Andropogon_gerardii_Piedmont Prairie,-2.832,0.51,Ordbeta,T0-T1,DIST,1,Piedmont Prairie,age_repro,-0.5533873019253842,Age at first reproduction,H2,T0,-1.3892295156151866,0.07910218638638122,-1.444734176104233,0,NA,NA,NA,-1.1581732300136014,NAT
Andropogon_gerardii,Andropogon_gerardii_Piedmont Prairie,-2.832,0.51,Ordbeta,T0-T1,DIST,1,Piedmont Prairie,percapita_repro,-0.4462256807349163,Per capita reproduction,H1,T0,-1.3892295156151866,0.07910218638638122,-1.444734176104233,0,NA,NA,NA,-1.1581732300136014,NAT
Andropogon_gerardii,Andropogon_gerardii_Temple,-2.449,0.409,Ordbeta,T0-T1,DIST,1,Temple,FirstStepAtt,0.667186533462534,First step attenuation,H3,T0,-1.4594449548036825,-1.5348358112243743,-1.180462107192222,0,NA,NA,NA,-0.2753665423473718,NAT
Andropogon_gerardii,Andropogon_gerardii_Temple,-2.449,0.409,Ordbeta,T0-T1,DIST,1,Temple,Lambda,1.235160032670782,Population growth rate,H4,T0,-1.4594449548036825,-1.5348358112243743,-1.180462107192222,0,NA,NA,NA,-0.2753665423473718,NAT
Andropogon_gerardii,Andropogon_gerardii_Temple,-2.449,0.409,Ordbeta,T0-T1,DIST,1,Temple,R0,-0.48623812084619317,Net reproductive rate,H1,T0,-1.4594449548036825,-1.5348358112243743,-1.180462107192222,0,NA,NA,NA,-0.2753665423473718,NAT
Andropogon_gerardii,Andropogon_gerardii_Temple,-2.449,0.409,Ordbeta,T0-T1,DIST,1,Temple,Reactivity,-0.5937479251050107,Reactivity,H3,T0,-1.4594449548036825,-1.5348358112243743,-1.180462107192222,0,NA,NA,NA,-0.2753665423473718,NAT
Andropogon_gerardii,Andropogon_gerardii_Temple,-2.449,0.409,Ordbeta,T0-T1,DIST,1,Temple,T_generation,-0.365185126767067,Generation time,H2,T0,-1.4594449548036825,-1.5348358112243743,-1.180462107192222,0,NA,NA,NA,-0.2753665423473718,NAT
Andropogon_gerardii,Andropogon_gerardii_Temple,-2.449,0.409,Ordbeta,T0-T1,DIST,1,Temple,age_repro,-0.5533873019253842,Age at first reproduction,H2,T0,-1.4594449548036825,-1.5348358112243743,-1.180462107192222,0,NA,NA,NA,-0.2753665423473718,NAT
Andropogon_gerardii,Andropogon_gerardii_Temple,-2.449,0.409,Ordbeta,T0-T1,DIST,1,Temple,percapita_repro,-0.4462256807349163,Per capita reproduction,H1,T0,-1.4594449548036825,-1.5348358112243743,-1.180462107192222,0,NA,NA,NA,-0.2753665423473718,NAT
Arenaria_serpyllifolia,Arenaria_serpyllifolia_Bad Lauchstaedt,-2.861,0.502,Ordbeta,T0-T1,DIST,1,Bad Lauchstaedt,FirstStepAtt,-0.12639264271340866,First step attenuation,H3,T0,0.45197533421648606,-0.3753988185590567,-0.11439210590952666,0,0.5690221852496098,0.7959142485449064,-0.7991349509738322,0.3856906316365244,NAT
Arenaria_serpyllifolia,Arenaria_serpyllifolia_Bad Lauchstaedt,-2.861,0.502,Ordbeta,T0-T1,DIST,1,Bad Lauchstaedt,Lambda,-0.4450005673332234,Population growth rate,H4,T0,0.45197533421648606,-0.3753988185590567,-0.11439210590952666,0,0.5690221852496098,0.7959142485449064,-0.7991349509738322,0.3856906316365244,NAT
Arenaria_serpyllifolia,Arenaria_serpyllifolia_Bad Lauchstaedt,-2.861,0.502,Ordbeta,T0-T1,DIST,1,Bad Lauchstaedt,R0,-0.5170505506657981,Net reproductive rate,H1,T0,0.45197533421648606,-0.3753988185590567,-0.11439210590952666,0,0.5690221852496098,0.7959142485449064,-0.7991349509738322,0.3856906316365244,NAT
Arenaria_serpyllifolia,Arenaria_serpyllifolia_Bad Lauchstaedt,-2.861,0.502,Ordbeta,T0-T1,DIST,1,Bad Lauchstaedt,Reactivity,-0.38800031312555605,Reactivity,H3,T0,0.45197533421648606,-0.3753988185590567,-0.11439210590952666,0,0.5690221852496098,0.7959142485449064,-0.7991349509738322,0.3856906316365244,NAT
Arenaria_serpyllifolia,Arenaria_serpyllifolia_Bad Lauchstaedt,-2.861,0.502,Ordbeta,T0-T1,DIST,1,Bad Lauchstaedt,T_generation,-0.4813283861235405,Generation time,H2,T0,0.45197533421648606,-0.3753988185590567,-0.11439210590952666,0,0.5690221852496098,0.7959142485449064,-0.7991349509738322,0.3856906316365244,NAT
Arenaria_serpyllifolia,Arenaria_serpyllifolia_Bad Lauchstaedt,-2.861,0.502,Ordbeta,T0-T1,DIST,1,Bad Lauchstaedt,age_repro,-0.5098523474313097,Age at first reproduction,H2,T0,0.45197533421648606,-0.3753988185590567,-0.11439210590952666,0,0.5690221852496098,0.7959142485449064,-0.7991349509738322,0.3856906316365244,NAT
Arenaria_serpyllifolia,Arenaria_serpyllifolia_Bad Lauchstaedt,-2.861,0.502,Ordbeta,T0-T1,DIST,1,Bad Lauchstaedt,percapita_repro,-0.4008835289318574,Per capita reproduction,H1,T0,0.45197533421648606,-0.3753988185590567,-0.11439210590952666,0,0.5690221852496098,0.7959142485449064,-0.7991349509738322,0.3856906316365244,NAT
Arenaria_serpyllifolia,Arenaria_serpyllifolia_Domaninek,-2.736,0.388,Ordbeta,T0-T1,DIST,1,Domaninek,FirstStepAtt,-0.12639264271340866,First step attenuation,H3,T0,-1.1083677588612026,-0.2513318198926397,-1.444734176104233,0,NA,NA,NA,-0.9269494803657106,NAT
Arenaria_serpyllifolia,Arenaria_serpyllifolia_Domaninek,-2.736,0.388,Ordbeta,T0-T1,DIST,1,Domaninek,Lambda,-0.4450005673332234,Population growth rate,H4,T0,-1.1083677588612026,-0.2513318198926397,-1.444734176104233,0,NA,NA,NA,-0.9269494803657106,NAT
Arenaria_serpyllifolia,Arenaria_serpyllifolia_Domaninek,-2.736,0.388,Ordbeta,T0-T1,DIST,1,Domaninek,R0,-0.5170505506657981,Net reproductive rate,H1,T0,-1.1083677588612026,-0.2513318198926397,-1.444734176104233,0,NA,NA,NA,-0.9269494803657106,NAT
Arenaria_serpyllifolia,Arenaria_serpyllifolia_Domaninek,-2.736,0.388,Ordbeta,T0-T1,DIST,1,Domaninek,Reactivity,-0.38800031312555605,Reactivity,H3,T0,-1.1083677588612026,-0.2513318198926397,-1.444734176104233,0,NA,NA,NA,-0.9269494803657106,NAT
Arenaria_serpyllifolia,Arenaria_serpyllifolia_Domaninek,-2.736,0.388,Ordbeta,T0-T1,DIST,1,Domaninek,T_generation,-0.4813283861235405,Generation time,H2,T0,-1.1083677588612026,-0.2513318198926397,-1.444734176104233,0,NA,NA,NA,-0.9269494803657106,NAT
Arenaria_serpyllifolia,Arenaria_serpyllifolia_Domaninek,-2.736,0.388,Ordbeta,T0-T1,DIST,1,Domaninek,age_repro,-0.5098523474313097,Age at first reproduction,H2,T0,-1.1083677588612026,-0.2513318198926397,-1.444734176104233,0,NA,NA,NA,-0.9269494803657106,NAT
Arenaria_serpyllifolia,Arenaria_serpyllifolia_Domaninek,-2.736,0.388,Ordbeta,T0-T1,DIST,1,Domaninek,percapita_repro,-0.4008835289318574,Per capita reproduction,H1,T0,-1.1083677588612026,-0.2513318198926397,-1.444734176104233,0,NA,NA,NA,-0.9269494803657106,NAT
Arenaria_serpyllifolia,Arenaria_serpyllifolia_Jena,-2.58,0.237,Ordbeta,T0-T1,DIST,1,Jena,FirstStepAtt,-0.12639264271340866,First step attenuation,H3,T0,0.764043952832024,-0.3862370720152753,0.02721357540323855,0,1.6161310595160223,1.0042933264685494,0.3263285755482111,2.0986936183123164,NAT
Arenaria_serpyllifolia,Arenaria_serpyllifolia_Jena,-2.58,0.237,Ordbeta,T0-T1,DIST,1,Jena,Lambda,-0.4450005673332234,Population growth rate,H4,T0,0.764043952832024,-0.3862370720152753,0.02721357540323855,0,1.6161310595160223,1.0042933264685494,0.3263285755482111,2.0986936183123164,NAT
Arenaria_serpyllifolia,Arenaria_serpyllifolia_Jena,-2.58,0.237,Ordbeta,T0-T1,DIST,1,Jena,R0,-0.5170505506657981,Net reproductive rate,H1,T0,0.764043952832024,-0.3862370720152753,0.02721357540323855,0,1.6161310595160223,1.0042933264685494,0.3263285755482111,2.0986936183123164,NAT
Arenaria_serpyllifolia,Arenaria_serpyllifolia_Jena,-2.58,0.237,Ordbeta,T0-T1,DIST,1,Jena,Reactivity,-0.38800031312555605,Reactivity,H3,T0,0.764043952832024,-0.3862370720152753,0.02721357540323855,0,1.6161310595160223,1.0042933264685494,0.3263285755482111,2.0986936183123164,NAT
Arenaria_serpyllifolia,Arenaria_serpyllifolia_Jena,-2.58,0.237,Ordbeta,T0-T1,DIST,1,Jena,T_generation,-0.4813283861235405,Generation time,H2,T0,0.764043952832024,-0.3862370720152753,0.02721357540323855,0,1.6161310595160223,1.0042933264685494,0.3263285755482111,2.0986936183123164,NAT
Arenaria_serpyllifolia,Arenaria_serpyllifolia_Jena,-2.58,0.237,Ordbeta,T0-T1,DIST,1,Jena,age_repro,-0.5098523474313097,Age at first reproduction,H2,T0,0.764043952832024,-0.3862370720152753,0.02721357540323855,0,1.6161310595160223,1.0042933264685494,0.3263285755482111,2.0986936183123164,NAT
Arenaria_serpyllifolia,Arenaria_serpyllifolia_Jena,-2.58,0.237,Ordbeta,T0-T1,DIST,1,Jena,percapita_repro,-0.4008835289318574,Per capita reproduction,H1,T0,0.764043952832024,-0.3862370720152753,0.02721357540323855,0,1.6161310595160223,1.0042933264685494,0.3263285755482111,2.0986936183123164,NAT
Armeria_maritima,Armeria_maritima_Potrok Aike,-2.849,0.31,Ordbeta,T0-T1,DIST,1,Potrok Aike,FirstStepAtt,-0.25148946027339975,First step attenuation,H3,T0,-1.5764706867845093,-1.9035018512877446,-1.444734176104233,0,NA,NA,NA,-1.1408838408782984,NAT
Armeria_maritima,Armeria_maritima_Potrok Aike,-2.849,0.31,Ordbeta,T0-T1,DIST,1,Potrok Aike,Lambda,1.1106056996548728,Population growth rate,H4,T0,-1.5764706867845093,-1.9035018512877446,-1.444734176104233,0,NA,NA,NA,-1.1408838408782984,NAT
Armeria_maritima,Armeria_maritima_Potrok Aike,-2.849,0.31,Ordbeta,T0-T1,DIST,1,Potrok Aike,R0,3.513389992400782,Net reproductive rate,H1,T0,-1.5764706867845093,-1.9035018512877446,-1.444734176104233,0,NA,NA,NA,-1.1408838408782984,NAT
Armeria_maritima,Armeria_maritima_Potrok Aike,-2.849,0.31,Ordbeta,T0-T1,DIST,1,Potrok Aike,Reactivity,2.576819598596001,Reactivity,H3,T0,-1.5764706867845093,-1.9035018512877446,-1.444734176104233,0,NA,NA,NA,-1.1408838408782984,NAT
Armeria_maritima,Armeria_maritima_Potrok Aike,-2.849,0.31,Ordbeta,T0-T1,DIST,1,Potrok Aike,T_generation,0.4146291104816169,Generation time,H2,T0,-1.5764706867845093,-1.9035018512877446,-1.444734176104233,0,NA,NA,NA,-1.1408838408782984,NAT
Armeria_maritima,Armeria_maritima_Potrok Aike,-2.849,0.31,Ordbeta,T0-T1,DIST,1,Potrok Aike,age_repro,0.3901711716365848,Age at first reproduction,H2,T0,-1.5764706867845093,-1.9035018512877446,-1.444734176104233,0,NA,NA,NA,-1.1408838408782984,NAT
Armeria_maritima,Armeria_maritima_Potrok Aike,-2.849,0.31,Ordbeta,T0-T1,DIST,1,Potrok Aike,percapita_repro,-0.3567816986374487,Per capita reproduction,H1,T0,-1.5764706867845093,-1.9035018512877446,-1.444734176104233,0,NA,NA,NA,-1.1408838408782984,NAT
Centaurea_jacea,Centaurea_jacea_Agroscope Changins,-2.795,0.262,Ordbeta,T0-T1,DIST,1,Agroscope Changins,FirstStepAtt,1.791055414740728,First step attenuation,H3,T0,1.1151211487745039,1.231861200363381,1.4334641159886803,0,-1.2881608799324629,-1.398708630217884,1.650051594077399,0.46165430853599404,NAT
Centaurea_jacea,Centaurea_jacea_Agroscope Changins,-2.795,0.262,Ordbeta,T0-T1,DIST,1,Agroscope Changins,Lambda,-0.3016929885889028,Population growth rate,H4,T0,1.1151211487745039,1.231861200363381,1.4334641159886803,0,-1.2881608799324629,-1.398708630217884,1.650051594077399,0.46165430853599404,NAT
Centaurea_jacea,Centaurea_jacea_Agroscope Changins,-2.795,0.262,Ordbeta,T0-T1,DIST,1,Agroscope Changins,R0,-0.6022333203489516,Net reproductive rate,H1,T0,1.1151211487745039,1.231861200363381,1.4334641159886803,0,-1.2881608799324629,-1.398708630217884,1.650051594077399,0.46165430853599404,NAT
Centaurea_jacea,Centaurea_jacea_Agroscope Changins,-2.795,0.262,Ordbeta,T0-T1,DIST,1,Agroscope Changins,Reactivity,-0.6547630003978607,Reactivity,H3,T0,1.1151211487745039,1.231861200363381,1.4334641159886803,0,-1.2881608799324629,-1.398708630217884,1.650051594077399,0.46165430853599404,NAT
Centaurea_jacea,Centaurea_jacea_Agroscope Changins,-2.795,0.262,Ordbeta,T0-T1,DIST,1,Agroscope Changins,T_generation,2.5746399267046223,Generation time,H2,T0,1.1151211487745039,1.231861200363381,1.4334641159886803,0,-1.2881608799324629,-1.398708630217884,1.650051594077399,0.46165430853599404,NAT
Centaurea_jacea,Centaurea_jacea_Agroscope Changins,-2.795,0.262,Ordbeta,T0-T1,DIST,1,Agroscope Changins,age_repro,0.6229997579675949,Age at first reproduction,H2,T0,1.1151211487745039,1.231861200363381,1.4334641159886803,0,-1.2881608799324629,-1.398708630217884,1.650051594077399,0.46165430853599404,NAT
Centaurea_jacea,Centaurea_jacea_Agroscope Changins,-2.795,0.262,Ordbeta,T0-T1,DIST,1,Agroscope Changins,percapita_repro,-0.47069753549710247,Per capita reproduction,H1,T0,1.1151211487745039,1.231861200363381,1.4334641159886803,0,-1.2881608799324629,-1.398708630217884,1.650051594077399,0.46165430853599404,NAT
Centaurea_jacea,Centaurea_jacea_Bayreuth DRAGNet,-2.349,0.263,Ordbeta,T0-T1,DIST,1,Bayreuth DRAGNet,FirstStepAtt,1.791055414740728,First step attenuation,H3,T0,1.7002498086786373,1.1903000578533576,1.5813921901858357,0,0.7663265952564761,0.8046703576991449,-0.4657062309279624,0.012833603314585775,NAT
Centaurea_jacea,Centaurea_jacea_Bayreuth DRAGNet,-2.349,0.263,Ordbeta,T0-T1,DIST,1,Bayreuth DRAGNet,Lambda,-0.3016929885889028,Population growth rate,H4,T0,1.7002498086786373,1.1903000578533576,1.5813921901858357,0,0.7663265952564761,0.8046703576991449,-0.4657062309279624,0.012833603314585775,NAT
Centaurea_jacea,Centaurea_jacea_Bayreuth DRAGNet,-2.349,0.263,Ordbeta,T0-T1,DIST,1,Bayreuth DRAGNet,R0,-0.6022333203489516,Net reproductive rate,H1,T0,1.7002498086786373,1.1903000578533576,1.5813921901858357,0,0.7663265952564761,0.8046703576991449,-0.4657062309279624,0.012833603314585775,NAT
Centaurea_jacea,Centaurea_jacea_Bayreuth DRAGNet,-2.349,0.263,Ordbeta,T0-T1,DIST,1,Bayreuth DRAGNet,Reactivity,-0.6547630003978607,Reactivity,H3,T0,1.7002498086786373,1.1903000578533576,1.5813921901858357,0,0.7663265952564761,0.8046703576991449,-0.4657062309279624,0.012833603314585775,NAT
Centaurea_jacea,Centaurea_jacea_Bayreuth DRAGNet,-2.349,0.263,Ordbeta,T0-T1,DIST,1,Bayreuth DRAGNet,T_generation,2.5746399267046223,Generation time,H2,T0,1.7002498086786373,1.1903000578533576,1.5813921901858357,0,0.7663265952564761,0.8046703576991449,-0.4657062309279624,0.012833603314585775,NAT
Centaurea_jacea,Centaurea_jacea_Bayreuth DRAGNet,-2.349,0.263,Ordbeta,T0-T1,DIST,1,Bayreuth DRAGNet,age_repro,0.6229997579675949,Age at first reproduction,H2,T0,1.7002498086786373,1.1903000578533576,1.5813921901858357,0,0.7663265952564761,0.8046703576991449,-0.4657062309279624,0.012833603314585775,NAT
Centaurea_jacea,Centaurea_jacea_Bayreuth DRAGNet,-2.349,0.263,Ordbeta,T0-T1,DIST,1,Bayreuth DRAGNet,percapita_repro,-0.47069753549710247,Per capita reproduction,H1,T0,1.7002498086786373,1.1903000578533576,1.5813921901858357,0,0.7663265952564761,0.8046703576991449,-0.4657062309279624,0.012833603314585775,NAT
Cerastium_fontanum,Cerastium_fontanum_Agroscope Changins,-2.884,0.229,Ordbeta,T0-T1,DIST,1,Agroscope Changins,FirstStepAtt,-0.4252292290454136,First step attenuation,H3,T0,1.1151211487745039,1.231861200363381,1.4334641159886803,0,-1.2881608799324629,-1.398708630217884,1.650051594077399,0.46165430853599404,NAT
Cerastium_fontanum,Cerastium_fontanum_Agroscope Changins,-2.884,0.229,Ordbeta,T0-T1,DIST,1,Agroscope Changins,Lambda,NA,Population growth rate,H4,T0,1.1151211487745039,1.231861200363381,1.4334641159886803,0,-1.2881608799324629,-1.398708630217884,1.650051594077399,0.46165430853599404,NAT
Cerastium_fontanum,Cerastium_fontanum_Agroscope Changins,-2.884,0.229,Ordbeta,T0-T1,DIST,1,Agroscope Changins,R0,-0.3837133662822206,Net reproductive rate,H1,T0,1.1151211487745039,1.231861200363381,1.4334641159886803,0,-1.2881608799324629,-1.398708630217884,1.650051594077399,0.46165430853599404,NAT
Cerastium_fontanum,Cerastium_fontanum_Agroscope Changins,-2.884,0.229,Ordbeta,T0-T1,DIST,1,Agroscope Changins,Reactivity,-0.39967916485254973,Reactivity,H3,T0,1.1151211487745039,1.231861200363381,1.4334641159886803,0,-1.2881608799324629,-1.398708630217884,1.650051594077399,0.46165430853599404,NAT
Cerastium_fontanum,Cerastium_fontanum_Agroscope Changins,-2.884,0.229,Ordbeta,T0-T1,DIST,1,Agroscope Changins,T_generation,-0.505421443660646,Generation time,H2,T0,1.1151211487745039,1.231861200363381,1.4334641159886803,0,-1.2881608799324629,-1.398708630217884,1.650051594077399,0.46165430853599404,NAT
Cerastium_fontanum,Cerastium_fontanum_Agroscope Changins,-2.884,0.229,Ordbeta,T0-T1,DIST,1,Agroscope Changins,age_repro,-0.4630647833125369,Age at first reproduction,H2,T0,1.1151211487745039,1.231861200363381,1.4334641159886803,0,-1.2881608799324629,-1.398708630217884,1.650051594077399,0.46165430853599404,NAT
Cerastium_fontanum,Cerastium_fontanum_Agroscope Changins,-2.884,0.229,Ordbeta,T0-T1,DIST,1,Agroscope Changins,percapita_repro,-0.18811869164762124,Per capita reproduction,H1,T0,1.1151211487745039,1.231861200363381,1.4334641159886803,0,-1.2881608799324629,-1.398708630217884,1.650051594077399,0.46165430853599404,NAT
Cerastium_fontanum,Cerastium_fontanum_Bad Lauchstaedt,-2.66,0.431,Ordbeta,T0-T1,DIST,1,Bad Lauchstaedt,FirstStepAtt,-0.4252292290454136,First step attenuation,H3,T0,0.45197533421648606,-0.3753988185590567,-0.11439210590952666,0,0.5690221852496098,0.7959142485449064,-0.7991349509738322,0.3856906316365244,NAT
Cerastium_fontanum,Cerastium_fontanum_Bad Lauchstaedt,-2.66,0.431,Ordbeta,T0-T1,DIST,1,Bad Lauchstaedt,Lambda,NA,Population growth rate,H4,T0,0.45197533421648606,-0.3753988185590567,-0.11439210590952666,0,0.5690221852496098,0.7959142485449064,-0.7991349509738322,0.3856906316365244,NAT
Cerastium_fontanum,Cerastium_fontanum_Bad Lauchstaedt,-2.66,0.431,Ordbeta,T0-T1,DIST,1,Bad Lauchstaedt,R0,-0.3837133662822206,Net reproductive rate,H1,T0,0.45197533421648606,-0.3753988185590567,-0.11439210590952666,0,0.5690221852496098,0.7959142485449064,-0.7991349509738322,0.3856906316365244,NAT
Cerastium_fontanum,Cerastium_fontanum_Bad Lauchstaedt,-2.66,0.431,Ordbeta,T0-T1,DIST,1,Bad Lauchstaedt,Reactivity,-0.39967916485254973,Reactivity,H3,T0,0.45197533421648606,-0.3753988185590567,-0.11439210590952666,0,0.5690221852496098,0.7959142485449064,-0.7991349509738322,0.3856906316365244,NAT
Cerastium_fontanum,Cerastium_fontanum_Bad Lauchstaedt,-2.66,0.431,Ordbeta,T0-T1,DIST,1,Bad Lauchstaedt,T_generation,-0.505421443660646,Generation time,H2,T0,0.45197533421648606,-0.3753988185590567,-0.11439210590952666,0,0.5690221852496098,0.7959142485449064,-0.7991349509738322,0.3856906316365244,NAT
Cerastium_fontanum,Cerastium_fontanum_Bad Lauchstaedt,-2.66,0.431,Ordbeta,T0-T1,DIST,1,Bad Lauchstaedt,age_repro,-0.4630647833125369,Age at first reproduction,H2,T0,0.45197533421648606,-0.3753988185590567,-0.11439210590952666,0,0.5690221852496098,0.7959142485449064,-0.7991349509738322,0.3856906316365244,NAT
Cerastium_fontanum,Cerastium_fontanum_Bad Lauchstaedt,-2.66,0.431,Ordbeta,T0-T1,DIST,1,Bad Lauchstaedt,percapita_repro,-0.18811869164762124,Per capita reproduction,H1,T0,0.45197533421648606,-0.3753988185590567,-0.11439210590952666,0,0.5690221852496098,0.7959142485449064,-0.7991349509738322,0.3856906316365244,NAT
Cerastium_fontanum,Cerastium_fontanum_Bayreuth DRAGNet,-2.68,0.304,Ordbeta,T0-T1,DIST,1,Bayreuth DRAGNet,FirstStepAtt,-0.4252292290454136,First step attenuation,H3,T0,1.7002498086786373,1.1903000578533576,1.5813921901858357,0,0.7663265952564761,0.8046703576991449,-0.4657062309279624,0.012833603314585775,NAT
Cerastium_fontanum,Cerastium_fontanum_Bayreuth DRAGNet,-2.68,0.304,Ordbeta,T0-T1,DIST,1,Bayreuth DRAGNet,Lambda,NA,Population growth rate,H4,T0,1.7002498086786373,1.1903000578533576,1.5813921901858357,0,0.7663265952564761,0.8046703576991449,-0.4657062309279624,0.012833603314585775,NAT
Cerastium_fontanum,Cerastium_fontanum_Bayreuth DRAGNet,-2.68,0.304,Ordbeta,T0-T1,DIST,1,Bayreuth DRAGNet,R0,-0.3837133662822206,Net reproductive rate,H1,T0,1.7002498086786373,1.1903000578533576,1.5813921901858357,0,0.7663265952564761,0.8046703576991449,-0.4657062309279624,0.012833603314585775,NAT
Cerastium_fontanum,Cerastium_fontanum_Bayreuth DRAGNet,-2.68,0.304,Ordbeta,T0-T1,DIST,1,Bayreuth DRAGNet,Reactivity,-0.39967916485254973,Reactivity,H3,T0,1.7002498086786373,1.1903000578533576,1.5813921901858357,0,0.7663265952564761,0.8046703576991449,-0.4657062309279624,0.012833603314585775,NAT
Cerastium_fontanum,Cerastium_fontanum_Bayreuth DRAGNet,-2.68,0.304,Ordbeta,T0-T1,DIST,1,Bayreuth DRAGNet,T_generation,-0.505421443660646,Generation time,H2,T0,1.7002498086786373,1.1903000578533576,1.5813921901858357,0,0.7663265952564761,0.8046703576991449,-0.4657062309279624,0.012833603314585775,NAT
Cerastium_fontanum,Cerastium_fontanum_Bayreuth DRAGNet,-2.68,0.304,Ordbeta,T0-T1,DIST,1,Bayreuth DRAGNet,age_repro,-0.4630647833125369,Age at first reproduction,H2,T0,1.7002498086786373,1.1903000578533576,1.5813921901858357,0,0.7663265952564761,0.8046703576991449,-0.4657062309279624,0.012833603314585775,NAT
Cerastium_fontanum,Cerastium_fontanum_Bayreuth DRAGNet,-2.68,0.304,Ordbeta,T0-T1,DIST,1,Bayreuth DRAGNet,percapita_repro,-0.18811869164762124,Per capita reproduction,H1,T0,1.7002498086786373,1.1903000578533576,1.5813921901858357,0,0.7663265952564761,0.8046703576991449,-0.4657062309279624,0.012833603314585775,NAT
Cerastium_fontanum,Cerastium_fontanum_Hazelrigg,-2.787,0.513,Ordbeta,T0-T1,DIST,1,Hazelrigg,FirstStepAtt,-0.4252292290454136,First step attenuation,H3,T0,-0.6402648309378959,-0.724111880529462,-0.4803806237481249,0,0.7976550265134934,1.1840099047955983,-1.1236658654167908,-0.39516978423442106,NAT
Cerastium_fontanum,Cerastium_fontanum_Hazelrigg,-2.787,0.513,Ordbeta,T0-T1,DIST,1,Hazelrigg,Lambda,NA,Population growth rate,H4,T0,-0.6402648309378959,-0.724111880529462,-0.4803806237481249,0,0.7976550265134934,1.1840099047955983,-1.1236658654167908,-0.39516978423442106,NAT
Cerastium_fontanum,Cerastium_fontanum_Hazelrigg,-2.787,0.513,Ordbeta,T0-T1,DIST,1,Hazelrigg,R0,-0.3837133662822206,Net reproductive rate,H1,T0,-0.6402648309378959,-0.724111880529462,-0.4803806237481249,0,0.7976550265134934,1.1840099047955983,-1.1236658654167908,-0.39516978423442106,NAT
Cerastium_fontanum,Cerastium_fontanum_Hazelrigg,-2.787,0.513,Ordbeta,T0-T1,DIST,1,Hazelrigg,Reactivity,-0.39967916485254973,Reactivity,H3,T0,-0.6402648309378959,-0.724111880529462,-0.4803806237481249,0,0.7976550265134934,1.1840099047955983,-1.1236658654167908,-0.39516978423442106,NAT
Cerastium_fontanum,Cerastium_fontanum_Hazelrigg,-2.787,0.513,Ordbeta,T0-T1,DIST,1,Hazelrigg,T_generation,-0.505421443660646,Generation time,H2,T0,-0.6402648309378959,-0.724111880529462,-0.4803806237481249,0,0.7976550265134934,1.1840099047955983,-1.1236658654167908,-0.39516978423442106,NAT
Cerastium_fontanum,Cerastium_fontanum_Hazelrigg,-2.787,0.513,Ordbeta,T0-T1,DIST,1,Hazelrigg,age_repro,-0.4630647833125369,Age at first reproduction,H2,T0,-0.6402648309378959,-0.724111880529462,-0.4803806237481249,0,0.7976550265134934,1.1840099047955983,-1.1236658654167908,-0.39516978423442106,NAT
Cerastium_fontanum,Cerastium_fontanum_Hazelrigg,-2.787,0.513,Ordbeta,T0-T1,DIST,1,Hazelrigg,percapita_repro,-0.18811869164762124,Per capita reproduction,H1,T0,-0.6402648309378959,-0.724111880529462,-0.4803806237481249,0,0.7976550265134934,1.1840099047955983,-1.1236658654167908,-0.39516978423442106,NAT
Cerastium_fontanum,Cerastium_fontanum_Jena,-1.84,0.246,Ordbeta,T0-T1,DIST,1,Jena,FirstStepAtt,-0.4252292290454136,First step attenuation,H3,T0,0.764043952832024,-0.3862370720152753,0.02721357540323855,0,1.6161310595160223,1.0042933264685494,0.3263285755482111,2.0986936183123164,NAT
Cerastium_fontanum,Cerastium_fontanum_Jena,-1.84,0.246,Ordbeta,T0-T1,DIST,1,Jena,Lambda,NA,Population growth rate,H4,T0,0.764043952832024,-0.3862370720152753,0.02721357540323855,0,1.6161310595160223,1.0042933264685494,0.3263285755482111,2.0986936183123164,NAT
Cerastium_fontanum,Cerastium_fontanum_Jena,-1.84,0.246,Ordbeta,T0-T1,DIST,1,Jena,R0,-0.3837133662822206,Net reproductive rate,H1,T0,0.764043952832024,-0.3862370720152753,0.02721357540323855,0,1.6161310595160223,1.0042933264685494,0.3263285755482111,2.0986936183123164,NAT
Cerastium_fontanum,Cerastium_fontanum_Jena,-1.84,0.246,Ordbeta,T0-T1,DIST,1,Jena,Reactivity,-0.39967916485254973,Reactivity,H3,T0,0.764043952832024,-0.3862370720152753,0.02721357540323855,0,1.6161310595160223,1.0042933264685494,0.3263285755482111,2.0986936183123164,NAT
Cerastium_fontanum,Cerastium_fontanum_Jena,-1.84,0.246,Ordbeta,T0-T1,DIST,1,Jena,T_generation,-0.505421443660646,Generation time,H2,T0,0.764043952832024,-0.3862370720152753,0.02721357540323855,0,1.6161310595160223,1.0042933264685494,0.3263285755482111,2.0986936183123164,NAT
Cerastium_fontanum,Cerastium_fontanum_Jena,-1.84,0.246,Ordbeta,T0-T1,DIST,1,Jena,age_repro,-0.4630647833125369,Age at first reproduction,H2,T0,0.764043952832024,-0.3862370720152753,0.02721357540323855,0,1.6161310595160223,1.0042933264685494,0.3263285755482111,2.0986936183123164,NAT
Cerastium_fontanum,Cerastium_fontanum_Jena,-1.84,0.246,Ordbeta,T0-T1,DIST,1,Jena,percapita_repro,-0.18811869164762124,Per capita reproduction,H1,T0,0.764043952832024,-0.3862370720152753,0.02721357540323855,0,1.6161310595160223,1.0042933264685494,0.3263285755482111,2.0986936183123164,NAT
Cerastium_fontanum,Cerastium_fontanum_Lublin,-2.787,0.513,Ordbeta,T0-T1,DIST,1,Lublin,FirstStepAtt,-0.4252292290454136,First step attenuation,H3,T0,0.9200782621397927,0.9604863427438979,1.1194775334878724,0,-0.4348762416097607,-0.6652760678718184,0.5867498761097362,0.2778387604157047,NAT
Cerastium_fontanum,Cerastium_fontanum_Lublin,-2.787,0.513,Ordbeta,T0-T1,DIST,1,Lublin,Lambda,NA,Population growth rate,H4,T0,0.9200782621397927,0.9604863427438979,1.1194775334878724,0,-0.4348762416097607,-0.6652760678718184,0.5867498761097362,0.2778387604157047,NAT
Cerastium_fontanum,Cerastium_fontanum_Lublin,-2.787,0.513,Ordbeta,T0-T1,DIST,1,Lublin,R0,-0.3837133662822206,Net reproductive rate,H1,T0,0.9200782621397927,0.9604863427438979,1.1194775334878724,0,-0.4348762416097607,-0.6652760678718184,0.5867498761097362,0.2778387604157047,NAT
Cerastium_fontanum,Cerastium_fontanum_Lublin,-2.787,0.513,Ordbeta,T0-T1,DIST,1,Lublin,Reactivity,-0.39967916485254973,Reactivity,H3,T0,0.9200782621397927,0.9604863427438979,1.1194775334878724,0,-0.4348762416097607,-0.6652760678718184,0.5867498761097362,0.2778387604157047,NAT
Cerastium_fontanum,Cerastium_fontanum_Lublin,-2.787,0.513,Ordbeta,T0-T1,DIST,1,Lublin,T_generation,-0.505421443660646,Generation time,H2,T0,0.9200782621397927,0.9604863427438979,1.1194775334878724,0,-0.4348762416097607,-0.6652760678718184,0.5867498761097362,0.2778387604157047,NAT
Cerastium_fontanum,Cerastium_fontanum_Lublin,-2.787,0.513,Ordbeta,T0-T1,DIST,1,Lublin,age_repro,-0.4630647833125369,Age at first reproduction,H2,T0,0.9200782621397927,0.9604863427438979,1.1194775334878724,0,-0.4348762416097607,-0.6652760678718184,0.5867498761097362,0.2778387604157047,NAT
Cerastium_fontanum,Cerastium_fontanum_Lublin,-2.787,0.513,Ordbeta,T0-T1,DIST,1,Lublin,percapita_repro,-0.18811869164762124,Per capita reproduction,H1,T0,0.9200782621397927,0.9604863427438979,1.1194775334878724,0,-0.4348762416097607,-0.6652760678718184,0.5867498761097362,0.2778387604157047,NAT
Cerastium_fontanum,Cerastium_fontanum_Stoderzinken,-2.654,0.384,Ordbeta,T0-T1,DIST,1,Stoderzinken,FirstStepAtt,-0.4252292290454136,First step attenuation,H3,T0,-0.7572905629187225,0.7252842431098,0.4744156233804123,0,-0.41320185179705465,-1.0776404116342828,2.026441533526428,-0.9641796158315374,NAT
Cerastium_fontanum,Cerastium_fontanum_Stoderzinken,-2.654,0.384,Ordbeta,T0-T1,DIST,1,Stoderzinken,Lambda,NA,Population growth rate,H4,T0,-0.7572905629187225,0.7252842431098,0.4744156233804123,0,-0.41320185179705465,-1.0776404116342828,2.026441533526428,-0.9641796158315374,NAT
Cerastium_fontanum,Cerastium_fontanum_Stoderzinken,-2.654,0.384,Ordbeta,T0-T1,DIST,1,Stoderzinken,R0,-0.3837133662822206,Net reproductive rate,H1,T0,-0.7572905629187225,0.7252842431098,0.4744156233804123,0,-0.41320185179705465,-1.0776404116342828,2.026441533526428,-0.9641796158315374,NAT
Cerastium_fontanum,Cerastium_fontanum_Stoderzinken,-2.654,0.384,Ordbeta,T0-T1,DIST,1,Stoderzinken,Reactivity,-0.39967916485254973,Reactivity,H3,T0,-0.7572905629187225,0.7252842431098,0.4744156233804123,0,-0.41320185179705465,-1.0776404116342828,2.026441533526428,-0.9641796158315374,NAT
Cerastium_fontanum,Cerastium_fontanum_Stoderzinken,-2.654,0.384,Ordbeta,T0-T1,DIST,1,Stoderzinken,T_generation,-0.505421443660646,Generation time,H2,T0,-0.7572905629187225,0.7252842431098,0.4744156233804123,0,-0.41320185179705465,-1.0776404116342828,2.026441533526428,-0.9641796158315374,NAT
Cerastium_fontanum,Cerastium_fontanum_Stoderzinken,-2.654,0.384,Ordbeta,T0-T1,DIST,1,Stoderzinken,age_repro,-0.4630647833125369,Age at first reproduction,H2,T0,-0.7572905629187225,0.7252842431098,0.4744156233804123,0,-0.41320185179705465,-1.0776404116342828,2.026441533526428,-0.9641796158315374,NAT
Cerastium_fontanum,Cerastium_fontanum_Stoderzinken,-2.654,0.384,Ordbeta,T0-T1,DIST,1,Stoderzinken,percapita_repro,-0.18811869164762124,Per capita reproduction,H1,T0,-0.7572905629187225,0.7252842431098,0.4744156233804123,0,-0.41320185179705465,-1.0776404116342828,2.026441533526428,-0.9641796158315374,NAT
Cerastium_fontanum,Cerastium_fontanum_Wytham Woods,-2.621,0.231,Ordbeta,T0-T1,DIST,1,Wytham Woods,FirstStepAtt,-0.4252292290454136,First step attenuation,H3,T0,1.1385262951706692,0.9703437817001139,1.0760089899315513,0,-0.48678535534291734,-0.5976146616129729,0.41522666757088206,-0.12047087426531668,NAT
Cerastium_fontanum,Cerastium_fontanum_Wytham Woods,-2.621,0.231,Ordbeta,T0-T1,DIST,1,Wytham Woods,Lambda,NA,Population growth rate,H4,T0,1.1385262951706692,0.9703437817001139,1.0760089899315513,0,-0.48678535534291734,-0.5976146616129729,0.41522666757088206,-0.12047087426531668,NAT
Cerastium_fontanum,Cerastium_fontanum_Wytham Woods,-2.621,0.231,Ordbeta,T0-T1,DIST,1,Wytham Woods,R0,-0.3837133662822206,Net reproductive rate,H1,T0,1.1385262951706692,0.9703437817001139,1.0760089899315513,0,-0.48678535534291734,-0.5976146616129729,0.41522666757088206,-0.12047087426531668,NAT
Cerastium_fontanum,Cerastium_fontanum_Wytham Woods,-2.621,0.231,Ordbeta,T0-T1,DIST,1,Wytham Woods,Reactivity,-0.39967916485254973,Reactivity,H3,T0,1.1385262951706692,0.9703437817001139,1.0760089899315513,0,-0.48678535534291734,-0.5976146616129729,0.41522666757088206,-0.12047087426531668,NAT
Cerastium_fontanum,Cerastium_fontanum_Wytham Woods,-2.621,0.231,Ordbeta,T0-T1,DIST,1,Wytham Woods,T_generation,-0.505421443660646,Generation time,H2,T0,1.1385262951706692,0.9703437817001139,1.0760089899315513,0,-0.48678535534291734,-0.5976146616129729,0.41522666757088206,-0.12047087426531668,NAT
Cerastium_fontanum,Cerastium_fontanum_Wytham Woods,-2.621,0.231,Ordbeta,T0-T1,DIST,1,Wytham Woods,age_repro,-0.4630647833125369,Age at first reproduction,H2,T0,1.1385262951706692,0.9703437817001139,1.0760089899315513,0,-0.48678535534291734,-0.5976146616129729,0.41522666757088206,-0.12047087426531668,NAT
Cerastium_fontanum,Cerastium_fontanum_Wytham Woods,-2.621,0.231,Ordbeta,T0-T1,DIST,1,Wytham Woods,percapita_repro,-0.18811869164762124,Per capita reproduction,H1,T0,1.1385262951706692,0.9703437817001139,1.0760089899315513,0,-0.48678535534291734,-0.5976146616129729,0.41522666757088206,-0.12047087426531668,NAT
Cirsium_arvense,Cirsium_arvense_Ainsdale Dune Slacks,-2.769,0.515,Ordbeta,T0-T1,DIST,1,Ainsdale Dune Slacks,FirstStepAtt,-0.5668006425381157,First step attenuation,H3,T0,-0.1721619030145893,-1.7098881757336308,-1.2709888832780574,0,NA,NA,NA,-1.1139892355567158,NAT
Cirsium_arvense,Cirsium_arvense_Ainsdale Dune Slacks,-2.769,0.515,Ordbeta,T0-T1,DIST,1,Ainsdale Dune Slacks,Lambda,NA,Population growth rate,H4,T0,-0.1721619030145893,-1.7098881757336308,-1.2709888832780574,0,NA,NA,NA,-1.1139892355567158,NAT
Cirsium_arvense,Cirsium_arvense_Ainsdale Dune Slacks,-2.769,0.515,Ordbeta,T0-T1,DIST,1,Ainsdale Dune Slacks,R0,0.6160105945075088,Net reproductive rate,H1,T0,-0.1721619030145893,-1.7098881757336308,-1.2709888832780574,0,NA,NA,NA,-1.1139892355567158,NAT
Cirsium_arvense,Cirsium_arvense_Ainsdale Dune Slacks,-2.769,0.515,Ordbeta,T0-T1,DIST,1,Ainsdale Dune Slacks,Reactivity,0.10356420353880351,Reactivity,H3,T0,-0.1721619030145893,-1.7098881757336308,-1.2709888832780574,0,NA,NA,NA,-1.1139892355567158,NAT
Cirsium_arvense,Cirsium_arvense_Ainsdale Dune Slacks,-2.769,0.515,Ordbeta,T0-T1,DIST,1,Ainsdale Dune Slacks,T_generation,-0.3568991258454697,Generation time,H2,T0,-0.1721619030145893,-1.7098881757336308,-1.2709888832780574,0,NA,NA,NA,-1.1139892355567158,NAT
Cirsium_arvense,Cirsium_arvense_Ainsdale Dune Slacks,-2.769,0.515,Ordbeta,T0-T1,DIST,1,Ainsdale Dune Slacks,age_repro,-0.16034446204687258,Age at first reproduction,H2,T0,-0.1721619030145893,-1.7098881757336308,-1.2709888832780574,0,NA,NA,NA,-1.1139892355567158,NAT
Cirsium_arvense,Cirsium_arvense_Ainsdale Dune Slacks,-2.769,0.515,Ordbeta,T0-T1,DIST,1,Ainsdale Dune Slacks,percapita_repro,0.22892753617582745,Per capita reproduction,H1,T0,-0.1721619030145893,-1.7098881757336308,-1.2709888832780574,0,NA,NA,NA,-1.1139892355567158,NAT
Cirsium_arvense,Cirsium_arvense_Bad Lauchstaedt,-2.252,0.256,Ordbeta,T0-T1,DIST,1,Bad Lauchstaedt,FirstStepAtt,-0.5668006425381157,First step attenuation,H3,T0,0.45197533421648606,-0.3753988185590567,-0.11439210590952666,0,0.5690221852496098,0.7959142485449064,-0.7991349509738322,0.3856906316365244,NAT
Cirsium_arvense,Cirsium_arvense_Bad Lauchstaedt,-2.252,0.256,Ordbeta,T0-T1,DIST,1,Bad Lauchstaedt,Lambda,NA,Population growth rate,H4,T0,0.45197533421648606,-0.3753988185590567,-0.11439210590952666,0,0.5690221852496098,0.7959142485449064,-0.7991349509738322,0.3856906316365244,NAT
Cirsium_arvense,Cirsium_arvense_Bad Lauchstaedt,-2.252,0.256,Ordbeta,T0-T1,DIST,1,Bad Lauchstaedt,R0,0.6160105945075088,Net reproductive rate,H1,T0,0.45197533421648606,-0.3753988185590567,-0.11439210590952666,0,0.5690221852496098,0.7959142485449064,-0.7991349509738322,0.3856906316365244,NAT
Cirsium_arvense,Cirsium_arvense_Bad Lauchstaedt,-2.252,0.256,Ordbeta,T0-T1,DIST,1,Bad Lauchstaedt,Reactivity,0.10356420353880351,Reactivity,H3,T0,0.45197533421648606,-0.3753988185590567,-0.11439210590952666,0,0.5690221852496098,0.7959142485449064,-0.7991349509738322,0.3856906316365244,NAT
Cirsium_arvense,Cirsium_arvense_Bad Lauchstaedt,-2.252,0.256,Ordbeta,T0-T1,DIST,1,Bad Lauchstaedt,T_generation,-0.3568991258454697,Generation time,H2,T0,0.45197533421648606,-0.3753988185590567,-0.11439210590952666,0,0.5690221852496098,0.7959142485449064,-0.7991349509738322,0.3856906316365244,NAT
Cirsium_arvense,Cirsium_arvense_Bad Lauchstaedt,-2.252,0.256,Ordbeta,T0-T1,DIST,1,Bad Lauchstaedt,age_repro,-0.16034446204687258,Age at first reproduction,H2,T0,0.45197533421648606,-0.3753988185590567,-0.11439210590952666,0,0.5690221852496098,0.7959142485449064,-0.7991349509738322,0.3856906316365244,NAT
Cirsium_arvense,Cirsium_arvense_Bad Lauchstaedt,-2.252,0.256,Ordbeta,T0-T1,DIST,1,Bad Lauchstaedt,percapita_repro,0.22892753617582745,Per capita reproduction,H1,T0,0.45197533421648606,-0.3753988185590567,-0.11439210590952666,0,0.5690221852496098,0.7959142485449064,-0.7991349509738322,0.3856906316365244,NAT
Cirsium_arvense,Cirsium_arvense_Blandy Experimental Farm,-1.577,0.263,Ordbeta,T0-T1,DIST,1,Blandy Experimental Farm,FirstStepAtt,-0.5668006425381157,First step attenuation,H3,T0,-0.9211265876918799,-0.9121998324506817,-1.444734176104233,0,0.7318735048799031,1.120081927705361,-1.1236658654167908,-0.23930332157524994,INT
Cirsium_arvense,Cirsium_arvense_Blandy Experimental Farm,-1.577,0.263,Ordbeta,T0-T1,DIST,1,Blandy Experimental Farm,Lambda,NA,Population growth rate,H4,T0,-0.9211265876918799,-0.9121998324506817,-1.444734176104233,0,0.7318735048799031,1.120081927705361,-1.1236658654167908,-0.23930332157524994,INT
Cirsium_arvense,Cirsium_arvense_Blandy Experimental Farm,-1.577,0.263,Ordbeta,T0-T1,DIST,1,Blandy Experimental Farm,R0,0.6160105945075088,Net reproductive rate,H1,T0,-0.9211265876918799,-0.9121998324506817,-1.444734176104233,0,0.7318735048799031,1.120081927705361,-1.1236658654167908,-0.23930332157524994,INT
Cirsium_arvense,Cirsium_arvense_Blandy Experimental Farm,-1.577,0.263,Ordbeta,T0-T1,DIST,1,Blandy Experimental Farm,Reactivity,0.10356420353880351,Reactivity,H3,T0,-0.9211265876918799,-0.9121998324506817,-1.444734176104233,0,0.7318735048799031,1.120081927705361,-1.1236658654167908,-0.23930332157524994,INT
Cirsium_arvense,Cirsium_arvense_Blandy Experimental Farm,-1.577,0.263,Ordbeta,T0-T1,DIST,1,Blandy Experimental Farm,T_generation,-0.3568991258454697,Generation time,H2,T0,-0.9211265876918799,-0.9121998324506817,-1.444734176104233,0,0.7318735048799031,1.120081927705361,-1.1236658654167908,-0.23930332157524994,INT
Cirsium_arvense,Cirsium_arvense_Blandy Experimental Farm,-1.577,0.263,Ordbeta,T0-T1,DIST,1,Blandy Experimental Farm,age_repro,-0.16034446204687258,Age at first reproduction,H2,T0,-0.9211265876918799,-0.9121998324506817,-1.444734176104233,0,0.7318735048799031,1.120081927705361,-1.1236658654167908,-0.23930332157524994,INT
Cirsium_arvense,Cirsium_arvense_Blandy Experimental Farm,-1.577,0.263,Ordbeta,T0-T1,DIST,1,Blandy Experimental Farm,percapita_repro,0.22892753617582745,Per capita reproduction,H1,T0,-0.9211265876918799,-0.9121998324506817,-1.444734176104233,0,0.7318735048799031,1.120081927705361,-1.1236658654167908,-0.23930332157524994,INT
Cirsium_arvense,Cirsium_arvense_Hazelrigg,-2.188,0.301,Ordbeta,T0-T1,DIST,1,Hazelrigg,FirstStepAtt,-0.5668006425381157,First step attenuation,H3,T0,-0.6402648309378959,-0.724111880529462,-0.4803806237481249,0,0.7976550265134934,1.1840099047955983,-1.1236658654167908,-0.39516978423442106,NAT
Cirsium_arvense,Cirsium_arvense_Hazelrigg,-2.188,0.301,Ordbeta,T0-T1,DIST,1,Hazelrigg,Lambda,NA,Population growth rate,H4,T0,-0.6402648309378959,-0.724111880529462,-0.4803806237481249,0,0.7976550265134934,1.1840099047955983,-1.1236658654167908,-0.39516978423442106,NAT
Cirsium_arvense,Cirsium_arvense_Hazelrigg,-2.188,0.301,Ordbeta,T0-T1,DIST,1,Hazelrigg,R0,0.6160105945075088,Net reproductive rate,H1,T0,-0.6402648309378959,-0.724111880529462,-0.4803806237481249,0,0.7976550265134934,1.1840099047955983,-1.1236658654167908,-0.39516978423442106,NAT
Cirsium_arvense,Cirsium_arvense_Hazelrigg,-2.188,0.301,Ordbeta,T0-T1,DIST,1,Hazelrigg,Reactivity,0.10356420353880351,Reactivity,H3,T0,-0.6402648309378959,-0.724111880529462,-0.4803806237481249,0,0.7976550265134934,1.1840099047955983,-1.1236658654167908,-0.39516978423442106,NAT
Cirsium_arvense,Cirsium_arvense_Hazelrigg,-2.188,0.301,Ordbeta,T0-T1,DIST,1,Hazelrigg,T_generation,-0.3568991258454697,Generation time,H2,T0,-0.6402648309378959,-0.724111880529462,-0.4803806237481249,0,0.7976550265134934,1.1840099047955983,-1.1236658654167908,-0.39516978423442106,NAT
Cirsium_arvense,Cirsium_arvense_Hazelrigg,-2.188,0.301,Ordbeta,T0-T1,DIST,1,Hazelrigg,age_repro,-0.16034446204687258,Age at first reproduction,H2,T0,-0.6402648309378959,-0.724111880529462,-0.4803806237481249,0,0.7976550265134934,1.1840099047955983,-1.1236658654167908,-0.39516978423442106,NAT
Cirsium_arvense,Cirsium_arvense_Hazelrigg,-2.188,0.301,Ordbeta,T0-T1,DIST,1,Hazelrigg,percapita_repro,0.22892753617582745,Per capita reproduction,H1,T0,-0.6402648309378959,-0.724111880529462,-0.4803806237481249,0,0.7976550265134934,1.1840099047955983,-1.1236658654167908,-0.39516978423442106,NAT
Cirsium_arvense,Cirsium_arvense_Jena,-2.081,0.468,Ordbeta,T0-T1,DIST,1,Jena,FirstStepAtt,-0.5668006425381157,First step attenuation,H3,T0,0.764043952832024,-0.3862370720152753,0.02721357540323855,0,1.6161310595160223,1.0042933264685494,0.3263285755482111,2.0986936183123164,NAT
Cirsium_arvense,Cirsium_arvense_Jena,-2.081,0.468,Ordbeta,T0-T1,DIST,1,Jena,Lambda,NA,Population growth rate,H4,T0,0.764043952832024,-0.3862370720152753,0.02721357540323855,0,1.6161310595160223,1.0042933264685494,0.3263285755482111,2.0986936183123164,NAT
Cirsium_arvense,Cirsium_arvense_Jena,-2.081,0.468,Ordbeta,T0-T1,DIST,1,Jena,R0,0.6160105945075088,Net reproductive rate,H1,T0,0.764043952832024,-0.3862370720152753,0.02721357540323855,0,1.6161310595160223,1.0042933264685494,0.3263285755482111,2.0986936183123164,NAT
Cirsium_arvense,Cirsium_arvense_Jena,-2.081,0.468,Ordbeta,T0-T1,DIST,1,Jena,Reactivity,0.10356420353880351,Reactivity,H3,T0,0.764043952832024,-0.3862370720152753,0.02721357540323855,0,1.6161310595160223,1.0042933264685494,0.3263285755482111,2.0986936183123164,NAT
Cirsium_arvense,Cirsium_arvense_Jena,-2.081,0.468,Ordbeta,T0-T1,DIST,1,Jena,T_generation,-0.3568991258454697,Generation time,H2,T0,0.764043952832024,-0.3862370720152753,0.02721357540323855,0,1.6161310595160223,1.0042933264685494,0.3263285755482111,2.0986936183123164,NAT
Cirsium_arvense,Cirsium_arvense_Jena,-2.081,0.468,Ordbeta,T0-T1,DIST,1,Jena,age_repro,-0.16034446204687258,Age at first reproduction,H2,T0,0.764043952832024,-0.3862370720152753,0.02721357540323855,0,1.6161310595160223,1.0042933264685494,0.3263285755482111,2.0986936183123164,NAT
Cirsium_arvense,Cirsium_arvense_Jena,-2.081,0.468,Ordbeta,T0-T1,DIST,1,Jena,percapita_repro,0.22892753617582745,Per capita reproduction,H1,T0,0.764043952832024,-0.3862370720152753,0.02721357540323855,0,1.6161310595160223,1.0042933264685494,0.3263285755482111,2.0986936183123164,NAT
Cirsium_arvense,Cirsium_arvense_Lublin,-2.285,0.289,Ordbeta,T0-T1,DIST,1,Lublin,FirstStepAtt,-0.5668006425381157,First step attenuation,H3,T0,0.9200782621397927,0.9604863427438979,1.1194775334878724,0,-0.4348762416097607,-0.6652760678718184,0.5867498761097362,0.2778387604157047,NAT
Cirsium_arvense,Cirsium_arvense_Lublin,-2.285,0.289,Ordbeta,T0-T1,DIST,1,Lublin,Lambda,NA,Population growth rate,H4,T0,0.9200782621397927,0.9604863427438979,1.1194775334878724,0,-0.4348762416097607,-0.6652760678718184,0.5867498761097362,0.2778387604157047,NAT
Cirsium_arvense,Cirsium_arvense_Lublin,-2.285,0.289,Ordbeta,T0-T1,DIST,1,Lublin,R0,0.6160105945075088,Net reproductive rate,H1,T0,0.9200782621397927,0.9604863427438979,1.1194775334878724,0,-0.4348762416097607,-0.6652760678718184,0.5867498761097362,0.2778387604157047,NAT
Cirsium_arvense,Cirsium_arvense_Lublin,-2.285,0.289,Ordbeta,T0-T1,DIST,1,Lublin,Reactivity,0.10356420353880351,Reactivity,H3,T0,0.9200782621397927,0.9604863427438979,1.1194775334878724,0,-0.4348762416097607,-0.6652760678718184,0.5867498761097362,0.2778387604157047,NAT
Cirsium_arvense,Cirsium_arvense_Lublin,-2.285,0.289,Ordbeta,T0-T1,DIST,1,Lublin,T_generation,-0.3568991258454697,Generation time,H2,T0,0.9200782621397927,0.9604863427438979,1.1194775334878724,0,-0.4348762416097607,-0.6652760678718184,0.5867498761097362,0.2778387604157047,NAT
Cirsium_arvense,Cirsium_arvense_Lublin,-2.285,0.289,Ordbeta,T0-T1,DIST,1,Lublin,age_repro,-0.16034446204687258,Age at first reproduction,H2,T0,0.9200782621397927,0.9604863427438979,1.1194775334878724,0,-0.4348762416097607,-0.6652760678718184,0.5867498761097362,0.2778387604157047,NAT
Cirsium_arvense,Cirsium_arvense_Lublin,-2.285,0.289,Ordbeta,T0-T1,DIST,1,Lublin,percapita_repro,0.22892753617582745,Per capita reproduction,H1,T0,0.9200782621397927,0.9604863427438979,1.1194775334878724,0,-0.4348762416097607,-0.6652760678718184,0.5867498761097362,0.2778387604157047,NAT
Cirsium_arvense,Cirsium_arvense_Oak Lake Field Station,-2.328,0.271,Ordbeta,T0-T1,DIST,1,Oak Lake Field Station,FirstStepAtt,-0.5668006425381157,First step attenuation,H3,T0,-1.4828501011998478,0.07910218638638122,-1.444734176104233,0,NA,NA,NA,-1.1408838408782984,NA
Cirsium_arvense,Cirsium_arvense_Oak Lake Field Station,-2.328,0.271,Ordbeta,T0-T1,DIST,1,Oak Lake Field Station,Lambda,NA,Population growth rate,H4,T0,-1.4828501011998478,0.07910218638638122,-1.444734176104233,0,NA,NA,NA,-1.1408838408782984,NA
Cirsium_arvense,Cirsium_arvense_Oak Lake Field Station,-2.328,0.271,Ordbeta,T0-T1,DIST,1,Oak Lake Field Station,R0,0.6160105945075088,Net reproductive rate,H1,T0,-1.4828501011998478,0.07910218638638122,-1.444734176104233,0,NA,NA,NA,-1.1408838408782984,NA
Cirsium_arvense,Cirsium_arvense_Oak Lake Field Station,-2.328,0.271,Ordbeta,T0-T1,DIST,1,Oak Lake Field Station,Reactivity,0.10356420353880351,Reactivity,H3,T0,-1.4828501011998478,0.07910218638638122,-1.444734176104233,0,NA,NA,NA,-1.1408838408782984,NA
Cirsium_arvense,Cirsium_arvense_Oak Lake Field Station,-2.328,0.271,Ordbeta,T0-T1,DIST,1,Oak Lake Field Station,T_generation,-0.3568991258454697,Generation time,H2,T0,-1.4828501011998478,0.07910218638638122,-1.444734176104233,0,NA,NA,NA,-1.1408838408782984,NA
Cirsium_arvense,Cirsium_arvense_Oak Lake Field Station,-2.328,0.271,Ordbeta,T0-T1,DIST,1,Oak Lake Field Station,age_repro,-0.16034446204687258,Age at first reproduction,H2,T0,-1.4828501011998478,0.07910218638638122,-1.444734176104233,0,NA,NA,NA,-1.1408838408782984,NA
Cirsium_arvense,Cirsium_arvense_Oak Lake Field Station,-2.328,0.271,Ordbeta,T0-T1,DIST,1,Oak Lake Field Station,percapita_repro,0.22892753617582745,Per capita reproduction,H1,T0,-1.4828501011998478,0.07910218638638122,-1.444734176104233,0,NA,NA,NA,-1.1408838408782984,NA
Cirsium_arvense,Cirsium_arvense_Wytham Woods,-2.842,0.505,Ordbeta,T0-T1,DIST,1,Wytham Woods,FirstStepAtt,-0.5668006425381157,First step attenuation,H3,T0,1.1385262951706692,0.9703437817001139,1.0760089899315513,0,-0.48678535534291734,-0.5976146616129729,0.41522666757088206,-0.12047087426531668,NAT
Cirsium_arvense,Cirsium_arvense_Wytham Woods,-2.842,0.505,Ordbeta,T0-T1,DIST,1,Wytham Woods,Lambda,NA,Population growth rate,H4,T0,1.1385262951706692,0.9703437817001139,1.0760089899315513,0,-0.48678535534291734,-0.5976146616129729,0.41522666757088206,-0.12047087426531668,NAT
Cirsium_arvense,Cirsium_arvense_Wytham Woods,-2.842,0.505,Ordbeta,T0-T1,DIST,1,Wytham Woods,R0,0.6160105945075088,Net reproductive rate,H1,T0,1.1385262951706692,0.9703437817001139,1.0760089899315513,0,-0.48678535534291734,-0.5976146616129729,0.41522666757088206,-0.12047087426531668,NAT
Cirsium_arvense,Cirsium_arvense_Wytham Woods,-2.842,0.505,Ordbeta,T0-T1,DIST,1,Wytham Woods,Reactivity,0.10356420353880351,Reactivity,H3,T0,1.1385262951706692,0.9703437817001139,1.0760089899315513,0,-0.48678535534291734,-0.5976146616129729,0.41522666757088206,-0.12047087426531668,NAT
Cirsium_arvense,Cirsium_arvense_Wytham Woods,-2.842,0.505,Ordbeta,T0-T1,DIST,1,Wytham Woods,T_generation,-0.3568991258454697,Generation time,H2,T0,1.1385262951706692,0.9703437817001139,1.0760089899315513,0,-0.48678535534291734,-0.5976146616129729,0.41522666757088206,-0.12047087426531668,NAT
Cirsium_arvense,Cirsium_arvense_Wytham Woods,-2.842,0.505,Ordbeta,T0-T1,DIST,1,Wytham Woods,age_repro,-0.16034446204687258,Age at first reproduction,H2,T0,1.1385262951706692,0.9703437817001139,1.0760089899315513,0,-0.48678535534291734,-0.5976146616129729,0.41522666757088206,-0.12047087426531668,NAT
Cirsium_arvense,Cirsium_arvense_Wytham Woods,-2.842,0.505,Ordbeta,T0-T1,DIST,1,Wytham Woods,percapita_repro,0.22892753617582745,Per capita reproduction,H1,T0,1.1385262951706692,0.9703437817001139,1.0760089899315513,0,-0.48678535534291734,-0.5976146616129729,0.41522666757088206,-0.12047087426531668,NAT
Cirsium_palustre,Cirsium_palustre_Ainsdale Dune Slacks,-2.743,0.272,Ordbeta,T0-T1,DIST,1,Ainsdale Dune Slacks,FirstStepAtt,-0.3902190599481612,First step attenuation,H3,T0,-0.1721619030145893,-1.7098881757336308,-1.2709888832780574,0,NA,NA,NA,-1.1139892355567158,NAT
Cirsium_palustre,Cirsium_palustre_Ainsdale Dune Slacks,-2.743,0.272,Ordbeta,T0-T1,DIST,1,Ainsdale Dune Slacks,Lambda,1.0709091755928712,Population growth rate,H4,T0,-0.1721619030145893,-1.7098881757336308,-1.2709888832780574,0,NA,NA,NA,-1.1139892355567158,NAT
Cirsium_palustre,Cirsium_palustre_Ainsdale Dune Slacks,-2.743,0.272,Ordbeta,T0-T1,DIST,1,Ainsdale Dune Slacks,R0,-0.4121610480871877,Net reproductive rate,H1,T0,-0.1721619030145893,-1.7098881757336308,-1.2709888832780574,0,NA,NA,NA,-1.1139892355567158,NAT
Cirsium_palustre,Cirsium_palustre_Ainsdale Dune Slacks,-2.743,0.272,Ordbeta,T0-T1,DIST,1,Ainsdale Dune Slacks,Reactivity,1.1320591277786716,Reactivity,H3,T0,-0.1721619030145893,-1.7098881757336308,-1.2709888832780574,0,NA,NA,NA,-1.1139892355567158,NAT
Cirsium_palustre,Cirsium_palustre_Ainsdale Dune Slacks,-2.743,0.272,Ordbeta,T0-T1,DIST,1,Ainsdale Dune Slacks,T_generation,-0.196224630980436,Generation time,H2,T0,-0.1721619030145893,-1.7098881757336308,-1.2709888832780574,0,NA,NA,NA,-1.1139892355567158,NAT
Cirsium_palustre,Cirsium_palustre_Ainsdale Dune Slacks,-2.743,0.272,Ordbeta,T0-T1,DIST,1,Ainsdale Dune Slacks,age_repro,0.4086591552589239,Age at first reproduction,H2,T0,-0.1721619030145893,-1.7098881757336308,-1.2709888832780574,0,NA,NA,NA,-1.1139892355567158,NAT
Cirsium_palustre,Cirsium_palustre_Ainsdale Dune Slacks,-2.743,0.272,Ordbeta,T0-T1,DIST,1,Ainsdale Dune Slacks,percapita_repro,-0.02715125915730148,Per capita reproduction,H1,T0,-0.1721619030145893,-1.7098881757336308,-1.2709888832780574,0,NA,NA,NA,-1.1139892355567158,NAT
Cirsium_vulgare,Cirsium_vulgare_Bayreuth DRAGNet,-2.687,0.528,Ordbeta,T0-T1,DIST,1,Bayreuth DRAGNet,FirstStepAtt,-0.36193436997714296,First step attenuation,H3,T0,1.7002498086786373,1.1903000578533576,1.5813921901858357,0,0.7663265952564761,0.8046703576991449,-0.4657062309279624,0.012833603314585775,NAT
Cirsium_vulgare,Cirsium_vulgare_Bayreuth DRAGNet,-2.687,0.528,Ordbeta,T0-T1,DIST,1,Bayreuth DRAGNet,Lambda,-0.6435657471182722,Population growth rate,H4,T0,1.7002498086786373,1.1903000578533576,1.5813921901858357,0,0.7663265952564761,0.8046703576991449,-0.4657062309279624,0.012833603314585775,NAT
Cirsium_vulgare,Cirsium_vulgare_Bayreuth DRAGNet,-2.687,0.528,Ordbeta,T0-T1,DIST,1,Bayreuth DRAGNet,R0,-0.5647280604864245,Net reproductive rate,H1,T0,1.7002498086786373,1.1903000578533576,1.5813921901858357,0,0.7663265952564761,0.8046703576991449,-0.4657062309279624,0.012833603314585775,NAT
Cirsium_vulgare,Cirsium_vulgare_Bayreuth DRAGNet,-2.687,0.528,Ordbeta,T0-T1,DIST,1,Bayreuth DRAGNet,Reactivity,0.11259777644764513,Reactivity,H3,T0,1.7002498086786373,1.1903000578533576,1.5813921901858357,0,0.7663265952564761,0.8046703576991449,-0.4657062309279624,0.012833603314585775,NAT
Cirsium_vulgare,Cirsium_vulgare_Bayreuth DRAGNet,-2.687,0.528,Ordbeta,T0-T1,DIST,1,Bayreuth DRAGNet,T_generation,0.28441473930808386,Generation time,H2,T0,1.7002498086786373,1.1903000578533576,1.5813921901858357,0,0.7663265952564761,0.8046703576991449,-0.4657062309279624,0.012833603314585775,NAT
Cirsium_vulgare,Cirsium_vulgare_Bayreuth DRAGNet,-2.687,0.528,Ordbeta,T0-T1,DIST,1,Bayreuth DRAGNet,age_repro,-0.3795204394345651,Age at first reproduction,H2,T0,1.7002498086786373,1.1903000578533576,1.5813921901858357,0,0.7663265952564761,0.8046703576991449,-0.4657062309279624,0.012833603314585775,NAT
Cirsium_vulgare,Cirsium_vulgare_Bayreuth DRAGNet,-2.687,0.528,Ordbeta,T0-T1,DIST,1,Bayreuth DRAGNet,percapita_repro,-0.27471567607707315,Per capita reproduction,H1,T0,1.7002498086786373,1.1903000578533576,1.5813921901858357,0,0.7663265952564761,0.8046703576991449,-0.4657062309279624,0.012833603314585775,NAT
Cirsium_vulgare,Cirsium_vulgare_Cowichan,-2.599,0.386,Ordbeta,T0-T1,DIST,1,Cowichan,FirstStepAtt,-0.36193436997714296,First step attenuation,H3,NA,NA,NA,NA,NA,NA,NA,NA,NA,INT
Cirsium_vulgare,Cirsium_vulgare_Cowichan,-2.599,0.386,Ordbeta,T0-T1,DIST,1,Cowichan,Lambda,-0.6435657471182722,Population growth rate,H4,NA,NA,NA,NA,NA,NA,NA,NA,NA,INT
Cirsium_vulgare,Cirsium_vulgare_Cowichan,-2.599,0.386,Ordbeta,T0-T1,DIST,1,Cowichan,R0,-0.5647280604864245,Net reproductive rate,H1,NA,NA,NA,NA,NA,NA,NA,NA,NA,INT
Cirsium_vulgare,Cirsium_vulgare_Cowichan,-2.599,0.386,Ordbeta,T0-T1,DIST,1,Cowichan,Reactivity,0.11259777644764513,Reactivity,H3,NA,NA,NA,NA,NA,NA,NA,NA,NA,INT
Cirsium_vulgare,Cirsium_vulgare_Cowichan,-2.599,0.386,Ordbeta,T0-T1,DIST,1,Cowichan,T_generation,0.28441473930808386,Generation time,H2,NA,NA,NA,NA,NA,NA,NA,NA,NA,INT
Cirsium_vulgare,Cirsium_vulgare_Cowichan,-2.599,0.386,Ordbeta,T0-T1,DIST,1,Cowichan,age_repro,-0.3795204394345651,Age at first reproduction,H2,NA,NA,NA,NA,NA,NA,NA,NA,NA,INT
Cirsium_vulgare,Cirsium_vulgare_Cowichan,-2.599,0.386,Ordbeta,T0-T1,DIST,1,Cowichan,percapita_repro,-0.27471567607707315,Per capita reproduction,H1,NA,NA,NA,NA,NA,NA,NA,NA,NA,INT
Cirsium_vulgare,Cirsium_vulgare_Jena,-2.769,0.515,Ordbeta,T0-T1,DIST,1,Jena,FirstStepAtt,-0.36193436997714296,First step attenuation,H3,T0,0.764043952832024,-0.3862370720152753,0.02721357540323855,0,1.6161310595160223,1.0042933264685494,0.3263285755482111,2.0986936183123164,NAT
Cirsium_vulgare,Cirsium_vulgare_Jena,-2.769,0.515,Ordbeta,T0-T1,DIST,1,Jena,Lambda,-0.6435657471182722,Population growth rate,H4,T0,0.764043952832024,-0.3862370720152753,0.02721357540323855,0,1.6161310595160223,1.0042933264685494,0.3263285755482111,2.0986936183123164,NAT
Cirsium_vulgare,Cirsium_vulgare_Jena,-2.769,0.515,Ordbeta,T0-T1,DIST,1,Jena,R0,-0.5647280604864245,Net reproductive rate,H1,T0,0.764043952832024,-0.3862370720152753,0.02721357540323855,0,1.6161310595160223,1.0042933264685494,0.3263285755482111,2.0986936183123164,NAT
Cirsium_vulgare,Cirsium_vulgare_Jena,-2.769,0.515,Ordbeta,T0-T1,DIST,1,Jena,Reactivity,0.11259777644764513,Reactivity,H3,T0,0.764043952832024,-0.3862370720152753,0.02721357540323855,0,1.6161310595160223,1.0042933264685494,0.3263285755482111,2.0986936183123164,NAT
Cirsium_vulgare,Cirsium_vulgare_Jena,-2.769,0.515,Ordbeta,T0-T1,DIST,1,Jena,T_generation,0.28441473930808386,Generation time,H2,T0,0.764043952832024,-0.3862370720152753,0.02721357540323855,0,1.6161310595160223,1.0042933264685494,0.3263285755482111,2.0986936183123164,NAT
Cirsium_vulgare,Cirsium_vulgare_Jena,-2.769,0.515,Ordbeta,T0-T1,DIST,1,Jena,age_repro,-0.3795204394345651,Age at first reproduction,H2,T0,0.764043952832024,-0.3862370720152753,0.02721357540323855,0,1.6161310595160223,1.0042933264685494,0.3263285755482111,2.0986936183123164,NAT
Cirsium_vulgare,Cirsium_vulgare_Jena,-2.769,0.515,Ordbeta,T0-T1,DIST,1,Jena,percapita_repro,-0.27471567607707315,Per capita reproduction,H1,T0,0.764043952832024,-0.3862370720152753,0.02721357540323855,0,1.6161310595160223,1.0042933264685494,0.3263285755482111,2.0986936183123164,NAT
Cirsium_vulgare,Cirsium_vulgare_Lublin,-2.475,0.565,Ordbeta,T0-T1,DIST,1,Lublin,FirstStepAtt,-0.36193436997714296,First step attenuation,H3,T0,0.9200782621397927,0.9604863427438979,1.1194775334878724,0,-0.4348762416097607,-0.6652760678718184,0.5867498761097362,0.2778387604157047,NAT
Cirsium_vulgare,Cirsium_vulgare_Lublin,-2.475,0.565,Ordbeta,T0-T1,DIST,1,Lublin,Lambda,-0.6435657471182722,Population growth rate,H4,T0,0.9200782621397927,0.9604863427438979,1.1194775334878724,0,-0.4348762416097607,-0.6652760678718184,0.5867498761097362,0.2778387604157047,NAT
Cirsium_vulgare,Cirsium_vulgare_Lublin,-2.475,0.565,Ordbeta,T0-T1,DIST,1,Lublin,R0,-0.5647280604864245,Net reproductive rate,H1,T0,0.9200782621397927,0.9604863427438979,1.1194775334878724,0,-0.4348762416097607,-0.6652760678718184,0.5867498761097362,0.2778387604157047,NAT
Cirsium_vulgare,Cirsium_vulgare_Lublin,-2.475,0.565,Ordbeta,T0-T1,DIST,1,Lublin,Reactivity,0.11259777644764513,Reactivity,H3,T0,0.9200782621397927,0.9604863427438979,1.1194775334878724,0,-0.4348762416097607,-0.6652760678718184,0.5867498761097362,0.2778387604157047,NAT
Cirsium_vulgare,Cirsium_vulgare_Lublin,-2.475,0.565,Ordbeta,T0-T1,DIST,1,Lublin,T_generation,0.28441473930808386,Generation time,H2,T0,0.9200782621397927,0.9604863427438979,1.1194775334878724,0,-0.4348762416097607,-0.6652760678718184,0.5867498761097362,0.2778387604157047,NAT
Cirsium_vulgare,Cirsium_vulgare_Lublin,-2.475,0.565,Ordbeta,T0-T1,DIST,1,Lublin,age_repro,-0.3795204394345651,Age at first reproduction,H2,T0,0.9200782621397927,0.9604863427438979,1.1194775334878724,0,-0.4348762416097607,-0.6652760678718184,0.5867498761097362,0.2778387604157047,NAT
Cirsium_vulgare,Cirsium_vulgare_Lublin,-2.475,0.565,Ordbeta,T0-T1,DIST,1,Lublin,percapita_repro,-0.27471567607707315,Per capita reproduction,H1,T0,0.9200782621397927,0.9604863427438979,1.1194775334878724,0,-0.4348762416097607,-0.6652760678718184,0.5867498761097362,0.2778387604157047,NAT
Cirsium_vulgare,Cirsium_vulgare_San Claudio,-2.425,0.362,Ordbeta,T0-T1,DIST,1,San Claudio,FirstStepAtt,-0.36193436997714296,First step attenuation,H3,T0,-1.4204363774767406,3.05300824289757,-1.444734176104233,0,NA,NA,NA,-1.1775583026804564,INT
Cirsium_vulgare,Cirsium_vulgare_San Claudio,-2.425,0.362,Ordbeta,T0-T1,DIST,1,San Claudio,Lambda,-0.6435657471182722,Population growth rate,H4,T0,-1.4204363774767406,3.05300824289757,-1.444734176104233,0,NA,NA,NA,-1.1775583026804564,INT
Cirsium_vulgare,Cirsium_vulgare_San Claudio,-2.425,0.362,Ordbeta,T0-T1,DIST,1,San Claudio,R0,-0.5647280604864245,Net reproductive rate,H1,T0,-1.4204363774767406,3.05300824289757,-1.444734176104233,0,NA,NA,NA,-1.1775583026804564,INT
Cirsium_vulgare,Cirsium_vulgare_San Claudio,-2.425,0.362,Ordbeta,T0-T1,DIST,1,San Claudio,Reactivity,0.11259777644764513,Reactivity,H3,T0,-1.4204363774767406,3.05300824289757,-1.444734176104233,0,NA,NA,NA,-1.1775583026804564,INT
Cirsium_vulgare,Cirsium_vulgare_San Claudio,-2.425,0.362,Ordbeta,T0-T1,DIST,1,San Claudio,T_generation,0.28441473930808386,Generation time,H2,T0,-1.4204363774767406,3.05300824289757,-1.444734176104233,0,NA,NA,NA,-1.1775583026804564,INT
Cirsium_vulgare,Cirsium_vulgare_San Claudio,-2.425,0.362,Ordbeta,T0-T1,DIST,1,San Claudio,age_repro,-0.3795204394345651,Age at first reproduction,H2,T0,-1.4204363774767406,3.05300824289757,-1.444734176104233,0,NA,NA,NA,-1.1775583026804564,INT
Cirsium_vulgare,Cirsium_vulgare_San Claudio,-2.425,0.362,Ordbeta,T0-T1,DIST,1,San Claudio,percapita_repro,-0.27471567607707315,Per capita reproduction,H1,T0,-1.4204363774767406,3.05300824289757,-1.444734176104233,0,NA,NA,NA,-1.1775583026804564,INT
Cirsium_vulgare,Cirsium_vulgare_Wytham Woods,-3.153,0.417,Ordbeta,T0-T1,DIST,1,Wytham Woods,FirstStepAtt,-0.36193436997714296,First step attenuation,H3,T0,1.1385262951706692,0.9703437817001139,1.0760089899315513,0,-0.48678535534291734,-0.5976146616129729,0.41522666757088206,-0.12047087426531668,NAT
Cirsium_vulgare,Cirsium_vulgare_Wytham Woods,-3.153,0.417,Ordbeta,T0-T1,DIST,1,Wytham Woods,Lambda,-0.6435657471182722,Population growth rate,H4,T0,1.1385262951706692,0.9703437817001139,1.0760089899315513,0,-0.48678535534291734,-0.5976146616129729,0.41522666757088206,-0.12047087426531668,NAT
Cirsium_vulgare,Cirsium_vulgare_Wytham Woods,-3.153,0.417,Ordbeta,T0-T1,DIST,1,Wytham Woods,R0,-0.5647280604864245,Net reproductive rate,H1,T0,1.1385262951706692,0.9703437817001139,1.0760089899315513,0,-0.48678535534291734,-0.5976146616129729,0.41522666757088206,-0.12047087426531668,NAT
Cirsium_vulgare,Cirsium_vulgare_Wytham Woods,-3.153,0.417,Ordbeta,T0-T1,DIST,1,Wytham Woods,Reactivity,0.11259777644764513,Reactivity,H3,T0,1.1385262951706692,0.9703437817001139,1.0760089899315513,0,-0.48678535534291734,-0.5976146616129729,0.41522666757088206,-0.12047087426531668,NAT
Cirsium_vulgare,Cirsium_vulgare_Wytham Woods,-3.153,0.417,Ordbeta,T0-T1,DIST,1,Wytham Woods,T_generation,0.28441473930808386,Generation time,H2,T0,1.1385262951706692,0.9703437817001139,1.0760089899315513,0,-0.48678535534291734,-0.5976146616129729,0.41522666757088206,-0.12047087426531668,NAT
Cirsium_vulgare,Cirsium_vulgare_Wytham Woods,-3.153,0.417,Ordbeta,T0-T1,DIST,1,Wytham Woods,age_repro,-0.3795204394345651,Age at first reproduction,H2,T0,1.1385262951706692,0.9703437817001139,1.0760089899315513,0,-0.48678535534291734,-0.5976146616129729,0.41522666757088206,-0.12047087426531668,NAT
Cirsium_vulgare,Cirsium_vulgare_Wytham Woods,-3.153,0.417,Ordbeta,T0-T1,DIST,1,Wytham Woods,percapita_repro,-0.27471567607707315,Per capita reproduction,H1,T0,1.1385262951706692,0.9703437817001139,1.0760089899315513,0,-0.48678535534291734,-0.5976146616129729,0.41522666757088206,-0.12047087426531668,NAT
Daucus_carota,Daucus_carota_Agroscope Changins,-2.457,0.277,Ordbeta,T0-T1,DIST,1,Agroscope Changins,FirstStepAtt,-0.648414054451174,First step attenuation,H3,T0,1.1151211487745039,1.231861200363381,1.4334641159886803,0,-1.2881608799324629,-1.398708630217884,1.650051594077399,0.46165430853599404,NAT
Daucus_carota,Daucus_carota_Agroscope Changins,-2.457,0.277,Ordbeta,T0-T1,DIST,1,Agroscope Changins,Lambda,1.7826310486144403,Population growth rate,H4,T0,1.1151211487745039,1.231861200363381,1.4334641159886803,0,-1.2881608799324629,-1.398708630217884,1.650051594077399,0.46165430853599404,NAT
Daucus_carota,Daucus_carota_Agroscope Changins,-2.457,0.277,Ordbeta,T0-T1,DIST,1,Agroscope Changins,R0,-0.30616820215758683,Net reproductive rate,H1,T0,1.1151211487745039,1.231861200363381,1.4334641159886803,0,-1.2881608799324629,-1.398708630217884,1.650051594077399,0.46165430853599404,NAT
Daucus_carota,Daucus_carota_Agroscope Changins,-2.457,0.277,Ordbeta,T0-T1,DIST,1,Agroscope Changins,Reactivity,NA,Reactivity,H3,T0,1.1151211487745039,1.231861200363381,1.4334641159886803,0,-1.2881608799324629,-1.398708630217884,1.650051594077399,0.46165430853599404,NAT
Daucus_carota,Daucus_carota_Agroscope Changins,-2.457,0.277,Ordbeta,T0-T1,DIST,1,Agroscope Changins,T_generation,-0.21219379378896377,Generation time,H2,T0,1.1151211487745039,1.231861200363381,1.4334641159886803,0,-1.2881608799324629,-1.398708630217884,1.650051594077399,0.46165430853599404,NAT
Daucus_carota,Daucus_carota_Agroscope Changins,-2.457,0.277,Ordbeta,T0-T1,DIST,1,Agroscope Changins,age_repro,0.22753003130828842,Age at first reproduction,H2,T0,1.1151211487745039,1.231861200363381,1.4334641159886803,0,-1.2881608799324629,-1.398708630217884,1.650051594077399,0.46165430853599404,NAT
Daucus_carota,Daucus_carota_Agroscope Changins,-2.457,0.277,Ordbeta,T0-T1,DIST,1,Agroscope Changins,percapita_repro,NA,Per capita reproduction,H1,T0,1.1151211487745039,1.231861200363381,1.4334641159886803,0,-1.2881608799324629,-1.398708630217884,1.650051594077399,0.46165430853599404,NAT
Daucus_carota,Daucus_carota_Bad Lauchstaedt,-2.43,0.447,Ordbeta,T0-T1,DIST,1,Bad Lauchstaedt,FirstStepAtt,-0.648414054451174,First step attenuation,H3,T0,0.45197533421648606,-0.3753988185590567,-0.11439210590952666,0,0.5690221852496098,0.7959142485449064,-0.7991349509738322,0.3856906316365244,NAT
Daucus_carota,Daucus_carota_Bad Lauchstaedt,-2.43,0.447,Ordbeta,T0-T1,DIST,1,Bad Lauchstaedt,Lambda,1.7826310486144403,Population growth rate,H4,T0,0.45197533421648606,-0.3753988185590567,-0.11439210590952666,0,0.5690221852496098,0.7959142485449064,-0.7991349509738322,0.3856906316365244,NAT
Daucus_carota,Daucus_carota_Bad Lauchstaedt,-2.43,0.447,Ordbeta,T0-T1,DIST,1,Bad Lauchstaedt,R0,-0.30616820215758683,Net reproductive rate,H1,T0,0.45197533421648606,-0.3753988185590567,-0.11439210590952666,0,0.5690221852496098,0.7959142485449064,-0.7991349509738322,0.3856906316365244,NAT
Daucus_carota,Daucus_carota_Bad Lauchstaedt,-2.43,0.447,Ordbeta,T0-T1,DIST,1,Bad Lauchstaedt,Reactivity,NA,Reactivity,H3,T0,0.45197533421648606,-0.3753988185590567,-0.11439210590952666,0,0.5690221852496098,0.7959142485449064,-0.7991349509738322,0.3856906316365244,NAT
Daucus_carota,Daucus_carota_Bad Lauchstaedt,-2.43,0.447,Ordbeta,T0-T1,DIST,1,Bad Lauchstaedt,T_generation,-0.21219379378896377,Generation time,H2,T0,0.45197533421648606,-0.3753988185590567,-0.11439210590952666,0,0.5690221852496098,0.7959142485449064,-0.7991349509738322,0.3856906316365244,NAT
Daucus_carota,Daucus_carota_Bad Lauchstaedt,-2.43,0.447,Ordbeta,T0-T1,DIST,1,Bad Lauchstaedt,age_repro,0.22753003130828842,Age at first reproduction,H2,T0,0.45197533421648606,-0.3753988185590567,-0.11439210590952666,0,0.5690221852496098,0.7959142485449064,-0.7991349509738322,0.3856906316365244,NAT
Daucus_carota,Daucus_carota_Bad Lauchstaedt,-2.43,0.447,Ordbeta,T0-T1,DIST,1,Bad Lauchstaedt,percapita_repro,NA,Per capita reproduction,H1,T0,0.45197533421648606,-0.3753988185590567,-0.11439210590952666,0,0.5690221852496098,0.7959142485449064,-0.7991349509738322,0.3856906316365244,NAT
Daucus_carota,Daucus_carota_CEREEP - Ecotron IDF,-1.87,0.314,Ordbeta,T0-T1,DIST,1,CEREEP - Ecotron IDF,FirstStepAtt,-0.648414054451174,First step attenuation,H3,NA,NA,NA,NA,NA,NA,NA,NA,NA,NAT
Daucus_carota,Daucus_carota_CEREEP - Ecotron IDF,-1.87,0.314,Ordbeta,T0-T1,DIST,1,CEREEP - Ecotron IDF,Lambda,1.7826310486144403,Population growth rate,H4,NA,NA,NA,NA,NA,NA,NA,NA,NA,NAT
Daucus_carota,Daucus_carota_CEREEP - Ecotron IDF,-1.87,0.314,Ordbeta,T0-T1,DIST,1,CEREEP - Ecotron IDF,R0,-0.30616820215758683,Net reproductive rate,H1,NA,NA,NA,NA,NA,NA,NA,NA,NA,NAT
Daucus_carota,Daucus_carota_CEREEP - Ecotron IDF,-1.87,0.314,Ordbeta,T0-T1,DIST,1,CEREEP - Ecotron IDF,Reactivity,NA,Reactivity,H3,NA,NA,NA,NA,NA,NA,NA,NA,NA,NAT
Daucus_carota,Daucus_carota_CEREEP - Ecotron IDF,-1.87,0.314,Ordbeta,T0-T1,DIST,1,CEREEP - Ecotron IDF,T_generation,-0.21219379378896377,Generation time,H2,NA,NA,NA,NA,NA,NA,NA,NA,NA,NAT
Daucus_carota,Daucus_carota_CEREEP - Ecotron IDF,-1.87,0.314,Ordbeta,T0-T1,DIST,1,CEREEP - Ecotron IDF,age_repro,0.22753003130828842,Age at first reproduction,H2,NA,NA,NA,NA,NA,NA,NA,NA,NA,NAT
Daucus_carota,Daucus_carota_CEREEP - Ecotron IDF,-1.87,0.314,Ordbeta,T0-T1,DIST,1,CEREEP - Ecotron IDF,percapita_repro,NA,Per capita reproduction,H1,NA,NA,NA,NA,NA,NA,NA,NA,NA,NAT
Daucus_carota,Daucus_carota_Churning Rapids,-2.131,0.366,Ordbeta,T0-T1,DIST,1,Churning Rapids,FirstStepAtt,-0.648414054451174,First step attenuation,H3,T0,-0.28918763499541594,-0.21060534979087156,-0.11844543096706447,0,-0.3059248891415658,0.04365022904444811,-0.8281278578251694,-0.4293992819164351,INT
Daucus_carota,Daucus_carota_Churning Rapids,-2.131,0.366,Ordbeta,T0-T1,DIST,1,Churning Rapids,Lambda,1.7826310486144403,Population growth rate,H4,T0,-0.28918763499541594,-0.21060534979087156,-0.11844543096706447,0,-0.3059248891415658,0.04365022904444811,-0.8281278578251694,-0.4293992819164351,INT
Daucus_carota,Daucus_carota_Churning Rapids,-2.131,0.366,Ordbeta,T0-T1,DIST,1,Churning Rapids,R0,-0.30616820215758683,Net reproductive rate,H1,T0,-0.28918763499541594,-0.21060534979087156,-0.11844543096706447,0,-0.3059248891415658,0.04365022904444811,-0.8281278578251694,-0.4293992819164351,INT
Daucus_carota,Daucus_carota_Churning Rapids,-2.131,0.366,Ordbeta,T0-T1,DIST,1,Churning Rapids,Reactivity,NA,Reactivity,H3,T0,-0.28918763499541594,-0.21060534979087156,-0.11844543096706447,0,-0.3059248891415658,0.04365022904444811,-0.8281278578251694,-0.4293992819164351,INT
Daucus_carota,Daucus_carota_Churning Rapids,-2.131,0.366,Ordbeta,T0-T1,DIST,1,Churning Rapids,T_generation,-0.21219379378896377,Generation time,H2,T0,-0.28918763499541594,-0.21060534979087156,-0.11844543096706447,0,-0.3059248891415658,0.04365022904444811,-0.8281278578251694,-0.4293992819164351,INT
Daucus_carota,Daucus_carota_Churning Rapids,-2.131,0.366,Ordbeta,T0-T1,DIST,1,Churning Rapids,age_repro,0.22753003130828842,Age at first reproduction,H2,T0,-0.28918763499541594,-0.21060534979087156,-0.11844543096706447,0,-0.3059248891415658,0.04365022904444811,-0.8281278578251694,-0.4293992819164351,INT
Daucus_carota,Daucus_carota_Churning Rapids,-2.131,0.366,Ordbeta,T0-T1,DIST,1,Churning Rapids,percapita_repro,NA,Per capita reproduction,H1,T0,-0.28918763499541594,-0.21060534979087156,-0.11844543096706447,0,-0.3059248891415658,0.04365022904444811,-0.8281278578251694,-0.4293992819164351,INT
Daucus_carota,Daucus_carota_Kellogg Biological Station (KBS),-2.776,0.312,Ordbeta,T0-T1,DIST,1,Kellogg Biological Station (KBS),FirstStepAtt,-0.648414054451174,First step attenuation,H3,T0,0.6080096435242552,-0.3823161357234788,-0.16217943353098632,0,-0.6951717449115951,-0.3815561424686202,-0.7649907190758011,2.026063801802161,INT
Daucus_carota,Daucus_carota_Kellogg Biological Station (KBS),-2.776,0.312,Ordbeta,T0-T1,DIST,1,Kellogg Biological Station (KBS),Lambda,1.7826310486144403,Population growth rate,H4,T0,0.6080096435242552,-0.3823161357234788,-0.16217943353098632,0,-0.6951717449115951,-0.3815561424686202,-0.7649907190758011,2.026063801802161,INT
Daucus_carota,Daucus_carota_Kellogg Biological Station (KBS),-2.776,0.312,Ordbeta,T0-T1,DIST,1,Kellogg Biological Station (KBS),R0,-0.30616820215758683,Net reproductive rate,H1,T0,0.6080096435242552,-0.3823161357234788,-0.16217943353098632,0,-0.6951717449115951,-0.3815561424686202,-0.7649907190758011,2.026063801802161,INT
Daucus_carota,Daucus_carota_Kellogg Biological Station (KBS),-2.776,0.312,Ordbeta,T0-T1,DIST,1,Kellogg Biological Station (KBS),Reactivity,NA,Reactivity,H3,T0,0.6080096435242552,-0.3823161357234788,-0.16217943353098632,0,-0.6951717449115951,-0.3815561424686202,-0.7649907190758011,2.026063801802161,INT
Daucus_carota,Daucus_carota_Kellogg Biological Station (KBS),-2.776,0.312,Ordbeta,T0-T1,DIST,1,Kellogg Biological Station (KBS),T_generation,-0.21219379378896377,Generation time,H2,T0,0.6080096435242552,-0.3823161357234788,-0.16217943353098632,0,-0.6951717449115951,-0.3815561424686202,-0.7649907190758011,2.026063801802161,INT
Daucus_carota,Daucus_carota_Kellogg Biological Station (KBS),-2.776,0.312,Ordbeta,T0-T1,DIST,1,Kellogg Biological Station (KBS),age_repro,0.22753003130828842,Age at first reproduction,H2,T0,0.6080096435242552,-0.3823161357234788,-0.16217943353098632,0,-0.6951717449115951,-0.3815561424686202,-0.7649907190758011,2.026063801802161,INT
Daucus_carota,Daucus_carota_Kellogg Biological Station (KBS),-2.776,0.312,Ordbeta,T0-T1,DIST,1,Kellogg Biological Station (KBS),percapita_repro,NA,Per capita reproduction,H1,T0,0.6080096435242552,-0.3823161357234788,-0.16217943353098632,0,-0.6951717449115951,-0.3815561424686202,-0.7649907190758011,2.026063801802161,INT
Daucus_carota,Daucus_carota_Kniezenberg,-2.686,0.394,Ordbeta,T0-T1,DIST,1,Kniezenberg,FirstStepAtt,-0.648414054451174,First step attenuation,H3,T0,0.061889560947064014,-0.8020551636910082,-0.735183579836512,0,-1.2184013945374839,-0.8038659869745547,-0.9964378960740793,-1.0919845584754213,NAT
Daucus_carota,Daucus_carota_Kniezenberg,-2.686,0.394,Ordbeta,T0-T1,DIST,1,Kniezenberg,Lambda,1.7826310486144403,Population growth rate,H4,T0,0.061889560947064014,-0.8020551636910082,-0.735183579836512,0,-1.2184013945374839,-0.8038659869745547,-0.9964378960740793,-1.0919845584754213,NAT
Daucus_carota,Daucus_carota_Kniezenberg,-2.686,0.394,Ordbeta,T0-T1,DIST,1,Kniezenberg,R0,-0.30616820215758683,Net reproductive rate,H1,T0,0.061889560947064014,-0.8020551636910082,-0.735183579836512,0,-1.2184013945374839,-0.8038659869745547,-0.9964378960740793,-1.0919845584754213,NAT
Daucus_carota,Daucus_carota_Kniezenberg,-2.686,0.394,Ordbeta,T0-T1,DIST,1,Kniezenberg,Reactivity,NA,Reactivity,H3,T0,0.061889560947064014,-0.8020551636910082,-0.735183579836512,0,-1.2184013945374839,-0.8038659869745547,-0.9964378960740793,-1.0919845584754213,NAT
Daucus_carota,Daucus_carota_Kniezenberg,-2.686,0.394,Ordbeta,T0-T1,DIST,1,Kniezenberg,T_generation,-0.21219379378896377,Generation time,H2,T0,0.061889560947064014,-0.8020551636910082,-0.735183579836512,0,-1.2184013945374839,-0.8038659869745547,-0.9964378960740793,-1.0919845584754213,NAT
Daucus_carota,Daucus_carota_Kniezenberg,-2.686,0.394,Ordbeta,T0-T1,DIST,1,Kniezenberg,age_repro,0.22753003130828842,Age at first reproduction,H2,T0,0.061889560947064014,-0.8020551636910082,-0.735183579836512,0,-1.2184013945374839,-0.8038659869745547,-0.9964378960740793,-1.0919845584754213,NAT
Daucus_carota,Daucus_carota_Kniezenberg,-2.686,0.394,Ordbeta,T0-T1,DIST,1,Kniezenberg,percapita_repro,NA,Per capita reproduction,H1,T0,0.061889560947064014,-0.8020551636910082,-0.735183579836512,0,-1.2184013945374839,-0.8038659869745547,-0.9964378960740793,-1.0919845584754213,NAT
Daucus_carota,Daucus_carota_Lublin,-2.473,0.298,Ordbeta,T0-T1,DIST,1,Lublin,FirstStepAtt,-0.648414054451174,First step attenuation,H3,T0,0.9200782621397927,0.9604863427438979,1.1194775334878724,0,-0.4348762416097607,-0.6652760678718184,0.5867498761097362,0.2778387604157047,NAT
Daucus_carota,Daucus_carota_Lublin,-2.473,0.298,Ordbeta,T0-T1,DIST,1,Lublin,Lambda,1.7826310486144403,Population growth rate,H4,T0,0.9200782621397927,0.9604863427438979,1.1194775334878724,0,-0.4348762416097607,-0.6652760678718184,0.5867498761097362,0.2778387604157047,NAT
Daucus_carota,Daucus_carota_Lublin,-2.473,0.298,Ordbeta,T0-T1,DIST,1,Lublin,R0,-0.30616820215758683,Net reproductive rate,H1,T0,0.9200782621397927,0.9604863427438979,1.1194775334878724,0,-0.4348762416097607,-0.6652760678718184,0.5867498761097362,0.2778387604157047,NAT
Daucus_carota,Daucus_carota_Lublin,-2.473,0.298,Ordbeta,T0-T1,DIST,1,Lublin,Reactivity,NA,Reactivity,H3,T0,0.9200782621397927,0.9604863427438979,1.1194775334878724,0,-0.4348762416097607,-0.6652760678718184,0.5867498761097362,0.2778387604157047,NAT
Daucus_carota,Daucus_carota_Lublin,-2.473,0.298,Ordbeta,T0-T1,DIST,1,Lublin,T_generation,-0.21219379378896377,Generation time,H2,T0,0.9200782621397927,0.9604863427438979,1.1194775334878724,0,-0.4348762416097607,-0.6652760678718184,0.5867498761097362,0.2778387604157047,NAT
Daucus_carota,Daucus_carota_Lublin,-2.473,0.298,Ordbeta,T0-T1,DIST,1,Lublin,age_repro,0.22753003130828842,Age at first reproduction,H2,T0,0.9200782621397927,0.9604863427438979,1.1194775334878724,0,-0.4348762416097607,-0.6652760678718184,0.5867498761097362,0.2778387604157047,NAT
Daucus_carota,Daucus_carota_Lublin,-2.473,0.298,Ordbeta,T0-T1,DIST,1,Lublin,percapita_repro,NA,Per capita reproduction,H1,T0,0.9200782621397927,0.9604863427438979,1.1194775334878724,0,-0.4348762416097607,-0.6652760678718184,0.5867498761097362,0.2778387604157047,NAT
Echium_vulgare,Echium_vulgare_Algaida,-2.772,0.364,Ordbeta,T0-T1,DIST,1,Algaida,FirstStepAtt,0.29048941890239816,First step attenuation,H3,T0,-0.7962991402456648,-0.06775737195985027,-0.04835519867951075,0,1.3382641517792153,1.4784114525908816,-0.7414682712198007,-0.9758487627685878,NAT
Echium_vulgare,Echium_vulgare_Algaida,-2.772,0.364,Ordbeta,T0-T1,DIST,1,Algaida,Lambda,1.3438170220572685,Population growth rate,H4,T0,-0.7962991402456648,-0.06775737195985027,-0.04835519867951075,0,1.3382641517792153,1.4784114525908816,-0.7414682712198007,-0.9758487627685878,NAT
Echium_vulgare,Echium_vulgare_Algaida,-2.772,0.364,Ordbeta,T0-T1,DIST,1,Algaida,R0,-0.36415542374557935,Net reproductive rate,H1,T0,-0.7962991402456648,-0.06775737195985027,-0.04835519867951075,0,1.3382641517792153,1.4784114525908816,-0.7414682712198007,-0.9758487627685878,NAT
Echium_vulgare,Echium_vulgare_Algaida,-2.772,0.364,Ordbeta,T0-T1,DIST,1,Algaida,Reactivity,-0.32526952627422934,Reactivity,H3,T0,-0.7962991402456648,-0.06775737195985027,-0.04835519867951075,0,1.3382641517792153,1.4784114525908816,-0.7414682712198007,-0.9758487627685878,NAT
Echium_vulgare,Echium_vulgare_Algaida,-2.772,0.364,Ordbeta,T0-T1,DIST,1,Algaida,T_generation,-0.16899591255131552,Generation time,H2,T0,-0.7962991402456648,-0.06775737195985027,-0.04835519867951075,0,1.3382641517792153,1.4784114525908816,-0.7414682712198007,-0.9758487627685878,NAT
Echium_vulgare,Echium_vulgare_Algaida,-2.772,0.364,Ordbeta,T0-T1,DIST,1,Algaida,age_repro,0.04435102161829276,Age at first reproduction,H2,T0,-0.7962991402456648,-0.06775737195985027,-0.04835519867951075,0,1.3382641517792153,1.4784114525908816,-0.7414682712198007,-0.9758487627685878,NAT
Echium_vulgare,Echium_vulgare_Algaida,-2.772,0.364,Ordbeta,T0-T1,DIST,1,Algaida,percapita_repro,-0.34652306523902443,Per capita reproduction,H1,T0,-0.7962991402456648,-0.06775737195985027,-0.04835519867951075,0,1.3382641517792153,1.4784114525908816,-0.7414682712198007,-0.9758487627685878,NAT
Elymus_repens,Elymus_repens_Agroscope Changins,-2.651,0.536,Ordbeta,T0-T1,DIST,1,Agroscope Changins,FirstStepAtt,-0.7270953009948427,First step attenuation,H3,T0,1.1151211487745039,1.231861200363381,1.4334641159886803,0,-1.2881608799324629,-1.398708630217884,1.650051594077399,0.46165430853599404,NAT
Elymus_repens,Elymus_repens_Agroscope Changins,-2.651,0.536,Ordbeta,T0-T1,DIST,1,Agroscope Changins,Lambda,NA,Population growth rate,H4,T0,1.1151211487745039,1.231861200363381,1.4334641159886803,0,-1.2881608799324629,-1.398708630217884,1.650051594077399,0.46165430853599404,NAT
Elymus_repens,Elymus_repens_Agroscope Changins,-2.651,0.536,Ordbeta,T0-T1,DIST,1,Agroscope Changins,R0,2.9816024326458574,Net reproductive rate,H1,T0,1.1151211487745039,1.231861200363381,1.4334641159886803,0,-1.2881608799324629,-1.398708630217884,1.650051594077399,0.46165430853599404,NAT
Elymus_repens,Elymus_repens_Agroscope Changins,-2.651,0.536,Ordbeta,T0-T1,DIST,1,Agroscope Changins,Reactivity,NA,Reactivity,H3,T0,1.1151211487745039,1.231861200363381,1.4334641159886803,0,-1.2881608799324629,-1.398708630217884,1.650051594077399,0.46165430853599404,NAT
Elymus_repens,Elymus_repens_Agroscope Changins,-2.651,0.536,Ordbeta,T0-T1,DIST,1,Agroscope Changins,T_generation,-0.5050766187903712,Generation time,H2,T0,1.1151211487745039,1.231861200363381,1.4334641159886803,0,-1.2881608799324629,-1.398708630217884,1.650051594077399,0.46165430853599404,NAT
Elymus_repens,Elymus_repens_Agroscope Changins,-2.651,0.536,Ordbeta,T0-T1,DIST,1,Agroscope Changins,age_repro,-1.025065738487358,Age at first reproduction,H2,T0,1.1151211487745039,1.231861200363381,1.4334641159886803,0,-1.2881608799324629,-1.398708630217884,1.650051594077399,0.46165430853599404,NAT
Elymus_repens,Elymus_repens_Agroscope Changins,-2.651,0.536,Ordbeta,T0-T1,DIST,1,Agroscope Changins,percapita_repro,-0.47128570516374374,Per capita reproduction,H1,T0,1.1151211487745039,1.231861200363381,1.4334641159886803,0,-1.2881608799324629,-1.398708630217884,1.650051594077399,0.46165430853599404,NAT
Elymus_repens,Elymus_repens_Bad Lauchstaedt,-2.786,0.456,Ordbeta,T0-T1,DIST,1,Bad Lauchstaedt,FirstStepAtt,-0.7270953009948427,First step attenuation,H3,T0,0.45197533421648606,-0.3753988185590567,-0.11439210590952666,0,0.5690221852496098,0.7959142485449064,-0.7991349509738322,0.3856906316365244,NAT
Elymus_repens,Elymus_repens_Bad Lauchstaedt,-2.786,0.456,Ordbeta,T0-T1,DIST,1,Bad Lauchstaedt,Lambda,NA,Population growth rate,H4,T0,0.45197533421648606,-0.3753988185590567,-0.11439210590952666,0,0.5690221852496098,0.7959142485449064,-0.7991349509738322,0.3856906316365244,NAT
Elymus_repens,Elymus_repens_Bad Lauchstaedt,-2.786,0.456,Ordbeta,T0-T1,DIST,1,Bad Lauchstaedt,R0,2.9816024326458574,Net reproductive rate,H1,T0,0.45197533421648606,-0.3753988185590567,-0.11439210590952666,0,0.5690221852496098,0.7959142485449064,-0.7991349509738322,0.3856906316365244,NAT
Elymus_repens,Elymus_repens_Bad Lauchstaedt,-2.786,0.456,Ordbeta,T0-T1,DIST,1,Bad Lauchstaedt,Reactivity,NA,Reactivity,H3,T0,0.45197533421648606,-0.3753988185590567,-0.11439210590952666,0,0.5690221852496098,0.7959142485449064,-0.7991349509738322,0.3856906316365244,NAT
Elymus_repens,Elymus_repens_Bad Lauchstaedt,-2.786,0.456,Ordbeta,T0-T1,DIST,1,Bad Lauchstaedt,T_generation,-0.5050766187903712,Generation time,H2,T0,0.45197533421648606,-0.3753988185590567,-0.11439210590952666,0,0.5690221852496098,0.7959142485449064,-0.7991349509738322,0.3856906316365244,NAT
Elymus_repens,Elymus_repens_Bad Lauchstaedt,-2.786,0.456,Ordbeta,T0-T1,DIST,1,Bad Lauchstaedt,age_repro,-1.025065738487358,Age at first reproduction,H2,T0,0.45197533421648606,-0.3753988185590567,-0.11439210590952666,0,0.5690221852496098,0.7959142485449064,-0.7991349509738322,0.3856906316365244,NAT
Elymus_repens,Elymus_repens_Bad Lauchstaedt,-2.786,0.456,Ordbeta,T0-T1,DIST,1,Bad Lauchstaedt,percapita_repro,-0.47128570516374374,Per capita reproduction,H1,T0,0.45197533421648606,-0.3753988185590567,-0.11439210590952666,0,0.5690221852496098,0.7959142485449064,-0.7991349509738322,0.3856906316365244,NAT
Elymus_repens,Elymus_repens_Cary IES,-2.731,0.389,Ordbeta,T0-T1,DIST,1,Cary IES,FirstStepAtt,-0.7270953009948427,First step attenuation,H3,T0,-0.7338854165225573,-0.8584929278488574,-0.7412571472672489,0,-1.2752402906810407,-0.8323171230469685,-1.115975829715165,-0.28427319735646733,INT
Elymus_repens,Elymus_repens_Cary IES,-2.731,0.389,Ordbeta,T0-T1,DIST,1,Cary IES,Lambda,NA,Population growth rate,H4,T0,-0.7338854165225573,-0.8584929278488574,-0.7412571472672489,0,-1.2752402906810407,-0.8323171230469685,-1.115975829715165,-0.28427319735646733,INT
Elymus_repens,Elymus_repens_Cary IES,-2.731,0.389,Ordbeta,T0-T1,DIST,1,Cary IES,R0,2.9816024326458574,Net reproductive rate,H1,T0,-0.7338854165225573,-0.8584929278488574,-0.7412571472672489,0,-1.2752402906810407,-0.8323171230469685,-1.115975829715165,-0.28427319735646733,INT
Elymus_repens,Elymus_repens_Cary IES,-2.731,0.389,Ordbeta,T0-T1,DIST,1,Cary IES,Reactivity,NA,Reactivity,H3,T0,-0.7338854165225573,-0.8584929278488574,-0.7412571472672489,0,-1.2752402906810407,-0.8323171230469685,-1.115975829715165,-0.28427319735646733,INT
Elymus_repens,Elymus_repens_Cary IES,-2.731,0.389,Ordbeta,T0-T1,DIST,1,Cary IES,T_generation,-0.5050766187903712,Generation time,H2,T0,-0.7338854165225573,-0.8584929278488574,-0.7412571472672489,0,-1.2752402906810407,-0.8323171230469685,-1.115975829715165,-0.28427319735646733,INT
Elymus_repens,Elymus_repens_Cary IES,-2.731,0.389,Ordbeta,T0-T1,DIST,1,Cary IES,age_repro,-1.025065738487358,Age at first reproduction,H2,T0,-0.7338854165225573,-0.8584929278488574,-0.7412571472672489,0,-1.2752402906810407,-0.8323171230469685,-1.115975829715165,-0.28427319735646733,INT
Elymus_repens,Elymus_repens_Cary IES,-2.731,0.389,Ordbeta,T0-T1,DIST,1,Cary IES,percapita_repro,-0.47128570516374374,Per capita reproduction,H1,T0,-0.7338854165225573,-0.8584929278488574,-0.7412571472672489,0,-1.2752402906810407,-0.8323171230469685,-1.115975829715165,-0.28427319735646733,INT
Elymus_repens,Elymus_repens_Cedar Creek LTER,-1.399,0.229,Ordbeta,T0-T1,DIST,1,Cedar Creek LTER,FirstStepAtt,-0.7270953009948427,First step attenuation,H3,T0,-1.2644020681689714,-1.1104602362180944,-0.944576857374687,0,-0.440155069565833,-0.3653363883805663,-0.2567312943462281,-0.15067337222003496,INT
Elymus_repens,Elymus_repens_Cedar Creek LTER,-1.399,0.229,Ordbeta,T0-T1,DIST,1,Cedar Creek LTER,Lambda,NA,Population growth rate,H4,T0,-1.2644020681689714,-1.1104602362180944,-0.944576857374687,0,-0.440155069565833,-0.3653363883805663,-0.2567312943462281,-0.15067337222003496,INT
Elymus_repens,Elymus_repens_Cedar Creek LTER,-1.399,0.229,Ordbeta,T0-T1,DIST,1,Cedar Creek LTER,R0,2.9816024326458574,Net reproductive rate,H1,T0,-1.2644020681689714,-1.1104602362180944,-0.944576857374687,0,-0.440155069565833,-0.3653363883805663,-0.2567312943462281,-0.15067337222003496,INT
Elymus_repens,Elymus_repens_Cedar Creek LTER,-1.399,0.229,Ordbeta,T0-T1,DIST,1,Cedar Creek LTER,Reactivity,NA,Reactivity,H3,T0,-1.2644020681689714,-1.1104602362180944,-0.944576857374687,0,-0.440155069565833,-0.3653363883805663,-0.2567312943462281,-0.15067337222003496,INT
Elymus_repens,Elymus_repens_Cedar Creek LTER,-1.399,0.229,Ordbeta,T0-T1,DIST,1,Cedar Creek LTER,T_generation,-0.5050766187903712,Generation time,H2,T0,-1.2644020681689714,-1.1104602362180944,-0.944576857374687,0,-0.440155069565833,-0.3653363883805663,-0.2567312943462281,-0.15067337222003496,INT
Elymus_repens,Elymus_repens_Cedar Creek LTER,-1.399,0.229,Ordbeta,T0-T1,DIST,1,Cedar Creek LTER,age_repro,-1.025065738487358,Age at first reproduction,H2,T0,-1.2644020681689714,-1.1104602362180944,-0.944576857374687,0,-0.440155069565833,-0.3653363883805663,-0.2567312943462281,-0.15067337222003496,INT
Elymus_repens,Elymus_repens_Cedar Creek LTER,-1.399,0.229,Ordbeta,T0-T1,DIST,1,Cedar Creek LTER,percapita_repro,-0.47128570516374374,Per capita reproduction,H1,T0,-1.2644020681689714,-1.1104602362180944,-0.944576857374687,0,-0.440155069565833,-0.3653363883805663,-0.2567312943462281,-0.15067337222003496,INT
Elymus_repens,Elymus_repens_Churning Rapids,-2.591,0.544,Ordbeta,T0-T1,DIST,1,Churning Rapids,FirstStepAtt,-0.7270953009948427,First step attenuation,H3,T0,-0.28918763499541594,-0.21060534979087156,-0.11844543096706447,0,-0.3059248891415658,0.04365022904444811,-0.8281278578251694,-0.4293992819164351,INT
Elymus_repens,Elymus_repens_Churning Rapids,-2.591,0.544,Ordbeta,T0-T1,DIST,1,Churning Rapids,Lambda,NA,Population growth rate,H4,T0,-0.28918763499541594,-0.21060534979087156,-0.11844543096706447,0,-0.3059248891415658,0.04365022904444811,-0.8281278578251694,-0.4293992819164351,INT
Elymus_repens,Elymus_repens_Churning Rapids,-2.591,0.544,Ordbeta,T0-T1,DIST,1,Churning Rapids,R0,2.9816024326458574,Net reproductive rate,H1,T0,-0.28918763499541594,-0.21060534979087156,-0.11844543096706447,0,-0.3059248891415658,0.04365022904444811,-0.8281278578251694,-0.4293992819164351,INT
Elymus_repens,Elymus_repens_Churning Rapids,-2.591,0.544,Ordbeta,T0-T1,DIST,1,Churning Rapids,Reactivity,NA,Reactivity,H3,T0,-0.28918763499541594,-0.21060534979087156,-0.11844543096706447,0,-0.3059248891415658,0.04365022904444811,-0.8281278578251694,-0.4293992819164351,INT
Elymus_repens,Elymus_repens_Churning Rapids,-2.591,0.544,Ordbeta,T0-T1,DIST,1,Churning Rapids,T_generation,-0.5050766187903712,Generation time,H2,T0,-0.28918763499541594,-0.21060534979087156,-0.11844543096706447,0,-0.3059248891415658,0.04365022904444811,-0.8281278578251694,-0.4293992819164351,INT
Elymus_repens,Elymus_repens_Churning Rapids,-2.591,0.544,Ordbeta,T0-T1,DIST,1,Churning Rapids,age_repro,-1.025065738487358,Age at first reproduction,H2,T0,-0.28918763499541594,-0.21060534979087156,-0.11844543096706447,0,-0.3059248891415658,0.04365022904444811,-0.8281278578251694,-0.4293992819164351,INT
Elymus_repens,Elymus_repens_Churning Rapids,-2.591,0.544,Ordbeta,T0-T1,DIST,1,Churning Rapids,percapita_repro,-0.47128570516374374,Per capita reproduction,H1,T0,-0.28918763499541594,-0.21060534979087156,-0.11844543096706447,0,-0.3059248891415658,0.04365022904444811,-0.8281278578251694,-0.4293992819164351,INT
Elymus_repens,Elymus_repens_Jena,-2.714,0.258,Ordbeta,T0-T1,DIST,1,Jena,FirstStepAtt,-0.7270953009948427,First step attenuation,H3,T0,0.764043952832024,-0.3862370720152753,0.02721357540323855,0,1.6161310595160223,1.0042933264685494,0.3263285755482111,2.0986936183123164,NAT
Elymus_repens,Elymus_repens_Jena,-2.714,0.258,Ordbeta,T0-T1,DIST,1,Jena,Lambda,NA,Population growth rate,H4,T0,0.764043952832024,-0.3862370720152753,0.02721357540323855,0,1.6161310595160223,1.0042933264685494,0.3263285755482111,2.0986936183123164,NAT
Elymus_repens,Elymus_repens_Jena,-2.714,0.258,Ordbeta,T0-T1,DIST,1,Jena,R0,2.9816024326458574,Net reproductive rate,H1,T0,0.764043952832024,-0.3862370720152753,0.02721357540323855,0,1.6161310595160223,1.0042933264685494,0.3263285755482111,2.0986936183123164,NAT
Elymus_repens,Elymus_repens_Jena,-2.714,0.258,Ordbeta,T0-T1,DIST,1,Jena,Reactivity,NA,Reactivity,H3,T0,0.764043952832024,-0.3862370720152753,0.02721357540323855,0,1.6161310595160223,1.0042933264685494,0.3263285755482111,2.0986936183123164,NAT
Elymus_repens,Elymus_repens_Jena,-2.714,0.258,Ordbeta,T0-T1,DIST,1,Jena,T_generation,-0.5050766187903712,Generation time,H2,T0,0.764043952832024,-0.3862370720152753,0.02721357540323855,0,1.6161310595160223,1.0042933264685494,0.3263285755482111,2.0986936183123164,NAT
Elymus_repens,Elymus_repens_Jena,-2.714,0.258,Ordbeta,T0-T1,DIST,1,Jena,age_repro,-1.025065738487358,Age at first reproduction,H2,T0,0.764043952832024,-0.3862370720152753,0.02721357540323855,0,1.6161310595160223,1.0042933264685494,0.3263285755482111,2.0986936183123164,NAT
Elymus_repens,Elymus_repens_Jena,-2.714,0.258,Ordbeta,T0-T1,DIST,1,Jena,percapita_repro,-0.47128570516374374,Per capita reproduction,H1,T0,0.764043952832024,-0.3862370720152753,0.02721357540323855,0,1.6161310595160223,1.0042933264685494,0.3263285755482111,2.0986936183123164,NAT
Elymus_repens,Elymus_repens_Kellogg Biological Station (KBS),-2.647,0.534,Ordbeta,T0-T1,DIST,1,Kellogg Biological Station (KBS),FirstStepAtt,-0.7270953009948427,First step attenuation,H3,T0,0.6080096435242552,-0.3823161357234788,-0.16217943353098632,0,-0.6951717449115951,-0.3815561424686202,-0.7649907190758011,2.026063801802161,INT
Elymus_repens,Elymus_repens_Kellogg Biological Station (KBS),-2.647,0.534,Ordbeta,T0-T1,DIST,1,Kellogg Biological Station (KBS),Lambda,NA,Population growth rate,H4,T0,0.6080096435242552,-0.3823161357234788,-0.16217943353098632,0,-0.6951717449115951,-0.3815561424686202,-0.7649907190758011,2.026063801802161,INT
Elymus_repens,Elymus_repens_Kellogg Biological Station (KBS),-2.647,0.534,Ordbeta,T0-T1,DIST,1,Kellogg Biological Station (KBS),R0,2.9816024326458574,Net reproductive rate,H1,T0,0.6080096435242552,-0.3823161357234788,-0.16217943353098632,0,-0.6951717449115951,-0.3815561424686202,-0.7649907190758011,2.026063801802161,INT
Elymus_repens,Elymus_repens_Kellogg Biological Station (KBS),-2.647,0.534,Ordbeta,T0-T1,DIST,1,Kellogg Biological Station (KBS),Reactivity,NA,Reactivity,H3,T0,0.6080096435242552,-0.3823161357234788,-0.16217943353098632,0,-0.6951717449115951,-0.3815561424686202,-0.7649907190758011,2.026063801802161,INT
Elymus_repens,Elymus_repens_Kellogg Biological Station (KBS),-2.647,0.534,Ordbeta,T0-T1,DIST,1,Kellogg Biological Station (KBS),T_generation,-0.5050766187903712,Generation time,H2,T0,0.6080096435242552,-0.3823161357234788,-0.16217943353098632,0,-0.6951717449115951,-0.3815561424686202,-0.7649907190758011,2.026063801802161,INT
Elymus_repens,Elymus_repens_Kellogg Biological Station (KBS),-2.647,0.534,Ordbeta,T0-T1,DIST,1,Kellogg Biological Station (KBS),age_repro,-1.025065738487358,Age at first reproduction,H2,T0,0.6080096435242552,-0.3823161357234788,-0.16217943353098632,0,-0.6951717449115951,-0.3815561424686202,-0.7649907190758011,2.026063801802161,INT
Elymus_repens,Elymus_repens_Kellogg Biological Station (KBS),-2.647,0.534,Ordbeta,T0-T1,DIST,1,Kellogg Biological Station (KBS),percapita_repro,-0.47128570516374374,Per capita reproduction,H1,T0,0.6080096435242552,-0.3823161357234788,-0.16217943353098632,0,-0.6951717449115951,-0.3815561424686202,-0.7649907190758011,2.026063801802161,INT
Elymus_repens,Elymus_repens_Lublin,-1.716,0.233,Ordbeta,T0-T1,DIST,1,Lublin,FirstStepAtt,-0.7270953009948427,First step attenuation,H3,T0,0.9200782621397927,0.9604863427438979,1.1194775334878724,0,-0.4348762416097607,-0.6652760678718184,0.5867498761097362,0.2778387604157047,NAT
Elymus_repens,Elymus_repens_Lublin,-1.716,0.233,Ordbeta,T0-T1,DIST,1,Lublin,Lambda,NA,Population growth rate,H4,T0,0.9200782621397927,0.9604863427438979,1.1194775334878724,0,-0.4348762416097607,-0.6652760678718184,0.5867498761097362,0.2778387604157047,NAT
Elymus_repens,Elymus_repens_Lublin,-1.716,0.233,Ordbeta,T0-T1,DIST,1,Lublin,R0,2.9816024326458574,Net reproductive rate,H1,T0,0.9200782621397927,0.9604863427438979,1.1194775334878724,0,-0.4348762416097607,-0.6652760678718184,0.5867498761097362,0.2778387604157047,NAT
Elymus_repens,Elymus_repens_Lublin,-1.716,0.233,Ordbeta,T0-T1,DIST,1,Lublin,Reactivity,NA,Reactivity,H3,T0,0.9200782621397927,0.9604863427438979,1.1194775334878724,0,-0.4348762416097607,-0.6652760678718184,0.5867498761097362,0.2778387604157047,NAT
Elymus_repens,Elymus_repens_Lublin,-1.716,0.233,Ordbeta,T0-T1,DIST,1,Lublin,T_generation,-0.5050766187903712,Generation time,H2,T0,0.9200782621397927,0.9604863427438979,1.1194775334878724,0,-0.4348762416097607,-0.6652760678718184,0.5867498761097362,0.2778387604157047,NAT
Elymus_repens,Elymus_repens_Lublin,-1.716,0.233,Ordbeta,T0-T1,DIST,1,Lublin,age_repro,-1.025065738487358,Age at first reproduction,H2,T0,0.9200782621397927,0.9604863427438979,1.1194775334878724,0,-0.4348762416097607,-0.6652760678718184,0.5867498761097362,0.2778387604157047,NAT
Elymus_repens,Elymus_repens_Lublin,-1.716,0.233,Ordbeta,T0-T1,DIST,1,Lublin,percapita_repro,-0.47128570516374374,Per capita reproduction,H1,T0,0.9200782621397927,0.9604863427438979,1.1194775334878724,0,-0.4348762416097607,-0.6652760678718184,0.5867498761097362,0.2778387604157047,NAT
Erigeron_canadensis,Erigeron_canadensis_Hulun Buir,-2.745,0.522,Ordbeta,T0-T1,DIST,1,Hulun Buir,FirstStepAtt,-0.5030209170962596,First step attenuation,H3,T0,-1.5764706867845093,-1.9035018512877446,-1.444734176104233,0,NA,NA,NA,-0.7741392228567193,NAT
Erigeron_canadensis,Erigeron_canadensis_Hulun Buir,-2.745,0.522,Ordbeta,T0-T1,DIST,1,Hulun Buir,Lambda,NA,Population growth rate,H4,T0,-1.5764706867845093,-1.9035018512877446,-1.444734176104233,0,NA,NA,NA,-0.7741392228567193,NAT
Erigeron_canadensis,Erigeron_canadensis_Hulun Buir,-2.745,0.522,Ordbeta,T0-T1,DIST,1,Hulun Buir,R0,0.15193548318626063,Net reproductive rate,H1,T0,-1.5764706867845093,-1.9035018512877446,-1.444734176104233,0,NA,NA,NA,-0.7741392228567193,NAT
Erigeron_canadensis,Erigeron_canadensis_Hulun Buir,-2.745,0.522,Ordbeta,T0-T1,DIST,1,Hulun Buir,Reactivity,-0.12128740440421276,Reactivity,H3,T0,-1.5764706867845093,-1.9035018512877446,-1.444734176104233,0,NA,NA,NA,-0.7741392228567193,NAT
Erigeron_canadensis,Erigeron_canadensis_Hulun Buir,-2.745,0.522,Ordbeta,T0-T1,DIST,1,Hulun Buir,T_generation,-0.4882238274727749,Generation time,H2,T0,-1.5764706867845093,-1.9035018512877446,-1.444734176104233,0,NA,NA,NA,-0.7741392228567193,NAT
Erigeron_canadensis,Erigeron_canadensis_Hulun Buir,-2.745,0.522,Ordbeta,T0-T1,DIST,1,Hulun Buir,age_repro,-0.43525963860373756,Age at first reproduction,H2,T0,-1.5764706867845093,-1.9035018512877446,-1.444734176104233,0,NA,NA,NA,-0.7741392228567193,NAT
Erigeron_canadensis,Erigeron_canadensis_Hulun Buir,-2.745,0.522,Ordbeta,T0-T1,DIST,1,Hulun Buir,percapita_repro,0.4333143240317848,Per capita reproduction,H1,T0,-1.5764706867845093,-1.9035018512877446,-1.444734176104233,0,NA,NA,NA,-0.7741392228567193,NAT
Erigeron_canadensis,Erigeron_canadensis_Lublin,-2.769,0.515,Ordbeta,T0-T1,DIST,1,Lublin,FirstStepAtt,-0.5030209170962596,First step attenuation,H3,T0,0.9200782621397927,0.9604863427438979,1.1194775334878724,0,-0.4348762416097607,-0.6652760678718184,0.5867498761097362,0.2778387604157047,INT
Erigeron_canadensis,Erigeron_canadensis_Lublin,-2.769,0.515,Ordbeta,T0-T1,DIST,1,Lublin,Lambda,NA,Population growth rate,H4,T0,0.9200782621397927,0.9604863427438979,1.1194775334878724,0,-0.4348762416097607,-0.6652760678718184,0.5867498761097362,0.2778387604157047,INT
Erigeron_canadensis,Erigeron_canadensis_Lublin,-2.769,0.515,Ordbeta,T0-T1,DIST,1,Lublin,R0,0.15193548318626063,Net reproductive rate,H1,T0,0.9200782621397927,0.9604863427438979,1.1194775334878724,0,-0.4348762416097607,-0.6652760678718184,0.5867498761097362,0.2778387604157047,INT
Erigeron_canadensis,Erigeron_canadensis_Lublin,-2.769,0.515,Ordbeta,T0-T1,DIST,1,Lublin,Reactivity,-0.12128740440421276,Reactivity,H3,T0,0.9200782621397927,0.9604863427438979,1.1194775334878724,0,-0.4348762416097607,-0.6652760678718184,0.5867498761097362,0.2778387604157047,INT
Erigeron_canadensis,Erigeron_canadensis_Lublin,-2.769,0.515,Ordbeta,T0-T1,DIST,1,Lublin,T_generation,-0.4882238274727749,Generation time,H2,T0,0.9200782621397927,0.9604863427438979,1.1194775334878724,0,-0.4348762416097607,-0.6652760678718184,0.5867498761097362,0.2778387604157047,INT
Erigeron_canadensis,Erigeron_canadensis_Lublin,-2.769,0.515,Ordbeta,T0-T1,DIST,1,Lublin,age_repro,-0.43525963860373756,Age at first reproduction,H2,T0,0.9200782621397927,0.9604863427438979,1.1194775334878724,0,-0.4348762416097607,-0.6652760678718184,0.5867498761097362,0.2778387604157047,INT
Erigeron_canadensis,Erigeron_canadensis_Lublin,-2.769,0.515,Ordbeta,T0-T1,DIST,1,Lublin,percapita_repro,0.4333143240317848,Per capita reproduction,H1,T0,0.9200782621397927,0.9604863427438979,1.1194775334878724,0,-0.4348762416097607,-0.6652760678718184,0.5867498761097362,0.2778387604157047,INT
Erigeron_canadensis,Erigeron_canadensis_Piedmont Prairie,-2.824,0.214,Ordbeta,T0-T1,DIST,1,Piedmont Prairie,FirstStepAtt,-0.5030209170962596,First step attenuation,H3,T0,-1.3892295156151866,0.07910218638638122,-1.444734176104233,0,NA,NA,NA,-1.1581732300136014,NAT
Erigeron_canadensis,Erigeron_canadensis_Piedmont Prairie,-2.824,0.214,Ordbeta,T0-T1,DIST,1,Piedmont Prairie,Lambda,NA,Population growth rate,H4,T0,-1.3892295156151866,0.07910218638638122,-1.444734176104233,0,NA,NA,NA,-1.1581732300136014,NAT
Erigeron_canadensis,Erigeron_canadensis_Piedmont Prairie,-2.824,0.214,Ordbeta,T0-T1,DIST,1,Piedmont Prairie,R0,0.15193548318626063,Net reproductive rate,H1,T0,-1.3892295156151866,0.07910218638638122,-1.444734176104233,0,NA,NA,NA,-1.1581732300136014,NAT
Erigeron_canadensis,Erigeron_canadensis_Piedmont Prairie,-2.824,0.214,Ordbeta,T0-T1,DIST,1,Piedmont Prairie,Reactivity,-0.12128740440421276,Reactivity,H3,T0,-1.3892295156151866,0.07910218638638122,-1.444734176104233,0,NA,NA,NA,-1.1581732300136014,NAT
Erigeron_canadensis,Erigeron_canadensis_Piedmont Prairie,-2.824,0.214,Ordbeta,T0-T1,DIST,1,Piedmont Prairie,T_generation,-0.4882238274727749,Generation time,H2,T0,-1.3892295156151866,0.07910218638638122,-1.444734176104233,0,NA,NA,NA,-1.1581732300136014,NAT
Erigeron_canadensis,Erigeron_canadensis_Piedmont Prairie,-2.824,0.214,Ordbeta,T0-T1,DIST,1,Piedmont Prairie,age_repro,-0.43525963860373756,Age at first reproduction,H2,T0,-1.3892295156151866,0.07910218638638122,-1.444734176104233,0,NA,NA,NA,-1.1581732300136014,NAT
Erigeron_canadensis,Erigeron_canadensis_Piedmont Prairie,-2.824,0.214,Ordbeta,T0-T1,DIST,1,Piedmont Prairie,percapita_repro,0.4333143240317848,Per capita reproduction,H1,T0,-1.3892295156151866,0.07910218638638122,-1.444734176104233,0,NA,NA,NA,-1.1581732300136014,NAT
Erigeron_canadensis,Erigeron_canadensis_University of Michigan Biological Station,-2.769,0.515,Ordbeta,T0-T1,DIST,1,University of Michigan Biological Station,FirstStepAtt,-0.5030209170962596,First step attenuation,H3,T0,-1.342419222822856,-1.9035018512877446,-1.444734176104233,0,NA,NA,NA,0.14272232219722827,NAT
Erigeron_canadensis,Erigeron_canadensis_University of Michigan Biological Station,-2.769,0.515,Ordbeta,T0-T1,DIST,1,University of Michigan Biological Station,Lambda,NA,Population growth rate,H4,T0,-1.342419222822856,-1.9035018512877446,-1.444734176104233,0,NA,NA,NA,0.14272232219722827,NAT
Erigeron_canadensis,Erigeron_canadensis_University of Michigan Biological Station,-2.769,0.515,Ordbeta,T0-T1,DIST,1,University of Michigan Biological Station,R0,0.15193548318626063,Net reproductive rate,H1,T0,-1.342419222822856,-1.9035018512877446,-1.444734176104233,0,NA,NA,NA,0.14272232219722827,NAT
Erigeron_canadensis,Erigeron_canadensis_University of Michigan Biological Station,-2.769,0.515,Ordbeta,T0-T1,DIST,1,University of Michigan Biological Station,Reactivity,-0.12128740440421276,Reactivity,H3,T0,-1.342419222822856,-1.9035018512877446,-1.444734176104233,0,NA,NA,NA,0.14272232219722827,NAT
Erigeron_canadensis,Erigeron_canadensis_University of Michigan Biological Station,-2.769,0.515,Ordbeta,T0-T1,DIST,1,University of Michigan Biological Station,T_generation,-0.4882238274727749,Generation time,H2,T0,-1.342419222822856,-1.9035018512877446,-1.444734176104233,0,NA,NA,NA,0.14272232219722827,NAT
Erigeron_canadensis,Erigeron_canadensis_University of Michigan Biological Station,-2.769,0.515,Ordbeta,T0-T1,DIST,1,University of Michigan Biological Station,age_repro,-0.43525963860373756,Age at first reproduction,H2,T0,-1.342419222822856,-1.9035018512877446,-1.444734176104233,0,NA,NA,NA,0.14272232219722827,NAT
Erigeron_canadensis,Erigeron_canadensis_University of Michigan Biological Station,-2.769,0.515,Ordbeta,T0-T1,DIST,1,University of Michigan Biological Station,percapita_repro,0.4333143240317848,Per capita reproduction,H1,T0,-1.342419222822856,-1.9035018512877446,-1.444734176104233,0,NA,NA,NA,0.14272232219722827,NAT
Knautia_arvensis,Knautia_arvensis_Agroscope Changins,-2.832,0.51,Ordbeta,T0-T1,DIST,1,Agroscope Changins,FirstStepAtt,-0.494420556017514,First step attenuation,H3,T0,1.1151211487745039,1.231861200363381,1.4334641159886803,0,-1.2881608799324629,-1.398708630217884,1.650051594077399,0.46165430853599404,NAT
Knautia_arvensis,Knautia_arvensis_Agroscope Changins,-2.832,0.51,Ordbeta,T0-T1,DIST,1,Agroscope Changins,Lambda,-1.8851783394854025,Population growth rate,H4,T0,1.1151211487745039,1.231861200363381,1.4334641159886803,0,-1.2881608799324629,-1.398708630217884,1.650051594077399,0.46165430853599404,NAT
Knautia_arvensis,Knautia_arvensis_Agroscope Changins,-2.832,0.51,Ordbeta,T0-T1,DIST,1,Agroscope Changins,R0,-0.6043293412985488,Net reproductive rate,H1,T0,1.1151211487745039,1.231861200363381,1.4334641159886803,0,-1.2881608799324629,-1.398708630217884,1.650051594077399,0.46165430853599404,NAT
Knautia_arvensis,Knautia_arvensis_Agroscope Changins,-2.832,0.51,Ordbeta,T0-T1,DIST,1,Agroscope Changins,Reactivity,-0.6562008476170934,Reactivity,H3,T0,1.1151211487745039,1.231861200363381,1.4334641159886803,0,-1.2881608799324629,-1.398708630217884,1.650051594077399,0.46165430853599404,NAT
Knautia_arvensis,Knautia_arvensis_Agroscope Changins,-2.832,0.51,Ordbeta,T0-T1,DIST,1,Agroscope Changins,T_generation,NA,Generation time,H2,T0,1.1151211487745039,1.231861200363381,1.4334641159886803,0,-1.2881608799324629,-1.398708630217884,1.650051594077399,0.46165430853599404,NAT
Knautia_arvensis,Knautia_arvensis_Agroscope Changins,-2.832,0.51,Ordbeta,T0-T1,DIST,1,Agroscope Changins,age_repro,-0.4191034591473723,Age at first reproduction,H2,T0,1.1151211487745039,1.231861200363381,1.4334641159886803,0,-1.2881608799324629,-1.398708630217884,1.650051594077399,0.46165430853599404,NAT
Knautia_arvensis,Knautia_arvensis_Agroscope Changins,-2.832,0.51,Ordbeta,T0-T1,DIST,1,Agroscope Changins,percapita_repro,-0.4712565728858724,Per capita reproduction,H1,T0,1.1151211487745039,1.231861200363381,1.4334641159886803,0,-1.2881608799324629,-1.398708630217884,1.650051594077399,0.46165430853599404,NAT
Knautia_arvensis,Knautia_arvensis_Bayreuth DRAGNet,-1.825,0.393,Ordbeta,T0-T1,DIST,1,Bayreuth DRAGNet,FirstStepAtt,-0.494420556017514,First step attenuation,H3,T0,1.7002498086786373,1.1903000578533576,1.5813921901858357,0,0.7663265952564761,0.8046703576991449,-0.4657062309279624,0.012833603314585775,NAT
Knautia_arvensis,Knautia_arvensis_Bayreuth DRAGNet,-1.825,0.393,Ordbeta,T0-T1,DIST,1,Bayreuth DRAGNet,Lambda,-1.8851783394854025,Population growth rate,H4,T0,1.7002498086786373,1.1903000578533576,1.5813921901858357,0,0.7663265952564761,0.8046703576991449,-0.4657062309279624,0.012833603314585775,NAT
Knautia_arvensis,Knautia_arvensis_Bayreuth DRAGNet,-1.825,0.393,Ordbeta,T0-T1,DIST,1,Bayreuth DRAGNet,R0,-0.6043293412985488,Net reproductive rate,H1,T0,1.7002498086786373,1.1903000578533576,1.5813921901858357,0,0.7663265952564761,0.8046703576991449,-0.4657062309279624,0.012833603314585775,NAT
Knautia_arvensis,Knautia_arvensis_Bayreuth DRAGNet,-1.825,0.393,Ordbeta,T0-T1,DIST,1,Bayreuth DRAGNet,Reactivity,-0.6562008476170934,Reactivity,H3,T0,1.7002498086786373,1.1903000578533576,1.5813921901858357,0,0.7663265952564761,0.8046703576991449,-0.4657062309279624,0.012833603314585775,NAT
Knautia_arvensis,Knautia_arvensis_Bayreuth DRAGNet,-1.825,0.393,Ordbeta,T0-T1,DIST,1,Bayreuth DRAGNet,T_generation,NA,Generation time,H2,T0,1.7002498086786373,1.1903000578533576,1.5813921901858357,0,0.7663265952564761,0.8046703576991449,-0.4657062309279624,0.012833603314585775,NAT
Knautia_arvensis,Knautia_arvensis_Bayreuth DRAGNet,-1.825,0.393,Ordbeta,T0-T1,DIST,1,Bayreuth DRAGNet,age_repro,-0.4191034591473723,Age at first reproduction,H2,T0,1.7002498086786373,1.1903000578533576,1.5813921901858357,0,0.7663265952564761,0.8046703576991449,-0.4657062309279624,0.012833603314585775,NAT
Knautia_arvensis,Knautia_arvensis_Bayreuth DRAGNet,-1.825,0.393,Ordbeta,T0-T1,DIST,1,Bayreuth DRAGNet,percapita_repro,-0.4712565728858724,Per capita reproduction,H1,T0,1.7002498086786373,1.1903000578533576,1.5813921901858357,0,0.7663265952564761,0.8046703576991449,-0.4657062309279624,0.012833603314585775,NAT
Knautia_arvensis,Knautia_arvensis_WSL,-2.538,0.552,Ordbeta,T0-T1,DIST,1,WSL,FirstStepAtt,-0.494420556017514,First step attenuation,H3,T0,-0.8743162948995492,0.8005497667622437,0.4329590289255727,0,0.7223509120374744,0.494707828917318,-0.07955499989208786,-0.8401532541006036,NAT
Knautia_arvensis,Knautia_arvensis_WSL,-2.538,0.552,Ordbeta,T0-T1,DIST,1,WSL,Lambda,-1.8851783394854025,Population growth rate,H4,T0,-0.8743162948995492,0.8005497667622437,0.4329590289255727,0,0.7223509120374744,0.494707828917318,-0.07955499989208786,-0.8401532541006036,NAT
Knautia_arvensis,Knautia_arvensis_WSL,-2.538,0.552,Ordbeta,T0-T1,DIST,1,WSL,R0,-0.6043293412985488,Net reproductive rate,H1,T0,-0.8743162948995492,0.8005497667622437,0.4329590289255727,0,0.7223509120374744,0.494707828917318,-0.07955499989208786,-0.8401532541006036,NAT
Knautia_arvensis,Knautia_arvensis_WSL,-2.538,0.552,Ordbeta,T0-T1,DIST,1,WSL,Reactivity,-0.6562008476170934,Reactivity,H3,T0,-0.8743162948995492,0.8005497667622437,0.4329590289255727,0,0.7223509120374744,0.494707828917318,-0.07955499989208786,-0.8401532541006036,NAT
Knautia_arvensis,Knautia_arvensis_WSL,-2.538,0.552,Ordbeta,T0-T1,DIST,1,WSL,T_generation,NA,Generation time,H2,T0,-0.8743162948995492,0.8005497667622437,0.4329590289255727,0,0.7223509120374744,0.494707828917318,-0.07955499989208786,-0.8401532541006036,NAT
Knautia_arvensis,Knautia_arvensis_WSL,-2.538,0.552,Ordbeta,T0-T1,DIST,1,WSL,age_repro,-0.4191034591473723,Age at first reproduction,H2,T0,-0.8743162948995492,0.8005497667622437,0.4329590289255727,0,0.7223509120374744,0.494707828917318,-0.07955499989208786,-0.8401532541006036,NAT
Knautia_arvensis,Knautia_arvensis_WSL,-2.538,0.552,Ordbeta,T0-T1,DIST,1,WSL,percapita_repro,-0.4712565728858724,Per capita reproduction,H1,T0,-0.8743162948995492,0.8005497667622437,0.4329590289255727,0,0.7223509120374744,0.494707828917318,-0.07955499989208786,-0.8401532541006036,NAT
Knautia_arvensis,Knautia_arvensis_Wytham Woods,-2.542,0.438,Ordbeta,T0-T1,DIST,1,Wytham Woods,FirstStepAtt,-0.494420556017514,First step attenuation,H3,T0,1.1385262951706692,0.9703437817001139,1.0760089899315513,0,-0.48678535534291734,-0.5976146616129729,0.41522666757088206,-0.12047087426531668,NAT
Knautia_arvensis,Knautia_arvensis_Wytham Woods,-2.542,0.438,Ordbeta,T0-T1,DIST,1,Wytham Woods,Lambda,-1.8851783394854025,Population growth rate,H4,T0,1.1385262951706692,0.9703437817001139,1.0760089899315513,0,-0.48678535534291734,-0.5976146616129729,0.41522666757088206,-0.12047087426531668,NAT
Knautia_arvensis,Knautia_arvensis_Wytham Woods,-2.542,0.438,Ordbeta,T0-T1,DIST,1,Wytham Woods,R0,-0.6043293412985488,Net reproductive rate,H1,T0,1.1385262951706692,0.9703437817001139,1.0760089899315513,0,-0.48678535534291734,-0.5976146616129729,0.41522666757088206,-0.12047087426531668,NAT
Knautia_arvensis,Knautia_arvensis_Wytham Woods,-2.542,0.438,Ordbeta,T0-T1,DIST,1,Wytham Woods,Reactivity,-0.6562008476170934,Reactivity,H3,T0,1.1385262951706692,0.9703437817001139,1.0760089899315513,0,-0.48678535534291734,-0.5976146616129729,0.41522666757088206,-0.12047087426531668,NAT
Knautia_arvensis,Knautia_arvensis_Wytham Woods,-2.542,0.438,Ordbeta,T0-T1,DIST,1,Wytham Woods,T_generation,NA,Generation time,H2,T0,1.1385262951706692,0.9703437817001139,1.0760089899315513,0,-0.48678535534291734,-0.5976146616129729,0.41522666757088206,-0.12047087426531668,NAT
Knautia_arvensis,Knautia_arvensis_Wytham Woods,-2.542,0.438,Ordbeta,T0-T1,DIST,1,Wytham Woods,age_repro,-0.4191034591473723,Age at first reproduction,H2,T0,1.1385262951706692,0.9703437817001139,1.0760089899315513,0,-0.48678535534291734,-0.5976146616129729,0.41522666757088206,-0.12047087426531668,NAT
Knautia_arvensis,Knautia_arvensis_Wytham Woods,-2.542,0.438,Ordbeta,T0-T1,DIST,1,Wytham Woods,percapita_repro,-0.4712565728858724,Per capita reproduction,H1,T0,1.1385262951706692,0.9703437817001139,1.0760089899315513,0,-0.48678535534291734,-0.5976146616129729,0.41522666757088206,-0.12047087426531668,NAT
Lactuca_serriola,Lactuca_serriola_Bad Lauchstaedt,-2.769,0.515,Ordbeta,T0-T1,DIST,1,Bad Lauchstaedt,FirstStepAtt,-0.36986276148246294,First step attenuation,H3,T0,0.45197533421648606,-0.3753988185590567,-0.11439210590952666,0,0.5690221852496098,0.7959142485449064,-0.7991349509738322,0.3856906316365244,NAT
Lactuca_serriola,Lactuca_serriola_Bad Lauchstaedt,-2.769,0.515,Ordbeta,T0-T1,DIST,1,Bad Lauchstaedt,Lambda,NA,Population growth rate,H4,T0,0.45197533421648606,-0.3753988185590567,-0.11439210590952666,0,0.5690221852496098,0.7959142485449064,-0.7991349509738322,0.3856906316365244,NAT
Lactuca_serriola,Lactuca_serriola_Bad Lauchstaedt,-2.769,0.515,Ordbeta,T0-T1,DIST,1,Bad Lauchstaedt,R0,0.3298584177437871,Net reproductive rate,H1,T0,0.45197533421648606,-0.3753988185590567,-0.11439210590952666,0,0.5690221852496098,0.7959142485449064,-0.7991349509738322,0.3856906316365244,NAT
Lactuca_serriola,Lactuca_serriola_Bad Lauchstaedt,-2.769,0.515,Ordbeta,T0-T1,DIST,1,Bad Lauchstaedt,Reactivity,1.50722894790047,Reactivity,H3,T0,0.45197533421648606,-0.3753988185590567,-0.11439210590952666,0,0.5690221852496098,0.7959142485449064,-0.7991349509738322,0.3856906316365244,NAT
Lactuca_serriola,Lactuca_serriola_Bad Lauchstaedt,-2.769,0.515,Ordbeta,T0-T1,DIST,1,Bad Lauchstaedt,T_generation,-0.4943345853440285,Generation time,H2,T0,0.45197533421648606,-0.3753988185590567,-0.11439210590952666,0,0.5690221852496098,0.7959142485449064,-0.7991349509738322,0.3856906316365244,NAT
Lactuca_serriola,Lactuca_serriola_Bad Lauchstaedt,-2.769,0.515,Ordbeta,T0-T1,DIST,1,Bad Lauchstaedt,age_repro,0.002090054260356659,Age at first reproduction,H2,T0,0.45197533421648606,-0.3753988185590567,-0.11439210590952666,0,0.5690221852496098,0.7959142485449064,-0.7991349509738322,0.3856906316365244,NAT
Lactuca_serriola,Lactuca_serriola_Bad Lauchstaedt,-2.769,0.515,Ordbeta,T0-T1,DIST,1,Bad Lauchstaedt,percapita_repro,3.437824708197219,Per capita reproduction,H1,T0,0.45197533421648606,-0.3753988185590567,-0.11439210590952666,0,0.5690221852496098,0.7959142485449064,-0.7991349509738322,0.3856906316365244,NAT
Lactuca_serriola,Lactuca_serriola_Blandy Experimental Farm,-2.607,0.543,Ordbeta,T0-T1,DIST,1,Blandy Experimental Farm,FirstStepAtt,-0.36986276148246294,First step attenuation,H3,T0,-0.9211265876918799,-0.9121998324506817,-1.444734176104233,0,0.7318735048799031,1.120081927705361,-1.1236658654167908,-0.23930332157524994,INT
Lactuca_serriola,Lactuca_serriola_Blandy Experimental Farm,-2.607,0.543,Ordbeta,T0-T1,DIST,1,Blandy Experimental Farm,Lambda,NA,Population growth rate,H4,T0,-0.9211265876918799,-0.9121998324506817,-1.444734176104233,0,0.7318735048799031,1.120081927705361,-1.1236658654167908,-0.23930332157524994,INT
Lactuca_serriola,Lactuca_serriola_Blandy Experimental Farm,-2.607,0.543,Ordbeta,T0-T1,DIST,1,Blandy Experimental Farm,R0,0.3298584177437871,Net reproductive rate,H1,T0,-0.9211265876918799,-0.9121998324506817,-1.444734176104233,0,0.7318735048799031,1.120081927705361,-1.1236658654167908,-0.23930332157524994,INT
Lactuca_serriola,Lactuca_serriola_Blandy Experimental Farm,-2.607,0.543,Ordbeta,T0-T1,DIST,1,Blandy Experimental Farm,Reactivity,1.50722894790047,Reactivity,H3,T0,-0.9211265876918799,-0.9121998324506817,-1.444734176104233,0,0.7318735048799031,1.120081927705361,-1.1236658654167908,-0.23930332157524994,INT
Lactuca_serriola,Lactuca_serriola_Blandy Experimental Farm,-2.607,0.543,Ordbeta,T0-T1,DIST,1,Blandy Experimental Farm,T_generation,-0.4943345853440285,Generation time,H2,T0,-0.9211265876918799,-0.9121998324506817,-1.444734176104233,0,0.7318735048799031,1.120081927705361,-1.1236658654167908,-0.23930332157524994,INT
Lactuca_serriola,Lactuca_serriola_Blandy Experimental Farm,-2.607,0.543,Ordbeta,T0-T1,DIST,1,Blandy Experimental Farm,age_repro,0.002090054260356659,Age at first reproduction,H2,T0,-0.9211265876918799,-0.9121998324506817,-1.444734176104233,0,0.7318735048799031,1.120081927705361,-1.1236658654167908,-0.23930332157524994,INT
Lactuca_serriola,Lactuca_serriola_Blandy Experimental Farm,-2.607,0.543,Ordbeta,T0-T1,DIST,1,Blandy Experimental Farm,percapita_repro,3.437824708197219,Per capita reproduction,H1,T0,-0.9211265876918799,-0.9121998324506817,-1.444734176104233,0,0.7318735048799031,1.120081927705361,-1.1236658654167908,-0.23930332157524994,INT
Lactuca_serriola,Lactuca_serriola_Jena,-2.393,0.58,Ordbeta,T0-T1,DIST,1,Jena,FirstStepAtt,-0.36986276148246294,First step attenuation,H3,T0,0.764043952832024,-0.3862370720152753,0.02721357540323855,0,1.6161310595160223,1.0042933264685494,0.3263285755482111,2.0986936183123164,NAT
Lactuca_serriola,Lactuca_serriola_Jena,-2.393,0.58,Ordbeta,T0-T1,DIST,1,Jena,Lambda,NA,Population growth rate,H4,T0,0.764043952832024,-0.3862370720152753,0.02721357540323855,0,1.6161310595160223,1.0042933264685494,0.3263285755482111,2.0986936183123164,NAT
Lactuca_serriola,Lactuca_serriola_Jena,-2.393,0.58,Ordbeta,T0-T1,DIST,1,Jena,R0,0.3298584177437871,Net reproductive rate,H1,T0,0.764043952832024,-0.3862370720152753,0.02721357540323855,0,1.6161310595160223,1.0042933264685494,0.3263285755482111,2.0986936183123164,NAT
Lactuca_serriola,Lactuca_serriola_Jena,-2.393,0.58,Ordbeta,T0-T1,DIST,1,Jena,Reactivity,1.50722894790047,Reactivity,H3,T0,0.764043952832024,-0.3862370720152753,0.02721357540323855,0,1.6161310595160223,1.0042933264685494,0.3263285755482111,2.0986936183123164,NAT
Lactuca_serriola,Lactuca_serriola_Jena,-2.393,0.58,Ordbeta,T0-T1,DIST,1,Jena,T_generation,-0.4943345853440285,Generation time,H2,T0,0.764043952832024,-0.3862370720152753,0.02721357540323855,0,1.6161310595160223,1.0042933264685494,0.3263285755482111,2.0986936183123164,NAT
Lactuca_serriola,Lactuca_serriola_Jena,-2.393,0.58,Ordbeta,T0-T1,DIST,1,Jena,age_repro,0.002090054260356659,Age at first reproduction,H2,T0,0.764043952832024,-0.3862370720152753,0.02721357540323855,0,1.6161310595160223,1.0042933264685494,0.3263285755482111,2.0986936183123164,NAT
Lactuca_serriola,Lactuca_serriola_Jena,-2.393,0.58,Ordbeta,T0-T1,DIST,1,Jena,percapita_repro,3.437824708197219,Per capita reproduction,H1,T0,0.764043952832024,-0.3862370720152753,0.02721357540323855,0,1.6161310595160223,1.0042933264685494,0.3263285755482111,2.0986936183123164,NAT
Lactuca_serriola,Lactuca_serriola_Kniezenberg,-2.769,0.515,Ordbeta,T0-T1,DIST,1,Kniezenberg,FirstStepAtt,-0.36986276148246294,First step attenuation,H3,T0,0.061889560947064014,-0.8020551636910082,-0.735183579836512,0,-1.2184013945374839,-0.8038659869745547,-0.9964378960740793,-1.0919845584754213,NAT
Lactuca_serriola,Lactuca_serriola_Kniezenberg,-2.769,0.515,Ordbeta,T0-T1,DIST,1,Kniezenberg,Lambda,NA,Population growth rate,H4,T0,0.061889560947064014,-0.8020551636910082,-0.735183579836512,0,-1.2184013945374839,-0.8038659869745547,-0.9964378960740793,-1.0919845584754213,NAT
Lactuca_serriola,Lactuca_serriola_Kniezenberg,-2.769,0.515,Ordbeta,T0-T1,DIST,1,Kniezenberg,R0,0.3298584177437871,Net reproductive rate,H1,T0,0.061889560947064014,-0.8020551636910082,-0.735183579836512,0,-1.2184013945374839,-0.8038659869745547,-0.9964378960740793,-1.0919845584754213,NAT
Lactuca_serriola,Lactuca_serriola_Kniezenberg,-2.769,0.515,Ordbeta,T0-T1,DIST,1,Kniezenberg,Reactivity,1.50722894790047,Reactivity,H3,T0,0.061889560947064014,-0.8020551636910082,-0.735183579836512,0,-1.2184013945374839,-0.8038659869745547,-0.9964378960740793,-1.0919845584754213,NAT
Lactuca_serriola,Lactuca_serriola_Kniezenberg,-2.769,0.515,Ordbeta,T0-T1,DIST,1,Kniezenberg,T_generation,-0.4943345853440285,Generation time,H2,T0,0.061889560947064014,-0.8020551636910082,-0.735183579836512,0,-1.2184013945374839,-0.8038659869745547,-0.9964378960740793,-1.0919845584754213,NAT
Lactuca_serriola,Lactuca_serriola_Kniezenberg,-2.769,0.515,Ordbeta,T0-T1,DIST,1,Kniezenberg,age_repro,0.002090054260356659,Age at first reproduction,H2,T0,0.061889560947064014,-0.8020551636910082,-0.735183579836512,0,-1.2184013945374839,-0.8038659869745547,-0.9964378960740793,-1.0919845584754213,NAT
Lactuca_serriola,Lactuca_serriola_Kniezenberg,-2.769,0.515,Ordbeta,T0-T1,DIST,1,Kniezenberg,percapita_repro,3.437824708197219,Per capita reproduction,H1,T0,0.061889560947064014,-0.8020551636910082,-0.735183579836512,0,-1.2184013945374839,-0.8038659869745547,-0.9964378960740793,-1.0919845584754213,NAT
Lactuca_serriola,Lactuca_serriola_Oak Lake Field Station,-2.876,0.445,Ordbeta,T0-T1,DIST,1,Oak Lake Field Station,FirstStepAtt,-0.36986276148246294,First step attenuation,H3,T0,-1.4828501011998478,0.07910218638638122,-1.444734176104233,0,NA,NA,NA,-1.1408838408782984,NA
Lactuca_serriola,Lactuca_serriola_Oak Lake Field Station,-2.876,0.445,Ordbeta,T0-T1,DIST,1,Oak Lake Field Station,Lambda,NA,Population growth rate,H4,T0,-1.4828501011998478,0.07910218638638122,-1.444734176104233,0,NA,NA,NA,-1.1408838408782984,NA
Lactuca_serriola,Lactuca_serriola_Oak Lake Field Station,-2.876,0.445,Ordbeta,T0-T1,DIST,1,Oak Lake Field Station,R0,0.3298584177437871,Net reproductive rate,H1,T0,-1.4828501011998478,0.07910218638638122,-1.444734176104233,0,NA,NA,NA,-1.1408838408782984,NA
Lactuca_serriola,Lactuca_serriola_Oak Lake Field Station,-2.876,0.445,Ordbeta,T0-T1,DIST,1,Oak Lake Field Station,Reactivity,1.50722894790047,Reactivity,H3,T0,-1.4828501011998478,0.07910218638638122,-1.444734176104233,0,NA,NA,NA,-1.1408838408782984,NA
Lactuca_serriola,Lactuca_serriola_Oak Lake Field Station,-2.876,0.445,Ordbeta,T0-T1,DIST,1,Oak Lake Field Station,T_generation,-0.4943345853440285,Generation time,H2,T0,-1.4828501011998478,0.07910218638638122,-1.444734176104233,0,NA,NA,NA,-1.1408838408782984,NA
Lactuca_serriola,Lactuca_serriola_Oak Lake Field Station,-2.876,0.445,Ordbeta,T0-T1,DIST,1,Oak Lake Field Station,age_repro,0.002090054260356659,Age at first reproduction,H2,T0,-1.4828501011998478,0.07910218638638122,-1.444734176104233,0,NA,NA,NA,-1.1408838408782984,NA
Lactuca_serriola,Lactuca_serriola_Oak Lake Field Station,-2.876,0.445,Ordbeta,T0-T1,DIST,1,Oak Lake Field Station,percapita_repro,3.437824708197219,Per capita reproduction,H1,T0,-1.4828501011998478,0.07910218638638122,-1.444734176104233,0,NA,NA,NA,-1.1408838408782984,NA
Lactuca_serriola,Lactuca_serriola_San Claudio,-3.056,0.427,Ordbeta,T0-T1,DIST,1,San Claudio,FirstStepAtt,-0.36986276148246294,First step attenuation,H3,T0,-1.4204363774767406,3.05300824289757,-1.444734176104233,0,NA,NA,NA,-1.1775583026804564,INT
Lactuca_serriola,Lactuca_serriola_San Claudio,-3.056,0.427,Ordbeta,T0-T1,DIST,1,San Claudio,Lambda,NA,Population growth rate,H4,T0,-1.4204363774767406,3.05300824289757,-1.444734176104233,0,NA,NA,NA,-1.1775583026804564,INT
Lactuca_serriola,Lactuca_serriola_San Claudio,-3.056,0.427,Ordbeta,T0-T1,DIST,1,San Claudio,R0,0.3298584177437871,Net reproductive rate,H1,T0,-1.4204363774767406,3.05300824289757,-1.444734176104233,0,NA,NA,NA,-1.1775583026804564,INT
Lactuca_serriola,Lactuca_serriola_San Claudio,-3.056,0.427,Ordbeta,T0-T1,DIST,1,San Claudio,Reactivity,1.50722894790047,Reactivity,H3,T0,-1.4204363774767406,3.05300824289757,-1.444734176104233,0,NA,NA,NA,-1.1775583026804564,INT
Lactuca_serriola,Lactuca_serriola_San Claudio,-3.056,0.427,Ordbeta,T0-T1,DIST,1,San Claudio,T_generation,-0.4943345853440285,Generation time,H2,T0,-1.4204363774767406,3.05300824289757,-1.444734176104233,0,NA,NA,NA,-1.1775583026804564,INT
Lactuca_serriola,Lactuca_serriola_San Claudio,-3.056,0.427,Ordbeta,T0-T1,DIST,1,San Claudio,age_repro,0.002090054260356659,Age at first reproduction,H2,T0,-1.4204363774767406,3.05300824289757,-1.444734176104233,0,NA,NA,NA,-1.1775583026804564,INT
Lactuca_serriola,Lactuca_serriola_San Claudio,-3.056,0.427,Ordbeta,T0-T1,DIST,1,San Claudio,percapita_repro,3.437824708197219,Per capita reproduction,H1,T0,-1.4204363774767406,3.05300824289757,-1.444734176104233,0,NA,NA,NA,-1.1775583026804564,INT
Lactuca_serriola,Lactuca_serriola_Wallula Gap Biological Station-North Face,-2.769,0.515,Ordbeta,T0-T1,DIST,1,Wallula Gap Biological Station-North Face,FirstStepAtt,-0.36986276148246294,First step attenuation,H3,T0,-0.9211265876918799,0.07910218638638122,-1.444734176104233,0,NA,NA,NA,-1.1531086614790176,INT
Lactuca_serriola,Lactuca_serriola_Wallula Gap Biological Station-North Face,-2.769,0.515,Ordbeta,T0-T1,DIST,1,Wallula Gap Biological Station-North Face,Lambda,NA,Population growth rate,H4,T0,-0.9211265876918799,0.07910218638638122,-1.444734176104233,0,NA,NA,NA,-1.1531086614790176,INT
Lactuca_serriola,Lactuca_serriola_Wallula Gap Biological Station-North Face,-2.769,0.515,Ordbeta,T0-T1,DIST,1,Wallula Gap Biological Station-North Face,R0,0.3298584177437871,Net reproductive rate,H1,T0,-0.9211265876918799,0.07910218638638122,-1.444734176104233,0,NA,NA,NA,-1.1531086614790176,INT
Lactuca_serriola,Lactuca_serriola_Wallula Gap Biological Station-North Face,-2.769,0.515,Ordbeta,T0-T1,DIST,1,Wallula Gap Biological Station-North Face,Reactivity,1.50722894790047,Reactivity,H3,T0,-0.9211265876918799,0.07910218638638122,-1.444734176104233,0,NA,NA,NA,-1.1531086614790176,INT
Lactuca_serriola,Lactuca_serriola_Wallula Gap Biological Station-North Face,-2.769,0.515,Ordbeta,T0-T1,DIST,1,Wallula Gap Biological Station-North Face,T_generation,-0.4943345853440285,Generation time,H2,T0,-0.9211265876918799,0.07910218638638122,-1.444734176104233,0,NA,NA,NA,-1.1531086614790176,INT
Lactuca_serriola,Lactuca_serriola_Wallula Gap Biological Station-North Face,-2.769,0.515,Ordbeta,T0-T1,DIST,1,Wallula Gap Biological Station-North Face,age_repro,0.002090054260356659,Age at first reproduction,H2,T0,-0.9211265876918799,0.07910218638638122,-1.444734176104233,0,NA,NA,NA,-1.1531086614790176,INT
Lactuca_serriola,Lactuca_serriola_Wallula Gap Biological Station-North Face,-2.769,0.515,Ordbeta,T0-T1,DIST,1,Wallula Gap Biological Station-North Face,percapita_repro,3.437824708197219,Per capita reproduction,H1,T0,-0.9211265876918799,0.07910218638638122,-1.444734176104233,0,NA,NA,NA,-1.1531086614790176,INT
Linum_catharticum,Linum_catharticum_Ainsdale Dune Slacks,-2.769,0.515,Ordbeta,T0-T1,DIST,1,Ainsdale Dune Slacks,FirstStepAtt,-0.5438717934473883,First step attenuation,H3,T0,-0.1721619030145893,-1.7098881757336308,-1.2709888832780574,0,NA,NA,NA,-1.1139892355567158,NAT
Linum_catharticum,Linum_catharticum_Ainsdale Dune Slacks,-2.769,0.515,Ordbeta,T0-T1,DIST,1,Ainsdale Dune Slacks,Lambda,NA,Population growth rate,H4,T0,-0.1721619030145893,-1.7098881757336308,-1.2709888832780574,0,NA,NA,NA,-1.1139892355567158,NAT
Linum_catharticum,Linum_catharticum_Ainsdale Dune Slacks,-2.769,0.515,Ordbeta,T0-T1,DIST,1,Ainsdale Dune Slacks,R0,-0.31364394746802693,Net reproductive rate,H1,T0,-0.1721619030145893,-1.7098881757336308,-1.2709888832780574,0,NA,NA,NA,-1.1139892355567158,NAT
Linum_catharticum,Linum_catharticum_Ainsdale Dune Slacks,-2.769,0.515,Ordbeta,T0-T1,DIST,1,Ainsdale Dune Slacks,Reactivity,-0.06863089640232595,Reactivity,H3,T0,-0.1721619030145893,-1.7098881757336308,-1.2709888832780574,0,NA,NA,NA,-1.1139892355567158,NAT
Linum_catharticum,Linum_catharticum_Ainsdale Dune Slacks,-2.769,0.515,Ordbeta,T0-T1,DIST,1,Ainsdale Dune Slacks,T_generation,-0.4609649048614196,Generation time,H2,T0,-0.1721619030145893,-1.7098881757336308,-1.2709888832780574,0,NA,NA,NA,-1.1139892355567158,NAT
Linum_catharticum,Linum_catharticum_Ainsdale Dune Slacks,-2.769,0.515,Ordbeta,T0-T1,DIST,1,Ainsdale Dune Slacks,age_repro,-0.6234997843249781,Age at first reproduction,H2,T0,-0.1721619030145893,-1.7098881757336308,-1.2709888832780574,0,NA,NA,NA,-1.1139892355567158,NAT
Linum_catharticum,Linum_catharticum_Ainsdale Dune Slacks,-2.769,0.515,Ordbeta,T0-T1,DIST,1,Ainsdale Dune Slacks,percapita_repro,-0.40746283995928584,Per capita reproduction,H1,T0,-0.1721619030145893,-1.7098881757336308,-1.2709888832780574,0,NA,NA,NA,-1.1139892355567158,NAT
Linum_catharticum,Linum_catharticum_Wytham Woods,-3.094,0.339,Ordbeta,T0-T1,DIST,1,Wytham Woods,FirstStepAtt,-0.5438717934473883,First step attenuation,H3,T0,1.1385262951706692,0.9703437817001139,1.0760089899315513,0,-0.48678535534291734,-0.5976146616129729,0.41522666757088206,-0.12047087426531668,NAT
Linum_catharticum,Linum_catharticum_Wytham Woods,-3.094,0.339,Ordbeta,T0-T1,DIST,1,Wytham Woods,Lambda,NA,Population growth rate,H4,T0,1.1385262951706692,0.9703437817001139,1.0760089899315513,0,-0.48678535534291734,-0.5976146616129729,0.41522666757088206,-0.12047087426531668,NAT
Linum_catharticum,Linum_catharticum_Wytham Woods,-3.094,0.339,Ordbeta,T0-T1,DIST,1,Wytham Woods,R0,-0.31364394746802693,Net reproductive rate,H1,T0,1.1385262951706692,0.9703437817001139,1.0760089899315513,0,-0.48678535534291734,-0.5976146616129729,0.41522666757088206,-0.12047087426531668,NAT
Linum_catharticum,Linum_catharticum_Wytham Woods,-3.094,0.339,Ordbeta,T0-T1,DIST,1,Wytham Woods,Reactivity,-0.06863089640232595,Reactivity,H3,T0,1.1385262951706692,0.9703437817001139,1.0760089899315513,0,-0.48678535534291734,-0.5976146616129729,0.41522666757088206,-0.12047087426531668,NAT
Linum_catharticum,Linum_catharticum_Wytham Woods,-3.094,0.339,Ordbeta,T0-T1,DIST,1,Wytham Woods,T_generation,-0.4609649048614196,Generation time,H2,T0,1.1385262951706692,0.9703437817001139,1.0760089899315513,0,-0.48678535534291734,-0.5976146616129729,0.41522666757088206,-0.12047087426531668,NAT
Linum_catharticum,Linum_catharticum_Wytham Woods,-3.094,0.339,Ordbeta,T0-T1,DIST,1,Wytham Woods,age_repro,-0.6234997843249781,Age at first reproduction,H2,T0,1.1385262951706692,0.9703437817001139,1.0760089899315513,0,-0.48678535534291734,-0.5976146616129729,0.41522666757088206,-0.12047087426531668,NAT
Linum_catharticum,Linum_catharticum_Wytham Woods,-3.094,0.339,Ordbeta,T0-T1,DIST,1,Wytham Woods,percapita_repro,-0.40746283995928584,Per capita reproduction,H1,T0,1.1385262951706692,0.9703437817001139,1.0760089899315513,0,-0.48678535534291734,-0.5976146616129729,0.41522666757088206,-0.12047087426531668,NAT
Picris_hieracioides,Picris_hieracioides_Bad Lauchstaedt,-0.797,0.214,Ordbeta,T0-T1,DIST,1,Bad Lauchstaedt,FirstStepAtt,-0.6461792585305886,First step attenuation,H3,T0,0.45197533421648606,-0.3753988185590567,-0.11439210590952666,0,0.5690221852496098,0.7959142485449064,-0.7991349509738322,0.3856906316365244,NAT
Picris_hieracioides,Picris_hieracioides_Bad Lauchstaedt,-0.797,0.214,Ordbeta,T0-T1,DIST,1,Bad Lauchstaedt,Lambda,-0.38259141846096373,Population growth rate,H4,T0,0.45197533421648606,-0.3753988185590567,-0.11439210590952666,0,0.5690221852496098,0.7959142485449064,-0.7991349509738322,0.3856906316365244,NAT
Picris_hieracioides,Picris_hieracioides_Bad Lauchstaedt,-0.797,0.214,Ordbeta,T0-T1,DIST,1,Bad Lauchstaedt,R0,-0.5750565423612315,Net reproductive rate,H1,T0,0.45197533421648606,-0.3753988185590567,-0.11439210590952666,0,0.5690221852496098,0.7959142485449064,-0.7991349509738322,0.3856906316365244,NAT
Picris_hieracioides,Picris_hieracioides_Bad Lauchstaedt,-0.797,0.214,Ordbeta,T0-T1,DIST,1,Bad Lauchstaedt,Reactivity,3.4736505622840204,Reactivity,H3,T0,0.45197533421648606,-0.3753988185590567,-0.11439210590952666,0,0.5690221852496098,0.7959142485449064,-0.7991349509738322,0.3856906316365244,NAT
Picris_hieracioides,Picris_hieracioides_Bad Lauchstaedt,-0.797,0.214,Ordbeta,T0-T1,DIST,1,Bad Lauchstaedt,T_generation,-0.1053865245556198,Generation time,H2,T0,0.45197533421648606,-0.3753988185590567,-0.11439210590952666,0,0.5690221852496098,0.7959142485449064,-0.7991349509738322,0.3856906316365244,NAT
Picris_hieracioides,Picris_hieracioides_Bad Lauchstaedt,-0.797,0.214,Ordbeta,T0-T1,DIST,1,Bad Lauchstaedt,age_repro,0.42214314688651816,Age at first reproduction,H2,T0,0.45197533421648606,-0.3753988185590567,-0.11439210590952666,0,0.5690221852496098,0.7959142485449064,-0.7991349509738322,0.3856906316365244,NAT
Picris_hieracioides,Picris_hieracioides_Bad Lauchstaedt,-0.797,0.214,Ordbeta,T0-T1,DIST,1,Bad Lauchstaedt,percapita_repro,0.3744216519366662,Per capita reproduction,H1,T0,0.45197533421648606,-0.3753988185590567,-0.11439210590952666,0,0.5690221852496098,0.7959142485449064,-0.7991349509738322,0.3856906316365244,NAT
Picris_hieracioides,Picris_hieracioides_CEREEP - Ecotron IDF,-2.314,0.335,Ordbeta,T0-T1,DIST,1,CEREEP - Ecotron IDF,FirstStepAtt,-0.6461792585305886,First step attenuation,H3,NA,NA,NA,NA,NA,NA,NA,NA,NA,NAT
Picris_hieracioides,Picris_hieracioides_CEREEP - Ecotron IDF,-2.314,0.335,Ordbeta,T0-T1,DIST,1,CEREEP - Ecotron IDF,Lambda,-0.38259141846096373,Population growth rate,H4,NA,NA,NA,NA,NA,NA,NA,NA,NA,NAT
Picris_hieracioides,Picris_hieracioides_CEREEP - Ecotron IDF,-2.314,0.335,Ordbeta,T0-T1,DIST,1,CEREEP - Ecotron IDF,R0,-0.5750565423612315,Net reproductive rate,H1,NA,NA,NA,NA,NA,NA,NA,NA,NA,NAT
Picris_hieracioides,Picris_hieracioides_CEREEP - Ecotron IDF,-2.314,0.335,Ordbeta,T0-T1,DIST,1,CEREEP - Ecotron IDF,Reactivity,3.4736505622840204,Reactivity,H3,NA,NA,NA,NA,NA,NA,NA,NA,NA,NAT
Picris_hieracioides,Picris_hieracioides_CEREEP - Ecotron IDF,-2.314,0.335,Ordbeta,T0-T1,DIST,1,CEREEP - Ecotron IDF,T_generation,-0.1053865245556198,Generation time,H2,NA,NA,NA,NA,NA,NA,NA,NA,NA,NAT
Picris_hieracioides,Picris_hieracioides_CEREEP - Ecotron IDF,-2.314,0.335,Ordbeta,T0-T1,DIST,1,CEREEP - Ecotron IDF,age_repro,0.42214314688651816,Age at first reproduction,H2,NA,NA,NA,NA,NA,NA,NA,NA,NA,NAT
Picris_hieracioides,Picris_hieracioides_CEREEP - Ecotron IDF,-2.314,0.335,Ordbeta,T0-T1,DIST,1,CEREEP - Ecotron IDF,percapita_repro,0.3744216519366662,Per capita reproduction,H1,NA,NA,NA,NA,NA,NA,NA,NA,NA,NAT
Picris_hieracioides,Picris_hieracioides_Jena,-2.754,0.39,Ordbeta,T0-T1,DIST,1,Jena,FirstStepAtt,-0.6461792585305886,First step attenuation,H3,T0,0.764043952832024,-0.3862370720152753,0.02721357540323855,0,1.6161310595160223,1.0042933264685494,0.3263285755482111,2.0986936183123164,NAT
Picris_hieracioides,Picris_hieracioides_Jena,-2.754,0.39,Ordbeta,T0-T1,DIST,1,Jena,Lambda,-0.38259141846096373,Population growth rate,H4,T0,0.764043952832024,-0.3862370720152753,0.02721357540323855,0,1.6161310595160223,1.0042933264685494,0.3263285755482111,2.0986936183123164,NAT
Picris_hieracioides,Picris_hieracioides_Jena,-2.754,0.39,Ordbeta,T0-T1,DIST,1,Jena,R0,-0.5750565423612315,Net reproductive rate,H1,T0,0.764043952832024,-0.3862370720152753,0.02721357540323855,0,1.6161310595160223,1.0042933264685494,0.3263285755482111,2.0986936183123164,NAT
Picris_hieracioides,Picris_hieracioides_Jena,-2.754,0.39,Ordbeta,T0-T1,DIST,1,Jena,Reactivity,3.4736505622840204,Reactivity,H3,T0,0.764043952832024,-0.3862370720152753,0.02721357540323855,0,1.6161310595160223,1.0042933264685494,0.3263285755482111,2.0986936183123164,NAT
Picris_hieracioides,Picris_hieracioides_Jena,-2.754,0.39,Ordbeta,T0-T1,DIST,1,Jena,T_generation,-0.1053865245556198,Generation time,H2,T0,0.764043952832024,-0.3862370720152753,0.02721357540323855,0,1.6161310595160223,1.0042933264685494,0.3263285755482111,2.0986936183123164,NAT
Picris_hieracioides,Picris_hieracioides_Jena,-2.754,0.39,Ordbeta,T0-T1,DIST,1,Jena,age_repro,0.42214314688651816,Age at first reproduction,H2,T0,0.764043952832024,-0.3862370720152753,0.02721357540323855,0,1.6161310595160223,1.0042933264685494,0.3263285755482111,2.0986936183123164,NAT
Picris_hieracioides,Picris_hieracioides_Jena,-2.754,0.39,Ordbeta,T0-T1,DIST,1,Jena,percapita_repro,0.3744216519366662,Per capita reproduction,H1,T0,0.764043952832024,-0.3862370720152753,0.02721357540323855,0,1.6161310595160223,1.0042933264685494,0.3263285755482111,2.0986936183123164,NAT
Picris_hieracioides,Picris_hieracioides_Saihanba,-2.919,0.497,Ordbeta,T0-T1,DIST,1,Saihanba,FirstStepAtt,-0.6461792585305886,First step attenuation,H3,NA,NA,NA,NA,NA,NA,NA,NA,NA,NAT
Picris_hieracioides,Picris_hieracioides_Saihanba,-2.919,0.497,Ordbeta,T0-T1,DIST,1,Saihanba,Lambda,-0.38259141846096373,Population growth rate,H4,NA,NA,NA,NA,NA,NA,NA,NA,NA,NAT
Picris_hieracioides,Picris_hieracioides_Saihanba,-2.919,0.497,Ordbeta,T0-T1,DIST,1,Saihanba,R0,-0.5750565423612315,Net reproductive rate,H1,NA,NA,NA,NA,NA,NA,NA,NA,NA,NAT
Picris_hieracioides,Picris_hieracioides_Saihanba,-2.919,0.497,Ordbeta,T0-T1,DIST,1,Saihanba,Reactivity,3.4736505622840204,Reactivity,H3,NA,NA,NA,NA,NA,NA,NA,NA,NA,NAT
Picris_hieracioides,Picris_hieracioides_Saihanba,-2.919,0.497,Ordbeta,T0-T1,DIST,1,Saihanba,T_generation,-0.1053865245556198,Generation time,H2,NA,NA,NA,NA,NA,NA,NA,NA,NA,NAT
Picris_hieracioides,Picris_hieracioides_Saihanba,-2.919,0.497,Ordbeta,T0-T1,DIST,1,Saihanba,age_repro,0.42214314688651816,Age at first reproduction,H2,NA,NA,NA,NA,NA,NA,NA,NA,NA,NAT
Picris_hieracioides,Picris_hieracioides_Saihanba,-2.919,0.497,Ordbeta,T0-T1,DIST,1,Saihanba,percapita_repro,0.3744216519366662,Per capita reproduction,H1,NA,NA,NA,NA,NA,NA,NA,NA,NA,NAT
Pimpinella_saxifraga,Pimpinella_saxifraga_Meranges,-2.422,0.269,Ordbeta,T0-T1,DIST,1,Meranges,FirstStepAtt,1.809242998133702,First step attenuation,H3,T0,0.13990671560094858,0.36789476432309715,0.5059990059128129,0,-0.899111549025792,-0.640206423564969,-0.4548207881572258,-0.606484540332569,NAT
Pimpinella_saxifraga,Pimpinella_saxifraga_Meranges,-2.422,0.269,Ordbeta,T0-T1,DIST,1,Meranges,Lambda,-0.20006510576176206,Population growth rate,H4,T0,0.13990671560094858,0.36789476432309715,0.5059990059128129,0,-0.899111549025792,-0.640206423564969,-0.4548207881572258,-0.606484540332569,NAT
Pimpinella_saxifraga,Pimpinella_saxifraga_Meranges,-2.422,0.269,Ordbeta,T0-T1,DIST,1,Meranges,R0,-0.5778904398249024,Net reproductive rate,H1,T0,0.13990671560094858,0.36789476432309715,0.5059990059128129,0,-0.899111549025792,-0.640206423564969,-0.4548207881572258,-0.606484540332569,NAT
Pimpinella_saxifraga,Pimpinella_saxifraga_Meranges,-2.422,0.269,Ordbeta,T0-T1,DIST,1,Meranges,Reactivity,-0.6381747791460491,Reactivity,H3,T0,0.13990671560094858,0.36789476432309715,0.5059990059128129,0,-0.899111549025792,-0.640206423564969,-0.4548207881572258,-0.606484540332569,NAT
Pimpinella_saxifraga,Pimpinella_saxifraga_Meranges,-2.422,0.269,Ordbeta,T0-T1,DIST,1,Meranges,T_generation,1.606819523716066,Generation time,H2,T0,0.13990671560094858,0.36789476432309715,0.5059990059128129,0,-0.899111549025792,-0.640206423564969,-0.4548207881572258,-0.606484540332569,NAT
Pimpinella_saxifraga,Pimpinella_saxifraga_Meranges,-2.422,0.269,Ordbeta,T0-T1,DIST,1,Meranges,age_repro,0.9415624263596433,Age at first reproduction,H2,T0,0.13990671560094858,0.36789476432309715,0.5059990059128129,0,-0.899111549025792,-0.640206423564969,-0.4548207881572258,-0.606484540332569,NAT
Pimpinella_saxifraga,Pimpinella_saxifraga_Meranges,-2.422,0.269,Ordbeta,T0-T1,DIST,1,Meranges,percapita_repro,-0.46726423598976813,Per capita reproduction,H1,T0,0.13990671560094858,0.36789476432309715,0.5059990059128129,0,-0.899111549025792,-0.640206423564969,-0.4548207881572258,-0.606484540332569,NAT
Plantago_coronopus,Plantago_coronopus_Algaida,-2.252,0.239,Ordbeta,T0-T1,DIST,1,Algaida,FirstStepAtt,0.9796328871474114,First step attenuation,H3,T0,-0.7962991402456648,-0.06775737195985027,-0.04835519867951075,0,1.3382641517792153,1.4784114525908816,-0.7414682712198007,-0.9758487627685878,NAT
Plantago_coronopus,Plantago_coronopus_Algaida,-2.252,0.239,Ordbeta,T0-T1,DIST,1,Algaida,Lambda,-0.3729970820733156,Population growth rate,H4,T0,-0.7962991402456648,-0.06775737195985027,-0.04835519867951075,0,1.3382641517792153,1.4784114525908816,-0.7414682712198007,-0.9758487627685878,NAT
Plantago_coronopus,Plantago_coronopus_Algaida,-2.252,0.239,Ordbeta,T0-T1,DIST,1,Algaida,R0,-0.5453495132019984,Net reproductive rate,H1,T0,-0.7962991402456648,-0.06775737195985027,-0.04835519867951075,0,1.3382641517792153,1.4784114525908816,-0.7414682712198007,-0.9758487627685878,NAT
Plantago_coronopus,Plantago_coronopus_Algaida,-2.252,0.239,Ordbeta,T0-T1,DIST,1,Algaida,Reactivity,-0.6182608321980068,Reactivity,H3,T0,-0.7962991402456648,-0.06775737195985027,-0.04835519867951075,0,1.3382641517792153,1.4784114525908816,-0.7414682712198007,-0.9758487627685878,NAT
Plantago_coronopus,Plantago_coronopus_Algaida,-2.252,0.239,Ordbeta,T0-T1,DIST,1,Algaida,T_generation,0.002705011068620026,Generation time,H2,T0,-0.7962991402456648,-0.06775737195985027,-0.04835519867951075,0,1.3382641517792153,1.4784114525908816,-0.7414682712198007,-0.9758487627685878,NAT
Plantago_coronopus,Plantago_coronopus_Algaida,-2.252,0.239,Ordbeta,T0-T1,DIST,1,Algaida,age_repro,-0.6056920431180828,Age at first reproduction,H2,T0,-0.7962991402456648,-0.06775737195985027,-0.04835519867951075,0,1.3382641517792153,1.4784114525908816,-0.7414682712198007,-0.9758487627685878,NAT
Plantago_coronopus,Plantago_coronopus_Algaida,-2.252,0.239,Ordbeta,T0-T1,DIST,1,Algaida,percapita_repro,-0.4676741582317939,Per capita reproduction,H1,T0,-0.7962991402456648,-0.06775737195985027,-0.04835519867951075,0,1.3382641517792153,1.4784114525908816,-0.7414682712198007,-0.9758487627685878,NAT
Plantago_coronopus,Plantago_coronopus_Caracoles,-2.782,0.342,Ordbeta,T0-T1,DIST,1,Caracoles,FirstStepAtt,0.9796328871474114,First step attenuation,H3,T0,-1.5764706867845093,-1.9035018512877446,-1.444734176104233,0,NA,NA,NA,-1.0858721481750615,NAT
Plantago_coronopus,Plantago_coronopus_Caracoles,-2.782,0.342,Ordbeta,T0-T1,DIST,1,Caracoles,Lambda,-0.3729970820733156,Population growth rate,H4,T0,-1.5764706867845093,-1.9035018512877446,-1.444734176104233,0,NA,NA,NA,-1.0858721481750615,NAT
Plantago_coronopus,Plantago_coronopus_Caracoles,-2.782,0.342,Ordbeta,T0-T1,DIST,1,Caracoles,R0,-0.5453495132019984,Net reproductive rate,H1,T0,-1.5764706867845093,-1.9035018512877446,-1.444734176104233,0,NA,NA,NA,-1.0858721481750615,NAT
Plantago_coronopus,Plantago_coronopus_Caracoles,-2.782,0.342,Ordbeta,T0-T1,DIST,1,Caracoles,Reactivity,-0.6182608321980068,Reactivity,H3,T0,-1.5764706867845093,-1.9035018512877446,-1.444734176104233,0,NA,NA,NA,-1.0858721481750615,NAT
Plantago_coronopus,Plantago_coronopus_Caracoles,-2.782,0.342,Ordbeta,T0-T1,DIST,1,Caracoles,T_generation,0.002705011068620026,Generation time,H2,T0,-1.5764706867845093,-1.9035018512877446,-1.444734176104233,0,NA,NA,NA,-1.0858721481750615,NAT
Plantago_coronopus,Plantago_coronopus_Caracoles,-2.782,0.342,Ordbeta,T0-T1,DIST,1,Caracoles,age_repro,-0.6056920431180828,Age at first reproduction,H2,T0,-1.5764706867845093,-1.9035018512877446,-1.444734176104233,0,NA,NA,NA,-1.0858721481750615,NAT
Plantago_coronopus,Plantago_coronopus_Caracoles,-2.782,0.342,Ordbeta,T0-T1,DIST,1,Caracoles,percapita_repro,-0.4676741582317939,Per capita reproduction,H1,T0,-1.5764706867845093,-1.9035018512877446,-1.444734176104233,0,NA,NA,NA,-1.0858721481750615,NAT
Plantago_media,Plantago_media_Meranges,-2.389,0.263,Ordbeta,T0-T1,DIST,1,Meranges,FirstStepAtt,-0.2902712014024899,First step attenuation,H3,T0,0.13990671560094858,0.36789476432309715,0.5059990059128129,0,-0.899111549025792,-0.640206423564969,-0.4548207881572258,-0.606484540332569,NAT
Plantago_media,Plantago_media_Meranges,-2.389,0.263,Ordbeta,T0-T1,DIST,1,Meranges,Lambda,-0.2992635768239684,Population growth rate,H4,T0,0.13990671560094858,0.36789476432309715,0.5059990059128129,0,-0.899111549025792,-0.640206423564969,-0.4548207881572258,-0.606484540332569,NAT
Plantago_media,Plantago_media_Meranges,-2.389,0.263,Ordbeta,T0-T1,DIST,1,Meranges,R0,-0.6003523661131951,Net reproductive rate,H1,T0,0.13990671560094858,0.36789476432309715,0.5059990059128129,0,-0.899111549025792,-0.640206423564969,-0.4548207881572258,-0.606484540332569,NAT
Plantago_media,Plantago_media_Meranges,-2.389,0.263,Ordbeta,T0-T1,DIST,1,Meranges,Reactivity,-0.640207895773941,Reactivity,H3,T0,0.13990671560094858,0.36789476432309715,0.5059990059128129,0,-0.899111549025792,-0.640206423564969,-0.4548207881572258,-0.606484540332569,NAT
Plantago_media,Plantago_media_Meranges,-2.389,0.263,Ordbeta,T0-T1,DIST,1,Meranges,T_generation,2.791872686151754,Generation time,H2,T0,0.13990671560094858,0.36789476432309715,0.5059990059128129,0,-0.899111549025792,-0.640206423564969,-0.4548207881572258,-0.606484540332569,NAT
Plantago_media,Plantago_media_Meranges,-2.389,0.263,Ordbeta,T0-T1,DIST,1,Meranges,age_repro,1.642941322455873,Age at first reproduction,H2,T0,0.13990671560094858,0.36789476432309715,0.5059990059128129,0,-0.899111549025792,-0.640206423564969,-0.4548207881572258,-0.606484540332569,NAT
Plantago_media,Plantago_media_Meranges,-2.389,0.263,Ordbeta,T0-T1,DIST,1,Meranges,percapita_repro,-0.46682480258549314,Per capita reproduction,H1,T0,0.13990671560094858,0.36789476432309715,0.5059990059128129,0,-0.899111549025792,-0.640206423564969,-0.4548207881572258,-0.606484540332569,NAT
Plantago_media,Plantago_media_Stoderzinken,-2.499,0.521,Ordbeta,T0-T1,DIST,1,Stoderzinken,FirstStepAtt,-0.2902712014024899,First step attenuation,H3,T0,-0.7572905629187225,0.7252842431098,0.4744156233804123,0,-0.41320185179705465,-1.0776404116342828,2.026441533526428,-0.9641796158315374,NAT
Plantago_media,Plantago_media_Stoderzinken,-2.499,0.521,Ordbeta,T0-T1,DIST,1,Stoderzinken,Lambda,-0.2992635768239684,Population growth rate,H4,T0,-0.7572905629187225,0.7252842431098,0.4744156233804123,0,-0.41320185179705465,-1.0776404116342828,2.026441533526428,-0.9641796158315374,NAT
Plantago_media,Plantago_media_Stoderzinken,-2.499,0.521,Ordbeta,T0-T1,DIST,1,Stoderzinken,R0,-0.6003523661131951,Net reproductive rate,H1,T0,-0.7572905629187225,0.7252842431098,0.4744156233804123,0,-0.41320185179705465,-1.0776404116342828,2.026441533526428,-0.9641796158315374,NAT
Plantago_media,Plantago_media_Stoderzinken,-2.499,0.521,Ordbeta,T0-T1,DIST,1,Stoderzinken,Reactivity,-0.640207895773941,Reactivity,H3,T0,-0.7572905629187225,0.7252842431098,0.4744156233804123,0,-0.41320185179705465,-1.0776404116342828,2.026441533526428,-0.9641796158315374,NAT
Plantago_media,Plantago_media_Stoderzinken,-2.499,0.521,Ordbeta,T0-T1,DIST,1,Stoderzinken,T_generation,2.791872686151754,Generation time,H2,T0,-0.7572905629187225,0.7252842431098,0.4744156233804123,0,-0.41320185179705465,-1.0776404116342828,2.026441533526428,-0.9641796158315374,NAT
Plantago_media,Plantago_media_Stoderzinken,-2.499,0.521,Ordbeta,T0-T1,DIST,1,Stoderzinken,age_repro,1.642941322455873,Age at first reproduction,H2,T0,-0.7572905629187225,0.7252842431098,0.4744156233804123,0,-0.41320185179705465,-1.0776404116342828,2.026441533526428,-0.9641796158315374,NAT
Plantago_media,Plantago_media_Stoderzinken,-2.499,0.521,Ordbeta,T0-T1,DIST,1,Stoderzinken,percapita_repro,-0.46682480258549314,Per capita reproduction,H1,T0,-0.7572905629187225,0.7252842431098,0.4744156233804123,0,-0.41320185179705465,-1.0776404116342828,2.026441533526428,-0.9641796158315374,NAT
Poa_alpina,Poa_alpina_Stoderzinken,-2.598,0.51,Ordbeta,T0-T1,DIST,1,Stoderzinken,FirstStepAtt,1.7755180943918005,First step attenuation,H3,T0,-0.7572905629187225,0.7252842431098,0.4744156233804123,0,-0.41320185179705465,-1.0776404116342828,2.026441533526428,-0.9641796158315374,NAT
Poa_alpina,Poa_alpina_Stoderzinken,-2.598,0.51,Ordbeta,T0-T1,DIST,1,Stoderzinken,Lambda,-0.2672237854433461,Population growth rate,H4,T0,-0.7572905629187225,0.7252842431098,0.4744156233804123,0,-0.41320185179705465,-1.0776404116342828,2.026441533526428,-0.9641796158315374,NAT
Poa_alpina,Poa_alpina_Stoderzinken,-2.598,0.51,Ordbeta,T0-T1,DIST,1,Stoderzinken,R0,-0.591039818377477,Net reproductive rate,H1,T0,-0.7572905629187225,0.7252842431098,0.4744156233804123,0,-0.41320185179705465,-1.0776404116342828,2.026441533526428,-0.9641796158315374,NAT
Poa_alpina,Poa_alpina_Stoderzinken,-2.598,0.51,Ordbeta,T0-T1,DIST,1,Stoderzinken,Reactivity,-0.6469969882262613,Reactivity,H3,T0,-0.7572905629187225,0.7252842431098,0.4744156233804123,0,-0.41320185179705465,-1.0776404116342828,2.026441533526428,-0.9641796158315374,NAT
Poa_alpina,Poa_alpina_Stoderzinken,-2.598,0.51,Ordbeta,T0-T1,DIST,1,Stoderzinken,T_generation,2.6227312719501965,Generation time,H2,T0,-0.7572905629187225,0.7252842431098,0.4744156233804123,0,-0.41320185179705465,-1.0776404116342828,2.026441533526428,-0.9641796158315374,NAT
Poa_alpina,Poa_alpina_Stoderzinken,-2.598,0.51,Ordbeta,T0-T1,DIST,1,Stoderzinken,age_repro,-0.4978821140774352,Age at first reproduction,H2,T0,-0.7572905629187225,0.7252842431098,0.4744156233804123,0,-0.41320185179705465,-1.0776404116342828,2.026441533526428,-0.9641796158315374,NAT
Poa_alpina,Poa_alpina_Stoderzinken,-2.598,0.51,Ordbeta,T0-T1,DIST,1,Stoderzinken,percapita_repro,-0.4709201703546816,Per capita reproduction,H1,T0,-0.7572905629187225,0.7252842431098,0.4744156233804123,0,-0.41320185179705465,-1.0776404116342828,2.026441533526428,-0.9641796158315374,NAT
Potentilla_recta,Potentilla_recta_Churning Rapids,-2.45,0.22,Ordbeta,T0-T1,DIST,1,Churning Rapids,FirstStepAtt,1.348590960408869,First step attenuation,H3,T0,-0.28918763499541594,-0.21060534979087156,-0.11844543096706447,0,-0.3059248891415658,0.04365022904444811,-0.8281278578251694,-0.4293992819164351,INT
Potentilla_recta,Potentilla_recta_Churning Rapids,-2.45,0.22,Ordbeta,T0-T1,DIST,1,Churning Rapids,Lambda,0.7597275585281995,Population growth rate,H4,T0,-0.28918763499541594,-0.21060534979087156,-0.11844543096706447,0,-0.3059248891415658,0.04365022904444811,-0.8281278578251694,-0.4293992819164351,INT
Potentilla_recta,Potentilla_recta_Churning Rapids,-2.45,0.22,Ordbeta,T0-T1,DIST,1,Churning Rapids,R0,-0.38422714541584707,Net reproductive rate,H1,T0,-0.28918763499541594,-0.21060534979087156,-0.11844543096706447,0,-0.3059248891415658,0.04365022904444811,-0.8281278578251694,-0.4293992819164351,INT
Potentilla_recta,Potentilla_recta_Churning Rapids,-2.45,0.22,Ordbeta,T0-T1,DIST,1,Churning Rapids,Reactivity,0.003856258487543551,Reactivity,H3,T0,-0.28918763499541594,-0.21060534979087156,-0.11844543096706447,0,-0.3059248891415658,0.04365022904444811,-0.8281278578251694,-0.4293992819164351,INT
Potentilla_recta,Potentilla_recta_Churning Rapids,-2.45,0.22,Ordbeta,T0-T1,DIST,1,Churning Rapids,T_generation,-0.23727309395717885,Generation time,H2,T0,-0.28918763499541594,-0.21060534979087156,-0.11844543096706447,0,-0.3059248891415658,0.04365022904444811,-0.8281278578251694,-0.4293992819164351,INT
Potentilla_recta,Potentilla_recta_Churning Rapids,-2.45,0.22,Ordbeta,T0-T1,DIST,1,Churning Rapids,age_repro,0.2929387863208837,Age at first reproduction,H2,T0,-0.28918763499541594,-0.21060534979087156,-0.11844543096706447,0,-0.3059248891415658,0.04365022904444811,-0.8281278578251694,-0.4293992819164351,INT
Potentilla_recta,Potentilla_recta_Churning Rapids,-2.45,0.22,Ordbeta,T0-T1,DIST,1,Churning Rapids,percapita_repro,0.07740370263970206,Per capita reproduction,H1,T0,-0.28918763499541594,-0.21060534979087156,-0.11844543096706447,0,-0.3059248891415658,0.04365022904444811,-0.8281278578251694,-0.4293992819164351,INT
Potentilla_recta,Potentilla_recta_Kellogg Biological Station (KBS),-2.694,0.393,Ordbeta,T0-T1,DIST,1,Kellogg Biological Station (KBS),FirstStepAtt,1.348590960408869,First step attenuation,H3,T0,0.6080096435242552,-0.3823161357234788,-0.16217943353098632,0,-0.6951717449115951,-0.3815561424686202,-0.7649907190758011,2.026063801802161,INT
Potentilla_recta,Potentilla_recta_Kellogg Biological Station (KBS),-2.694,0.393,Ordbeta,T0-T1,DIST,1,Kellogg Biological Station (KBS),Lambda,0.7597275585281995,Population growth rate,H4,T0,0.6080096435242552,-0.3823161357234788,-0.16217943353098632,0,-0.6951717449115951,-0.3815561424686202,-0.7649907190758011,2.026063801802161,INT
Potentilla_recta,Potentilla_recta_Kellogg Biological Station (KBS),-2.694,0.393,Ordbeta,T0-T1,DIST,1,Kellogg Biological Station (KBS),R0,-0.38422714541584707,Net reproductive rate,H1,T0,0.6080096435242552,-0.3823161357234788,-0.16217943353098632,0,-0.6951717449115951,-0.3815561424686202,-0.7649907190758011,2.026063801802161,INT
Potentilla_recta,Potentilla_recta_Kellogg Biological Station (KBS),-2.694,0.393,Ordbeta,T0-T1,DIST,1,Kellogg Biological Station (KBS),Reactivity,0.003856258487543551,Reactivity,H3,T0,0.6080096435242552,-0.3823161357234788,-0.16217943353098632,0,-0.6951717449115951,-0.3815561424686202,-0.7649907190758011,2.026063801802161,INT
Potentilla_recta,Potentilla_recta_Kellogg Biological Station (KBS),-2.694,0.393,Ordbeta,T0-T1,DIST,1,Kellogg Biological Station (KBS),T_generation,-0.23727309395717885,Generation time,H2,T0,0.6080096435242552,-0.3823161357234788,-0.16217943353098632,0,-0.6951717449115951,-0.3815561424686202,-0.7649907190758011,2.026063801802161,INT
Potentilla_recta,Potentilla_recta_Kellogg Biological Station (KBS),-2.694,0.393,Ordbeta,T0-T1,DIST,1,Kellogg Biological Station (KBS),age_repro,0.2929387863208837,Age at first reproduction,H2,T0,0.6080096435242552,-0.3823161357234788,-0.16217943353098632,0,-0.6951717449115951,-0.3815561424686202,-0.7649907190758011,2.026063801802161,INT
Potentilla_recta,Potentilla_recta_Kellogg Biological Station (KBS),-2.694,0.393,Ordbeta,T0-T1,DIST,1,Kellogg Biological Station (KBS),percapita_repro,0.07740370263970206,Per capita reproduction,H1,T0,0.6080096435242552,-0.3823161357234788,-0.16217943353098632,0,-0.6951717449115951,-0.3815561424686202,-0.7649907190758011,2.026063801802161,INT
Primula_elatior,Primula_elatior_Stoderzinken,-2.572,0.388,Ordbeta,T0-T1,DIST,1,Stoderzinken,FirstStepAtt,-0.32124078293626573,First step attenuation,H3,T0,-0.7572905629187225,0.7252842431098,0.4744156233804123,0,-0.41320185179705465,-1.0776404116342828,2.026441533526428,-0.9641796158315374,NAT
Primula_elatior,Primula_elatior_Stoderzinken,-2.572,0.388,Ordbeta,T0-T1,DIST,1,Stoderzinken,Lambda,-0.018766881188124567,Population growth rate,H4,T0,-0.7572905629187225,0.7252842431098,0.4744156233804123,0,-0.41320185179705465,-1.0776404116342828,2.026441533526428,-0.9641796158315374,NAT
Primula_elatior,Primula_elatior_Stoderzinken,-2.572,0.388,Ordbeta,T0-T1,DIST,1,Stoderzinken,R0,-0.3527567716108045,Net reproductive rate,H1,T0,-0.7572905629187225,0.7252842431098,0.4744156233804123,0,-0.41320185179705465,-1.0776404116342828,2.026441533526428,-0.9641796158315374,NAT
Primula_elatior,Primula_elatior_Stoderzinken,-2.572,0.388,Ordbeta,T0-T1,DIST,1,Stoderzinken,Reactivity,-0.6284824983562601,Reactivity,H3,T0,-0.7572905629187225,0.7252842431098,0.4744156233804123,0,-0.41320185179705465,-1.0776404116342828,2.026441533526428,-0.9641796158315374,NAT
Primula_elatior,Primula_elatior_Stoderzinken,-2.572,0.388,Ordbeta,T0-T1,DIST,1,Stoderzinken,T_generation,1.4705910730315748,Generation time,H2,T0,-0.7572905629187225,0.7252842431098,0.4744156233804123,0,-0.41320185179705465,-1.0776404116342828,2.026441533526428,-0.9641796158315374,NAT
Primula_elatior,Primula_elatior_Stoderzinken,-2.572,0.388,Ordbeta,T0-T1,DIST,1,Stoderzinken,age_repro,0.5249607933512598,Age at first reproduction,H2,T0,-0.7572905629187225,0.7252842431098,0.4744156233804123,0,-0.41320185179705465,-1.0776404116342828,2.026441533526428,-0.9641796158315374,NAT
Primula_elatior,Primula_elatior_Stoderzinken,-2.572,0.388,Ordbeta,T0-T1,DIST,1,Stoderzinken,percapita_repro,-0.46504251379181427,Per capita reproduction,H1,T0,-0.7572905629187225,0.7252842431098,0.4744156233804123,0,-0.41320185179705465,-1.0776404116342828,2.026441533526428,-0.9641796158315374,NAT
Primula_veris,Primula_veris_Wytham Woods,-2.799,0.364,Ordbeta,T0-T1,DIST,1,Wytham Woods,FirstStepAtt,-0.2072135174117957,First step attenuation,H3,T0,1.1385262951706692,0.9703437817001139,1.0760089899315513,0,-0.48678535534291734,-0.5976146616129729,0.41522666757088206,-0.12047087426531668,NAT
Primula_veris,Primula_veris_Wytham Woods,-2.799,0.364,Ordbeta,T0-T1,DIST,1,Wytham Woods,Lambda,-0.2964806425263759,Population growth rate,H4,T0,1.1385262951706692,0.9703437817001139,1.0760089899315513,0,-0.48678535534291734,-0.5976146616129729,0.41522666757088206,-0.12047087426531668,NAT
Primula_veris,Primula_veris_Wytham Woods,-2.799,0.364,Ordbeta,T0-T1,DIST,1,Wytham Woods,R0,-0.5616954913584933,Net reproductive rate,H1,T0,1.1385262951706692,0.9703437817001139,1.0760089899315513,0,-0.48678535534291734,-0.5976146616129729,0.41522666757088206,-0.12047087426531668,NAT
Primula_veris,Primula_veris_Wytham Woods,-2.799,0.364,Ordbeta,T0-T1,DIST,1,Wytham Woods,Reactivity,-0.4829097220886561,Reactivity,H3,T0,1.1385262951706692,0.9703437817001139,1.0760089899315513,0,-0.48678535534291734,-0.5976146616129729,0.41522666757088206,-0.12047087426531668,NAT
Primula_veris,Primula_veris_Wytham Woods,-2.799,0.364,Ordbeta,T0-T1,DIST,1,Wytham Woods,T_generation,3.3610785267259335,Generation time,H2,T0,1.1385262951706692,0.9703437817001139,1.0760089899315513,0,-0.48678535534291734,-0.5976146616129729,0.41522666757088206,-0.12047087426531668,NAT
Primula_veris,Primula_veris_Wytham Woods,-2.799,0.364,Ordbeta,T0-T1,DIST,1,Wytham Woods,age_repro,1.8516941953617718,Age at first reproduction,H2,T0,1.1385262951706692,0.9703437817001139,1.0760089899315513,0,-0.48678535534291734,-0.5976146616129729,0.41522666757088206,-0.12047087426531668,NAT
Primula_veris,Primula_veris_Wytham Woods,-2.799,0.364,Ordbeta,T0-T1,DIST,1,Wytham Woods,percapita_repro,-0.42955089936534474,Per capita reproduction,H1,T0,1.1385262951706692,0.9703437817001139,1.0760089899315513,0,-0.48678535534291734,-0.5976146616129729,0.41522666757088206,-0.12047087426531668,NAT
Ranunculus_acris,Ranunculus_acris_Agroscope Changins,-2.246,0.221,Ordbeta,T0-T1,DIST,1,Agroscope Changins,FirstStepAtt,-0.24233073874480135,First step attenuation,H3,T0,1.1151211487745039,1.231861200363381,1.4334641159886803,0,-1.2881608799324629,-1.398708630217884,1.650051594077399,0.46165430853599404,NAT
Ranunculus_acris,Ranunculus_acris_Agroscope Changins,-2.246,0.221,Ordbeta,T0-T1,DIST,1,Agroscope Changins,Lambda,0.3017124209552685,Population growth rate,H4,T0,1.1151211487745039,1.231861200363381,1.4334641159886803,0,-1.2881608799324629,-1.398708630217884,1.650051594077399,0.46165430853599404,NAT
Ranunculus_acris,Ranunculus_acris_Agroscope Changins,-2.246,0.221,Ordbeta,T0-T1,DIST,1,Agroscope Changins,R0,-0.5291856079155703,Net reproductive rate,H1,T0,1.1151211487745039,1.231861200363381,1.4334641159886803,0,-1.2881608799324629,-1.398708630217884,1.650051594077399,0.46165430853599404,NAT
Ranunculus_acris,Ranunculus_acris_Agroscope Changins,-2.246,0.221,Ordbeta,T0-T1,DIST,1,Agroscope Changins,Reactivity,-0.5860001031334813,Reactivity,H3,T0,1.1151211487745039,1.231861200363381,1.4334641159886803,0,-1.2881608799324629,-1.398708630217884,1.650051594077399,0.46165430853599404,NAT
Ranunculus_acris,Ranunculus_acris_Agroscope Changins,-2.246,0.221,Ordbeta,T0-T1,DIST,1,Agroscope Changins,T_generation,-0.14243846974162613,Generation time,H2,T0,1.1151211487745039,1.231861200363381,1.4334641159886803,0,-1.2881608799324629,-1.398708630217884,1.650051594077399,0.46165430853599404,NAT
Ranunculus_acris,Ranunculus_acris_Agroscope Changins,-2.246,0.221,Ordbeta,T0-T1,DIST,1,Agroscope Changins,age_repro,-0.21668546161353322,Age at first reproduction,H2,T0,1.1151211487745039,1.231861200363381,1.4334641159886803,0,-1.2881608799324629,-1.398708630217884,1.650051594077399,0.46165430853599404,NAT
Ranunculus_acris,Ranunculus_acris_Agroscope Changins,-2.246,0.221,Ordbeta,T0-T1,DIST,1,Agroscope Changins,percapita_repro,-0.44989123727354813,Per capita reproduction,H1,T0,1.1151211487745039,1.231861200363381,1.4334641159886803,0,-1.2881608799324629,-1.398708630217884,1.650051594077399,0.46165430853599404,NAT
Ranunculus_acris,Ranunculus_acris_Bayreuth DRAGNet,-2.508,0.296,Ordbeta,T0-T1,DIST,1,Bayreuth DRAGNet,FirstStepAtt,-0.24233073874480135,First step attenuation,H3,T0,1.7002498086786373,1.1903000578533576,1.5813921901858357,0,0.7663265952564761,0.8046703576991449,-0.4657062309279624,0.012833603314585775,NAT
Ranunculus_acris,Ranunculus_acris_Bayreuth DRAGNet,-2.508,0.296,Ordbeta,T0-T1,DIST,1,Bayreuth DRAGNet,Lambda,0.3017124209552685,Population growth rate,H4,T0,1.7002498086786373,1.1903000578533576,1.5813921901858357,0,0.7663265952564761,0.8046703576991449,-0.4657062309279624,0.012833603314585775,NAT
Ranunculus_acris,Ranunculus_acris_Bayreuth DRAGNet,-2.508,0.296,Ordbeta,T0-T1,DIST,1,Bayreuth DRAGNet,R0,-0.5291856079155703,Net reproductive rate,H1,T0,1.7002498086786373,1.1903000578533576,1.5813921901858357,0,0.7663265952564761,0.8046703576991449,-0.4657062309279624,0.012833603314585775,NAT
Ranunculus_acris,Ranunculus_acris_Bayreuth DRAGNet,-2.508,0.296,Ordbeta,T0-T1,DIST,1,Bayreuth DRAGNet,Reactivity,-0.5860001031334813,Reactivity,H3,T0,1.7002498086786373,1.1903000578533576,1.5813921901858357,0,0.7663265952564761,0.8046703576991449,-0.4657062309279624,0.012833603314585775,NAT
Ranunculus_acris,Ranunculus_acris_Bayreuth DRAGNet,-2.508,0.296,Ordbeta,T0-T1,DIST,1,Bayreuth DRAGNet,T_generation,-0.14243846974162613,Generation time,H2,T0,1.7002498086786373,1.1903000578533576,1.5813921901858357,0,0.7663265952564761,0.8046703576991449,-0.4657062309279624,0.012833603314585775,NAT
Ranunculus_acris,Ranunculus_acris_Bayreuth DRAGNet,-2.508,0.296,Ordbeta,T0-T1,DIST,1,Bayreuth DRAGNet,age_repro,-0.21668546161353322,Age at first reproduction,H2,T0,1.7002498086786373,1.1903000578533576,1.5813921901858357,0,0.7663265952564761,0.8046703576991449,-0.4657062309279624,0.012833603314585775,NAT
Ranunculus_acris,Ranunculus_acris_Bayreuth DRAGNet,-2.508,0.296,Ordbeta,T0-T1,DIST,1,Bayreuth DRAGNet,percapita_repro,-0.44989123727354813,Per capita reproduction,H1,T0,1.7002498086786373,1.1903000578533576,1.5813921901858357,0,0.7663265952564761,0.8046703576991449,-0.4657062309279624,0.012833603314585775,NAT
Ranunculus_acris,Ranunculus_acris_Churning Rapids,-2.696,0.529,Ordbeta,T0-T1,DIST,1,Churning Rapids,FirstStepAtt,-0.24233073874480135,First step attenuation,H3,T0,-0.28918763499541594,-0.21060534979087156,-0.11844543096706447,0,-0.3059248891415658,0.04365022904444811,-0.8281278578251694,-0.4293992819164351,NAT
Ranunculus_acris,Ranunculus_acris_Churning Rapids,-2.696,0.529,Ordbeta,T0-T1,DIST,1,Churning Rapids,Lambda,0.3017124209552685,Population growth rate,H4,T0,-0.28918763499541594,-0.21060534979087156,-0.11844543096706447,0,-0.3059248891415658,0.04365022904444811,-0.8281278578251694,-0.4293992819164351,NAT
Ranunculus_acris,Ranunculus_acris_Churning Rapids,-2.696,0.529,Ordbeta,T0-T1,DIST,1,Churning Rapids,R0,-0.5291856079155703,Net reproductive rate,H1,T0,-0.28918763499541594,-0.21060534979087156,-0.11844543096706447,0,-0.3059248891415658,0.04365022904444811,-0.8281278578251694,-0.4293992819164351,NAT
Ranunculus_acris,Ranunculus_acris_Churning Rapids,-2.696,0.529,Ordbeta,T0-T1,DIST,1,Churning Rapids,Reactivity,-0.5860001031334813,Reactivity,H3,T0,-0.28918763499541594,-0.21060534979087156,-0.11844543096706447,0,-0.3059248891415658,0.04365022904444811,-0.8281278578251694,-0.4293992819164351,NAT
Ranunculus_acris,Ranunculus_acris_Churning Rapids,-2.696,0.529,Ordbeta,T0-T1,DIST,1,Churning Rapids,T_generation,-0.14243846974162613,Generation time,H2,T0,-0.28918763499541594,-0.21060534979087156,-0.11844543096706447,0,-0.3059248891415658,0.04365022904444811,-0.8281278578251694,-0.4293992819164351,NAT
Ranunculus_acris,Ranunculus_acris_Churning Rapids,-2.696,0.529,Ordbeta,T0-T1,DIST,1,Churning Rapids,age_repro,-0.21668546161353322,Age at first reproduction,H2,T0,-0.28918763499541594,-0.21060534979087156,-0.11844543096706447,0,-0.3059248891415658,0.04365022904444811,-0.8281278578251694,-0.4293992819164351,NAT
Ranunculus_acris,Ranunculus_acris_Churning Rapids,-2.696,0.529,Ordbeta,T0-T1,DIST,1,Churning Rapids,percapita_repro,-0.44989123727354813,Per capita reproduction,H1,T0,-0.28918763499541594,-0.21060534979087156,-0.11844543096706447,0,-0.3059248891415658,0.04365022904444811,-0.8281278578251694,-0.4293992819164351,NAT
Ranunculus_acris,Ranunculus_acris_Kniezenberg,-2.702,0.525,Ordbeta,T0-T1,DIST,1,Kniezenberg,FirstStepAtt,-0.24233073874480135,First step attenuation,H3,T0,0.061889560947064014,-0.8020551636910082,-0.735183579836512,0,-1.2184013945374839,-0.8038659869745547,-0.9964378960740793,-1.0919845584754213,NAT
Ranunculus_acris,Ranunculus_acris_Kniezenberg,-2.702,0.525,Ordbeta,T0-T1,DIST,1,Kniezenberg,Lambda,0.3017124209552685,Population growth rate,H4,T0,0.061889560947064014,-0.8020551636910082,-0.735183579836512,0,-1.2184013945374839,-0.8038659869745547,-0.9964378960740793,-1.0919845584754213,NAT
Ranunculus_acris,Ranunculus_acris_Kniezenberg,-2.702,0.525,Ordbeta,T0-T1,DIST,1,Kniezenberg,R0,-0.5291856079155703,Net reproductive rate,H1,T0,0.061889560947064014,-0.8020551636910082,-0.735183579836512,0,-1.2184013945374839,-0.8038659869745547,-0.9964378960740793,-1.0919845584754213,NAT
Ranunculus_acris,Ranunculus_acris_Kniezenberg,-2.702,0.525,Ordbeta,T0-T1,DIST,1,Kniezenberg,Reactivity,-0.5860001031334813,Reactivity,H3,T0,0.061889560947064014,-0.8020551636910082,-0.735183579836512,0,-1.2184013945374839,-0.8038659869745547,-0.9964378960740793,-1.0919845584754213,NAT
Ranunculus_acris,Ranunculus_acris_Kniezenberg,-2.702,0.525,Ordbeta,T0-T1,DIST,1,Kniezenberg,T_generation,-0.14243846974162613,Generation time,H2,T0,0.061889560947064014,-0.8020551636910082,-0.735183579836512,0,-1.2184013945374839,-0.8038659869745547,-0.9964378960740793,-1.0919845584754213,NAT
Ranunculus_acris,Ranunculus_acris_Kniezenberg,-2.702,0.525,Ordbeta,T0-T1,DIST,1,Kniezenberg,age_repro,-0.21668546161353322,Age at first reproduction,H2,T0,0.061889560947064014,-0.8020551636910082,-0.735183579836512,0,-1.2184013945374839,-0.8038659869745547,-0.9964378960740793,-1.0919845584754213,NAT
Ranunculus_acris,Ranunculus_acris_Kniezenberg,-2.702,0.525,Ordbeta,T0-T1,DIST,1,Kniezenberg,percapita_repro,-0.44989123727354813,Per capita reproduction,H1,T0,0.061889560947064014,-0.8020551636910082,-0.735183579836512,0,-1.2184013945374839,-0.8038659869745547,-0.9964378960740793,-1.0919845584754213,NAT
Ranunculus_acris,Ranunculus_acris_Meranges,-2.845,0.298,Ordbeta,T0-T1,DIST,1,Meranges,FirstStepAtt,-0.24233073874480135,First step attenuation,H3,T0,0.13990671560094858,0.36789476432309715,0.5059990059128129,0,-0.899111549025792,-0.640206423564969,-0.4548207881572258,-0.606484540332569,NAT
Ranunculus_acris,Ranunculus_acris_Meranges,-2.845,0.298,Ordbeta,T0-T1,DIST,1,Meranges,Lambda,0.3017124209552685,Population growth rate,H4,T0,0.13990671560094858,0.36789476432309715,0.5059990059128129,0,-0.899111549025792,-0.640206423564969,-0.4548207881572258,-0.606484540332569,NAT
Ranunculus_acris,Ranunculus_acris_Meranges,-2.845,0.298,Ordbeta,T0-T1,DIST,1,Meranges,R0,-0.5291856079155703,Net reproductive rate,H1,T0,0.13990671560094858,0.36789476432309715,0.5059990059128129,0,-0.899111549025792,-0.640206423564969,-0.4548207881572258,-0.606484540332569,NAT
Ranunculus_acris,Ranunculus_acris_Meranges,-2.845,0.298,Ordbeta,T0-T1,DIST,1,Meranges,Reactivity,-0.5860001031334813,Reactivity,H3,T0,0.13990671560094858,0.36789476432309715,0.5059990059128129,0,-0.899111549025792,-0.640206423564969,-0.4548207881572258,-0.606484540332569,NAT
Ranunculus_acris,Ranunculus_acris_Meranges,-2.845,0.298,Ordbeta,T0-T1,DIST,1,Meranges,T_generation,-0.14243846974162613,Generation time,H2,T0,0.13990671560094858,0.36789476432309715,0.5059990059128129,0,-0.899111549025792,-0.640206423564969,-0.4548207881572258,-0.606484540332569,NAT
Ranunculus_acris,Ranunculus_acris_Meranges,-2.845,0.298,Ordbeta,T0-T1,DIST,1,Meranges,age_repro,-0.21668546161353322,Age at first reproduction,H2,T0,0.13990671560094858,0.36789476432309715,0.5059990059128129,0,-0.899111549025792,-0.640206423564969,-0.4548207881572258,-0.606484540332569,NAT
Ranunculus_acris,Ranunculus_acris_Meranges,-2.845,0.298,Ordbeta,T0-T1,DIST,1,Meranges,percapita_repro,-0.44989123727354813,Per capita reproduction,H1,T0,0.13990671560094858,0.36789476432309715,0.5059990059128129,0,-0.899111549025792,-0.640206423564969,-0.4548207881572258,-0.606484540332569,NAT
Ranunculus_acris,Ranunculus_acris_Stoderzinken,-2.593,0.353,Ordbeta,T0-T1,DIST,1,Stoderzinken,FirstStepAtt,-0.24233073874480135,First step attenuation,H3,T0,-0.7572905629187225,0.7252842431098,0.4744156233804123,0,-0.41320185179705465,-1.0776404116342828,2.026441533526428,-0.9641796158315374,NAT
Ranunculus_acris,Ranunculus_acris_Stoderzinken,-2.593,0.353,Ordbeta,T0-T1,DIST,1,Stoderzinken,Lambda,0.3017124209552685,Population growth rate,H4,T0,-0.7572905629187225,0.7252842431098,0.4744156233804123,0,-0.41320185179705465,-1.0776404116342828,2.026441533526428,-0.9641796158315374,NAT
Ranunculus_acris,Ranunculus_acris_Stoderzinken,-2.593,0.353,Ordbeta,T0-T1,DIST,1,Stoderzinken,R0,-0.5291856079155703,Net reproductive rate,H1,T0,-0.7572905629187225,0.7252842431098,0.4744156233804123,0,-0.41320185179705465,-1.0776404116342828,2.026441533526428,-0.9641796158315374,NAT
Ranunculus_acris,Ranunculus_acris_Stoderzinken,-2.593,0.353,Ordbeta,T0-T1,DIST,1,Stoderzinken,Reactivity,-0.5860001031334813,Reactivity,H3,T0,-0.7572905629187225,0.7252842431098,0.4744156233804123,0,-0.41320185179705465,-1.0776404116342828,2.026441533526428,-0.9641796158315374,NAT
Ranunculus_acris,Ranunculus_acris_Stoderzinken,-2.593,0.353,Ordbeta,T0-T1,DIST,1,Stoderzinken,T_generation,-0.14243846974162613,Generation time,H2,T0,-0.7572905629187225,0.7252842431098,0.4744156233804123,0,-0.41320185179705465,-1.0776404116342828,2.026441533526428,-0.9641796158315374,NAT
Ranunculus_acris,Ranunculus_acris_Stoderzinken,-2.593,0.353,Ordbeta,T0-T1,DIST,1,Stoderzinken,age_repro,-0.21668546161353322,Age at first reproduction,H2,T0,-0.7572905629187225,0.7252842431098,0.4744156233804123,0,-0.41320185179705465,-1.0776404116342828,2.026441533526428,-0.9641796158315374,NAT
Ranunculus_acris,Ranunculus_acris_Stoderzinken,-2.593,0.353,Ordbeta,T0-T1,DIST,1,Stoderzinken,percapita_repro,-0.44989123727354813,Per capita reproduction,H1,T0,-0.7572905629187225,0.7252842431098,0.4744156233804123,0,-0.41320185179705465,-1.0776404116342828,2.026441533526428,-0.9641796158315374,NAT
Ranunculus_acris,Ranunculus_acris_WSL,-2.382,0.325,Ordbeta,T0-T1,DIST,1,WSL,FirstStepAtt,-0.24233073874480135,First step attenuation,H3,T0,-0.8743162948995492,0.8005497667622437,0.4329590289255727,0,0.7223509120374744,0.494707828917318,-0.07955499989208786,-0.8401532541006036,NAT
Ranunculus_acris,Ranunculus_acris_WSL,-2.382,0.325,Ordbeta,T0-T1,DIST,1,WSL,Lambda,0.3017124209552685,Population growth rate,H4,T0,-0.8743162948995492,0.8005497667622437,0.4329590289255727,0,0.7223509120374744,0.494707828917318,-0.07955499989208786,-0.8401532541006036,NAT
Ranunculus_acris,Ranunculus_acris_WSL,-2.382,0.325,Ordbeta,T0-T1,DIST,1,WSL,R0,-0.5291856079155703,Net reproductive rate,H1,T0,-0.8743162948995492,0.8005497667622437,0.4329590289255727,0,0.7223509120374744,0.494707828917318,-0.07955499989208786,-0.8401532541006036,NAT
Ranunculus_acris,Ranunculus_acris_WSL,-2.382,0.325,Ordbeta,T0-T1,DIST,1,WSL,Reactivity,-0.5860001031334813,Reactivity,H3,T0,-0.8743162948995492,0.8005497667622437,0.4329590289255727,0,0.7223509120374744,0.494707828917318,-0.07955499989208786,-0.8401532541006036,NAT
Ranunculus_acris,Ranunculus_acris_WSL,-2.382,0.325,Ordbeta,T0-T1,DIST,1,WSL,T_generation,-0.14243846974162613,Generation time,H2,T0,-0.8743162948995492,0.8005497667622437,0.4329590289255727,0,0.7223509120374744,0.494707828917318,-0.07955499989208786,-0.8401532541006036,NAT
Ranunculus_acris,Ranunculus_acris_WSL,-2.382,0.325,Ordbeta,T0-T1,DIST,1,WSL,age_repro,-0.21668546161353322,Age at first reproduction,H2,T0,-0.8743162948995492,0.8005497667622437,0.4329590289255727,0,0.7223509120374744,0.494707828917318,-0.07955499989208786,-0.8401532541006036,NAT
Ranunculus_acris,Ranunculus_acris_WSL,-2.382,0.325,Ordbeta,T0-T1,DIST,1,WSL,percapita_repro,-0.44989123727354813,Per capita reproduction,H1,T0,-0.8743162948995492,0.8005497667622437,0.4329590289255727,0,0.7223509120374744,0.494707828917318,-0.07955499989208786,-0.8401532541006036,NAT
Ranunculus_acris,Ranunculus_acris_Wytham Woods,-2.629,0.433,Ordbeta,T0-T1,DIST,1,Wytham Woods,FirstStepAtt,-0.24233073874480135,First step attenuation,H3,T0,1.1385262951706692,0.9703437817001139,1.0760089899315513,0,-0.48678535534291734,-0.5976146616129729,0.41522666757088206,-0.12047087426531668,NAT
Ranunculus_acris,Ranunculus_acris_Wytham Woods,-2.629,0.433,Ordbeta,T0-T1,DIST,1,Wytham Woods,Lambda,0.3017124209552685,Population growth rate,H4,T0,1.1385262951706692,0.9703437817001139,1.0760089899315513,0,-0.48678535534291734,-0.5976146616129729,0.41522666757088206,-0.12047087426531668,NAT
Ranunculus_acris,Ranunculus_acris_Wytham Woods,-2.629,0.433,Ordbeta,T0-T1,DIST,1,Wytham Woods,R0,-0.5291856079155703,Net reproductive rate,H1,T0,1.1385262951706692,0.9703437817001139,1.0760089899315513,0,-0.48678535534291734,-0.5976146616129729,0.41522666757088206,-0.12047087426531668,NAT
Ranunculus_acris,Ranunculus_acris_Wytham Woods,-2.629,0.433,Ordbeta,T0-T1,DIST,1,Wytham Woods,Reactivity,-0.5860001031334813,Reactivity,H3,T0,1.1385262951706692,0.9703437817001139,1.0760089899315513,0,-0.48678535534291734,-0.5976146616129729,0.41522666757088206,-0.12047087426531668,NAT
Ranunculus_acris,Ranunculus_acris_Wytham Woods,-2.629,0.433,Ordbeta,T0-T1,DIST,1,Wytham Woods,T_generation,-0.14243846974162613,Generation time,H2,T0,1.1385262951706692,0.9703437817001139,1.0760089899315513,0,-0.48678535534291734,-0.5976146616129729,0.41522666757088206,-0.12047087426531668,NAT
Ranunculus_acris,Ranunculus_acris_Wytham Woods,-2.629,0.433,Ordbeta,T0-T1,DIST,1,Wytham Woods,age_repro,-0.21668546161353322,Age at first reproduction,H2,T0,1.1385262951706692,0.9703437817001139,1.0760089899315513,0,-0.48678535534291734,-0.5976146616129729,0.41522666757088206,-0.12047087426531668,NAT
Ranunculus_acris,Ranunculus_acris_Wytham Woods,-2.629,0.433,Ordbeta,T0-T1,DIST,1,Wytham Woods,percapita_repro,-0.44989123727354813,Per capita reproduction,H1,T0,1.1385262951706692,0.9703437817001139,1.0760089899315513,0,-0.48678535534291734,-0.5976146616129729,0.41522666757088206,-0.12047087426531668,NAT
Ratibida_columnifera,Ratibida_columnifera_Ladybird Johnson Wildflower Center,-2.769,0.515,Ordbeta,T0-T1,DIST,1,Ladybird Johnson Wildflower Center,FirstStepAtt,3.7376512291729105,First step attenuation,H3,T0,-1.342419222822856,1.125476539603281,-1.0899588779703724,0,1.9031379894618532,2.25834336157783,-1.1236658654167908,-1.1347714305779386,NAT
Ratibida_columnifera,Ratibida_columnifera_Ladybird Johnson Wildflower Center,-2.769,0.515,Ordbeta,T0-T1,DIST,1,Ladybird Johnson Wildflower Center,Lambda,-0.8000069489791125,Population growth rate,H4,T0,-1.342419222822856,1.125476539603281,-1.0899588779703724,0,1.9031379894618532,2.25834336157783,-1.1236658654167908,-1.1347714305779386,NAT
Ratibida_columnifera,Ratibida_columnifera_Ladybird Johnson Wildflower Center,-2.769,0.515,Ordbeta,T0-T1,DIST,1,Ladybird Johnson Wildflower Center,R0,-0.4424900163807292,Net reproductive rate,H1,T0,-1.342419222822856,1.125476539603281,-1.0899588779703724,0,1.9031379894618532,2.25834336157783,-1.1236658654167908,-1.1347714305779386,NAT
Ratibida_columnifera,Ratibida_columnifera_Ladybird Johnson Wildflower Center,-2.769,0.515,Ordbeta,T0-T1,DIST,1,Ladybird Johnson Wildflower Center,Reactivity,-0.6617484528661863,Reactivity,H3,T0,-1.342419222822856,1.125476539603281,-1.0899588779703724,0,1.9031379894618532,2.25834336157783,-1.1236658654167908,-1.1347714305779386,NAT
Ratibida_columnifera,Ratibida_columnifera_Ladybird Johnson Wildflower Center,-2.769,0.515,Ordbeta,T0-T1,DIST,1,Ladybird Johnson Wildflower Center,T_generation,-0.47626670650712094,Generation time,H2,T0,-1.342419222822856,1.125476539603281,-1.0899588779703724,0,1.9031379894618532,2.25834336157783,-1.1236658654167908,-1.1347714305779386,NAT
Ratibida_columnifera,Ratibida_columnifera_Ladybird Johnson Wildflower Center,-2.769,0.515,Ordbeta,T0-T1,DIST,1,Ladybird Johnson Wildflower Center,age_repro,-1.025065738487358,Age at first reproduction,H2,T0,-1.342419222822856,1.125476539603281,-1.0899588779703724,0,1.9031379894618532,2.25834336157783,-1.1236658654167908,-1.1347714305779386,NAT
Ratibida_columnifera,Ratibida_columnifera_Ladybird Johnson Wildflower Center,-2.769,0.515,Ordbeta,T0-T1,DIST,1,Ladybird Johnson Wildflower Center,percapita_repro,-0.46298898456435816,Per capita reproduction,H1,T0,-1.342419222822856,1.125476539603281,-1.0899588779703724,0,1.9031379894618532,2.25834336157783,-1.1236658654167908,-1.1347714305779386,NAT
Salsola_kali,Salsola_kali_Fowlers Gap,-2.603,0.327,Ordbeta,T0-T1,DIST,1,Fowlers Gap,FirstStepAtt,-0.7238784705037661,First step attenuation,H3,NA,NA,NA,NA,NA,NA,NA,NA,NA,NA
Salsola_kali,Salsola_kali_Fowlers Gap,-2.603,0.327,Ordbeta,T0-T1,DIST,1,Fowlers Gap,Lambda,-1.1507136736167927,Population growth rate,H4,NA,NA,NA,NA,NA,NA,NA,NA,NA,NA
Salsola_kali,Salsola_kali_Fowlers Gap,-2.603,0.327,Ordbeta,T0-T1,DIST,1,Fowlers Gap,R0,-0.6022998366826812,Net reproductive rate,H1,NA,NA,NA,NA,NA,NA,NA,NA,NA,NA
Salsola_kali,Salsola_kali_Fowlers Gap,-2.603,0.327,Ordbeta,T0-T1,DIST,1,Fowlers Gap,Reactivity,NA,Reactivity,H3,NA,NA,NA,NA,NA,NA,NA,NA,NA,NA
Salsola_kali,Salsola_kali_Fowlers Gap,-2.603,0.327,Ordbeta,T0-T1,DIST,1,Fowlers Gap,T_generation,0.13663369632999203,Generation time,H2,NA,NA,NA,NA,NA,NA,NA,NA,NA,NA
Salsola_kali,Salsola_kali_Fowlers Gap,-2.603,0.327,Ordbeta,T0-T1,DIST,1,Fowlers Gap,age_repro,0.9419769486257776,Age at first reproduction,H2,NA,NA,NA,NA,NA,NA,NA,NA,NA,NA
Salsola_kali,Salsola_kali_Fowlers Gap,-2.603,0.327,Ordbeta,T0-T1,DIST,1,Fowlers Gap,percapita_repro,NA,Per capita reproduction,H1,NA,NA,NA,NA,NA,NA,NA,NA,NA,NA
Salsola_kali,Salsola_kali_Sandflats,-2.984,0.434,Ordbeta,T0-T1,DIST,1,Sandflats,FirstStepAtt,-0.7238784705037661,First step attenuation,H3,T0,-1.2644020681689714,-1.498888782374658,-1.1399509335879594,0,NA,NA,NA,-1.0822047019948458,INT
Salsola_kali,Salsola_kali_Sandflats,-2.984,0.434,Ordbeta,T0-T1,DIST,1,Sandflats,Lambda,-1.1507136736167927,Population growth rate,H4,T0,-1.2644020681689714,-1.498888782374658,-1.1399509335879594,0,NA,NA,NA,-1.0822047019948458,INT
Salsola_kali,Salsola_kali_Sandflats,-2.984,0.434,Ordbeta,T0-T1,DIST,1,Sandflats,R0,-0.6022998366826812,Net reproductive rate,H1,T0,-1.2644020681689714,-1.498888782374658,-1.1399509335879594,0,NA,NA,NA,-1.0822047019948458,INT
Salsola_kali,Salsola_kali_Sandflats,-2.984,0.434,Ordbeta,T0-T1,DIST,1,Sandflats,Reactivity,NA,Reactivity,H3,T0,-1.2644020681689714,-1.498888782374658,-1.1399509335879594,0,NA,NA,NA,-1.0822047019948458,INT
Salsola_kali,Salsola_kali_Sandflats,-2.984,0.434,Ordbeta,T0-T1,DIST,1,Sandflats,T_generation,0.13663369632999203,Generation time,H2,T0,-1.2644020681689714,-1.498888782374658,-1.1399509335879594,0,NA,NA,NA,-1.0822047019948458,INT
Salsola_kali,Salsola_kali_Sandflats,-2.984,0.434,Ordbeta,T0-T1,DIST,1,Sandflats,age_repro,0.9419769486257776,Age at first reproduction,H2,T0,-1.2644020681689714,-1.498888782374658,-1.1399509335879594,0,NA,NA,NA,-1.0822047019948458,INT
Salsola_kali,Salsola_kali_Sandflats,-2.984,0.434,Ordbeta,T0-T1,DIST,1,Sandflats,percapita_repro,NA,Per capita reproduction,H1,T0,-1.2644020681689714,-1.498888782374658,-1.1399509335879594,0,NA,NA,NA,-1.0822047019948458,INT
Sphaeralcea_coccinea,Sphaeralcea_coccinea_Shortgrass Steppe LTER,-2.619,0.284,Ordbeta,T0-T1,DIST,1,Shortgrass Steppe LTER,FirstStepAtt,3.6520730988075583,First step attenuation,H3,T0,-1.342419222822856,-1.9035018512877446,-1.444734176104233,0,2.675170108886487,3.008621713580912,-1.1236658654167908,-0.8963874288639123,NAT
Sphaeralcea_coccinea,Sphaeralcea_coccinea_Shortgrass Steppe LTER,-2.619,0.284,Ordbeta,T0-T1,DIST,1,Shortgrass Steppe LTER,Lambda,-0.30592076063699614,Population growth rate,H4,T0,-1.342419222822856,-1.9035018512877446,-1.444734176104233,0,2.675170108886487,3.008621713580912,-1.1236658654167908,-0.8963874288639123,NAT
Sphaeralcea_coccinea,Sphaeralcea_coccinea_Shortgrass Steppe LTER,-2.619,0.284,Ordbeta,T0-T1,DIST,1,Shortgrass Steppe LTER,R0,-0.5536004730337911,Net reproductive rate,H1,T0,-1.342419222822856,-1.9035018512877446,-1.444734176104233,0,2.675170108886487,3.008621713580912,-1.1236658654167908,-0.8963874288639123,NAT
Sphaeralcea_coccinea,Sphaeralcea_coccinea_Shortgrass Steppe LTER,-2.619,0.284,Ordbeta,T0-T1,DIST,1,Shortgrass Steppe LTER,Reactivity,-0.6609154481746073,Reactivity,H3,T0,-1.342419222822856,-1.9035018512877446,-1.444734176104233,0,2.675170108886487,3.008621713580912,-1.1236658654167908,-0.8963874288639123,NAT
Sphaeralcea_coccinea,Sphaeralcea_coccinea_Shortgrass Steppe LTER,-2.619,0.284,Ordbeta,T0-T1,DIST,1,Shortgrass Steppe LTER,T_generation,-0.46780500991384966,Generation time,H2,T0,-1.342419222822856,-1.9035018512877446,-1.444734176104233,0,2.675170108886487,3.008621713580912,-1.1236658654167908,-0.8963874288639123,NAT
Sphaeralcea_coccinea,Sphaeralcea_coccinea_Shortgrass Steppe LTER,-2.619,0.284,Ordbeta,T0-T1,DIST,1,Shortgrass Steppe LTER,age_repro,-1.025065738487358,Age at first reproduction,H2,T0,-1.342419222822856,-1.9035018512877446,-1.444734176104233,0,2.675170108886487,3.008621713580912,-1.1236658654167908,-0.8963874288639123,NAT
Sphaeralcea_coccinea,Sphaeralcea_coccinea_Shortgrass Steppe LTER,-2.619,0.284,Ordbeta,T0-T1,DIST,1,Shortgrass Steppe LTER,percapita_repro,-0.4686639629870598,Per capita reproduction,H1,T0,-1.342419222822856,-1.9035018512877446,-1.444734176104233,0,2.675170108886487,3.008621713580912,-1.1236658654167908,-0.8963874288639123,NAT
Stenaria_nigricans,Stenaria_nigricans_Temple,-2.079,0.328,Ordbeta,T0-T1,DIST,1,Temple,FirstStepAtt,3.740078170051119,First step attenuation,H3,T0,-1.4594449548036825,-1.5348358112243743,-1.180462107192222,0,NA,NA,NA,-0.2753665423473718,NAT
Stenaria_nigricans,Stenaria_nigricans_Temple,-2.079,0.328,Ordbeta,T0-T1,DIST,1,Temple,Lambda,-0.10787680271155159,Population growth rate,H4,T0,-1.4594449548036825,-1.5348358112243743,-1.180462107192222,0,NA,NA,NA,-0.2753665423473718,NAT
Stenaria_nigricans,Stenaria_nigricans_Temple,-2.079,0.328,Ordbeta,T0-T1,DIST,1,Temple,R0,-0.5258236964176229,Net reproductive rate,H1,T0,-1.4594449548036825,-1.5348358112243743,-1.180462107192222,0,NA,NA,NA,-0.2753665423473718,NAT
Stenaria_nigricans,Stenaria_nigricans_Temple,-2.079,0.328,Ordbeta,T0-T1,DIST,1,Temple,Reactivity,-0.6616885697337122,Reactivity,H3,T0,-1.4594449548036825,-1.5348358112243743,-1.180462107192222,0,NA,NA,NA,-0.2753665423473718,NAT
Stenaria_nigricans,Stenaria_nigricans_Temple,-2.079,0.328,Ordbeta,T0-T1,DIST,1,Temple,T_generation,-0.4917473908378876,Generation time,H2,T0,-1.4594449548036825,-1.5348358112243743,-1.180462107192222,0,NA,NA,NA,-0.2753665423473718,NAT
Stenaria_nigricans,Stenaria_nigricans_Temple,-2.079,0.328,Ordbeta,T0-T1,DIST,1,Temple,age_repro,-1.025065738487358,Age at first reproduction,H2,T0,-1.4594449548036825,-1.5348358112243743,-1.180462107192222,0,NA,NA,NA,-0.2753665423473718,NAT
Stenaria_nigricans,Stenaria_nigricans_Temple,-2.079,0.328,Ordbeta,T0-T1,DIST,1,Temple,percapita_repro,-0.466802400407593,Per capita reproduction,H1,T0,-1.4594449548036825,-1.5348358112243743,-1.180462107192222,0,NA,NA,NA,-0.2753665423473718,NAT
Taraxacum_campylodes,Taraxacum_campylodes_Bayreuth DRAGNet,-2.296,0.312,Ordbeta,T0-T1,DIST,1,Bayreuth DRAGNet,FirstStepAtt,0.08370636372478239,First step attenuation,H3,T0,1.7002498086786373,1.1903000578533576,1.5813921901858357,0,0.7663265952564761,0.8046703576991449,-0.4657062309279624,0.012833603314585775,NAT
Taraxacum_campylodes,Taraxacum_campylodes_Bayreuth DRAGNet,-2.296,0.312,Ordbeta,T0-T1,DIST,1,Bayreuth DRAGNet,Lambda,-2.4769217104898775,Population growth rate,H4,T0,1.7002498086786373,1.1903000578533576,1.5813921901858357,0,0.7663265952564761,0.8046703576991449,-0.4657062309279624,0.012833603314585775,NAT
Taraxacum_campylodes,Taraxacum_campylodes_Bayreuth DRAGNet,-2.296,0.312,Ordbeta,T0-T1,DIST,1,Bayreuth DRAGNet,R0,-0.6043316026278284,Net reproductive rate,H1,T0,1.7002498086786373,1.1903000578533576,1.5813921901858357,0,0.7663265952564761,0.8046703576991449,-0.4657062309279624,0.012833603314585775,NAT
Taraxacum_campylodes,Taraxacum_campylodes_Bayreuth DRAGNet,-2.296,0.312,Ordbeta,T0-T1,DIST,1,Bayreuth DRAGNet,Reactivity,0.09771141073939421,Reactivity,H3,T0,1.7002498086786373,1.1903000578533576,1.5813921901858357,0,0.7663265952564761,0.8046703576991449,-0.4657062309279624,0.012833603314585775,NAT
Taraxacum_campylodes,Taraxacum_campylodes_Bayreuth DRAGNet,-2.296,0.312,Ordbeta,T0-T1,DIST,1,Bayreuth DRAGNet,T_generation,NA,Generation time,H2,T0,1.7002498086786373,1.1903000578533576,1.5813921901858357,0,0.7663265952564761,0.8046703576991449,-0.4657062309279624,0.012833603314585775,NAT
Taraxacum_campylodes,Taraxacum_campylodes_Bayreuth DRAGNet,-2.296,0.312,Ordbeta,T0-T1,DIST,1,Bayreuth DRAGNet,age_repro,-1.025065738487358,Age at first reproduction,H2,T0,1.7002498086786373,1.1903000578533576,1.5813921901858357,0,0.7663265952564761,0.8046703576991449,-0.4657062309279624,0.012833603314585775,NAT
Taraxacum_campylodes,Taraxacum_campylodes_Bayreuth DRAGNet,-2.296,0.312,Ordbeta,T0-T1,DIST,1,Bayreuth DRAGNet,percapita_repro,-0.47129552987459544,Per capita reproduction,H1,T0,1.7002498086786373,1.1903000578533576,1.5813921901858357,0,0.7663265952564761,0.8046703576991449,-0.4657062309279624,0.012833603314585775,NAT
Taraxacum_campylodes,Taraxacum_campylodes_Kellogg Biological Station (KBS),-2.687,0.528,Ordbeta,T0-T1,DIST,1,Kellogg Biological Station (KBS),FirstStepAtt,0.08370636372478239,First step attenuation,H3,T0,0.6080096435242552,-0.3823161357234788,-0.16217943353098632,0,-0.6951717449115951,-0.3815561424686202,-0.7649907190758011,2.026063801802161,INT
Taraxacum_campylodes,Taraxacum_campylodes_Kellogg Biological Station (KBS),-2.687,0.528,Ordbeta,T0-T1,DIST,1,Kellogg Biological Station (KBS),Lambda,-2.4769217104898775,Population growth rate,H4,T0,0.6080096435242552,-0.3823161357234788,-0.16217943353098632,0,-0.6951717449115951,-0.3815561424686202,-0.7649907190758011,2.026063801802161,INT
Taraxacum_campylodes,Taraxacum_campylodes_Kellogg Biological Station (KBS),-2.687,0.528,Ordbeta,T0-T1,DIST,1,Kellogg Biological Station (KBS),R0,-0.6043316026278284,Net reproductive rate,H1,T0,0.6080096435242552,-0.3823161357234788,-0.16217943353098632,0,-0.6951717449115951,-0.3815561424686202,-0.7649907190758011,2.026063801802161,INT
Taraxacum_campylodes,Taraxacum_campylodes_Kellogg Biological Station (KBS),-2.687,0.528,Ordbeta,T0-T1,DIST,1,Kellogg Biological Station (KBS),Reactivity,0.09771141073939421,Reactivity,H3,T0,0.6080096435242552,-0.3823161357234788,-0.16217943353098632,0,-0.6951717449115951,-0.3815561424686202,-0.7649907190758011,2.026063801802161,INT
Taraxacum_campylodes,Taraxacum_campylodes_Kellogg Biological Station (KBS),-2.687,0.528,Ordbeta,T0-T1,DIST,1,Kellogg Biological Station (KBS),T_generation,NA,Generation time,H2,T0,0.6080096435242552,-0.3823161357234788,-0.16217943353098632,0,-0.6951717449115951,-0.3815561424686202,-0.7649907190758011,2.026063801802161,INT
Taraxacum_campylodes,Taraxacum_campylodes_Kellogg Biological Station (KBS),-2.687,0.528,Ordbeta,T0-T1,DIST,1,Kellogg Biological Station (KBS),age_repro,-1.025065738487358,Age at first reproduction,H2,T0,0.6080096435242552,-0.3823161357234788,-0.16217943353098632,0,-0.6951717449115951,-0.3815561424686202,-0.7649907190758011,2.026063801802161,INT
Taraxacum_campylodes,Taraxacum_campylodes_Kellogg Biological Station (KBS),-2.687,0.528,Ordbeta,T0-T1,DIST,1,Kellogg Biological Station (KBS),percapita_repro,-0.47129552987459544,Per capita reproduction,H1,T0,0.6080096435242552,-0.3823161357234788,-0.16217943353098632,0,-0.6951717449115951,-0.3815561424686202,-0.7649907190758011,2.026063801802161,INT
Thymus_vulgaris,Thymus_vulgaris_Morella la Vella,-2.552,0.329,Ordbeta,T0-T1,DIST,1,Morella la Vella,FirstStepAtt,3.7206401137419816,First step attenuation,H3,T0,-1.4204363774767406,-1.0774168355901923,-0.9296128902364822,0,NA,NA,NA,-1.1225466099772194,NA
Thymus_vulgaris,Thymus_vulgaris_Morella la Vella,-2.552,0.329,Ordbeta,T0-T1,DIST,1,Morella la Vella,Lambda,-0.10127828344929186,Population growth rate,H4,T0,-1.4204363774767406,-1.0774168355901923,-0.9296128902364822,0,NA,NA,NA,-1.1225466099772194,NA
Thymus_vulgaris,Thymus_vulgaris_Morella la Vella,-2.552,0.329,Ordbeta,T0-T1,DIST,1,Morella la Vella,R0,-0.5877319336076046,Net reproductive rate,H1,T0,-1.4204363774767406,-1.0774168355901923,-0.9296128902364822,0,NA,NA,NA,-1.1225466099772194,NA
Thymus_vulgaris,Thymus_vulgaris_Morella la Vella,-2.552,0.329,Ordbeta,T0-T1,DIST,1,Morella la Vella,Reactivity,-0.6616733300229486,Reactivity,H3,T0,-1.4204363774767406,-1.0774168355901923,-0.9296128902364822,0,NA,NA,NA,-1.1225466099772194,NA
Thymus_vulgaris,Thymus_vulgaris_Morella la Vella,-2.552,0.329,Ordbeta,T0-T1,DIST,1,Morella la Vella,T_generation,NA,Generation time,H2,T0,-1.4204363774767406,-1.0774168355901923,-0.9296128902364822,0,NA,NA,NA,-1.1225466099772194,NA
Thymus_vulgaris,Thymus_vulgaris_Morella la Vella,-2.552,0.329,Ordbeta,T0-T1,DIST,1,Morella la Vella,age_repro,NA,Age at first reproduction,H2,T0,-1.4204363774767406,-1.0774168355901923,-0.9296128902364822,0,NA,NA,NA,-1.1225466099772194,NA
Thymus_vulgaris,Thymus_vulgaris_Morella la Vella,-2.552,0.329,Ordbeta,T0-T1,DIST,1,Morella la Vella,percapita_repro,-0.4712763474453168,Per capita reproduction,H1,T0,-1.4204363774767406,-1.0774168355901923,-0.9296128902364822,0,NA,NA,NA,-1.1225466099772194,NA
Verbascum_thapsus,Verbascum_thapsus_Blandy Experimental Farm,-2.312,0.514,Ordbeta,T0-T1,DIST,1,Blandy Experimental Farm,FirstStepAtt,-0.646180069469179,First step attenuation,H3,T0,-0.9211265876918799,-0.9121998324506817,-1.444734176104233,0,0.7318735048799031,1.120081927705361,-1.1236658654167908,-0.23930332157524994,INT
Verbascum_thapsus,Verbascum_thapsus_Blandy Experimental Farm,-2.312,0.514,Ordbeta,T0-T1,DIST,1,Blandy Experimental Farm,Lambda,NA,Population growth rate,H4,T0,-0.9211265876918799,-0.9121998324506817,-1.444734176104233,0,0.7318735048799031,1.120081927705361,-1.1236658654167908,-0.23930332157524994,INT
Verbascum_thapsus,Verbascum_thapsus_Blandy Experimental Farm,-2.312,0.514,Ordbeta,T0-T1,DIST,1,Blandy Experimental Farm,R0,0.8174805821800978,Net reproductive rate,H1,T0,-0.9211265876918799,-0.9121998324506817,-1.444734176104233,0,0.7318735048799031,1.120081927705361,-1.1236658654167908,-0.23930332157524994,INT
Verbascum_thapsus,Verbascum_thapsus_Blandy Experimental Farm,-2.312,0.514,Ordbeta,T0-T1,DIST,1,Blandy Experimental Farm,Reactivity,NA,Reactivity,H3,T0,-0.9211265876918799,-0.9121998324506817,-1.444734176104233,0,0.7318735048799031,1.120081927705361,-1.1236658654167908,-0.23930332157524994,INT
Verbascum_thapsus,Verbascum_thapsus_Blandy Experimental Farm,-2.312,0.514,Ordbeta,T0-T1,DIST,1,Blandy Experimental Farm,T_generation,-0.35520727545319114,Generation time,H2,T0,-0.9211265876918799,-0.9121998324506817,-1.444734176104233,0,0.7318735048799031,1.120081927705361,-1.1236658654167908,-0.23930332157524994,INT
Verbascum_thapsus,Verbascum_thapsus_Blandy Experimental Farm,-2.312,0.514,Ordbeta,T0-T1,DIST,1,Blandy Experimental Farm,age_repro,3.6316854435175654,Age at first reproduction,H2,T0,-0.9211265876918799,-0.9121998324506817,-1.444734176104233,0,0.7318735048799031,1.120081927705361,-1.1236658654167908,-0.23930332157524994,INT
Verbascum_thapsus,Verbascum_thapsus_Blandy Experimental Farm,-2.312,0.514,Ordbeta,T0-T1,DIST,1,Blandy Experimental Farm,percapita_repro,NA,Per capita reproduction,H1,T0,-0.9211265876918799,-0.9121998324506817,-1.444734176104233,0,0.7318735048799031,1.120081927705361,-1.1236658654167908,-0.23930332157524994,INT
Verbascum_thapsus,Verbascum_thapsus_Cedar Creek LTER,-2.175,0.393,Ordbeta,T0-T1,DIST,1,Cedar Creek LTER,FirstStepAtt,-0.646180069469179,First step attenuation,H3,T0,-1.2644020681689714,-1.1104602362180944,-0.944576857374687,0,-0.440155069565833,-0.3653363883805663,-0.2567312943462281,-0.15067337222003496,INT
Verbascum_thapsus,Verbascum_thapsus_Cedar Creek LTER,-2.175,0.393,Ordbeta,T0-T1,DIST,1,Cedar Creek LTER,Lambda,NA,Population growth rate,H4,T0,-1.2644020681689714,-1.1104602362180944,-0.944576857374687,0,-0.440155069565833,-0.3653363883805663,-0.2567312943462281,-0.15067337222003496,INT
Verbascum_thapsus,Verbascum_thapsus_Cedar Creek LTER,-2.175,0.393,Ordbeta,T0-T1,DIST,1,Cedar Creek LTER,R0,0.8174805821800978,Net reproductive rate,H1,T0,-1.2644020681689714,-1.1104602362180944,-0.944576857374687,0,-0.440155069565833,-0.3653363883805663,-0.2567312943462281,-0.15067337222003496,INT
Verbascum_thapsus,Verbascum_thapsus_Cedar Creek LTER,-2.175,0.393,Ordbeta,T0-T1,DIST,1,Cedar Creek LTER,Reactivity,NA,Reactivity,H3,T0,-1.2644020681689714,-1.1104602362180944,-0.944576857374687,0,-0.440155069565833,-0.3653363883805663,-0.2567312943462281,-0.15067337222003496,INT
Verbascum_thapsus,Verbascum_thapsus_Cedar Creek LTER,-2.175,0.393,Ordbeta,T0-T1,DIST,1,Cedar Creek LTER,T_generation,-0.35520727545319114,Generation time,H2,T0,-1.2644020681689714,-1.1104602362180944,-0.944576857374687,0,-0.440155069565833,-0.3653363883805663,-0.2567312943462281,-0.15067337222003496,INT
Verbascum_thapsus,Verbascum_thapsus_Cedar Creek LTER,-2.175,0.393,Ordbeta,T0-T1,DIST,1,Cedar Creek LTER,age_repro,3.6316854435175654,Age at first reproduction,H2,T0,-1.2644020681689714,-1.1104602362180944,-0.944576857374687,0,-0.440155069565833,-0.3653363883805663,-0.2567312943462281,-0.15067337222003496,INT
Verbascum_thapsus,Verbascum_thapsus_Cedar Creek LTER,-2.175,0.393,Ordbeta,T0-T1,DIST,1,Cedar Creek LTER,percapita_repro,NA,Per capita reproduction,H1,T0,-1.2644020681689714,-1.1104602362180944,-0.944576857374687,0,-0.440155069565833,-0.3653363883805663,-0.2567312943462281,-0.15067337222003496,INT
Verbascum_thapsus,Verbascum_thapsus_Churning Rapids,-2.687,0.528,Ordbeta,T0-T1,DIST,1,Churning Rapids,FirstStepAtt,-0.646180069469179,First step attenuation,H3,T0,-0.28918763499541594,-0.21060534979087156,-0.11844543096706447,0,-0.3059248891415658,0.04365022904444811,-0.8281278578251694,-0.4293992819164351,INT
Verbascum_thapsus,Verbascum_thapsus_Churning Rapids,-2.687,0.528,Ordbeta,T0-T1,DIST,1,Churning Rapids,Lambda,NA,Population growth rate,H4,T0,-0.28918763499541594,-0.21060534979087156,-0.11844543096706447,0,-0.3059248891415658,0.04365022904444811,-0.8281278578251694,-0.4293992819164351,INT
Verbascum_thapsus,Verbascum_thapsus_Churning Rapids,-2.687,0.528,Ordbeta,T0-T1,DIST,1,Churning Rapids,R0,0.8174805821800978,Net reproductive rate,H1,T0,-0.28918763499541594,-0.21060534979087156,-0.11844543096706447,0,-0.3059248891415658,0.04365022904444811,-0.8281278578251694,-0.4293992819164351,INT
Verbascum_thapsus,Verbascum_thapsus_Churning Rapids,-2.687,0.528,Ordbeta,T0-T1,DIST,1,Churning Rapids,Reactivity,NA,Reactivity,H3,T0,-0.28918763499541594,-0.21060534979087156,-0.11844543096706447,0,-0.3059248891415658,0.04365022904444811,-0.8281278578251694,-0.4293992819164351,INT
Verbascum_thapsus,Verbascum_thapsus_Churning Rapids,-2.687,0.528,Ordbeta,T0-T1,DIST,1,Churning Rapids,T_generation,-0.35520727545319114,Generation time,H2,T0,-0.28918763499541594,-0.21060534979087156,-0.11844543096706447,0,-0.3059248891415658,0.04365022904444811,-0.8281278578251694,-0.4293992819164351,INT
Verbascum_thapsus,Verbascum_thapsus_Churning Rapids,-2.687,0.528,Ordbeta,T0-T1,DIST,1,Churning Rapids,age_repro,3.6316854435175654,Age at first reproduction,H2,T0,-0.28918763499541594,-0.21060534979087156,-0.11844543096706447,0,-0.3059248891415658,0.04365022904444811,-0.8281278578251694,-0.4293992819164351,INT
Verbascum_thapsus,Verbascum_thapsus_Churning Rapids,-2.687,0.528,Ordbeta,T0-T1,DIST,1,Churning Rapids,percapita_repro,NA,Per capita reproduction,H1,T0,-0.28918763499541594,-0.21060534979087156,-0.11844543096706447,0,-0.3059248891415658,0.04365022904444811,-0.8281278578251694,-0.4293992819164351,INT
Verbascum_thapsus,Verbascum_thapsus_Izaak Walton League of America (IWLA),-2.699,0.466,Ordbeta,T0-T1,DIST,1,Izaak Walton League of America (IWLA),FirstStepAtt,-0.646180069469179,First step attenuation,H3,T0,-0.6402648309378959,-1.1104602362180944,-0.944576857374687,0,NA,NA,NA,-1.006410814270386,INT
Verbascum_thapsus,Verbascum_thapsus_Izaak Walton League of America (IWLA),-2.699,0.466,Ordbeta,T0-T1,DIST,1,Izaak Walton League of America (IWLA),Lambda,NA,Population growth rate,H4,T0,-0.6402648309378959,-1.1104602362180944,-0.944576857374687,0,NA,NA,NA,-1.006410814270386,INT
Verbascum_thapsus,Verbascum_thapsus_Izaak Walton League of America (IWLA),-2.699,0.466,Ordbeta,T0-T1,DIST,1,Izaak Walton League of America (IWLA),R0,0.8174805821800978,Net reproductive rate,H1,T0,-0.6402648309378959,-1.1104602362180944,-0.944576857374687,0,NA,NA,NA,-1.006410814270386,INT
Verbascum_thapsus,Verbascum_thapsus_Izaak Walton League of America (IWLA),-2.699,0.466,Ordbeta,T0-T1,DIST,1,Izaak Walton League of America (IWLA),Reactivity,NA,Reactivity,H3,T0,-0.6402648309378959,-1.1104602362180944,-0.944576857374687,0,NA,NA,NA,-1.006410814270386,INT
Verbascum_thapsus,Verbascum_thapsus_Izaak Walton League of America (IWLA),-2.699,0.466,Ordbeta,T0-T1,DIST,1,Izaak Walton League of America (IWLA),T_generation,-0.35520727545319114,Generation time,H2,T0,-0.6402648309378959,-1.1104602362180944,-0.944576857374687,0,NA,NA,NA,-1.006410814270386,INT
Verbascum_thapsus,Verbascum_thapsus_Izaak Walton League of America (IWLA),-2.699,0.466,Ordbeta,T0-T1,DIST,1,Izaak Walton League of America (IWLA),age_repro,3.6316854435175654,Age at first reproduction,H2,T0,-0.6402648309378959,-1.1104602362180944,-0.944576857374687,0,NA,NA,NA,-1.006410814270386,INT
Verbascum_thapsus,Verbascum_thapsus_Izaak Walton League of America (IWLA),-2.699,0.466,Ordbeta,T0-T1,DIST,1,Izaak Walton League of America (IWLA),percapita_repro,NA,Per capita reproduction,H1,T0,-0.6402648309378959,-1.1104602362180944,-0.944576857374687,0,NA,NA,NA,-1.006410814270386,INT
Verbascum_thapsus,Verbascum_thapsus_Piedmont Prairie,-2.312,0.514,Ordbeta,T0-T1,DIST,1,Piedmont Prairie,FirstStepAtt,-0.646180069469179,First step attenuation,H3,T0,-1.3892295156151866,0.07910218638638122,-1.444734176104233,0,NA,NA,NA,-1.1581732300136014,INT
Verbascum_thapsus,Verbascum_thapsus_Piedmont Prairie,-2.312,0.514,Ordbeta,T0-T1,DIST,1,Piedmont Prairie,Lambda,NA,Population growth rate,H4,T0,-1.3892295156151866,0.07910218638638122,-1.444734176104233,0,NA,NA,NA,-1.1581732300136014,INT
Verbascum_thapsus,Verbascum_thapsus_Piedmont Prairie,-2.312,0.514,Ordbeta,T0-T1,DIST,1,Piedmont Prairie,R0,0.8174805821800978,Net reproductive rate,H1,T0,-1.3892295156151866,0.07910218638638122,-1.444734176104233,0,NA,NA,NA,-1.1581732300136014,INT
Verbascum_thapsus,Verbascum_thapsus_Piedmont Prairie,-2.312,0.514,Ordbeta,T0-T1,DIST,1,Piedmont Prairie,Reactivity,NA,Reactivity,H3,T0,-1.3892295156151866,0.07910218638638122,-1.444734176104233,0,NA,NA,NA,-1.1581732300136014,INT
Verbascum_thapsus,Verbascum_thapsus_Piedmont Prairie,-2.312,0.514,Ordbeta,T0-T1,DIST,1,Piedmont Prairie,T_generation,-0.35520727545319114,Generation time,H2,T0,-1.3892295156151866,0.07910218638638122,-1.444734176104233,0,NA,NA,NA,-1.1581732300136014,INT
Verbascum_thapsus,Verbascum_thapsus_Piedmont Prairie,-2.312,0.514,Ordbeta,T0-T1,DIST,1,Piedmont Prairie,age_repro,3.6316854435175654,Age at first reproduction,H2,T0,-1.3892295156151866,0.07910218638638122,-1.444734176104233,0,NA,NA,NA,-1.1581732300136014,INT
Verbascum_thapsus,Verbascum_thapsus_Piedmont Prairie,-2.312,0.514,Ordbeta,T0-T1,DIST,1,Piedmont Prairie,percapita_repro,NA,Per capita reproduction,H1,T0,-1.3892295156151866,0.07910218638638122,-1.444734176104233,0,NA,NA,NA,-1.1581732300136014,INT
Veronica_arvensis,Veronica_arvensis_Agroscope Changins,-3.208,0.413,Ordbeta,T0-T1,DIST,1,Agroscope Changins,FirstStepAtt,0.6419987982876575,First step attenuation,H3,T0,1.1151211487745039,1.231861200363381,1.4334641159886803,0,-1.2881608799324629,-1.398708630217884,1.650051594077399,0.46165430853599404,NAT
Veronica_arvensis,Veronica_arvensis_Agroscope Changins,-3.208,0.413,Ordbeta,T0-T1,DIST,1,Agroscope Changins,Lambda,0.06762509514844563,Population growth rate,H4,T0,1.1151211487745039,1.231861200363381,1.4334641159886803,0,-1.2881608799324629,-1.398708630217884,1.650051594077399,0.46165430853599404,NAT
Veronica_arvensis,Veronica_arvensis_Agroscope Changins,-3.208,0.413,Ordbeta,T0-T1,DIST,1,Agroscope Changins,R0,-0.5483189457702082,Net reproductive rate,H1,T0,1.1151211487745039,1.231861200363381,1.4334641159886803,0,-1.2881608799324629,-1.398708630217884,1.650051594077399,0.46165430853599404,NAT
Veronica_arvensis,Veronica_arvensis_Agroscope Changins,-3.208,0.413,Ordbeta,T0-T1,DIST,1,Agroscope Changins,Reactivity,-0.5152456518231284,Reactivity,H3,T0,1.1151211487745039,1.231861200363381,1.4334641159886803,0,-1.2881608799324629,-1.398708630217884,1.650051594077399,0.46165430853599404,NAT
Veronica_arvensis,Veronica_arvensis_Agroscope Changins,-3.208,0.413,Ordbeta,T0-T1,DIST,1,Agroscope Changins,T_generation,-0.4176843586187548,Generation time,H2,T0,1.1151211487745039,1.231861200363381,1.4334641159886803,0,-1.2881608799324629,-1.398708630217884,1.650051594077399,0.46165430853599404,NAT
Veronica_arvensis,Veronica_arvensis_Agroscope Changins,-3.208,0.413,Ordbeta,T0-T1,DIST,1,Agroscope Changins,age_repro,-0.4505353068750137,Age at first reproduction,H2,T0,1.1151211487745039,1.231861200363381,1.4334641159886803,0,-1.2881608799324629,-1.398708630217884,1.650051594077399,0.46165430853599404,NAT
Veronica_arvensis,Veronica_arvensis_Agroscope Changins,-3.208,0.413,Ordbeta,T0-T1,DIST,1,Agroscope Changins,percapita_repro,-0.43813391651782,Per capita reproduction,H1,T0,1.1151211487745039,1.231861200363381,1.4334641159886803,0,-1.2881608799324629,-1.398708630217884,1.650051594077399,0.46165430853599404,NAT
Veronica_arvensis,Veronica_arvensis_Bad Lauchstaedt,-2.957,0.306,Ordbeta,T0-T1,DIST,1,Bad Lauchstaedt,FirstStepAtt,0.6419987982876575,First step attenuation,H3,T0,0.45197533421648606,-0.3753988185590567,-0.11439210590952666,0,0.5690221852496098,0.7959142485449064,-0.7991349509738322,0.3856906316365244,NAT
Veronica_arvensis,Veronica_arvensis_Bad Lauchstaedt,-2.957,0.306,Ordbeta,T0-T1,DIST,1,Bad Lauchstaedt,Lambda,0.06762509514844563,Population growth rate,H4,T0,0.45197533421648606,-0.3753988185590567,-0.11439210590952666,0,0.5690221852496098,0.7959142485449064,-0.7991349509738322,0.3856906316365244,NAT
Veronica_arvensis,Veronica_arvensis_Bad Lauchstaedt,-2.957,0.306,Ordbeta,T0-T1,DIST,1,Bad Lauchstaedt,R0,-0.5483189457702082,Net reproductive rate,H1,T0,0.45197533421648606,-0.3753988185590567,-0.11439210590952666,0,0.5690221852496098,0.7959142485449064,-0.7991349509738322,0.3856906316365244,NAT
Veronica_arvensis,Veronica_arvensis_Bad Lauchstaedt,-2.957,0.306,Ordbeta,T0-T1,DIST,1,Bad Lauchstaedt,Reactivity,-0.5152456518231284,Reactivity,H3,T0,0.45197533421648606,-0.3753988185590567,-0.11439210590952666,0,0.5690221852496098,0.7959142485449064,-0.7991349509738322,0.3856906316365244,NAT
Veronica_arvensis,Veronica_arvensis_Bad Lauchstaedt,-2.957,0.306,Ordbeta,T0-T1,DIST,1,Bad Lauchstaedt,T_generation,-0.4176843586187548,Generation time,H2,T0,0.45197533421648606,-0.3753988185590567,-0.11439210590952666,0,0.5690221852496098,0.7959142485449064,-0.7991349509738322,0.3856906316365244,NAT
Veronica_arvensis,Veronica_arvensis_Bad Lauchstaedt,-2.957,0.306,Ordbeta,T0-T1,DIST,1,Bad Lauchstaedt,age_repro,-0.4505353068750137,Age at first reproduction,H2,T0,0.45197533421648606,-0.3753988185590567,-0.11439210590952666,0,0.5690221852496098,0.7959142485449064,-0.7991349509738322,0.3856906316365244,NAT
Veronica_arvensis,Veronica_arvensis_Bad Lauchstaedt,-2.957,0.306,Ordbeta,T0-T1,DIST,1,Bad Lauchstaedt,percapita_repro,-0.43813391651782,Per capita reproduction,H1,T0,0.45197533421648606,-0.3753988185590567,-0.11439210590952666,0,0.5690221852496098,0.7959142485449064,-0.7991349509738322,0.3856906316365244,NAT
Veronica_arvensis,Veronica_arvensis_Bayreuth DRAGNet,-2.687,0.528,Ordbeta,T0-T1,DIST,1,Bayreuth DRAGNet,FirstStepAtt,0.6419987982876575,First step attenuation,H3,T0,1.7002498086786373,1.1903000578533576,1.5813921901858357,0,0.7663265952564761,0.8046703576991449,-0.4657062309279624,0.012833603314585775,NAT
Veronica_arvensis,Veronica_arvensis_Bayreuth DRAGNet,-2.687,0.528,Ordbeta,T0-T1,DIST,1,Bayreuth DRAGNet,Lambda,0.06762509514844563,Population growth rate,H4,T0,1.7002498086786373,1.1903000578533576,1.5813921901858357,0,0.7663265952564761,0.8046703576991449,-0.4657062309279624,0.012833603314585775,NAT
Veronica_arvensis,Veronica_arvensis_Bayreuth DRAGNet,-2.687,0.528,Ordbeta,T0-T1,DIST,1,Bayreuth DRAGNet,R0,-0.5483189457702082,Net reproductive rate,H1,T0,1.7002498086786373,1.1903000578533576,1.5813921901858357,0,0.7663265952564761,0.8046703576991449,-0.4657062309279624,0.012833603314585775,NAT
Veronica_arvensis,Veronica_arvensis_Bayreuth DRAGNet,-2.687,0.528,Ordbeta,T0-T1,DIST,1,Bayreuth DRAGNet,Reactivity,-0.5152456518231284,Reactivity,H3,T0,1.7002498086786373,1.1903000578533576,1.5813921901858357,0,0.7663265952564761,0.8046703576991449,-0.4657062309279624,0.012833603314585775,NAT
Veronica_arvensis,Veronica_arvensis_Bayreuth DRAGNet,-2.687,0.528,Ordbeta,T0-T1,DIST,1,Bayreuth DRAGNet,T_generation,-0.4176843586187548,Generation time,H2,T0,1.7002498086786373,1.1903000578533576,1.5813921901858357,0,0.7663265952564761,0.8046703576991449,-0.4657062309279624,0.012833603314585775,NAT
Veronica_arvensis,Veronica_arvensis_Bayreuth DRAGNet,-2.687,0.528,Ordbeta,T0-T1,DIST,1,Bayreuth DRAGNet,age_repro,-0.4505353068750137,Age at first reproduction,H2,T0,1.7002498086786373,1.1903000578533576,1.5813921901858357,0,0.7663265952564761,0.8046703576991449,-0.4657062309279624,0.012833603314585775,NAT
Veronica_arvensis,Veronica_arvensis_Bayreuth DRAGNet,-2.687,0.528,Ordbeta,T0-T1,DIST,1,Bayreuth DRAGNet,percapita_repro,-0.43813391651782,Per capita reproduction,H1,T0,1.7002498086786373,1.1903000578533576,1.5813921901858357,0,0.7663265952564761,0.8046703576991449,-0.4657062309279624,0.012833603314585775,NAT
Veronica_arvensis,Veronica_arvensis_CEREEP - Ecotron IDF,-2.649,0.351,Ordbeta,T0-T1,DIST,1,CEREEP - Ecotron IDF,FirstStepAtt,0.6419987982876575,First step attenuation,H3,NA,NA,NA,NA,NA,NA,NA,NA,NA,NAT
Veronica_arvensis,Veronica_arvensis_CEREEP - Ecotron IDF,-2.649,0.351,Ordbeta,T0-T1,DIST,1,CEREEP - Ecotron IDF,Lambda,0.06762509514844563,Population growth rate,H4,NA,NA,NA,NA,NA,NA,NA,NA,NA,NAT
Veronica_arvensis,Veronica_arvensis_CEREEP - Ecotron IDF,-2.649,0.351,Ordbeta,T0-T1,DIST,1,CEREEP - Ecotron IDF,R0,-0.5483189457702082,Net reproductive rate,H1,NA,NA,NA,NA,NA,NA,NA,NA,NA,NAT
Veronica_arvensis,Veronica_arvensis_CEREEP - Ecotron IDF,-2.649,0.351,Ordbeta,T0-T1,DIST,1,CEREEP - Ecotron IDF,Reactivity,-0.5152456518231284,Reactivity,H3,NA,NA,NA,NA,NA,NA,NA,NA,NA,NAT
Veronica_arvensis,Veronica_arvensis_CEREEP - Ecotron IDF,-2.649,0.351,Ordbeta,T0-T1,DIST,1,CEREEP - Ecotron IDF,T_generation,-0.4176843586187548,Generation time,H2,NA,NA,NA,NA,NA,NA,NA,NA,NA,NAT
Veronica_arvensis,Veronica_arvensis_CEREEP - Ecotron IDF,-2.649,0.351,Ordbeta,T0-T1,DIST,1,CEREEP - Ecotron IDF,age_repro,-0.4505353068750137,Age at first reproduction,H2,NA,NA,NA,NA,NA,NA,NA,NA,NA,NAT
Veronica_arvensis,Veronica_arvensis_CEREEP - Ecotron IDF,-2.649,0.351,Ordbeta,T0-T1,DIST,1,CEREEP - Ecotron IDF,percapita_repro,-0.43813391651782,Per capita reproduction,H1,NA,NA,NA,NA,NA,NA,NA,NA,NA,NAT
Veronica_arvensis,Veronica_arvensis_Cowichan,-2.491,0.443,Ordbeta,T0-T1,DIST,1,Cowichan,FirstStepAtt,0.6419987982876575,First step attenuation,H3,NA,NA,NA,NA,NA,NA,NA,NA,NA,INT
Veronica_arvensis,Veronica_arvensis_Cowichan,-2.491,0.443,Ordbeta,T0-T1,DIST,1,Cowichan,Lambda,0.06762509514844563,Population growth rate,H4,NA,NA,NA,NA,NA,NA,NA,NA,NA,INT
Veronica_arvensis,Veronica_arvensis_Cowichan,-2.491,0.443,Ordbeta,T0-T1,DIST,1,Cowichan,R0,-0.5483189457702082,Net reproductive rate,H1,NA,NA,NA,NA,NA,NA,NA,NA,NA,INT
Veronica_arvensis,Veronica_arvensis_Cowichan,-2.491,0.443,Ordbeta,T0-T1,DIST,1,Cowichan,Reactivity,-0.5152456518231284,Reactivity,H3,NA,NA,NA,NA,NA,NA,NA,NA,NA,INT
Veronica_arvensis,Veronica_arvensis_Cowichan,-2.491,0.443,Ordbeta,T0-T1,DIST,1,Cowichan,T_generation,-0.4176843586187548,Generation time,H2,NA,NA,NA,NA,NA,NA,NA,NA,NA,INT
Veronica_arvensis,Veronica_arvensis_Cowichan,-2.491,0.443,Ordbeta,T0-T1,DIST,1,Cowichan,age_repro,-0.4505353068750137,Age at first reproduction,H2,NA,NA,NA,NA,NA,NA,NA,NA,NA,INT
Veronica_arvensis,Veronica_arvensis_Cowichan,-2.491,0.443,Ordbeta,T0-T1,DIST,1,Cowichan,percapita_repro,-0.43813391651782,Per capita reproduction,H1,NA,NA,NA,NA,NA,NA,NA,NA,NA,INT
Veronica_arvensis,Veronica_arvensis_Jena,-2.871,0.306,Ordbeta,T0-T1,DIST,1,Jena,FirstStepAtt,0.6419987982876575,First step attenuation,H3,T0,0.764043952832024,-0.3862370720152753,0.02721357540323855,0,1.6161310595160223,1.0042933264685494,0.3263285755482111,2.0986936183123164,NAT
Veronica_arvensis,Veronica_arvensis_Jena,-2.871,0.306,Ordbeta,T0-T1,DIST,1,Jena,Lambda,0.06762509514844563,Population growth rate,H4,T0,0.764043952832024,-0.3862370720152753,0.02721357540323855,0,1.6161310595160223,1.0042933264685494,0.3263285755482111,2.0986936183123164,NAT
Veronica_arvensis,Veronica_arvensis_Jena,-2.871,0.306,Ordbeta,T0-T1,DIST,1,Jena,R0,-0.5483189457702082,Net reproductive rate,H1,T0,0.764043952832024,-0.3862370720152753,0.02721357540323855,0,1.6161310595160223,1.0042933264685494,0.3263285755482111,2.0986936183123164,NAT
Veronica_arvensis,Veronica_arvensis_Jena,-2.871,0.306,Ordbeta,T0-T1,DIST,1,Jena,Reactivity,-0.5152456518231284,Reactivity,H3,T0,0.764043952832024,-0.3862370720152753,0.02721357540323855,0,1.6161310595160223,1.0042933264685494,0.3263285755482111,2.0986936183123164,NAT
Veronica_arvensis,Veronica_arvensis_Jena,-2.871,0.306,Ordbeta,T0-T1,DIST,1,Jena,T_generation,-0.4176843586187548,Generation time,H2,T0,0.764043952832024,-0.3862370720152753,0.02721357540323855,0,1.6161310595160223,1.0042933264685494,0.3263285755482111,2.0986936183123164,NAT
Veronica_arvensis,Veronica_arvensis_Jena,-2.871,0.306,Ordbeta,T0-T1,DIST,1,Jena,age_repro,-0.4505353068750137,Age at first reproduction,H2,T0,0.764043952832024,-0.3862370720152753,0.02721357540323855,0,1.6161310595160223,1.0042933264685494,0.3263285755482111,2.0986936183123164,NAT
Veronica_arvensis,Veronica_arvensis_Jena,-2.871,0.306,Ordbeta,T0-T1,DIST,1,Jena,percapita_repro,-0.43813391651782,Per capita reproduction,H1,T0,0.764043952832024,-0.3862370720152753,0.02721357540323855,0,1.6161310595160223,1.0042933264685494,0.3263285755482111,2.0986936183123164,NAT
Veronica_arvensis,Veronica_arvensis_Kniezenberg,-2.769,0.515,Ordbeta,T0-T1,DIST,1,Kniezenberg,FirstStepAtt,0.6419987982876575,First step attenuation,H3,T0,0.061889560947064014,-0.8020551636910082,-0.735183579836512,0,-1.2184013945374839,-0.8038659869745547,-0.9964378960740793,-1.0919845584754213,NAT
Veronica_arvensis,Veronica_arvensis_Kniezenberg,-2.769,0.515,Ordbeta,T0-T1,DIST,1,Kniezenberg,Lambda,0.06762509514844563,Population growth rate,H4,T0,0.061889560947064014,-0.8020551636910082,-0.735183579836512,0,-1.2184013945374839,-0.8038659869745547,-0.9964378960740793,-1.0919845584754213,NAT
Veronica_arvensis,Veronica_arvensis_Kniezenberg,-2.769,0.515,Ordbeta,T0-T1,DIST,1,Kniezenberg,R0,-0.5483189457702082,Net reproductive rate,H1,T0,0.061889560947064014,-0.8020551636910082,-0.735183579836512,0,-1.2184013945374839,-0.8038659869745547,-0.9964378960740793,-1.0919845584754213,NAT
Veronica_arvensis,Veronica_arvensis_Kniezenberg,-2.769,0.515,Ordbeta,T0-T1,DIST,1,Kniezenberg,Reactivity,-0.5152456518231284,Reactivity,H3,T0,0.061889560947064014,-0.8020551636910082,-0.735183579836512,0,-1.2184013945374839,-0.8038659869745547,-0.9964378960740793,-1.0919845584754213,NAT
Veronica_arvensis,Veronica_arvensis_Kniezenberg,-2.769,0.515,Ordbeta,T0-T1,DIST,1,Kniezenberg,T_generation,-0.4176843586187548,Generation time,H2,T0,0.061889560947064014,-0.8020551636910082,-0.735183579836512,0,-1.2184013945374839,-0.8038659869745547,-0.9964378960740793,-1.0919845584754213,NAT
Veronica_arvensis,Veronica_arvensis_Kniezenberg,-2.769,0.515,Ordbeta,T0-T1,DIST,1,Kniezenberg,age_repro,-0.4505353068750137,Age at first reproduction,H2,T0,0.061889560947064014,-0.8020551636910082,-0.735183579836512,0,-1.2184013945374839,-0.8038659869745547,-0.9964378960740793,-1.0919845584754213,NAT
Veronica_arvensis,Veronica_arvensis_Kniezenberg,-2.769,0.515,Ordbeta,T0-T1,DIST,1,Kniezenberg,percapita_repro,-0.43813391651782,Per capita reproduction,H1,T0,0.061889560947064014,-0.8020551636910082,-0.735183579836512,0,-1.2184013945374839,-0.8038659869745547,-0.9964378960740793,-1.0919845584754213,NAT
Veronica_arvensis,Veronica_arvensis_WSL,-2.884,0.445,Ordbeta,T0-T1,DIST,1,WSL,FirstStepAtt,0.6419987982876575,First step attenuation,H3,T0,-0.8743162948995492,0.8005497667622437,0.4329590289255727,0,0.7223509120374744,0.494707828917318,-0.07955499989208786,-0.8401532541006036,NAT
Veronica_arvensis,Veronica_arvensis_WSL,-2.884,0.445,Ordbeta,T0-T1,DIST,1,WSL,Lambda,0.06762509514844563,Population growth rate,H4,T0,-0.8743162948995492,0.8005497667622437,0.4329590289255727,0,0.7223509120374744,0.494707828917318,-0.07955499989208786,-0.8401532541006036,NAT
Veronica_arvensis,Veronica_arvensis_WSL,-2.884,0.445,Ordbeta,T0-T1,DIST,1,WSL,R0,-0.5483189457702082,Net reproductive rate,H1,T0,-0.8743162948995492,0.8005497667622437,0.4329590289255727,0,0.7223509120374744,0.494707828917318,-0.07955499989208786,-0.8401532541006036,NAT
Veronica_arvensis,Veronica_arvensis_WSL,-2.884,0.445,Ordbeta,T0-T1,DIST,1,WSL,Reactivity,-0.5152456518231284,Reactivity,H3,T0,-0.8743162948995492,0.8005497667622437,0.4329590289255727,0,0.7223509120374744,0.494707828917318,-0.07955499989208786,-0.8401532541006036,NAT
Veronica_arvensis,Veronica_arvensis_WSL,-2.884,0.445,Ordbeta,T0-T1,DIST,1,WSL,T_generation,-0.4176843586187548,Generation time,H2,T0,-0.8743162948995492,0.8005497667622437,0.4329590289255727,0,0.7223509120374744,0.494707828917318,-0.07955499989208786,-0.8401532541006036,NAT
Veronica_arvensis,Veronica_arvensis_WSL,-2.884,0.445,Ordbeta,T0-T1,DIST,1,WSL,age_repro,-0.4505353068750137,Age at first reproduction,H2,T0,-0.8743162948995492,0.8005497667622437,0.4329590289255727,0,0.7223509120374744,0.494707828917318,-0.07955499989208786,-0.8401532541006036,NAT
Veronica_arvensis,Veronica_arvensis_WSL,-2.884,0.445,Ordbeta,T0-T1,DIST,1,WSL,percapita_repro,-0.43813391651782,Per capita reproduction,H1,T0,-0.8743162948995492,0.8005497667622437,0.4329590289255727,0,0.7223509120374744,0.494707828917318,-0.07955499989208786,-0.8401532541006036,NAT
Agrimonia_eupatoria,Agrimonia_eupatoria_Wytham Woods,-2.724,0.255,Ordbeta,T0-T1,NPK,1,Wytham Woods,Lmax,2.2875002812298826,Maximum length of life,H5,T0,0.6704233672473625,0.7972332379505149,0.756296061196027,0,-0.6591294582519425,-0.5211007002418871,0.10722348064388672,0.3083897186138725,NAT
Agrimonia_eupatoria,Agrimonia_eupatoria_Wytham Woods,-2.724,0.255,Ordbeta,T0-T1,NPK,1,Wytham Woods,Lmean,1.0268660485441365,Mean life expectancy,H5,T0,0.6704233672473625,0.7972332379505149,0.756296061196027,0,-0.6591294582519425,-0.5211007002418871,0.10722348064388672,0.3083897186138725,NAT
Allium_vineale,Allium_vineale_Blandy Experimental Farm,-3.432,0.442,Ordbeta,T0-T1,NPK,1,Blandy Experimental Farm,Lmax,-0.16826990258625582,Maximum length of life,H5,T0,-0.9211265876918799,0.07910218638638122,-1.444734176104233,0,1.546911556131775,1.9121544212290629,-1.1236658654167908,-1.061422506973623,INT
Allium_vineale,Allium_vineale_Blandy Experimental Farm,-3.432,0.442,Ordbeta,T0-T1,NPK,1,Blandy Experimental Farm,Lmean,-0.14686134915536678,Mean life expectancy,H5,T0,-0.9211265876918799,0.07910218638638122,-1.444734176104233,0,1.546911556131775,1.9121544212290629,-1.1236658654167908,-1.061422506973623,INT
Andropogon_gerardii,Andropogon_gerardii_Kellogg Biological Station (KBS),-0.673,0.27,Ordbeta,T0-T1,NPK,1,Kellogg Biological Station (KBS),Lmax,-0.10035590414001305,Maximum length of life,H5,T0,0.13990671560094858,0.5523604772537021,0.41159107960184943,0,NA,NA,NA,2.6077700761851275,NAT
Andropogon_gerardii,Andropogon_gerardii_Kellogg Biological Station (KBS),-0.673,0.27,Ordbeta,T0-T1,NPK,1,Kellogg Biological Station (KBS),Lmean,-0.0635292731398149,Mean life expectancy,H5,T0,0.13990671560094858,0.5523604772537021,0.41159107960184943,0,NA,NA,NA,2.6077700761851275,NAT
Andropogon_gerardii,Andropogon_gerardii_Oak Lake Field Station,-3.181,0.636,Ordbeta,T0-T1,NPK,1,Oak Lake Field Station,Lmax,-0.10035590414001305,Maximum length of life,H5,T0,-1.4594449548036825,-1.9035018512877446,-1.444734176104233,0,NA,NA,NA,-1.1408838408782984,NA
Andropogon_gerardii,Andropogon_gerardii_Oak Lake Field Station,-3.181,0.636,Ordbeta,T0-T1,NPK,1,Oak Lake Field Station,Lmean,-0.0635292731398149,Mean life expectancy,H5,T0,-1.4594449548036825,-1.9035018512877446,-1.444734176104233,0,NA,NA,NA,-1.1408838408782984,NA
Andropogon_gerardii,Andropogon_gerardii_Piedmont Prairie,-3.171,0.638,Ordbeta,T0-T1,NPK,1,Piedmont Prairie,Lmax,-0.10035590414001305,Maximum length of life,H5,T0,-1.5764706867845093,0.5747531958049126,-1.444734176104233,0,NA,NA,NA,-1.1711402718650785,NAT
Andropogon_gerardii,Andropogon_gerardii_Piedmont Prairie,-3.171,0.638,Ordbeta,T0-T1,NPK,1,Piedmont Prairie,Lmean,-0.0635292731398149,Mean life expectancy,H5,T0,-1.5764706867845093,0.5747531958049126,-1.444734176104233,0,NA,NA,NA,-1.1711402718650785,NAT
Arenaria_serpyllifolia,Arenaria_serpyllifolia_Domaninek,-2.974,0.664,Ordbeta,T0-T1,NPK,1,Domaninek,Lmax,-0.2117348615918512,Maximum length of life,H5,T0,-1.1083677588612026,-0.49084759367477065,-0.5281531999097611,0,NA,NA,NA,-0.9697363524682281,NAT
Arenaria_serpyllifolia,Arenaria_serpyllifolia_Domaninek,-2.974,0.664,Ordbeta,T0-T1,NPK,1,Domaninek,Lmean,-0.1654101679689395,Mean life expectancy,H5,T0,-1.1083677588612026,-0.49084759367477065,-0.5281531999097611,0,NA,NA,NA,-0.9697363524682281,NAT
Arenaria_serpyllifolia,Arenaria_serpyllifolia_Jena,-2.908,0.305,Ordbeta,T0-T1,NPK,1,Jena,Lmax,-0.2117348615918512,Maximum length of life,H5,T0,0.6080096435242552,-0.19978785004494334,0.1515499341977226,0,1.7069926411992955,1.3947714330047822,-0.14332180109160603,2.0152771953897615,NAT
Arenaria_serpyllifolia,Arenaria_serpyllifolia_Jena,-2.908,0.305,Ordbeta,T0-T1,NPK,1,Jena,Lmean,-0.1654101679689395,Mean life expectancy,H5,T0,0.6080096435242552,-0.19978785004494334,0.1515499341977226,0,1.7069926411992955,1.3947714330047822,-0.14332180109160603,2.0152771953897615,NAT
Armeria_maritima,Armeria_maritima_Potrok Aike,-3.018,0.331,Ordbeta,T0-T1,NPK,1,Potrok Aike,Lmax,0.20118224896130485,Maximum length of life,H5,T0,-1.5764706867845093,-1.9035018512877446,-1.444734176104233,0,NA,NA,NA,-1.1042093790761405,NAT
Armeria_maritima,Armeria_maritima_Potrok Aike,-3.018,0.331,Ordbeta,T0-T1,NPK,1,Potrok Aike,Lmean,-0.07891993997106685,Mean life expectancy,H5,T0,-1.5764706867845093,-1.9035018512877446,-1.444734176104233,0,NA,NA,NA,-1.1042093790761405,NAT
Centaurea_jacea,Centaurea_jacea_Agroscope Changins,-2.866,0.3,Ordbeta,T0-T1,NPK,1,Agroscope Changins,Lmax,0.011023053311825093,Maximum length of life,H5,T0,1.1151211487745039,1.7498100942937036,1.8366308037876098,0,-1.2494248902601934,-1.6125325836859505,2.745845392814837,0.5775184415628114,NAT
Centaurea_jacea,Centaurea_jacea_Agroscope Changins,-2.866,0.3,Ordbeta,T0-T1,NPK,1,Agroscope Changins,Lmean,0.14294712801678983,Mean life expectancy,H5,T0,1.1151211487745039,1.7498100942937036,1.8366308037876098,0,-1.2494248902601934,-1.6125325836859505,2.745845392814837,0.5775184415628114,NAT
Centaurea_jacea,Centaurea_jacea_Bayreuth DRAGNet,-2.178,0.336,Ordbeta,T0-T1,NPK,1,Bayreuth DRAGNet,Lmax,0.011023053311825093,Maximum length of life,H5,T0,0.764043952832024,0.7205319011250255,0.9795931388693476,0,-0.8040991731409506,-0.821041859088977,0.2600340508762645,0.2323710066025031,NAT
Centaurea_jacea,Centaurea_jacea_Bayreuth DRAGNet,-2.178,0.336,Ordbeta,T0-T1,NPK,1,Bayreuth DRAGNet,Lmean,0.14294712801678983,Mean life expectancy,H5,T0,0.764043952832024,0.7205319011250255,0.9795931388693476,0,-0.8040991731409506,-0.821041859088977,0.2600340508762645,0.2323710066025031,NAT
Cerastium_fontanum,Cerastium_fontanum_Agroscope Changins,-3.36,0.298,Ordbeta,T0-T1,NPK,1,Agroscope Changins,Lmax,-0.2117348615918512,Maximum length of life,H5,T0,1.1151211487745039,1.7498100942937036,1.8366308037876098,0,-1.2494248902601934,-1.6125325836859505,2.745845392814837,0.5775184415628114,NAT
Cerastium_fontanum,Cerastium_fontanum_Agroscope Changins,-3.36,0.298,Ordbeta,T0-T1,NPK,1,Agroscope Changins,Lmean,-0.1654101679689395,Mean life expectancy,H5,T0,1.1151211487745039,1.7498100942937036,1.8366308037876098,0,-1.2494248902601934,-1.6125325836859505,2.745845392814837,0.5775184415628114,NAT
Cerastium_fontanum,Cerastium_fontanum_Bad Lauchstaedt,-3.023,0.382,Ordbeta,T0-T1,NPK,1,Bad Lauchstaedt,Lmax,-0.2117348615918512,Maximum length of life,H5,T0,0.2959410249087173,-0.698417737227644,-0.21593470458362485,0,0.6984500596722579,0.8685465461199303,-0.7226610367396129,0.18917664047996158,NAT
Cerastium_fontanum,Cerastium_fontanum_Bad Lauchstaedt,-3.023,0.382,Ordbeta,T0-T1,NPK,1,Bad Lauchstaedt,Lmean,-0.1654101679689395,Mean life expectancy,H5,T0,0.2959410249087173,-0.698417737227644,-0.21593470458362485,0,0.6984500596722579,0.8685465461199303,-0.7226610367396129,0.18917664047996158,NAT
Cerastium_fontanum,Cerastium_fontanum_Bayreuth DRAGNet,-3.63,0.393,Ordbeta,T0-T1,NPK,1,Bayreuth DRAGNet,Lmax,-0.2117348615918512,Maximum length of life,H5,T0,0.764043952832024,0.7205319011250255,0.9795931388693476,0,-0.8040991731409506,-0.821041859088977,0.2600340508762645,0.2323710066025031,NAT
Cerastium_fontanum,Cerastium_fontanum_Bayreuth DRAGNet,-3.63,0.393,Ordbeta,T0-T1,NPK,1,Bayreuth DRAGNet,Lmean,-0.1654101679689395,Mean life expectancy,H5,T0,0.764043952832024,0.7205319011250255,0.9795931388693476,0,-0.8040991731409506,-0.821041859088977,0.2600340508762645,0.2323710066025031,NAT
Cerastium_fontanum,Cerastium_fontanum_Hazelrigg,-3.027,0.528,Ordbeta,T0-T1,NPK,1,Hazelrigg,Lmax,-0.2117348615918512,Maximum length of life,H5,T0,-0.7962991402456648,-0.31577326633964986,-0.11481661921982045,0,0.7374705410055498,0.6124745595938309,-0.18044630019092728,-0.430316143461489,NAT
Cerastium_fontanum,Cerastium_fontanum_Hazelrigg,-3.027,0.528,Ordbeta,T0-T1,NPK,1,Hazelrigg,Lmean,-0.1654101679689395,Mean life expectancy,H5,T0,-0.7962991402456648,-0.31577326633964986,-0.11481661921982045,0,0.7374705410055498,0.6124745595938309,-0.18044630019092728,-0.430316143461489,NAT
Cerastium_fontanum,Cerastium_fontanum_Jena,-1.916,0.291,Ordbeta,T0-T1,NPK,1,Jena,Lmax,-0.2117348615918512,Maximum length of life,H5,T0,0.6080096435242552,-0.19978785004494334,0.1515499341977226,0,1.7069926411992955,1.3947714330047822,-0.14332180109160603,2.0152771953897615,NAT
Cerastium_fontanum,Cerastium_fontanum_Jena,-1.916,0.291,Ordbeta,T0-T1,NPK,1,Jena,Lmean,-0.1654101679689395,Mean life expectancy,H5,T0,0.6080096435242552,-0.19978785004494334,0.1515499341977226,0,1.7069926411992955,1.3947714330047822,-0.14332180109160603,2.0152771953897615,NAT
Cerastium_fontanum,Cerastium_fontanum_Stoderzinken,-2.888,0.511,Ordbeta,T0-T1,NPK,1,Stoderzinken,Lmax,-0.2117348615918512,Maximum length of life,H5,NA,NA,NA,NA,NA,NA,NA,NA,NA,NAT
Cerastium_fontanum,Cerastium_fontanum_Stoderzinken,-2.888,0.511,Ordbeta,T0-T1,NPK,1,Stoderzinken,Lmean,-0.1654101679689395,Mean life expectancy,H5,NA,NA,NA,NA,NA,NA,NA,NA,NA,NAT
Cerastium_fontanum,Cerastium_fontanum_Wytham Woods,-3.08,0.302,Ordbeta,T0-T1,NPK,1,Wytham Woods,Lmax,-0.2117348615918512,Maximum length of life,H5,T0,0.6704233672473625,0.7972332379505149,0.756296061196027,0,-0.6591294582519425,-0.5211007002418871,0.10722348064388672,0.3083897186138725,NAT
Cerastium_fontanum,Cerastium_fontanum_Wytham Woods,-3.08,0.302,Ordbeta,T0-T1,NPK,1,Wytham Woods,Lmean,-0.1654101679689395,Mean life expectancy,H5,T0,0.6704233672473625,0.7972332379505149,0.756296061196027,0,-0.6591294582519425,-0.5211007002418871,0.10722348064388672,0.3083897186138725,NAT
Cirsium_arvense,Cirsium_arvense_Bad Lauchstaedt,-2.915,0.334,Ordbeta,T0-T1,NPK,1,Bad Lauchstaedt,Lmax,-0.16826990258625582,Maximum length of life,H5,T0,0.2959410249087173,-0.698417737227644,-0.21593470458362485,0,0.6984500596722579,0.8685465461199303,-0.7226610367396129,0.18917664047996158,NAT
Cirsium_arvense,Cirsium_arvense_Bad Lauchstaedt,-2.915,0.334,Ordbeta,T0-T1,NPK,1,Bad Lauchstaedt,Lmean,-0.14643453162053205,Mean life expectancy,H5,T0,0.2959410249087173,-0.698417737227644,-0.21593470458362485,0,0.6984500596722579,0.8685465461199303,-0.7226610367396129,0.18917664047996158,NAT
Cirsium_arvense,Cirsium_arvense_Blandy Experimental Farm,-1.576,0.272,Ordbeta,T0-T1,NPK,1,Blandy Experimental Farm,Lmax,-0.16826990258625582,Maximum length of life,H5,T0,-0.9211265876918799,0.07910218638638122,-1.444734176104233,0,1.546911556131775,1.9121544212290629,-1.1236658654167908,-1.061422506973623,INT
Cirsium_arvense,Cirsium_arvense_Blandy Experimental Farm,-1.576,0.272,Ordbeta,T0-T1,NPK,1,Blandy Experimental Farm,Lmean,-0.14643453162053205,Mean life expectancy,H5,T0,-0.9211265876918799,0.07910218638638122,-1.444734176104233,0,1.546911556131775,1.9121544212290629,-1.1236658654167908,-1.061422506973623,INT
Cirsium_arvense,Cirsium_arvense_Hazelrigg,-2.708,0.371,Ordbeta,T0-T1,NPK,1,Hazelrigg,Lmax,-0.16826990258625582,Maximum length of life,H5,T0,-0.7962991402456648,-0.31577326633964986,-0.11481661921982045,0,0.7374705410055498,0.6124745595938309,-0.18044630019092728,-0.430316143461489,NAT
Cirsium_arvense,Cirsium_arvense_Hazelrigg,-2.708,0.371,Ordbeta,T0-T1,NPK,1,Hazelrigg,Lmean,-0.14643453162053205,Mean life expectancy,H5,T0,-0.7962991402456648,-0.31577326633964986,-0.11481661921982045,0,0.7374705410055498,0.6124745595938309,-0.18044630019092728,-0.430316143461489,NAT
Cirsium_arvense,Cirsium_arvense_Jena,-2.152,0.54,Ordbeta,T0-T1,NPK,1,Jena,Lmax,-0.16826990258625582,Maximum length of life,H5,T0,0.6080096435242552,-0.19978785004494334,0.1515499341977226,0,1.7069926411992955,1.3947714330047822,-0.14332180109160603,2.0152771953897615,NAT
Cirsium_arvense,Cirsium_arvense_Jena,-2.152,0.54,Ordbeta,T0-T1,NPK,1,Jena,Lmean,-0.14643453162053205,Mean life expectancy,H5,T0,0.6080096435242552,-0.19978785004494334,0.1515499341977226,0,1.7069926411992955,1.3947714330047822,-0.14332180109160603,2.0152771953897615,NAT
Cirsium_arvense,Cirsium_arvense_Lublin,-2.746,0.357,Ordbeta,T0-T1,NPK,1,Lublin,Lmax,-0.16826990258625582,Maximum length of life,H5,T0,-0.016127593706820566,0.13535957363771506,0.18458627610304845,0,-1.00666684109097,-1.0473424938642504,0.5908579751987313,1.611111350506704,NAT
Cirsium_arvense,Cirsium_arvense_Lublin,-2.746,0.357,Ordbeta,T0-T1,NPK,1,Lublin,Lmean,-0.14643453162053205,Mean life expectancy,H5,T0,-0.016127593706820566,0.13535957363771506,0.18458627610304845,0,-1.00666684109097,-1.0473424938642504,0.5908579751987313,1.611111350506704,NAT
Cirsium_arvense,Cirsium_arvense_Oak Lake Field Station,-2.696,0.303,Ordbeta,T0-T1,NPK,1,Oak Lake Field Station,Lmax,-0.16826990258625582,Maximum length of life,H5,T0,-1.4594449548036825,-1.9035018512877446,-1.444734176104233,0,NA,NA,NA,-1.1408838408782984,NA
Cirsium_arvense,Cirsium_arvense_Oak Lake Field Station,-2.696,0.303,Ordbeta,T0-T1,NPK,1,Oak Lake Field Station,Lmean,-0.14643453162053205,Mean life expectancy,H5,T0,-1.4594449548036825,-1.9035018512877446,-1.444734176104233,0,NA,NA,NA,-1.1408838408782984,NA
Cirsium_palustre,Cirsium_palustre_Ainsdale Dune Slacks,-2.954,0.473,Ordbeta,T0-T1,NPK,1,Ainsdale Dune Slacks,Lmax,-0.13023806345635988,Maximum length of life,H5,NA,NA,NA,NA,NA,NA,NA,NA,NA,NAT
Cirsium_palustre,Cirsium_palustre_Ainsdale Dune Slacks,-2.954,0.473,Ordbeta,T0-T1,NPK,1,Ainsdale Dune Slacks,Lmean,-0.1424976133929618,Mean life expectancy,H5,NA,NA,NA,NA,NA,NA,NA,NA,NA,NAT
Cirsium_vulgare,Cirsium_vulgare_Blandy Experimental Farm,-2.896,0.676,Ordbeta,T0-T1,NPK,1,Blandy Experimental Farm,Lmax,-0.13411886336757375,Maximum length of life,H5,T0,-0.9211265876918799,0.07910218638638122,-1.444734176104233,0,1.546911556131775,1.9121544212290629,-1.1236658654167908,-1.061422506973623,INT
Cirsium_vulgare,Cirsium_vulgare_Blandy Experimental Farm,-2.896,0.676,Ordbeta,T0-T1,NPK,1,Blandy Experimental Farm,Lmean,-0.12187239143836537,Mean life expectancy,H5,T0,-0.9211265876918799,0.07910218638638122,-1.444734176104233,0,1.546911556131775,1.9121544212290629,-1.1236658654167908,-1.061422506973623,INT
Cirsium_vulgare,Cirsium_vulgare_Cowichan,-2.911,0.618,Ordbeta,T0-T1,NPK,1,Cowichan,Lmax,-0.13411886336757375,Maximum length of life,H5,NA,NA,NA,NA,NA,NA,NA,NA,NA,INT
Cirsium_vulgare,Cirsium_vulgare_Cowichan,-2.911,0.618,Ordbeta,T0-T1,NPK,1,Cowichan,Lmean,-0.12187239143836537,Mean life expectancy,H5,NA,NA,NA,NA,NA,NA,NA,NA,NA,INT
Cirsium_vulgare,Cirsium_vulgare_San Claudio,-2.822,0.534,Ordbeta,T0-T1,NPK,1,San Claudio,Lmax,-0.13411886336757375,Maximum length of life,H5,T0,-1.5764706867845093,-1.9035018512877446,-1.444734176104233,0,NA,NA,NA,-0.9941859936696668,INT
Cirsium_vulgare,Cirsium_vulgare_San Claudio,-2.822,0.534,Ordbeta,T0-T1,NPK,1,San Claudio,Lmean,-0.12187239143836537,Mean life expectancy,H5,T0,-1.5764706867845093,-1.9035018512877446,-1.444734176104233,0,NA,NA,NA,-0.9941859936696668,INT
Daucus_carota,Daucus_carota_Agroscope Changins,-3.218,0.418,Ordbeta,T0-T1,NPK,1,Agroscope Changins,Lmax,-0.16826990258625582,Maximum length of life,H5,T0,1.1151211487745039,1.7498100942937036,1.8366308037876098,0,-1.2494248902601934,-1.6125325836859505,2.745845392814837,0.5775184415628114,NAT
Daucus_carota,Daucus_carota_Agroscope Changins,-3.218,0.418,Ordbeta,T0-T1,NPK,1,Agroscope Changins,Lmean,-0.1270240144242654,Mean life expectancy,H5,T0,1.1151211487745039,1.7498100942937036,1.8366308037876098,0,-1.2494248902601934,-1.6125325836859505,2.745845392814837,0.5775184415628114,NAT
Daucus_carota,Daucus_carota_Bad Lauchstaedt,-2.946,0.531,Ordbeta,T0-T1,NPK,1,Bad Lauchstaedt,Lmax,-0.16826990258625582,Maximum length of life,H5,T0,0.2959410249087173,-0.698417737227644,-0.21593470458362485,0,0.6984500596722579,0.8685465461199303,-0.7226610367396129,0.18917664047996158,NAT
Daucus_carota,Daucus_carota_Bad Lauchstaedt,-2.946,0.531,Ordbeta,T0-T1,NPK,1,Bad Lauchstaedt,Lmean,-0.1270240144242654,Mean life expectancy,H5,T0,0.2959410249087173,-0.698417737227644,-0.21593470458362485,0,0.6984500596722579,0.8685465461199303,-0.7226610367396129,0.18917664047996158,NAT
Daucus_carota,Daucus_carota_CEREEP - Ecotron IDF,-2.164,0.355,Ordbeta,T0-T1,NPK,1,CEREEP - Ecotron IDF,Lmax,-0.16826990258625582,Maximum length of life,H5,NA,NA,NA,NA,NA,NA,NA,NA,NA,NAT
Daucus_carota,Daucus_carota_CEREEP - Ecotron IDF,-2.164,0.355,Ordbeta,T0-T1,NPK,1,CEREEP - Ecotron IDF,Lmean,-0.1270240144242654,Mean life expectancy,H5,NA,NA,NA,NA,NA,NA,NA,NA,NA,NAT
Daucus_carota,Daucus_carota_Churning Rapids,-2.415,0.456,Ordbeta,T0-T1,NPK,1,Churning Rapids,Lmax,-0.16826990258625582,Maximum length of life,H5,T0,-0.4062133669762426,0.20547743561383175,0.2034692587242401,0,-1.2641976007111027,-1.0932431357742323,0.1180979880806104,-0.36810053861854247,INT
Daucus_carota,Daucus_carota_Churning Rapids,-2.415,0.456,Ordbeta,T0-T1,NPK,1,Churning Rapids,Lmean,-0.1270240144242654,Mean life expectancy,H5,T0,-0.4062133669762426,0.20547743561383175,0.2034692587242401,0,-1.2641976007111027,-1.0932431357742323,0.1180979880806104,-0.36810053861854247,INT
Daucus_carota,Daucus_carota_Izaak Walton League of America (IWLA),-3.339,0.619,Ordbeta,T0-T1,NPK,1,Izaak Walton League of America (IWLA),Lmax,-0.16826990258625582,Maximum length of life,H5,T0,-1.2644020681689714,-1.1692040595565871,-0.9717004452590857,0,NA,NA,NA,-0.3853899277538455,INT
Daucus_carota,Daucus_carota_Izaak Walton League of America (IWLA),-3.339,0.619,Ordbeta,T0-T1,NPK,1,Izaak Walton League of America (IWLA),Lmean,-0.1270240144242654,Mean life expectancy,H5,T0,-1.2644020681689714,-1.1692040595565871,-0.9717004452590857,0,NA,NA,NA,-0.3853899277538455,INT
Daucus_carota,Daucus_carota_Kellogg Biological Station (KBS),-2.958,0.531,Ordbeta,T0-T1,NPK,1,Kellogg Biological Station (KBS),Lmax,-0.16826990258625582,Maximum length of life,H5,T0,0.13990671560094858,0.5523604772537021,0.41159107960184943,0,NA,NA,NA,2.6077700761851275,INT
Daucus_carota,Daucus_carota_Kellogg Biological Station (KBS),-2.958,0.531,Ordbeta,T0-T1,NPK,1,Kellogg Biological Station (KBS),Lmean,-0.1270240144242654,Mean life expectancy,H5,T0,0.13990671560094858,0.5523604772537021,0.41159107960184943,0,NA,NA,NA,2.6077700761851275,INT
Daucus_carota,Daucus_carota_Lublin,-2.912,0.448,Ordbeta,T0-T1,NPK,1,Lublin,Lmax,-0.16826990258625582,Maximum length of life,H5,T0,-0.016127593706820566,0.13535957363771506,0.18458627610304845,0,-1.00666684109097,-1.0473424938642504,0.5908579751987313,1.611111350506704,NAT
Daucus_carota,Daucus_carota_Lublin,-2.912,0.448,Ordbeta,T0-T1,NPK,1,Lublin,Lmean,-0.1270240144242654,Mean life expectancy,H5,T0,-0.016127593706820566,0.13535957363771506,0.18458627610304845,0,-1.00666684109097,-1.0473424938642504,0.5908579751987313,1.611111350506704,NAT
Echium_vulgare,Echium_vulgare_Algaida,-2.904,0.355,Ordbeta,T0-T1,NPK,1,Algaida,Lmax,-0.14653742308345816,Maximum length of life,H5,T0,-0.7962991402456648,0.3413841788703538,0.24253482204434537,0,1.0015559241519836,1.0144731336658022,-0.46633329756726755,-0.8749939928126536,NAT
Echium_vulgare,Echium_vulgare_Algaida,-2.904,0.355,Ordbeta,T0-T1,NPK,1,Algaida,Lmean,-0.09879623515518277,Mean life expectancy,H5,T0,-0.7962991402456648,0.3413841788703538,0.24253482204434537,0,1.0015559241519836,1.0144731336658022,-0.46633329756726755,-0.8749939928126536,NAT
Elymus_repens,Elymus_repens_Agroscope Changins,-3.26,0.561,Ordbeta,T0-T1,NPK,1,Agroscope Changins,Lmax,-0.1900023820890535,Maximum length of life,H5,T0,1.1151211487745039,1.7498100942937036,1.8366308037876098,0,-1.2494248902601934,-1.6125325836859505,2.745845392814837,0.5775184415628114,NAT
Elymus_repens,Elymus_repens_Agroscope Changins,-3.26,0.561,Ordbeta,T0-T1,NPK,1,Agroscope Changins,Lmean,-0.12274162884513191,Mean life expectancy,H5,T0,1.1151211487745039,1.7498100942937036,1.8366308037876098,0,-1.2494248902601934,-1.6125325836859505,2.745845392814837,0.5775184415628114,NAT
Elymus_repens,Elymus_repens_Bad Lauchstaedt,-3.339,0.619,Ordbeta,T0-T1,NPK,1,Bad Lauchstaedt,Lmax,-0.1900023820890535,Maximum length of life,H5,T0,0.2959410249087173,-0.698417737227644,-0.21593470458362485,0,0.6984500596722579,0.8685465461199303,-0.7226610367396129,0.18917664047996158,NAT
Elymus_repens,Elymus_repens_Bad Lauchstaedt,-3.339,0.619,Ordbeta,T0-T1,NPK,1,Bad Lauchstaedt,Lmean,-0.12274162884513191,Mean life expectancy,H5,T0,0.2959410249087173,-0.698417737227644,-0.21593470458362485,0,0.6984500596722579,0.8685465461199303,-0.7226610367396129,0.18917664047996158,NAT
Elymus_repens,Elymus_repens_Cary IES,-3.249,0.42,Ordbeta,T0-T1,NPK,1,Cary IES,Lmax,-0.1900023820890535,Maximum length of life,H5,T0,-0.8275060021072186,0.15243698243267495,0.05646504041107981,0,-1.039434115249807,-0.6247730042400209,-0.892235955386803,-0.3114767816602657,INT
Elymus_repens,Elymus_repens_Cary IES,-3.249,0.42,Ordbeta,T0-T1,NPK,1,Cary IES,Lmean,-0.12274162884513191,Mean life expectancy,H5,T0,-0.8275060021072186,0.15243698243267495,0.05646504041107981,0,-1.039434115249807,-0.6247730042400209,-0.892235955386803,-0.3114767816602657,INT
Elymus_repens,Elymus_repens_Cedar Creek LTER,-1.487,0.281,Ordbeta,T0-T1,NPK,1,Cedar Creek LTER,Lmax,-0.1900023820890535,Maximum length of life,H5,T0,-1.4204363774767406,-1.2839380895145804,-1.0268275454364673,0,-0.5045707660405087,-0.3673761070904348,-0.3458960662190062,-0.5357552211426929,INT
Elymus_repens,Elymus_repens_Cedar Creek LTER,-1.487,0.281,Ordbeta,T0-T1,NPK,1,Cedar Creek LTER,Lmean,-0.12274162884513191,Mean life expectancy,H5,T0,-1.4204363774767406,-1.2839380895145804,-1.0268275454364673,0,-0.5045707660405087,-0.3673761070904348,-0.3458960662190062,-0.5357552211426929,INT
Elymus_repens,Elymus_repens_Churning Rapids,-3.118,0.557,Ordbeta,T0-T1,NPK,1,Churning Rapids,Lmax,-0.1900023820890535,Maximum length of life,H5,T0,-0.4062133669762426,0.20547743561383175,0.2034692587242401,0,-1.2641976007111027,-1.0932431357742323,0.1180979880806104,-0.36810053861854247,INT
Elymus_repens,Elymus_repens_Churning Rapids,-3.118,0.557,Ordbeta,T0-T1,NPK,1,Churning Rapids,Lmean,-0.12274162884513191,Mean life expectancy,H5,T0,-0.4062133669762426,0.20547743561383175,0.2034692587242401,0,-1.2641976007111027,-1.0932431357742323,0.1180979880806104,-0.36810053861854247,INT
Elymus_repens,Elymus_repens_Jena,-3.072,0.338,Ordbeta,T0-T1,NPK,1,Jena,Lmax,-0.1900023820890535,Maximum length of life,H5,T0,0.6080096435242552,-0.19978785004494334,0.1515499341977226,0,1.7069926411992955,1.3947714330047822,-0.14332180109160603,2.0152771953897615,NAT
Elymus_repens,Elymus_repens_Jena,-3.072,0.338,Ordbeta,T0-T1,NPK,1,Jena,Lmean,-0.12274162884513191,Mean life expectancy,H5,T0,0.6080096435242552,-0.19978785004494334,0.1515499341977226,0,1.7069926411992955,1.3947714330047822,-0.14332180109160603,2.0152771953897615,NAT
Elymus_repens,Elymus_repens_Kniezenberg,-3.239,0.631,Ordbeta,T0-T1,NPK,1,Kniezenberg,Lmax,-0.1900023820890535,Maximum length of life,H5,T0,-0.9523334495534336,1.400838211502465,-1.444734176104233,0,-1.1611084012956503,-0.7195608918129708,-1.1236658654167908,-1.1670798850226969,NAT
Elymus_repens,Elymus_repens_Kniezenberg,-3.239,0.631,Ordbeta,T0-T1,NPK,1,Kniezenberg,Lmean,-0.12274162884513191,Mean life expectancy,H5,T0,-0.9523334495534336,1.400838211502465,-1.444734176104233,0,-1.1611084012956503,-0.7195608918129708,-1.1236658654167908,-1.1670798850226969,NAT
Elymus_repens,Elymus_repens_Lublin,-1.301,0.277,Ordbeta,T0-T1,NPK,1,Lublin,Lmax,-0.1900023820890535,Maximum length of life,H5,T0,-0.016127593706820566,0.13535957363771506,0.18458627610304845,0,-1.00666684109097,-1.0473424938642504,0.5908579751987313,1.611111350506704,NAT
Elymus_repens,Elymus_repens_Lublin,-1.301,0.277,Ordbeta,T0-T1,NPK,1,Lublin,Lmean,-0.12274162884513191,Mean life expectancy,H5,T0,-0.016127593706820566,0.13535957363771506,0.18458627610304845,0,-1.00666684109097,-1.0473424938642504,0.5908579751987313,1.611111350506704,NAT
Erigeron_canadensis,Erigeron_canadensis_Hulun Buir,-3.055,0.654,Ordbeta,T0-T1,NPK,1,Hulun Buir,Lmax,-0.2117348615918512,Maximum length of life,H5,T0,-1.5764706867845093,-1.0774168355901923,-1.444734176104233,0,NA,NA,NA,-0.9880735833693072,NAT
Erigeron_canadensis,Erigeron_canadensis_Hulun Buir,-3.055,0.654,Ordbeta,T0-T1,NPK,1,Hulun Buir,Lmean,-0.1654101679689395,Mean life expectancy,H5,T0,-1.5764706867845093,-1.0774168355901923,-1.444734176104233,0,NA,NA,NA,-0.9880735833693072,NAT
Erigeron_canadensis,Erigeron_canadensis_Piedmont Prairie,-3.161,0.278,Ordbeta,T0-T1,NPK,1,Piedmont Prairie,Lmax,-0.2117348615918512,Maximum length of life,H5,T0,-1.5764706867845093,0.5747531958049126,-1.444734176104233,0,NA,NA,NA,-1.1711402718650785,NAT
Erigeron_canadensis,Erigeron_canadensis_Piedmont Prairie,-3.161,0.278,Ordbeta,T0-T1,NPK,1,Piedmont Prairie,Lmean,-0.1654101679689395,Mean life expectancy,H5,T0,-1.5764706867845093,0.5747531958049126,-1.444734176104233,0,NA,NA,NA,-1.1711402718650785,NAT
Knautia_arvensis,Knautia_arvensis_Agroscope Changins,-3.171,0.638,Ordbeta,T0-T1,NPK,1,Agroscope Changins,Lmax,-0.1900023820890535,Maximum length of life,H5,T0,1.1151211487745039,1.7498100942937036,1.8366308037876098,0,-1.2494248902601934,-1.6125325836859505,2.745845392814837,0.5775184415628114,NAT
Knautia_arvensis,Knautia_arvensis_Agroscope Changins,-3.171,0.638,Ordbeta,T0-T1,NPK,1,Agroscope Changins,Lmean,-0.1631176697839039,Mean life expectancy,H5,T0,1.1151211487745039,1.7498100942937036,1.8366308037876098,0,-1.2494248902601934,-1.6125325836859505,2.745845392814837,0.5775184415628114,NAT
Knautia_arvensis,Knautia_arvensis_Bayreuth DRAGNet,-1.228,0.369,Ordbeta,T0-T1,NPK,1,Bayreuth DRAGNet,Lmax,-0.1900023820890535,Maximum length of life,H5,T0,0.764043952832024,0.7205319011250255,0.9795931388693476,0,-0.8040991731409506,-0.821041859088977,0.2600340508762645,0.2323710066025031,NAT
Knautia_arvensis,Knautia_arvensis_Bayreuth DRAGNet,-1.228,0.369,Ordbeta,T0-T1,NPK,1,Bayreuth DRAGNet,Lmean,-0.1631176697839039,Mean life expectancy,H5,T0,0.764043952832024,0.7205319011250255,0.9795931388693476,0,-0.8040991731409506,-0.821041859088977,0.2600340508762645,0.2323710066025031,NAT
Knautia_arvensis,Knautia_arvensis_Wytham Woods,-3.239,0.631,Ordbeta,T0-T1,NPK,1,Wytham Woods,Lmax,-0.1900023820890535,Maximum length of life,H5,T0,0.6704233672473625,0.7972332379505149,0.756296061196027,0,-0.6591294582519425,-0.5211007002418871,0.10722348064388672,0.3083897186138725,NAT
Knautia_arvensis,Knautia_arvensis_Wytham Woods,-3.239,0.631,Ordbeta,T0-T1,NPK,1,Wytham Woods,Lmean,-0.1631176697839039,Mean life expectancy,H5,T0,0.6704233672473625,0.7972332379505149,0.756296061196027,0,-0.6591294582519425,-0.5211007002418871,0.10722348064388672,0.3083897186138725,NAT
Lactuca_serriola,Lactuca_serriola_Bayreuth DRAGNet,-3.219,0.634,Ordbeta,T0-T1,NPK,1,Bayreuth DRAGNet,Lmax,-0.2117348615918512,Maximum length of life,H5,T0,0.764043952832024,0.7205319011250255,0.9795931388693476,0,-0.8040991731409506,-0.821041859088977,0.2600340508762645,0.2323710066025031,NAT
Lactuca_serriola,Lactuca_serriola_Bayreuth DRAGNet,-3.219,0.634,Ordbeta,T0-T1,NPK,1,Bayreuth DRAGNet,Lmean,-0.1654101679689395,Mean life expectancy,H5,T0,0.764043952832024,0.7205319011250255,0.9795931388693476,0,-0.8040991731409506,-0.821041859088977,0.2600340508762645,0.2323710066025031,NAT
Lactuca_serriola,Lactuca_serriola_Blandy Experimental Farm,-2.854,0.681,Ordbeta,T0-T1,NPK,1,Blandy Experimental Farm,Lmax,-0.2117348615918512,Maximum length of life,H5,T0,-0.9211265876918799,0.07910218638638122,-1.444734176104233,0,1.546911556131775,1.9121544212290629,-1.1236658654167908,-1.061422506973623,INT
Lactuca_serriola,Lactuca_serriola_Blandy Experimental Farm,-2.854,0.681,Ordbeta,T0-T1,NPK,1,Blandy Experimental Farm,Lmean,-0.1654101679689395,Mean life expectancy,H5,T0,-0.9211265876918799,0.07910218638638122,-1.444734176104233,0,1.546911556131775,1.9121544212290629,-1.1236658654167908,-1.061422506973623,INT
Lactuca_serriola,Lactuca_serriola_Jena,-3.339,0.619,Ordbeta,T0-T1,NPK,1,Jena,Lmax,-0.2117348615918512,Maximum length of life,H5,T0,0.6080096435242552,-0.19978785004494334,0.1515499341977226,0,1.7069926411992955,1.3947714330047822,-0.14332180109160603,2.0152771953897615,NAT
Lactuca_serriola,Lactuca_serriola_Jena,-3.339,0.619,Ordbeta,T0-T1,NPK,1,Jena,Lmean,-0.1654101679689395,Mean life expectancy,H5,T0,0.6080096435242552,-0.19978785004494334,0.1515499341977226,0,1.7069926411992955,1.3947714330047822,-0.14332180109160603,2.0152771953897615,NAT
Linum_catharticum,Linum_catharticum_Wytham Woods,-3.63,0.358,Ordbeta,T0-T1,NPK,1,Wytham Woods,Lmax,-0.05960750507226739,Maximum length of life,H5,T0,0.6704233672473625,0.7972332379505149,0.756296061196027,0,-0.6591294582519425,-0.5211007002418871,0.10722348064388672,0.3083897186138725,NAT
Linum_catharticum,Linum_catharticum_Wytham Woods,-3.63,0.358,Ordbeta,T0-T1,NPK,1,Wytham Woods,Lmean,-0.0462948040734514,Mean life expectancy,H5,T0,0.6704233672473625,0.7972332379505149,0.756296061196027,0,-0.6591294582519425,-0.5211007002418871,0.10722348064388672,0.3083897186138725,NAT
Picris_hieracioides,Picris_hieracioides_Bad Lauchstaedt,-0.722,0.27,Ordbeta,T0-T1,NPK,1,Bad Lauchstaedt,Lmax,-0.1900023820890535,Maximum length of life,H5,T0,0.2959410249087173,-0.698417737227644,-0.21593470458362485,0,0.6984500596722579,0.8685465461199303,-0.7226610367396129,0.18917664047996158,NAT
Picris_hieracioides,Picris_hieracioides_Bad Lauchstaedt,-0.722,0.27,Ordbeta,T0-T1,NPK,1,Bad Lauchstaedt,Lmean,-0.16276550177072313,Mean life expectancy,H5,T0,0.2959410249087173,-0.698417737227644,-0.21593470458362485,0,0.6984500596722579,0.8685465461199303,-0.7226610367396129,0.18917664047996158,NAT
Picris_hieracioides,Picris_hieracioides_CEREEP - Ecotron IDF,-2.9,0.385,Ordbeta,T0-T1,NPK,1,CEREEP - Ecotron IDF,Lmax,-0.1900023820890535,Maximum length of life,H5,NA,NA,NA,NA,NA,NA,NA,NA,NA,NAT
Picris_hieracioides,Picris_hieracioides_CEREEP - Ecotron IDF,-2.9,0.385,Ordbeta,T0-T1,NPK,1,CEREEP - Ecotron IDF,Lmean,-0.16276550177072313,Mean life expectancy,H5,NA,NA,NA,NA,NA,NA,NA,NA,NA,NAT
Picris_hieracioides,Picris_hieracioides_Jena,-3.137,0.495,Ordbeta,T0-T1,NPK,1,Jena,Lmax,-0.1900023820890535,Maximum length of life,H5,T0,0.6080096435242552,-0.19978785004494334,0.1515499341977226,0,1.7069926411992955,1.3947714330047822,-0.14332180109160603,2.0152771953897615,NAT
Picris_hieracioides,Picris_hieracioides_Jena,-3.137,0.495,Ordbeta,T0-T1,NPK,1,Jena,Lmean,-0.16276550177072313,Mean life expectancy,H5,T0,0.6080096435242552,-0.19978785004494334,0.1515499341977226,0,1.7069926411992955,1.3947714330047822,-0.14332180109160603,2.0152771953897615,NAT
Picris_hieracioides,Picris_hieracioides_Saihanba,-3.239,0.424,Ordbeta,T0-T1,NPK,1,Saihanba,Lmax,-0.1900023820890535,Maximum length of life,H5,T0,-1.5764706867845093,-1.9035018512877446,-1.444734176104233,0,NA,NA,NA,-1.150052456328838,NAT
Picris_hieracioides,Picris_hieracioides_Saihanba,-3.239,0.424,Ordbeta,T0-T1,NPK,1,Saihanba,Lmean,-0.16276550177072313,Mean life expectancy,H5,T0,-1.5764706867845093,-1.9035018512877446,-1.444734176104233,0,NA,NA,NA,-1.150052456328838,NAT
Pimpinella_saxifraga,Pimpinella_saxifraga_Meranges,-2.356,0.327,Ordbeta,T0-T1,NPK,1,Meranges,Lmax,0.36779792514942045,Maximum length of life,H5,T0,0.2959410249087173,1.059483086848724,1.0701130040321478,0,-0.927663117943546,-1.2699724380070152,2.007578745949312,0.5314716173001021,NAT
Pimpinella_saxifraga,Pimpinella_saxifraga_Meranges,-2.356,0.327,Ordbeta,T0-T1,NPK,1,Meranges,Lmean,0.17809019022093797,Mean life expectancy,H5,T0,0.2959410249087173,1.059483086848724,1.0701130040321478,0,-0.927663117943546,-1.2699724380070152,2.007578745949312,0.5314716173001021,NAT
Plantago_coronopus,Plantago_coronopus_Algaida,-2.189,0.297,Ordbeta,T0-T1,NPK,1,Algaida,Lmax,-0.067886544882857,Maximum length of life,H5,T0,-0.7962991402456648,0.3413841788703538,0.24253482204434537,0,1.0015559241519836,1.0144731336658022,-0.46633329756726755,-0.8749939928126536,NAT
Plantago_coronopus,Plantago_coronopus_Algaida,-2.189,0.297,Ordbeta,T0-T1,NPK,1,Algaida,Lmean,-0.07142764471058037,Mean life expectancy,H5,T0,-0.7962991402456648,0.3413841788703538,0.24253482204434537,0,1.0015559241519836,1.0144731336658022,-0.46633329756726755,-0.8749939928126536,NAT
Plantago_coronopus,Plantago_coronopus_Caracoles,-2.832,0.45,Ordbeta,T0-T1,NPK,1,Caracoles,Lmax,-0.067886544882857,Maximum length of life,H5,T0,-1.5764706867845093,-1.9035018512877446,-1.444734176104233,0,NA,NA,NA,-0.2606967576265087,NAT
Plantago_coronopus,Plantago_coronopus_Caracoles,-2.832,0.45,Ordbeta,T0-T1,NPK,1,Caracoles,Lmean,-0.07142764471058037,Mean life expectancy,H5,T0,-1.5764706867845093,-1.9035018512877446,-1.444734176104233,0,NA,NA,NA,-0.2606967576265087,NAT
Plantago_media,Plantago_media_Lublin,-3.239,0.631,Ordbeta,T0-T1,NPK,1,Lublin,Lmax,-0.07409582474079918,Maximum length of life,H5,T0,-0.016127593706820566,0.13535957363771506,0.18458627610304845,0,-1.00666684109097,-1.0473424938642504,0.5908579751987313,1.611111350506704,NAT
Plantago_media,Plantago_media_Lublin,-3.239,0.631,Ordbeta,T0-T1,NPK,1,Lublin,Lmean,-0.13589259994698646,Mean life expectancy,H5,T0,-0.016127593706820566,0.13535957363771506,0.18458627610304845,0,-1.00666684109097,-1.0473424938642504,0.5908579751987313,1.611111350506704,NAT
Plantago_media,Plantago_media_Meranges,-2.64,0.323,Ordbeta,T0-T1,NPK,1,Meranges,Lmax,-0.07409582474079918,Maximum length of life,H5,T0,0.2959410249087173,1.059483086848724,1.0701130040321478,0,-0.927663117943546,-1.2699724380070152,2.007578745949312,0.5314716173001021,NAT
Plantago_media,Plantago_media_Meranges,-2.64,0.323,Ordbeta,T0-T1,NPK,1,Meranges,Lmean,-0.13589259994698646,Mean life expectancy,H5,T0,0.2959410249087173,1.059483086848724,1.0701130040321478,0,-0.927663117943546,-1.2699724380070152,2.007578745949312,0.5314716173001021,NAT
Potentilla_recta,Potentilla_recta_Churning Rapids,-2.744,0.299,Ordbeta,T0-T1,NPK,1,Churning Rapids,Lmax,0.2120484887127037,Maximum length of life,H5,T0,-0.4062133669762426,0.20547743561383175,0.2034692587242401,0,-1.2641976007111027,-1.0932431357742323,0.1180979880806104,-0.36810053861854247,INT
Potentilla_recta,Potentilla_recta_Churning Rapids,-2.744,0.299,Ordbeta,T0-T1,NPK,1,Churning Rapids,Lmean,0.09755364292016518,Mean life expectancy,H5,T0,-0.4062133669762426,0.20547743561383175,0.2034692587242401,0,-1.2641976007111027,-1.0932431357742323,0.1180979880806104,-0.36810053861854247,INT
Primula_elatior,Primula_elatior_Stoderzinken,-2.785,0.628,Ordbeta,T0-T1,NPK,1,Stoderzinken,Lmax,0.9111099127193626,Maximum length of life,H5,NA,NA,NA,NA,NA,NA,NA,NA,NA,NAT
Primula_elatior,Primula_elatior_Stoderzinken,-2.785,0.628,Ordbeta,T0-T1,NPK,1,Stoderzinken,Lmean,0.06679385824847676,Mean life expectancy,H5,NA,NA,NA,NA,NA,NA,NA,NA,NA,NAT
Primula_veris,Primula_veris_Wytham Woods,-3.078,0.431,Ordbeta,T0-T1,NPK,1,Wytham Woods,Lmax,-0.09375854429094947,Maximum length of life,H5,T0,0.6704233672473625,0.7972332379505149,0.756296061196027,0,-0.6591294582519425,-0.5211007002418871,0.10722348064388672,0.3083897186138725,NAT
Primula_veris,Primula_veris_Wytham Woods,-3.078,0.431,Ordbeta,T0-T1,NPK,1,Wytham Woods,Lmean,-0.12172936868618853,Mean life expectancy,H5,T0,0.6704233672473625,0.7972332379505149,0.756296061196027,0,-0.6591294582519425,-0.5211007002418871,0.10722348064388672,0.3083897186138725,NAT
Ranunculus_acris,Ranunculus_acris_Agroscope Changins,-2.437,0.276,Ordbeta,T0-T1,NPK,1,Agroscope Changins,Lmax,-0.10307246407786277,Maximum length of life,H5,T0,1.1151211487745039,1.7498100942937036,1.8366308037876098,0,-1.2494248902601934,-1.6125325836859505,2.745845392814837,0.5775184415628114,NAT
Ranunculus_acris,Ranunculus_acris_Agroscope Changins,-2.437,0.276,Ordbeta,T0-T1,NPK,1,Agroscope Changins,Lmean,-0.13374383625133918,Mean life expectancy,H5,T0,1.1151211487745039,1.7498100942937036,1.8366308037876098,0,-1.2494248902601934,-1.6125325836859505,2.745845392814837,0.5775184415628114,NAT
Ranunculus_acris,Ranunculus_acris_Bayreuth DRAGNet,-2.969,0.363,Ordbeta,T0-T1,NPK,1,Bayreuth DRAGNet,Lmax,-0.10307246407786277,Maximum length of life,H5,T0,0.764043952832024,0.7205319011250255,0.9795931388693476,0,-0.8040991731409506,-0.821041859088977,0.2600340508762645,0.2323710066025031,NAT
Ranunculus_acris,Ranunculus_acris_Bayreuth DRAGNet,-2.969,0.363,Ordbeta,T0-T1,NPK,1,Bayreuth DRAGNet,Lmean,-0.13374383625133918,Mean life expectancy,H5,T0,0.764043952832024,0.7205319011250255,0.9795931388693476,0,-0.8040991731409506,-0.821041859088977,0.2600340508762645,0.2323710066025031,NAT
Ranunculus_acris,Ranunculus_acris_Churning Rapids,-2.983,0.662,Ordbeta,T0-T1,NPK,1,Churning Rapids,Lmax,-0.10307246407786277,Maximum length of life,H5,T0,-0.4062133669762426,0.20547743561383175,0.2034692587242401,0,-1.2641976007111027,-1.0932431357742323,0.1180979880806104,-0.36810053861854247,NAT
Ranunculus_acris,Ranunculus_acris_Churning Rapids,-2.983,0.662,Ordbeta,T0-T1,NPK,1,Churning Rapids,Lmean,-0.13374383625133918,Mean life expectancy,H5,T0,-0.4062133669762426,0.20547743561383175,0.2034692587242401,0,-1.2641976007111027,-1.0932431357742323,0.1180979880806104,-0.36810053861854247,NAT
Ranunculus_acris,Ranunculus_acris_Kniezenberg,-3.385,0.532,Ordbeta,T0-T1,NPK,1,Kniezenberg,Lmax,-0.10307246407786277,Maximum length of life,H5,T0,-0.9523334495534336,1.400838211502465,-1.444734176104233,0,-1.1611084012956503,-0.7195608918129708,-1.1236658654167908,-1.1670798850226969,NAT
Ranunculus_acris,Ranunculus_acris_Kniezenberg,-3.385,0.532,Ordbeta,T0-T1,NPK,1,Kniezenberg,Lmean,-0.13374383625133918,Mean life expectancy,H5,T0,-0.9523334495534336,1.400838211502465,-1.444734176104233,0,-1.1611084012956503,-0.7195608918129708,-1.1236658654167908,-1.1670798850226969,NAT
Ranunculus_acris,Ranunculus_acris_Meranges,-3.141,0.353,Ordbeta,T0-T1,NPK,1,Meranges,Lmax,-0.10307246407786277,Maximum length of life,H5,T0,0.2959410249087173,1.059483086848724,1.0701130040321478,0,-0.927663117943546,-1.2699724380070152,2.007578745949312,0.5314716173001021,NAT
Ranunculus_acris,Ranunculus_acris_Meranges,-3.141,0.353,Ordbeta,T0-T1,NPK,1,Meranges,Lmean,-0.13374383625133918,Mean life expectancy,H5,T0,0.2959410249087173,1.059483086848724,1.0701130040321478,0,-0.927663117943546,-1.2699724380070152,2.007578745949312,0.5314716173001021,NAT
Ranunculus_acris,Ranunculus_acris_Stoderzinken,-2.976,0.507,Ordbeta,T0-T1,NPK,1,Stoderzinken,Lmax,-0.10307246407786277,Maximum length of life,H5,NA,NA,NA,NA,NA,NA,NA,NA,NA,NAT
Ranunculus_acris,Ranunculus_acris_Stoderzinken,-2.976,0.507,Ordbeta,T0-T1,NPK,1,Stoderzinken,Lmean,-0.13374383625133918,Mean life expectancy,H5,NA,NA,NA,NA,NA,NA,NA,NA,NA,NAT
Ranunculus_acris,Ranunculus_acris_WSL,-2.501,0.326,Ordbeta,T0-T1,NPK,1,WSL,Lmax,-0.10307246407786277,Maximum length of life,H5,T0,-1.4204363774767406,-1.2291467364325999,-1.0001223989652859,0,-1.1731669953265595,-0.9343236039764059,-0.18800171845920188,-0.9850173782191273,NAT
Ranunculus_acris,Ranunculus_acris_WSL,-2.501,0.326,Ordbeta,T0-T1,NPK,1,WSL,Lmean,-0.13374383625133918,Mean life expectancy,H5,T0,-1.4204363774767406,-1.2291467364325999,-1.0001223989652859,0,-1.1731669953265595,-0.9343236039764059,-0.18800171845920188,-0.9850173782191273,NAT
Ranunculus_acris,Ranunculus_acris_Wytham Woods,-3.093,0.447,Ordbeta,T0-T1,NPK,1,Wytham Woods,Lmax,-0.10307246407786277,Maximum length of life,H5,T0,0.6704233672473625,0.7972332379505149,0.756296061196027,0,-0.6591294582519425,-0.5211007002418871,0.10722348064388672,0.3083897186138725,NAT
Ranunculus_acris,Ranunculus_acris_Wytham Woods,-3.093,0.447,Ordbeta,T0-T1,NPK,1,Wytham Woods,Lmean,-0.13374383625133918,Mean life expectancy,H5,T0,0.6704233672473625,0.7972332379505149,0.756296061196027,0,-0.6591294582519425,-0.5211007002418871,0.10722348064388672,0.3083897186138725,NAT
Salsola_kali,Salsola_kali_Fowlers Gap,-2.857,0.404,Ordbeta,T0-T1,NPK,1,Fowlers Gap,Lmax,-0.16826990258625582,Maximum length of life,H5,NA,NA,NA,NA,NA,NA,NA,NA,NA,NA
Salsola_kali,Salsola_kali_Fowlers Gap,-2.857,0.404,Ordbeta,T0-T1,NPK,1,Fowlers Gap,Lmean,-0.07497001464830995,Mean life expectancy,H5,NA,NA,NA,NA,NA,NA,NA,NA,NA,NA
Sphaeralcea_coccinea,Sphaeralcea_coccinea_Shortgrass Steppe LTER,-2.964,0.32,Ordbeta,T0-T1,NPK,1,Shortgrass Steppe LTER,Lmax,-0.16223310272436758,Maximum length of life,H5,T0,-1.342419222822856,-1.9035018512877446,-1.444734176104233,0,2.675170108886487,3.008621713580912,-1.1236658654167908,-1.1408838408782984,NAT
Sphaeralcea_coccinea,Sphaeralcea_coccinea_Shortgrass Steppe LTER,-2.964,0.32,Ordbeta,T0-T1,NPK,1,Shortgrass Steppe LTER,Lmean,-0.1435234846992599,Mean life expectancy,H5,T0,-1.342419222822856,-1.9035018512877446,-1.444734176104233,0,2.675170108886487,3.008621713580912,-1.1236658654167908,-1.1408838408782984,NAT
Stenaria_nigricans,Stenaria_nigricans_Temple,-2.072,0.314,Ordbeta,T0-T1,NPK,1,Temple,Lmax,-0.17913614233765468,Maximum length of life,H5,T0,-1.5764706867845093,-1.9035018512877446,-1.444734176104233,0,NA,NA,NA,-0.8108136846588773,NAT
Stenaria_nigricans,Stenaria_nigricans_Temple,-2.072,0.314,Ordbeta,T0-T1,NPK,1,Temple,Lmean,-0.15366904338877688,Mean life expectancy,H5,T0,-1.5764706867845093,-1.9035018512877446,-1.444734176104233,0,NA,NA,NA,-0.8108136846588773,NAT
Taraxacum_campylodes,Taraxacum_campylodes_Bayreuth DRAGNet,-3.052,0.47,Ordbeta,T0-T1,NPK,1,Bayreuth DRAGNet,Lmax,-0.1900023820890535,Maximum length of life,H5,T0,0.764043952832024,0.7205319011250255,0.9795931388693476,0,-0.8040991731409506,-0.821041859088977,0.2600340508762645,0.2323710066025031,NAT
Taraxacum_campylodes,Taraxacum_campylodes_Bayreuth DRAGNet,-3.052,0.47,Ordbeta,T0-T1,NPK,1,Bayreuth DRAGNet,Lmean,-0.1579884934287337,Mean life expectancy,H5,T0,0.764043952832024,0.7205319011250255,0.9795931388693476,0,-0.8040991731409506,-0.821041859088977,0.2600340508762645,0.2323710066025031,NAT
Taraxacum_campylodes,Taraxacum_campylodes_Kellogg Biological Station (KBS),-3.461,0.472,Ordbeta,T0-T1,NPK,1,Kellogg Biological Station (KBS),Lmax,-0.1900023820890535,Maximum length of life,H5,T0,0.13990671560094858,0.5523604772537021,0.41159107960184943,0,NA,NA,NA,2.6077700761851275,INT
Taraxacum_campylodes,Taraxacum_campylodes_Kellogg Biological Station (KBS),-3.461,0.472,Ordbeta,T0-T1,NPK,1,Kellogg Biological Station (KBS),Lmean,-0.1579884934287337,Mean life expectancy,H5,T0,0.13990671560094858,0.5523604772537021,0.41159107960184943,0,NA,NA,NA,2.6077700761851275,INT
Thymus_vulgaris,Thymus_vulgaris_Morella la Vella,-2.443,0.449,Ordbeta,T0-T1,NPK,1,Morella la Vella,Lmax,8.687715494803802,Maximum length of life,H5,T0,-1.5764706867845093,-1.9035018512877446,-1.444734176104233,0,NA,NA,NA,-0.884162608263193,NA
Thymus_vulgaris,Thymus_vulgaris_Morella la Vella,-2.443,0.449,Ordbeta,T0-T1,NPK,1,Morella la Vella,Lmean,9.018452266956002,Mean life expectancy,H5,T0,-1.5764706867845093,-1.9035018512877446,-1.444734176104233,0,NA,NA,NA,-0.884162608263193,NA
Verbascum_thapsus,Verbascum_thapsus_Blandy Experimental Farm,-2.559,0.521,Ordbeta,T0-T1,NPK,1,Blandy Experimental Farm,Lmax,-0.1900023820890535,Maximum length of life,H5,T0,-0.9211265876918799,0.07910218638638122,-1.444734176104233,0,1.546911556131775,1.9121544212290629,-1.1236658654167908,-1.061422506973623,INT
Verbascum_thapsus,Verbascum_thapsus_Blandy Experimental Farm,-2.559,0.521,Ordbeta,T0-T1,NPK,1,Blandy Experimental Farm,Lmean,-0.16002039691446163,Mean life expectancy,H5,T0,-0.9211265876918799,0.07910218638638122,-1.444734176104233,0,1.546911556131775,1.9121544212290629,-1.1236658654167908,-1.061422506973623,INT
Verbascum_thapsus,Verbascum_thapsus_Cedar Creek LTER,-3.011,0.566,Ordbeta,T0-T1,NPK,1,Cedar Creek LTER,Lmax,-0.1900023820890535,Maximum length of life,H5,T0,-1.4204363774767406,-1.2839380895145804,-1.0268275454364673,0,-0.5045707660405087,-0.3673761070904348,-0.3458960662190062,-0.5357552211426929,INT
Verbascum_thapsus,Verbascum_thapsus_Cedar Creek LTER,-3.011,0.566,Ordbeta,T0-T1,NPK,1,Cedar Creek LTER,Lmean,-0.16002039691446163,Mean life expectancy,H5,T0,-1.4204363774767406,-1.2839380895145804,-1.0268275454364673,0,-0.5045707660405087,-0.3673761070904348,-0.3458960662190062,-0.5357552211426929,INT
Veronica_arvensis,Veronica_arvensis_Agroscope Changins,-3.424,0.454,Ordbeta,T0-T1,NPK,1,Agroscope Changins,Lmax,-0.20150781241406407,Maximum length of life,H5,T0,1.1151211487745039,1.7498100942937036,1.8366308037876098,0,-1.2494248902601934,-1.6125325836859505,2.745845392814837,0.5775184415628114,NAT
Veronica_arvensis,Veronica_arvensis_Agroscope Changins,-3.424,0.454,Ordbeta,T0-T1,NPK,1,Agroscope Changins,Lmean,-0.15674175331041787,Mean life expectancy,H5,T0,1.1151211487745039,1.7498100942937036,1.8366308037876098,0,-1.2494248902601934,-1.6125325836859505,2.745845392814837,0.5775184415628114,NAT
Veronica_arvensis,Veronica_arvensis_Bad Lauchstaedt,-3.308,0.381,Ordbeta,T0-T1,NPK,1,Bad Lauchstaedt,Lmax,-0.20150781241406407,Maximum length of life,H5,T0,0.2959410249087173,-0.698417737227644,-0.21593470458362485,0,0.6984500596722579,0.8685465461199303,-0.7226610367396129,0.18917664047996158,NAT
Veronica_arvensis,Veronica_arvensis_Bad Lauchstaedt,-3.308,0.381,Ordbeta,T0-T1,NPK,1,Bad Lauchstaedt,Lmean,-0.15674175331041787,Mean life expectancy,H5,T0,0.2959410249087173,-0.698417737227644,-0.21593470458362485,0,0.6984500596722579,0.8685465461199303,-0.7226610367396129,0.18917664047996158,NAT
Veronica_arvensis,Veronica_arvensis_CEREEP - Ecotron IDF,-2.931,0.413,Ordbeta,T0-T1,NPK,1,CEREEP - Ecotron IDF,Lmax,-0.20150781241406407,Maximum length of life,H5,NA,NA,NA,NA,NA,NA,NA,NA,NA,NAT
Veronica_arvensis,Veronica_arvensis_CEREEP - Ecotron IDF,-2.931,0.413,Ordbeta,T0-T1,NPK,1,CEREEP - Ecotron IDF,Lmean,-0.15674175331041787,Mean life expectancy,H5,NA,NA,NA,NA,NA,NA,NA,NA,NA,NAT
Veronica_arvensis,Veronica_arvensis_Jena,-3.111,0.337,Ordbeta,T0-T1,NPK,1,Jena,Lmax,-0.20150781241406407,Maximum length of life,H5,T0,0.6080096435242552,-0.19978785004494334,0.1515499341977226,0,1.7069926411992955,1.3947714330047822,-0.14332180109160603,2.0152771953897615,NAT
Veronica_arvensis,Veronica_arvensis_Jena,-3.111,0.337,Ordbeta,T0-T1,NPK,1,Jena,Lmean,-0.15674175331041787,Mean life expectancy,H5,T0,0.6080096435242552,-0.19978785004494334,0.1515499341977226,0,1.7069926411992955,1.3947714330047822,-0.14332180109160603,2.0152771953897615,NAT
Veronica_arvensis,Veronica_arvensis_WSL,-3.181,0.636,Ordbeta,T0-T1,NPK,1,WSL,Lmax,-0.20150781241406407,Maximum length of life,H5,T0,-1.4204363774767406,-1.2291467364325999,-1.0001223989652859,0,-1.1731669953265595,-0.9343236039764059,-0.18800171845920188,-0.9850173782191273,NAT
Veronica_arvensis,Veronica_arvensis_WSL,-3.181,0.636,Ordbeta,T0-T1,NPK,1,WSL,Lmean,-0.15674175331041787,Mean life expectancy,H5,T0,-1.4204363774767406,-1.2291467364325999,-1.0001223989652859,0,-1.1731669953265595,-0.9343236039764059,-0.18800171845920188,-0.9850173782191273,NAT
Acer_saccharum,Acer_saccharum_Cary IES,-2.704,0.436,Ordbeta,T0-T2,DIST,1,Cary IES,FirstStepAtt,3.247610840034067,First step attenuation,H3,T0,-0.7338854165225573,-0.8584929278488574,-0.7412571472672489,0,-1.2752402906810407,-0.8323171230469685,-1.115975829715165,-0.28427319735646733,NAT
Acer_saccharum,Acer_saccharum_Cary IES,-2.704,0.436,Ordbeta,T0-T2,DIST,1,Cary IES,Lambda,1.737489865570129,Population growth rate,H4,T0,-0.7338854165225573,-0.8584929278488574,-0.7412571472672489,0,-1.2752402906810407,-0.8323171230469685,-1.115975829715165,-0.28427319735646733,NAT
Acer_saccharum,Acer_saccharum_Cary IES,-2.704,0.436,Ordbeta,T0-T2,DIST,1,Cary IES,R0,9.849305855365387,Net reproductive rate,H1,T0,-0.7338854165225573,-0.8584929278488574,-0.7412571472672489,0,-1.2752402906810407,-0.8323171230469685,-1.115975829715165,-0.28427319735646733,NAT
Acer_saccharum,Acer_saccharum_Cary IES,-2.704,0.436,Ordbeta,T0-T2,DIST,1,Cary IES,Reactivity,-0.5984318929724001,Reactivity,H3,T0,-0.7338854165225573,-0.8584929278488574,-0.7412571472672489,0,-1.2752402906810407,-0.8323171230469685,-1.115975829715165,-0.28427319735646733,NAT
Acer_saccharum,Acer_saccharum_Cary IES,-2.704,0.436,Ordbeta,T0-T2,DIST,1,Cary IES,T_generation,0.06758781915056997,Generation time,H2,T0,-0.7338854165225573,-0.8584929278488574,-0.7412571472672489,0,-1.2752402906810407,-0.8323171230469685,-1.115975829715165,-0.28427319735646733,NAT
Acer_saccharum,Acer_saccharum_Cary IES,-2.704,0.436,Ordbeta,T0-T2,DIST,1,Cary IES,age_repro,4.738052311481216,Age at first reproduction,H2,T0,-0.7338854165225573,-0.8584929278488574,-0.7412571472672489,0,-1.2752402906810407,-0.8323171230469685,-1.115975829715165,-0.28427319735646733,NAT
Acer_saccharum,Acer_saccharum_Cary IES,-2.704,0.436,Ordbeta,T0-T2,DIST,1,Cary IES,percapita_repro,-0.46835208739205375,Per capita reproduction,H1,T0,-0.7338854165225573,-0.8584929278488574,-0.7412571472672489,0,-1.2752402906810407,-0.8323171230469685,-1.115975829715165,-0.28427319735646733,NAT
Agrimonia_eupatoria,Agrimonia_eupatoria_Wytham Woods,-2.258,0.228,Ordbeta,T0-T2,DIST,1,Wytham Woods,FirstStepAtt,2.3802664005525345,First step attenuation,H3,T0,1.1385262951706692,0.9703437817001139,1.0760089899315513,0,-0.48678535534291734,-0.5976146616129729,0.41522666757088206,-0.12047087426531668,NAT
Agrimonia_eupatoria,Agrimonia_eupatoria_Wytham Woods,-2.258,0.228,Ordbeta,T0-T2,DIST,1,Wytham Woods,Lambda,-0.19053805873109633,Population growth rate,H4,T0,1.1385262951706692,0.9703437817001139,1.0760089899315513,0,-0.48678535534291734,-0.5976146616129729,0.41522666757088206,-0.12047087426531668,NAT
Agrimonia_eupatoria,Agrimonia_eupatoria_Wytham Woods,-2.258,0.228,Ordbeta,T0-T2,DIST,1,Wytham Woods,R0,-0.2262413341788222,Net reproductive rate,H1,T0,1.1385262951706692,0.9703437817001139,1.0760089899315513,0,-0.48678535534291734,-0.5976146616129729,0.41522666757088206,-0.12047087426531668,NAT
Agrimonia_eupatoria,Agrimonia_eupatoria_Wytham Woods,-2.258,0.228,Ordbeta,T0-T2,DIST,1,Wytham Woods,Reactivity,-0.5971596055459037,Reactivity,H3,T0,1.1385262951706692,0.9703437817001139,1.0760089899315513,0,-0.48678535534291734,-0.5976146616129729,0.41522666757088206,-0.12047087426531668,NAT
Agrimonia_eupatoria,Agrimonia_eupatoria_Wytham Woods,-2.258,0.228,Ordbeta,T0-T2,DIST,1,Wytham Woods,T_generation,4.778202380346758,Generation time,H2,T0,1.1385262951706692,0.9703437817001139,1.0760089899315513,0,-0.48678535534291734,-0.5976146616129729,0.41522666757088206,-0.12047087426531668,NAT
Agrimonia_eupatoria,Agrimonia_eupatoria_Wytham Woods,-2.258,0.228,Ordbeta,T0-T2,DIST,1,Wytham Woods,age_repro,2.379016521939485,Age at first reproduction,H2,T0,1.1385262951706692,0.9703437817001139,1.0760089899315513,0,-0.48678535534291734,-0.5976146616129729,0.41522666757088206,-0.12047087426531668,NAT
Agrimonia_eupatoria,Agrimonia_eupatoria_Wytham Woods,-2.258,0.228,Ordbeta,T0-T2,DIST,1,Wytham Woods,percapita_repro,-0.47194830884860384,Per capita reproduction,H1,T0,1.1385262951706692,0.9703437817001139,1.0760089899315513,0,-0.48678535534291734,-0.5976146616129729,0.41522666757088206,-0.12047087426531668,NAT
Ailanthus_altissima,Ailanthus_altissima_Cary IES,-2.591,0.5,Ordbeta,T0-T2,DIST,1,Cary IES,FirstStepAtt,-0.6678445230409485,First step attenuation,H3,T0,-0.7338854165225573,-0.8584929278488574,-0.7412571472672489,0,-1.2752402906810407,-0.8323171230469685,-1.115975829715165,-0.28427319735646733,INT
Ailanthus_altissima,Ailanthus_altissima_Cary IES,-2.591,0.5,Ordbeta,T0-T2,DIST,1,Cary IES,Lambda,2.096529386296875,Population growth rate,H4,T0,-0.7338854165225573,-0.8584929278488574,-0.7412571472672489,0,-1.2752402906810407,-0.8323171230469685,-1.115975829715165,-0.28427319735646733,INT
Ailanthus_altissima,Ailanthus_altissima_Cary IES,-2.591,0.5,Ordbeta,T0-T2,DIST,1,Cary IES,R0,0.2556929787091562,Net reproductive rate,H1,T0,-0.7338854165225573,-0.8584929278488574,-0.7412571472672489,0,-1.2752402906810407,-0.8323171230469685,-1.115975829715165,-0.28427319735646733,INT
Ailanthus_altissima,Ailanthus_altissima_Cary IES,-2.591,0.5,Ordbeta,T0-T2,DIST,1,Cary IES,Reactivity,NA,Reactivity,H3,T0,-0.7338854165225573,-0.8584929278488574,-0.7412571472672489,0,-1.2752402906810407,-0.8323171230469685,-1.115975829715165,-0.28427319735646733,INT
Ailanthus_altissima,Ailanthus_altissima_Cary IES,-2.591,0.5,Ordbeta,T0-T2,DIST,1,Cary IES,T_generation,0.11446493099802067,Generation time,H2,T0,-0.7338854165225573,-0.8584929278488574,-0.7412571472672489,0,-1.2752402906810407,-0.8323171230469685,-1.115975829715165,-0.28427319735646733,INT
Ailanthus_altissima,Ailanthus_altissima_Cary IES,-2.591,0.5,Ordbeta,T0-T2,DIST,1,Cary IES,age_repro,1.3467816756743005,Age at first reproduction,H2,T0,-0.7338854165225573,-0.8584929278488574,-0.7412571472672489,0,-1.2752402906810407,-0.8323171230469685,-1.115975829715165,-0.28427319735646733,INT
Ailanthus_altissima,Ailanthus_altissima_Cary IES,-2.591,0.5,Ordbeta,T0-T2,DIST,1,Cary IES,percapita_repro,NA,Per capita reproduction,H1,T0,-0.7338854165225573,-0.8584929278488574,-0.7412571472672489,0,-1.2752402906810407,-0.8323171230469685,-1.115975829715165,-0.28427319735646733,INT
Allium_vineale,Allium_vineale_Blandy Experimental Farm,-2.456,0.384,Ordbeta,T0-T2,DIST,1,Blandy Experimental Farm,FirstStepAtt,-0.13805060243777525,First step attenuation,H3,T0,-0.9211265876918799,-0.9121998324506817,-1.444734176104233,0,0.7318735048799031,1.120081927705361,-1.1236658654167908,-0.23930332157524994,INT
Allium_vineale,Allium_vineale_Blandy Experimental Farm,-2.456,0.384,Ordbeta,T0-T2,DIST,1,Blandy Experimental Farm,Lambda,0.25248212211662513,Population growth rate,H4,T0,-0.9211265876918799,-0.9121998324506817,-1.444734176104233,0,0.7318735048799031,1.120081927705361,-1.1236658654167908,-0.23930332157524994,INT
Allium_vineale,Allium_vineale_Blandy Experimental Farm,-2.456,0.384,Ordbeta,T0-T2,DIST,1,Blandy Experimental Farm,R0,-0.2285830995903638,Net reproductive rate,H1,T0,-0.9211265876918799,-0.9121998324506817,-1.444734176104233,0,0.7318735048799031,1.120081927705361,-1.1236658654167908,-0.23930332157524994,INT
Allium_vineale,Allium_vineale_Blandy Experimental Farm,-2.456,0.384,Ordbeta,T0-T2,DIST,1,Blandy Experimental Farm,Reactivity,-0.4885548470811309,Reactivity,H3,T0,-0.9211265876918799,-0.9121998324506817,-1.444734176104233,0,0.7318735048799031,1.120081927705361,-1.1236658654167908,-0.23930332157524994,INT
Allium_vineale,Allium_vineale_Blandy Experimental Farm,-2.456,0.384,Ordbeta,T0-T2,DIST,1,Blandy Experimental Farm,T_generation,-0.35787234923250694,Generation time,H2,T0,-0.9211265876918799,-0.9121998324506817,-1.444734176104233,0,0.7318735048799031,1.120081927705361,-1.1236658654167908,-0.23930332157524994,INT
Allium_vineale,Allium_vineale_Blandy Experimental Farm,-2.456,0.384,Ordbeta,T0-T2,DIST,1,Blandy Experimental Farm,age_repro,0.03240243243964957,Age at first reproduction,H2,T0,-0.9211265876918799,-0.9121998324506817,-1.444734176104233,0,0.7318735048799031,1.120081927705361,-1.1236658654167908,-0.23930332157524994,INT
Allium_vineale,Allium_vineale_Blandy Experimental Farm,-2.456,0.384,Ordbeta,T0-T2,DIST,1,Blandy Experimental Farm,percapita_repro,-0.42042017903875745,Per capita reproduction,H1,T0,-0.9211265876918799,-0.9121998324506817,-1.444734176104233,0,0.7318735048799031,1.120081927705361,-1.1236658654167908,-0.23930332157524994,INT
Andropogon_gerardii,Andropogon_gerardii_Kellogg Biological Station (KBS),-0.53,0.247,Ordbeta,T0-T2,DIST,1,Kellogg Biological Station (KBS),FirstStepAtt,0.6855815218270561,First step attenuation,H3,T0,0.6080096435242552,-0.3823161357234788,-0.16217943353098632,0,-0.6951717449115951,-0.3815561424686202,-0.7649907190758011,2.026063801802161,NAT
Andropogon_gerardii,Andropogon_gerardii_Kellogg Biological Station (KBS),-0.53,0.247,Ordbeta,T0-T2,DIST,1,Kellogg Biological Station (KBS),Lambda,1.0757095495760216,Population growth rate,H4,T0,0.6080096435242552,-0.3823161357234788,-0.16217943353098632,0,-0.6951717449115951,-0.3815561424686202,-0.7649907190758011,2.026063801802161,NAT
Andropogon_gerardii,Andropogon_gerardii_Kellogg Biological Station (KBS),-0.53,0.247,Ordbeta,T0-T2,DIST,1,Kellogg Biological Station (KBS),R0,-0.21675068622625204,Net reproductive rate,H1,T0,0.6080096435242552,-0.3823161357234788,-0.16217943353098632,0,-0.6951717449115951,-0.3815561424686202,-0.7649907190758011,2.026063801802161,NAT
Andropogon_gerardii,Andropogon_gerardii_Kellogg Biological Station (KBS),-0.53,0.247,Ordbeta,T0-T2,DIST,1,Kellogg Biological Station (KBS),Reactivity,-0.5287487665973464,Reactivity,H3,T0,0.6080096435242552,-0.3823161357234788,-0.16217943353098632,0,-0.6951717449115951,-0.3815561424686202,-0.7649907190758011,2.026063801802161,NAT
Andropogon_gerardii,Andropogon_gerardii_Kellogg Biological Station (KBS),-0.53,0.247,Ordbeta,T0-T2,DIST,1,Kellogg Biological Station (KBS),T_generation,-0.3647876339468467,Generation time,H2,T0,0.6080096435242552,-0.3823161357234788,-0.16217943353098632,0,-0.6951717449115951,-0.3815561424686202,-0.7649907190758011,2.026063801802161,NAT
Andropogon_gerardii,Andropogon_gerardii_Kellogg Biological Station (KBS),-0.53,0.247,Ordbeta,T0-T2,DIST,1,Kellogg Biological Station (KBS),age_repro,-0.5177020469923818,Age at first reproduction,H2,T0,0.6080096435242552,-0.3823161357234788,-0.16217943353098632,0,-0.6951717449115951,-0.3815561424686202,-0.7649907190758011,2.026063801802161,NAT
Andropogon_gerardii,Andropogon_gerardii_Kellogg Biological Station (KBS),-0.53,0.247,Ordbeta,T0-T2,DIST,1,Kellogg Biological Station (KBS),percapita_repro,-0.43158687685895464,Per capita reproduction,H1,T0,0.6080096435242552,-0.3823161357234788,-0.16217943353098632,0,-0.6951717449115951,-0.3815561424686202,-0.7649907190758011,2.026063801802161,NAT
Andropogon_gerardii,Andropogon_gerardii_Oak Lake Field Station,-2.409,0.499,Ordbeta,T0-T2,DIST,1,Oak Lake Field Station,FirstStepAtt,0.6855815218270561,First step attenuation,H3,T0,-1.4828501011998478,0.07910218638638122,-1.444734176104233,0,NA,NA,NA,-1.1408838408782984,NA
Andropogon_gerardii,Andropogon_gerardii_Oak Lake Field Station,-2.409,0.499,Ordbeta,T0-T2,DIST,1,Oak Lake Field Station,Lambda,1.0757095495760216,Population growth rate,H4,T0,-1.4828501011998478,0.07910218638638122,-1.444734176104233,0,NA,NA,NA,-1.1408838408782984,NA
Andropogon_gerardii,Andropogon_gerardii_Oak Lake Field Station,-2.409,0.499,Ordbeta,T0-T2,DIST,1,Oak Lake Field Station,R0,-0.21675068622625204,Net reproductive rate,H1,T0,-1.4828501011998478,0.07910218638638122,-1.444734176104233,0,NA,NA,NA,-1.1408838408782984,NA
Andropogon_gerardii,Andropogon_gerardii_Oak Lake Field Station,-2.409,0.499,Ordbeta,T0-T2,DIST,1,Oak Lake Field Station,Reactivity,-0.5287487665973464,Reactivity,H3,T0,-1.4828501011998478,0.07910218638638122,-1.444734176104233,0,NA,NA,NA,-1.1408838408782984,NA
Andropogon_gerardii,Andropogon_gerardii_Oak Lake Field Station,-2.409,0.499,Ordbeta,T0-T2,DIST,1,Oak Lake Field Station,T_generation,-0.3647876339468467,Generation time,H2,T0,-1.4828501011998478,0.07910218638638122,-1.444734176104233,0,NA,NA,NA,-1.1408838408782984,NA
Andropogon_gerardii,Andropogon_gerardii_Oak Lake Field Station,-2.409,0.499,Ordbeta,T0-T2,DIST,1,Oak Lake Field Station,age_repro,-0.5177020469923818,Age at first reproduction,H2,T0,-1.4828501011998478,0.07910218638638122,-1.444734176104233,0,NA,NA,NA,-1.1408838408782984,NA
Andropogon_gerardii,Andropogon_gerardii_Oak Lake Field Station,-2.409,0.499,Ordbeta,T0-T2,DIST,1,Oak Lake Field Station,percapita_repro,-0.43158687685895464,Per capita reproduction,H1,T0,-1.4828501011998478,0.07910218638638122,-1.444734176104233,0,NA,NA,NA,-1.1408838408782984,NA
Andropogon_gerardii,Andropogon_gerardii_Temple,-2.346,0.406,Ordbeta,T0-T2,DIST,1,Temple,FirstStepAtt,0.6855815218270561,First step attenuation,H3,T0,-1.4594449548036825,-1.5348358112243743,-1.180462107192222,0,NA,NA,NA,-0.2753665423473718,NAT
Andropogon_gerardii,Andropogon_gerardii_Temple,-2.346,0.406,Ordbeta,T0-T2,DIST,1,Temple,Lambda,1.0757095495760216,Population growth rate,H4,T0,-1.4594449548036825,-1.5348358112243743,-1.180462107192222,0,NA,NA,NA,-0.2753665423473718,NAT
Andropogon_gerardii,Andropogon_gerardii_Temple,-2.346,0.406,Ordbeta,T0-T2,DIST,1,Temple,R0,-0.21675068622625204,Net reproductive rate,H1,T0,-1.4594449548036825,-1.5348358112243743,-1.180462107192222,0,NA,NA,NA,-0.2753665423473718,NAT
Andropogon_gerardii,Andropogon_gerardii_Temple,-2.346,0.406,Ordbeta,T0-T2,DIST,1,Temple,Reactivity,-0.5287487665973464,Reactivity,H3,T0,-1.4594449548036825,-1.5348358112243743,-1.180462107192222,0,NA,NA,NA,-0.2753665423473718,NAT
Andropogon_gerardii,Andropogon_gerardii_Temple,-2.346,0.406,Ordbeta,T0-T2,DIST,1,Temple,T_generation,-0.3647876339468467,Generation time,H2,T0,-1.4594449548036825,-1.5348358112243743,-1.180462107192222,0,NA,NA,NA,-0.2753665423473718,NAT
Andropogon_gerardii,Andropogon_gerardii_Temple,-2.346,0.406,Ordbeta,T0-T2,DIST,1,Temple,age_repro,-0.5177020469923818,Age at first reproduction,H2,T0,-1.4594449548036825,-1.5348358112243743,-1.180462107192222,0,NA,NA,NA,-0.2753665423473718,NAT
Andropogon_gerardii,Andropogon_gerardii_Temple,-2.346,0.406,Ordbeta,T0-T2,DIST,1,Temple,percapita_repro,-0.43158687685895464,Per capita reproduction,H1,T0,-1.4594449548036825,-1.5348358112243743,-1.180462107192222,0,NA,NA,NA,-0.2753665423473718,NAT
Arenaria_serpyllifolia,Arenaria_serpyllifolia_Bad Lauchstaedt,-2.628,0.496,Ordbeta,T0-T2,DIST,1,Bad Lauchstaedt,FirstStepAtt,-0.12112126309723767,First step attenuation,H3,T0,0.45197533421648606,-0.3753988185590567,-0.11439210590952666,0,0.5690221852496098,0.7959142485449064,-0.7991349509738322,0.3856906316365244,NAT
Arenaria_serpyllifolia,Arenaria_serpyllifolia_Bad Lauchstaedt,-2.628,0.496,Ordbeta,T0-T2,DIST,1,Bad Lauchstaedt,Lambda,-0.5099332678649512,Population growth rate,H4,T0,0.45197533421648606,-0.3753988185590567,-0.11439210590952666,0,0.5690221852496098,0.7959142485449064,-0.7991349509738322,0.3856906316365244,NAT
Arenaria_serpyllifolia,Arenaria_serpyllifolia_Bad Lauchstaedt,-2.628,0.496,Ordbeta,T0-T2,DIST,1,Bad Lauchstaedt,R0,-0.22402188135204362,Net reproductive rate,H1,T0,0.45197533421648606,-0.3753988185590567,-0.11439210590952666,0,0.5690221852496098,0.7959142485449064,-0.7991349509738322,0.3856906316365244,NAT
Arenaria_serpyllifolia,Arenaria_serpyllifolia_Bad Lauchstaedt,-2.628,0.496,Ordbeta,T0-T2,DIST,1,Bad Lauchstaedt,Reactivity,-0.3129938316446732,Reactivity,H3,T0,0.45197533421648606,-0.3753988185590567,-0.11439210590952666,0,0.5690221852496098,0.7959142485449064,-0.7991349509738322,0.3856906316365244,NAT
Arenaria_serpyllifolia,Arenaria_serpyllifolia_Bad Lauchstaedt,-2.628,0.496,Ordbeta,T0-T2,DIST,1,Bad Lauchstaedt,T_generation,-0.4903589334628695,Generation time,H2,T0,0.45197533421648606,-0.3753988185590567,-0.11439210590952666,0,0.5690221852496098,0.7959142485449064,-0.7991349509738322,0.3856906316365244,NAT
Arenaria_serpyllifolia,Arenaria_serpyllifolia_Bad Lauchstaedt,-2.628,0.496,Ordbeta,T0-T2,DIST,1,Bad Lauchstaedt,age_repro,-0.4634193866383072,Age at first reproduction,H2,T0,0.45197533421648606,-0.3753988185590567,-0.11439210590952666,0,0.5690221852496098,0.7959142485449064,-0.7991349509738322,0.3856906316365244,NAT
Arenaria_serpyllifolia,Arenaria_serpyllifolia_Bad Lauchstaedt,-2.628,0.496,Ordbeta,T0-T2,DIST,1,Bad Lauchstaedt,percapita_repro,-0.3566424187854271,Per capita reproduction,H1,T0,0.45197533421648606,-0.3753988185590567,-0.11439210590952666,0,0.5690221852496098,0.7959142485449064,-0.7991349509738322,0.3856906316365244,NAT
Arenaria_serpyllifolia,Arenaria_serpyllifolia_Jena,-1.752,0.249,Ordbeta,T0-T2,DIST,1,Jena,FirstStepAtt,-0.12112126309723767,First step attenuation,H3,T0,0.764043952832024,-0.3862370720152753,0.02721357540323855,0,1.6161310595160223,1.0042933264685494,0.3263285755482111,2.0986936183123164,NAT
Arenaria_serpyllifolia,Arenaria_serpyllifolia_Jena,-1.752,0.249,Ordbeta,T0-T2,DIST,1,Jena,Lambda,-0.5099332678649512,Population growth rate,H4,T0,0.764043952832024,-0.3862370720152753,0.02721357540323855,0,1.6161310595160223,1.0042933264685494,0.3263285755482111,2.0986936183123164,NAT
Arenaria_serpyllifolia,Arenaria_serpyllifolia_Jena,-1.752,0.249,Ordbeta,T0-T2,DIST,1,Jena,R0,-0.22402188135204362,Net reproductive rate,H1,T0,0.764043952832024,-0.3862370720152753,0.02721357540323855,0,1.6161310595160223,1.0042933264685494,0.3263285755482111,2.0986936183123164,NAT
Arenaria_serpyllifolia,Arenaria_serpyllifolia_Jena,-1.752,0.249,Ordbeta,T0-T2,DIST,1,Jena,Reactivity,-0.3129938316446732,Reactivity,H3,T0,0.764043952832024,-0.3862370720152753,0.02721357540323855,0,1.6161310595160223,1.0042933264685494,0.3263285755482111,2.0986936183123164,NAT
Arenaria_serpyllifolia,Arenaria_serpyllifolia_Jena,-1.752,0.249,Ordbeta,T0-T2,DIST,1,Jena,T_generation,-0.4903589334628695,Generation time,H2,T0,0.764043952832024,-0.3862370720152753,0.02721357540323855,0,1.6161310595160223,1.0042933264685494,0.3263285755482111,2.0986936183123164,NAT
Arenaria_serpyllifolia,Arenaria_serpyllifolia_Jena,-1.752,0.249,Ordbeta,T0-T2,DIST,1,Jena,age_repro,-0.4634193866383072,Age at first reproduction,H2,T0,0.764043952832024,-0.3862370720152753,0.02721357540323855,0,1.6161310595160223,1.0042933264685494,0.3263285755482111,2.0986936183123164,NAT
Arenaria_serpyllifolia,Arenaria_serpyllifolia_Jena,-1.752,0.249,Ordbeta,T0-T2,DIST,1,Jena,percapita_repro,-0.3566424187854271,Per capita reproduction,H1,T0,0.764043952832024,-0.3862370720152753,0.02721357540323855,0,1.6161310595160223,1.0042933264685494,0.3263285755482111,2.0986936183123164,NAT
Armeria_maritima,Armeria_maritima_Potrok Aike,-2.705,0.337,Ordbeta,T0-T2,DIST,1,Potrok Aike,FirstStepAtt,-0.24828683666621607,First step attenuation,H3,T0,-1.5764706867845093,-1.9035018512877446,-1.444734176104233,0,NA,NA,NA,-1.1408838408782984,NAT
Armeria_maritima,Armeria_maritima_Potrok Aike,-2.705,0.337,Ordbeta,T0-T2,DIST,1,Potrok Aike,Lambda,0.958162046362724,Population growth rate,H4,T0,-1.5764706867845093,-1.9035018512877446,-1.444734176104233,0,NA,NA,NA,-1.1408838408782984,NAT
Armeria_maritima,Armeria_maritima_Potrok Aike,-2.705,0.337,Ordbeta,T0-T2,DIST,1,Potrok Aike,R0,0.7270916725972748,Net reproductive rate,H1,T0,-1.5764706867845093,-1.9035018512877446,-1.444734176104233,0,NA,NA,NA,-1.1408838408782984,NAT
Armeria_maritima,Armeria_maritima_Potrok Aike,-2.705,0.337,Ordbeta,T0-T2,DIST,1,Potrok Aike,Reactivity,2.796031449600149,Reactivity,H3,T0,-1.5764706867845093,-1.9035018512877446,-1.444734176104233,0,NA,NA,NA,-1.1408838408782984,NAT
Armeria_maritima,Armeria_maritima_Potrok Aike,-2.705,0.337,Ordbeta,T0-T2,DIST,1,Potrok Aike,T_generation,0.47832876983742034,Generation time,H2,T0,-1.5764706867845093,-1.9035018512877446,-1.444734176104233,0,NA,NA,NA,-1.1408838408782984,NAT
Armeria_maritima,Armeria_maritima_Potrok Aike,-2.705,0.337,Ordbeta,T0-T2,DIST,1,Potrok Aike,age_repro,0.6587977274944585,Age at first reproduction,H2,T0,-1.5764706867845093,-1.9035018512877446,-1.444734176104233,0,NA,NA,NA,-1.1408838408782984,NAT
Armeria_maritima,Armeria_maritima_Potrok Aike,-2.705,0.337,Ordbeta,T0-T2,DIST,1,Potrok Aike,percapita_repro,-0.2837480447861286,Per capita reproduction,H1,T0,-1.5764706867845093,-1.9035018512877446,-1.444734176104233,0,NA,NA,NA,-1.1408838408782984,NAT
Carduus_nutans,Carduus_nutans_Piedmont Prairie,-2.73,0.481,Ordbeta,T0-T2,DIST,1,Piedmont Prairie,FirstStepAtt,1.0477551716237912,First step attenuation,H3,T0,-1.3892295156151866,0.07910218638638122,-1.444734176104233,0,NA,NA,NA,-1.1581732300136014,NA
Carduus_nutans,Carduus_nutans_Piedmont Prairie,-2.73,0.481,Ordbeta,T0-T2,DIST,1,Piedmont Prairie,Lambda,-0.8322379052552421,Population growth rate,H4,T0,-1.3892295156151866,0.07910218638638122,-1.444734176104233,0,NA,NA,NA,-1.1581732300136014,NA
Carduus_nutans,Carduus_nutans_Piedmont Prairie,-2.73,0.481,Ordbeta,T0-T2,DIST,1,Piedmont Prairie,R0,-0.20510641056927234,Net reproductive rate,H1,T0,-1.3892295156151866,0.07910218638638122,-1.444734176104233,0,NA,NA,NA,-1.1581732300136014,NA
Carduus_nutans,Carduus_nutans_Piedmont Prairie,-2.73,0.481,Ordbeta,T0-T2,DIST,1,Piedmont Prairie,Reactivity,0.6066345894133957,Reactivity,H3,T0,-1.3892295156151866,0.07910218638638122,-1.444734176104233,0,NA,NA,NA,-1.1581732300136014,NA
Carduus_nutans,Carduus_nutans_Piedmont Prairie,-2.73,0.481,Ordbeta,T0-T2,DIST,1,Piedmont Prairie,T_generation,-0.17652698247806048,Generation time,H2,T0,-1.3892295156151866,0.07910218638638122,-1.444734176104233,0,NA,NA,NA,-1.1581732300136014,NA
Carduus_nutans,Carduus_nutans_Piedmont Prairie,-2.73,0.481,Ordbeta,T0-T2,DIST,1,Piedmont Prairie,age_repro,-0.3758138125686753,Age at first reproduction,H2,T0,-1.3892295156151866,0.07910218638638122,-1.444734176104233,0,NA,NA,NA,-1.1581732300136014,NA
Carduus_nutans,Carduus_nutans_Piedmont Prairie,-2.73,0.481,Ordbeta,T0-T2,DIST,1,Piedmont Prairie,percapita_repro,-0.4065550505751994,Per capita reproduction,H1,T0,-1.3892295156151866,0.07910218638638122,-1.444734176104233,0,NA,NA,NA,-1.1581732300136014,NA
Centaurea_jacea,Centaurea_jacea_Agroscope Changins,-2.582,0.292,Ordbeta,T0-T2,DIST,1,Agroscope Changins,FirstStepAtt,1.828036091748713,First step attenuation,H3,T0,1.1151211487745039,1.231861200363381,1.4334641159886803,0,-1.2881608799324629,-1.398708630217884,1.650051594077399,0.46165430853599404,NAT
Centaurea_jacea,Centaurea_jacea_Agroscope Changins,-2.582,0.292,Ordbeta,T0-T2,DIST,1,Agroscope Changins,Lambda,-0.37468748664603263,Population growth rate,H4,T0,1.1151211487745039,1.231861200363381,1.4334641159886803,0,-1.2881608799324629,-1.398708630217884,1.650051594077399,0.46165430853599404,NAT
Centaurea_jacea,Centaurea_jacea_Agroscope Changins,-2.582,0.292,Ordbeta,T0-T2,DIST,1,Agroscope Changins,R0,-0.24412352680317512,Net reproductive rate,H1,T0,1.1151211487745039,1.231861200363381,1.4334641159886803,0,-1.2881608799324629,-1.398708630217884,1.650051594077399,0.46165430853599404,NAT
Centaurea_jacea,Centaurea_jacea_Agroscope Changins,-2.582,0.292,Ordbeta,T0-T2,DIST,1,Agroscope Changins,Reactivity,-0.5927315437206884,Reactivity,H3,T0,1.1151211487745039,1.231861200363381,1.4334641159886803,0,-1.2881608799324629,-1.398708630217884,1.650051594077399,0.46165430853599404,NAT
Centaurea_jacea,Centaurea_jacea_Agroscope Changins,-2.582,0.292,Ordbeta,T0-T2,DIST,1,Agroscope Changins,T_generation,2.8136805299365317,Generation time,H2,T0,1.1151211487745039,1.231861200363381,1.4334641159886803,0,-1.2881608799324629,-1.398708630217884,1.650051594077399,0.46165430853599404,NAT
Centaurea_jacea,Centaurea_jacea_Agroscope Changins,-2.582,0.292,Ordbeta,T0-T2,DIST,1,Agroscope Changins,age_repro,0.9491059457847932,Age at first reproduction,H2,T0,1.1151211487745039,1.231861200363381,1.4334641159886803,0,-1.2881608799324629,-1.398708630217884,1.650051594077399,0.46165430853599404,NAT
Centaurea_jacea,Centaurea_jacea_Agroscope Changins,-2.582,0.292,Ordbeta,T0-T2,DIST,1,Agroscope Changins,percapita_repro,-0.4720355503399159,Per capita reproduction,H1,T0,1.1151211487745039,1.231861200363381,1.4334641159886803,0,-1.2881608799324629,-1.398708630217884,1.650051594077399,0.46165430853599404,NAT
Centaurea_jacea,Centaurea_jacea_Bayreuth DRAGNet,-2.258,0.284,Ordbeta,T0-T2,DIST,1,Bayreuth DRAGNet,FirstStepAtt,1.828036091748713,First step attenuation,H3,T0,1.7002498086786373,1.1903000578533576,1.5813921901858357,0,0.7663265952564761,0.8046703576991449,-0.4657062309279624,0.012833603314585775,NAT
Centaurea_jacea,Centaurea_jacea_Bayreuth DRAGNet,-2.258,0.284,Ordbeta,T0-T2,DIST,1,Bayreuth DRAGNet,Lambda,-0.37468748664603263,Population growth rate,H4,T0,1.7002498086786373,1.1903000578533576,1.5813921901858357,0,0.7663265952564761,0.8046703576991449,-0.4657062309279624,0.012833603314585775,NAT
Centaurea_jacea,Centaurea_jacea_Bayreuth DRAGNet,-2.258,0.284,Ordbeta,T0-T2,DIST,1,Bayreuth DRAGNet,R0,-0.24412352680317512,Net reproductive rate,H1,T0,1.7002498086786373,1.1903000578533576,1.5813921901858357,0,0.7663265952564761,0.8046703576991449,-0.4657062309279624,0.012833603314585775,NAT
Centaurea_jacea,Centaurea_jacea_Bayreuth DRAGNet,-2.258,0.284,Ordbeta,T0-T2,DIST,1,Bayreuth DRAGNet,Reactivity,-0.5927315437206884,Reactivity,H3,T0,1.7002498086786373,1.1903000578533576,1.5813921901858357,0,0.7663265952564761,0.8046703576991449,-0.4657062309279624,0.012833603314585775,NAT
Centaurea_jacea,Centaurea_jacea_Bayreuth DRAGNet,-2.258,0.284,Ordbeta,T0-T2,DIST,1,Bayreuth DRAGNet,T_generation,2.8136805299365317,Generation time,H2,T0,1.7002498086786373,1.1903000578533576,1.5813921901858357,0,0.7663265952564761,0.8046703576991449,-0.4657062309279624,0.012833603314585775,NAT
Centaurea_jacea,Centaurea_jacea_Bayreuth DRAGNet,-2.258,0.284,Ordbeta,T0-T2,DIST,1,Bayreuth DRAGNet,age_repro,0.9491059457847932,Age at first reproduction,H2,T0,1.7002498086786373,1.1903000578533576,1.5813921901858357,0,0.7663265952564761,0.8046703576991449,-0.4657062309279624,0.012833603314585775,NAT
Centaurea_jacea,Centaurea_jacea_Bayreuth DRAGNet,-2.258,0.284,Ordbeta,T0-T2,DIST,1,Bayreuth DRAGNet,percapita_repro,-0.4720355503399159,Per capita reproduction,H1,T0,1.7002498086786373,1.1903000578533576,1.5813921901858357,0,0.7663265952564761,0.8046703576991449,-0.4657062309279624,0.012833603314585775,NAT
Cerastium_fontanum,Cerastium_fontanum_Agroscope Changins,-2.83,0.242,Ordbeta,T0-T2,DIST,1,Agroscope Changins,FirstStepAtt,-0.42489978157218555,First step attenuation,H3,T0,1.1151211487745039,1.231861200363381,1.4334641159886803,0,-1.2881608799324629,-1.398708630217884,1.650051594077399,0.46165430853599404,NAT
Cerastium_fontanum,Cerastium_fontanum_Agroscope Changins,-2.83,0.242,Ordbeta,T0-T2,DIST,1,Agroscope Changins,Lambda,NA,Population growth rate,H4,T0,1.1151211487745039,1.231861200363381,1.4334641159886803,0,-1.2881608799324629,-1.398708630217884,1.650051594077399,0.46165430853599404,NAT
Cerastium_fontanum,Cerastium_fontanum_Agroscope Changins,-2.83,0.242,Ordbeta,T0-T2,DIST,1,Agroscope Changins,R0,-0.1925566353181276,Net reproductive rate,H1,T0,1.1151211487745039,1.231861200363381,1.4334641159886803,0,-1.2881608799324629,-1.398708630217884,1.650051594077399,0.46165430853599404,NAT
Cerastium_fontanum,Cerastium_fontanum_Agroscope Changins,-2.83,0.242,Ordbeta,T0-T2,DIST,1,Agroscope Changins,Reactivity,-0.3252407290469675,Reactivity,H3,T0,1.1151211487745039,1.231861200363381,1.4334641159886803,0,-1.2881608799324629,-1.398708630217884,1.650051594077399,0.46165430853599404,NAT
Cerastium_fontanum,Cerastium_fontanum_Agroscope Changins,-2.83,0.242,Ordbeta,T0-T2,DIST,1,Agroscope Changins,T_generation,-0.5164077679885386,Generation time,H2,T0,1.1151211487745039,1.231861200363381,1.4334641159886803,0,-1.2881608799324629,-1.398708630217884,1.650051594077399,0.46165430853599404,NAT
Cerastium_fontanum,Cerastium_fontanum_Agroscope Changins,-2.83,0.242,Ordbeta,T0-T2,DIST,1,Agroscope Changins,age_repro,-0.4050811276147559,Age at first reproduction,H2,T0,1.1151211487745039,1.231861200363381,1.4334641159886803,0,-1.2881608799324629,-1.398708630217884,1.650051594077399,0.46165430853599404,NAT
Cerastium_fontanum,Cerastium_fontanum_Agroscope Changins,-2.83,0.242,Ordbeta,T0-T2,DIST,1,Agroscope Changins,percapita_repro,-0.00497085505753155,Per capita reproduction,H1,T0,1.1151211487745039,1.231861200363381,1.4334641159886803,0,-1.2881608799324629,-1.398708630217884,1.650051594077399,0.46165430853599404,NAT
Cerastium_fontanum,Cerastium_fontanum_Bad Lauchstaedt,-2.707,0.355,Ordbeta,T0-T2,DIST,1,Bad Lauchstaedt,FirstStepAtt,-0.42489978157218555,First step attenuation,H3,T0,0.45197533421648606,-0.3753988185590567,-0.11439210590952666,0,0.5690221852496098,0.7959142485449064,-0.7991349509738322,0.3856906316365244,NAT
Cerastium_fontanum,Cerastium_fontanum_Bad Lauchstaedt,-2.707,0.355,Ordbeta,T0-T2,DIST,1,Bad Lauchstaedt,Lambda,NA,Population growth rate,H4,T0,0.45197533421648606,-0.3753988185590567,-0.11439210590952666,0,0.5690221852496098,0.7959142485449064,-0.7991349509738322,0.3856906316365244,NAT
Cerastium_fontanum,Cerastium_fontanum_Bad Lauchstaedt,-2.707,0.355,Ordbeta,T0-T2,DIST,1,Bad Lauchstaedt,R0,-0.1925566353181276,Net reproductive rate,H1,T0,0.45197533421648606,-0.3753988185590567,-0.11439210590952666,0,0.5690221852496098,0.7959142485449064,-0.7991349509738322,0.3856906316365244,NAT
Cerastium_fontanum,Cerastium_fontanum_Bad Lauchstaedt,-2.707,0.355,Ordbeta,T0-T2,DIST,1,Bad Lauchstaedt,Reactivity,-0.3252407290469675,Reactivity,H3,T0,0.45197533421648606,-0.3753988185590567,-0.11439210590952666,0,0.5690221852496098,0.7959142485449064,-0.7991349509738322,0.3856906316365244,NAT
Cerastium_fontanum,Cerastium_fontanum_Bad Lauchstaedt,-2.707,0.355,Ordbeta,T0-T2,DIST,1,Bad Lauchstaedt,T_generation,-0.5164077679885386,Generation time,H2,T0,0.45197533421648606,-0.3753988185590567,-0.11439210590952666,0,0.5690221852496098,0.7959142485449064,-0.7991349509738322,0.3856906316365244,NAT
Cerastium_fontanum,Cerastium_fontanum_Bad Lauchstaedt,-2.707,0.355,Ordbeta,T0-T2,DIST,1,Bad Lauchstaedt,age_repro,-0.4050811276147559,Age at first reproduction,H2,T0,0.45197533421648606,-0.3753988185590567,-0.11439210590952666,0,0.5690221852496098,0.7959142485449064,-0.7991349509738322,0.3856906316365244,NAT
Cerastium_fontanum,Cerastium_fontanum_Bad Lauchstaedt,-2.707,0.355,Ordbeta,T0-T2,DIST,1,Bad Lauchstaedt,percapita_repro,-0.00497085505753155,Per capita reproduction,H1,T0,0.45197533421648606,-0.3753988185590567,-0.11439210590952666,0,0.5690221852496098,0.7959142485449064,-0.7991349509738322,0.3856906316365244,NAT
Cerastium_fontanum,Cerastium_fontanum_Bayreuth DRAGNet,-1.822,0.342,Ordbeta,T0-T2,DIST,1,Bayreuth DRAGNet,FirstStepAtt,-0.42489978157218555,First step attenuation,H3,T0,1.7002498086786373,1.1903000578533576,1.5813921901858357,0,0.7663265952564761,0.8046703576991449,-0.4657062309279624,0.012833603314585775,NAT
Cerastium_fontanum,Cerastium_fontanum_Bayreuth DRAGNet,-1.822,0.342,Ordbeta,T0-T2,DIST,1,Bayreuth DRAGNet,Lambda,NA,Population growth rate,H4,T0,1.7002498086786373,1.1903000578533576,1.5813921901858357,0,0.7663265952564761,0.8046703576991449,-0.4657062309279624,0.012833603314585775,NAT
Cerastium_fontanum,Cerastium_fontanum_Bayreuth DRAGNet,-1.822,0.342,Ordbeta,T0-T2,DIST,1,Bayreuth DRAGNet,R0,-0.1925566353181276,Net reproductive rate,H1,T0,1.7002498086786373,1.1903000578533576,1.5813921901858357,0,0.7663265952564761,0.8046703576991449,-0.4657062309279624,0.012833603314585775,NAT
Cerastium_fontanum,Cerastium_fontanum_Bayreuth DRAGNet,-1.822,0.342,Ordbeta,T0-T2,DIST,1,Bayreuth DRAGNet,Reactivity,-0.3252407290469675,Reactivity,H3,T0,1.7002498086786373,1.1903000578533576,1.5813921901858357,0,0.7663265952564761,0.8046703576991449,-0.4657062309279624,0.012833603314585775,NAT
Cerastium_fontanum,Cerastium_fontanum_Bayreuth DRAGNet,-1.822,0.342,Ordbeta,T0-T2,DIST,1,Bayreuth DRAGNet,T_generation,-0.5164077679885386,Generation time,H2,T0,1.7002498086786373,1.1903000578533576,1.5813921901858357,0,0.7663265952564761,0.8046703576991449,-0.4657062309279624,0.012833603314585775,NAT
Cerastium_fontanum,Cerastium_fontanum_Bayreuth DRAGNet,-1.822,0.342,Ordbeta,T0-T2,DIST,1,Bayreuth DRAGNet,age_repro,-0.4050811276147559,Age at first reproduction,H2,T0,1.7002498086786373,1.1903000578533576,1.5813921901858357,0,0.7663265952564761,0.8046703576991449,-0.4657062309279624,0.012833603314585775,NAT
Cerastium_fontanum,Cerastium_fontanum_Bayreuth DRAGNet,-1.822,0.342,Ordbeta,T0-T2,DIST,1,Bayreuth DRAGNet,percapita_repro,-0.00497085505753155,Per capita reproduction,H1,T0,1.7002498086786373,1.1903000578533576,1.5813921901858357,0,0.7663265952564761,0.8046703576991449,-0.4657062309279624,0.012833603314585775,NAT
Cerastium_fontanum,Cerastium_fontanum_CEREEP - Ecotron IDF,-2.446,0.354,Ordbeta,T0-T2,DIST,1,CEREEP - Ecotron IDF,FirstStepAtt,-0.42489978157218555,First step attenuation,H3,NA,NA,NA,NA,NA,NA,NA,NA,NA,NAT
Cerastium_fontanum,Cerastium_fontanum_CEREEP - Ecotron IDF,-2.446,0.354,Ordbeta,T0-T2,DIST,1,CEREEP - Ecotron IDF,Lambda,NA,Population growth rate,H4,NA,NA,NA,NA,NA,NA,NA,NA,NA,NAT
Cerastium_fontanum,Cerastium_fontanum_CEREEP - Ecotron IDF,-2.446,0.354,Ordbeta,T0-T2,DIST,1,CEREEP - Ecotron IDF,R0,-0.1925566353181276,Net reproductive rate,H1,NA,NA,NA,NA,NA,NA,NA,NA,NA,NAT
Cerastium_fontanum,Cerastium_fontanum_CEREEP - Ecotron IDF,-2.446,0.354,Ordbeta,T0-T2,DIST,1,CEREEP - Ecotron IDF,Reactivity,-0.3252407290469675,Reactivity,H3,NA,NA,NA,NA,NA,NA,NA,NA,NA,NAT
Cerastium_fontanum,Cerastium_fontanum_CEREEP - Ecotron IDF,-2.446,0.354,Ordbeta,T0-T2,DIST,1,CEREEP - Ecotron IDF,T_generation,-0.5164077679885386,Generation time,H2,NA,NA,NA,NA,NA,NA,NA,NA,NA,NAT
Cerastium_fontanum,Cerastium_fontanum_CEREEP - Ecotron IDF,-2.446,0.354,Ordbeta,T0-T2,DIST,1,CEREEP - Ecotron IDF,age_repro,-0.4050811276147559,Age at first reproduction,H2,NA,NA,NA,NA,NA,NA,NA,NA,NA,NAT
Cerastium_fontanum,Cerastium_fontanum_CEREEP - Ecotron IDF,-2.446,0.354,Ordbeta,T0-T2,DIST,1,CEREEP - Ecotron IDF,percapita_repro,-0.00497085505753155,Per capita reproduction,H1,NA,NA,NA,NA,NA,NA,NA,NA,NA,NAT
Cerastium_fontanum,Cerastium_fontanum_Domaninek,-2.013,0.468,Ordbeta,T0-T2,DIST,1,Domaninek,FirstStepAtt,-0.42489978157218555,First step attenuation,H3,T0,-1.1083677588612026,-0.2513318198926397,-1.444734176104233,0,NA,NA,NA,-0.9269494803657106,NAT
Cerastium_fontanum,Cerastium_fontanum_Domaninek,-2.013,0.468,Ordbeta,T0-T2,DIST,1,Domaninek,Lambda,NA,Population growth rate,H4,T0,-1.1083677588612026,-0.2513318198926397,-1.444734176104233,0,NA,NA,NA,-0.9269494803657106,NAT
Cerastium_fontanum,Cerastium_fontanum_Domaninek,-2.013,0.468,Ordbeta,T0-T2,DIST,1,Domaninek,R0,-0.1925566353181276,Net reproductive rate,H1,T0,-1.1083677588612026,-0.2513318198926397,-1.444734176104233,0,NA,NA,NA,-0.9269494803657106,NAT
Cerastium_fontanum,Cerastium_fontanum_Domaninek,-2.013,0.468,Ordbeta,T0-T2,DIST,1,Domaninek,Reactivity,-0.3252407290469675,Reactivity,H3,T0,-1.1083677588612026,-0.2513318198926397,-1.444734176104233,0,NA,NA,NA,-0.9269494803657106,NAT
Cerastium_fontanum,Cerastium_fontanum_Domaninek,-2.013,0.468,Ordbeta,T0-T2,DIST,1,Domaninek,T_generation,-0.5164077679885386,Generation time,H2,T0,-1.1083677588612026,-0.2513318198926397,-1.444734176104233,0,NA,NA,NA,-0.9269494803657106,NAT
Cerastium_fontanum,Cerastium_fontanum_Domaninek,-2.013,0.468,Ordbeta,T0-T2,DIST,1,Domaninek,age_repro,-0.4050811276147559,Age at first reproduction,H2,T0,-1.1083677588612026,-0.2513318198926397,-1.444734176104233,0,NA,NA,NA,-0.9269494803657106,NAT
Cerastium_fontanum,Cerastium_fontanum_Domaninek,-2.013,0.468,Ordbeta,T0-T2,DIST,1,Domaninek,percapita_repro,-0.00497085505753155,Per capita reproduction,H1,T0,-1.1083677588612026,-0.2513318198926397,-1.444734176104233,0,NA,NA,NA,-0.9269494803657106,NAT
Cerastium_fontanum,Cerastium_fontanum_Hazelrigg,-2.567,0.504,Ordbeta,T0-T2,DIST,1,Hazelrigg,FirstStepAtt,-0.42489978157218555,First step attenuation,H3,T0,-0.6402648309378959,-0.724111880529462,-0.4803806237481249,0,0.7976550265134934,1.1840099047955983,-1.1236658654167908,-0.39516978423442106,NAT
Cerastium_fontanum,Cerastium_fontanum_Hazelrigg,-2.567,0.504,Ordbeta,T0-T2,DIST,1,Hazelrigg,Lambda,NA,Population growth rate,H4,T0,-0.6402648309378959,-0.724111880529462,-0.4803806237481249,0,0.7976550265134934,1.1840099047955983,-1.1236658654167908,-0.39516978423442106,NAT
Cerastium_fontanum,Cerastium_fontanum_Hazelrigg,-2.567,0.504,Ordbeta,T0-T2,DIST,1,Hazelrigg,R0,-0.1925566353181276,Net reproductive rate,H1,T0,-0.6402648309378959,-0.724111880529462,-0.4803806237481249,0,0.7976550265134934,1.1840099047955983,-1.1236658654167908,-0.39516978423442106,NAT
Cerastium_fontanum,Cerastium_fontanum_Hazelrigg,-2.567,0.504,Ordbeta,T0-T2,DIST,1,Hazelrigg,Reactivity,-0.3252407290469675,Reactivity,H3,T0,-0.6402648309378959,-0.724111880529462,-0.4803806237481249,0,0.7976550265134934,1.1840099047955983,-1.1236658654167908,-0.39516978423442106,NAT
Cerastium_fontanum,Cerastium_fontanum_Hazelrigg,-2.567,0.504,Ordbeta,T0-T2,DIST,1,Hazelrigg,T_generation,-0.5164077679885386,Generation time,H2,T0,-0.6402648309378959,-0.724111880529462,-0.4803806237481249,0,0.7976550265134934,1.1840099047955983,-1.1236658654167908,-0.39516978423442106,NAT
Cerastium_fontanum,Cerastium_fontanum_Hazelrigg,-2.567,0.504,Ordbeta,T0-T2,DIST,1,Hazelrigg,age_repro,-0.4050811276147559,Age at first reproduction,H2,T0,-0.6402648309378959,-0.724111880529462,-0.4803806237481249,0,0.7976550265134934,1.1840099047955983,-1.1236658654167908,-0.39516978423442106,NAT
Cerastium_fontanum,Cerastium_fontanum_Hazelrigg,-2.567,0.504,Ordbeta,T0-T2,DIST,1,Hazelrigg,percapita_repro,-0.00497085505753155,Per capita reproduction,H1,T0,-0.6402648309378959,-0.724111880529462,-0.4803806237481249,0,0.7976550265134934,1.1840099047955983,-1.1236658654167908,-0.39516978423442106,NAT
Cerastium_fontanum,Cerastium_fontanum_Jena,-2.008,0.248,Ordbeta,T0-T2,DIST,1,Jena,FirstStepAtt,-0.42489978157218555,First step attenuation,H3,T0,0.764043952832024,-0.3862370720152753,0.02721357540323855,0,1.6161310595160223,1.0042933264685494,0.3263285755482111,2.0986936183123164,NAT
Cerastium_fontanum,Cerastium_fontanum_Jena,-2.008,0.248,Ordbeta,T0-T2,DIST,1,Jena,Lambda,NA,Population growth rate,H4,T0,0.764043952832024,-0.3862370720152753,0.02721357540323855,0,1.6161310595160223,1.0042933264685494,0.3263285755482111,2.0986936183123164,NAT
Cerastium_fontanum,Cerastium_fontanum_Jena,-2.008,0.248,Ordbeta,T0-T2,DIST,1,Jena,R0,-0.1925566353181276,Net reproductive rate,H1,T0,0.764043952832024,-0.3862370720152753,0.02721357540323855,0,1.6161310595160223,1.0042933264685494,0.3263285755482111,2.0986936183123164,NAT
Cerastium_fontanum,Cerastium_fontanum_Jena,-2.008,0.248,Ordbeta,T0-T2,DIST,1,Jena,Reactivity,-0.3252407290469675,Reactivity,H3,T0,0.764043952832024,-0.3862370720152753,0.02721357540323855,0,1.6161310595160223,1.0042933264685494,0.3263285755482111,2.0986936183123164,NAT
Cerastium_fontanum,Cerastium_fontanum_Jena,-2.008,0.248,Ordbeta,T0-T2,DIST,1,Jena,T_generation,-0.5164077679885386,Generation time,H2,T0,0.764043952832024,-0.3862370720152753,0.02721357540323855,0,1.6161310595160223,1.0042933264685494,0.3263285755482111,2.0986936183123164,NAT
Cerastium_fontanum,Cerastium_fontanum_Jena,-2.008,0.248,Ordbeta,T0-T2,DIST,1,Jena,age_repro,-0.4050811276147559,Age at first reproduction,H2,T0,0.764043952832024,-0.3862370720152753,0.02721357540323855,0,1.6161310595160223,1.0042933264685494,0.3263285755482111,2.0986936183123164,NAT
Cerastium_fontanum,Cerastium_fontanum_Jena,-2.008,0.248,Ordbeta,T0-T2,DIST,1,Jena,percapita_repro,-0.00497085505753155,Per capita reproduction,H1,T0,0.764043952832024,-0.3862370720152753,0.02721357540323855,0,1.6161310595160223,1.0042933264685494,0.3263285755482111,2.0986936183123164,NAT
Cerastium_fontanum,Cerastium_fontanum_Kellogg Biological Station (KBS),-2.591,0.5,Ordbeta,T0-T2,DIST,1,Kellogg Biological Station (KBS),FirstStepAtt,-0.42489978157218555,First step attenuation,H3,T0,0.6080096435242552,-0.3823161357234788,-0.16217943353098632,0,-0.6951717449115951,-0.3815561424686202,-0.7649907190758011,2.026063801802161,INT
Cerastium_fontanum,Cerastium_fontanum_Kellogg Biological Station (KBS),-2.591,0.5,Ordbeta,T0-T2,DIST,1,Kellogg Biological Station (KBS),Lambda,NA,Population growth rate,H4,T0,0.6080096435242552,-0.3823161357234788,-0.16217943353098632,0,-0.6951717449115951,-0.3815561424686202,-0.7649907190758011,2.026063801802161,INT
Cerastium_fontanum,Cerastium_fontanum_Kellogg Biological Station (KBS),-2.591,0.5,Ordbeta,T0-T2,DIST,1,Kellogg Biological Station (KBS),R0,-0.1925566353181276,Net reproductive rate,H1,T0,0.6080096435242552,-0.3823161357234788,-0.16217943353098632,0,-0.6951717449115951,-0.3815561424686202,-0.7649907190758011,2.026063801802161,INT
Cerastium_fontanum,Cerastium_fontanum_Kellogg Biological Station (KBS),-2.591,0.5,Ordbeta,T0-T2,DIST,1,Kellogg Biological Station (KBS),Reactivity,-0.3252407290469675,Reactivity,H3,T0,0.6080096435242552,-0.3823161357234788,-0.16217943353098632,0,-0.6951717449115951,-0.3815561424686202,-0.7649907190758011,2.026063801802161,INT
Cerastium_fontanum,Cerastium_fontanum_Kellogg Biological Station (KBS),-2.591,0.5,Ordbeta,T0-T2,DIST,1,Kellogg Biological Station (KBS),T_generation,-0.5164077679885386,Generation time,H2,T0,0.6080096435242552,-0.3823161357234788,-0.16217943353098632,0,-0.6951717449115951,-0.3815561424686202,-0.7649907190758011,2.026063801802161,INT
Cerastium_fontanum,Cerastium_fontanum_Kellogg Biological Station (KBS),-2.591,0.5,Ordbeta,T0-T2,DIST,1,Kellogg Biological Station (KBS),age_repro,-0.4050811276147559,Age at first reproduction,H2,T0,0.6080096435242552,-0.3823161357234788,-0.16217943353098632,0,-0.6951717449115951,-0.3815561424686202,-0.7649907190758011,2.026063801802161,INT
Cerastium_fontanum,Cerastium_fontanum_Kellogg Biological Station (KBS),-2.591,0.5,Ordbeta,T0-T2,DIST,1,Kellogg Biological Station (KBS),percapita_repro,-0.00497085505753155,Per capita reproduction,H1,T0,0.6080096435242552,-0.3823161357234788,-0.16217943353098632,0,-0.6951717449115951,-0.3815561424686202,-0.7649907190758011,2.026063801802161,INT
Cerastium_fontanum,Cerastium_fontanum_Kniezenberg,-2.572,0.451,Ordbeta,T0-T2,DIST,1,Kniezenberg,FirstStepAtt,-0.42489978157218555,First step attenuation,H3,T0,0.061889560947064014,-0.8020551636910082,-0.735183579836512,0,-1.2184013945374839,-0.8038659869745547,-0.9964378960740793,-1.0919845584754213,NAT
Cerastium_fontanum,Cerastium_fontanum_Kniezenberg,-2.572,0.451,Ordbeta,T0-T2,DIST,1,Kniezenberg,Lambda,NA,Population growth rate,H4,T0,0.061889560947064014,-0.8020551636910082,-0.735183579836512,0,-1.2184013945374839,-0.8038659869745547,-0.9964378960740793,-1.0919845584754213,NAT
Cerastium_fontanum,Cerastium_fontanum_Kniezenberg,-2.572,0.451,Ordbeta,T0-T2,DIST,1,Kniezenberg,R0,-0.1925566353181276,Net reproductive rate,H1,T0,0.061889560947064014,-0.8020551636910082,-0.735183579836512,0,-1.2184013945374839,-0.8038659869745547,-0.9964378960740793,-1.0919845584754213,NAT
Cerastium_fontanum,Cerastium_fontanum_Kniezenberg,-2.572,0.451,Ordbeta,T0-T2,DIST,1,Kniezenberg,Reactivity,-0.3252407290469675,Reactivity,H3,T0,0.061889560947064014,-0.8020551636910082,-0.735183579836512,0,-1.2184013945374839,-0.8038659869745547,-0.9964378960740793,-1.0919845584754213,NAT
Cerastium_fontanum,Cerastium_fontanum_Kniezenberg,-2.572,0.451,Ordbeta,T0-T2,DIST,1,Kniezenberg,T_generation,-0.5164077679885386,Generation time,H2,T0,0.061889560947064014,-0.8020551636910082,-0.735183579836512,0,-1.2184013945374839,-0.8038659869745547,-0.9964378960740793,-1.0919845584754213,NAT
Cerastium_fontanum,Cerastium_fontanum_Kniezenberg,-2.572,0.451,Ordbeta,T0-T2,DIST,1,Kniezenberg,age_repro,-0.4050811276147559,Age at first reproduction,H2,T0,0.061889560947064014,-0.8020551636910082,-0.735183579836512,0,-1.2184013945374839,-0.8038659869745547,-0.9964378960740793,-1.0919845584754213,NAT
Cerastium_fontanum,Cerastium_fontanum_Kniezenberg,-2.572,0.451,Ordbeta,T0-T2,DIST,1,Kniezenberg,percapita_repro,-0.00497085505753155,Per capita reproduction,H1,T0,0.061889560947064014,-0.8020551636910082,-0.735183579836512,0,-1.2184013945374839,-0.8038659869745547,-0.9964378960740793,-1.0919845584754213,NAT
Cerastium_fontanum,Cerastium_fontanum_Lublin,-2.378,0.502,Ordbeta,T0-T2,DIST,1,Lublin,FirstStepAtt,-0.42489978157218555,First step attenuation,H3,T0,0.9200782621397927,0.9604863427438979,1.1194775334878724,0,-0.4348762416097607,-0.6652760678718184,0.5867498761097362,0.2778387604157047,NAT
Cerastium_fontanum,Cerastium_fontanum_Lublin,-2.378,0.502,Ordbeta,T0-T2,DIST,1,Lublin,Lambda,NA,Population growth rate,H4,T0,0.9200782621397927,0.9604863427438979,1.1194775334878724,0,-0.4348762416097607,-0.6652760678718184,0.5867498761097362,0.2778387604157047,NAT
Cerastium_fontanum,Cerastium_fontanum_Lublin,-2.378,0.502,Ordbeta,T0-T2,DIST,1,Lublin,R0,-0.1925566353181276,Net reproductive rate,H1,T0,0.9200782621397927,0.9604863427438979,1.1194775334878724,0,-0.4348762416097607,-0.6652760678718184,0.5867498761097362,0.2778387604157047,NAT
Cerastium_fontanum,Cerastium_fontanum_Lublin,-2.378,0.502,Ordbeta,T0-T2,DIST,1,Lublin,Reactivity,-0.3252407290469675,Reactivity,H3,T0,0.9200782621397927,0.9604863427438979,1.1194775334878724,0,-0.4348762416097607,-0.6652760678718184,0.5867498761097362,0.2778387604157047,NAT
Cerastium_fontanum,Cerastium_fontanum_Lublin,-2.378,0.502,Ordbeta,T0-T2,DIST,1,Lublin,T_generation,-0.5164077679885386,Generation time,H2,T0,0.9200782621397927,0.9604863427438979,1.1194775334878724,0,-0.4348762416097607,-0.6652760678718184,0.5867498761097362,0.2778387604157047,NAT
Cerastium_fontanum,Cerastium_fontanum_Lublin,-2.378,0.502,Ordbeta,T0-T2,DIST,1,Lublin,age_repro,-0.4050811276147559,Age at first reproduction,H2,T0,0.9200782621397927,0.9604863427438979,1.1194775334878724,0,-0.4348762416097607,-0.6652760678718184,0.5867498761097362,0.2778387604157047,NAT
Cerastium_fontanum,Cerastium_fontanum_Lublin,-2.378,0.502,Ordbeta,T0-T2,DIST,1,Lublin,percapita_repro,-0.00497085505753155,Per capita reproduction,H1,T0,0.9200782621397927,0.9604863427438979,1.1194775334878724,0,-0.4348762416097607,-0.6652760678718184,0.5867498761097362,0.2778387604157047,NAT
Cerastium_fontanum,Cerastium_fontanum_Stoderzinken,-2.412,0.387,Ordbeta,T0-T2,DIST,1,Stoderzinken,FirstStepAtt,-0.42489978157218555,First step attenuation,H3,T0,-0.7572905629187225,0.7252842431098,0.4744156233804123,0,-0.41320185179705465,-1.0776404116342828,2.026441533526428,-0.9641796158315374,NAT
Cerastium_fontanum,Cerastium_fontanum_Stoderzinken,-2.412,0.387,Ordbeta,T0-T2,DIST,1,Stoderzinken,Lambda,NA,Population growth rate,H4,T0,-0.7572905629187225,0.7252842431098,0.4744156233804123,0,-0.41320185179705465,-1.0776404116342828,2.026441533526428,-0.9641796158315374,NAT
Cerastium_fontanum,Cerastium_fontanum_Stoderzinken,-2.412,0.387,Ordbeta,T0-T2,DIST,1,Stoderzinken,R0,-0.1925566353181276,Net reproductive rate,H1,T0,-0.7572905629187225,0.7252842431098,0.4744156233804123,0,-0.41320185179705465,-1.0776404116342828,2.026441533526428,-0.9641796158315374,NAT
Cerastium_fontanum,Cerastium_fontanum_Stoderzinken,-2.412,0.387,Ordbeta,T0-T2,DIST,1,Stoderzinken,Reactivity,-0.3252407290469675,Reactivity,H3,T0,-0.7572905629187225,0.7252842431098,0.4744156233804123,0,-0.41320185179705465,-1.0776404116342828,2.026441533526428,-0.9641796158315374,NAT
Cerastium_fontanum,Cerastium_fontanum_Stoderzinken,-2.412,0.387,Ordbeta,T0-T2,DIST,1,Stoderzinken,T_generation,-0.5164077679885386,Generation time,H2,T0,-0.7572905629187225,0.7252842431098,0.4744156233804123,0,-0.41320185179705465,-1.0776404116342828,2.026441533526428,-0.9641796158315374,NAT
Cerastium_fontanum,Cerastium_fontanum_Stoderzinken,-2.412,0.387,Ordbeta,T0-T2,DIST,1,Stoderzinken,age_repro,-0.4050811276147559,Age at first reproduction,H2,T0,-0.7572905629187225,0.7252842431098,0.4744156233804123,0,-0.41320185179705465,-1.0776404116342828,2.026441533526428,-0.9641796158315374,NAT
Cerastium_fontanum,Cerastium_fontanum_Stoderzinken,-2.412,0.387,Ordbeta,T0-T2,DIST,1,Stoderzinken,percapita_repro,-0.00497085505753155,Per capita reproduction,H1,T0,-0.7572905629187225,0.7252842431098,0.4744156233804123,0,-0.41320185179705465,-1.0776404116342828,2.026441533526428,-0.9641796158315374,NAT
Cerastium_fontanum,Cerastium_fontanum_Wytham Woods,-2.419,0.252,Ordbeta,T0-T2,DIST,1,Wytham Woods,FirstStepAtt,-0.42489978157218555,First step attenuation,H3,T0,1.1385262951706692,0.9703437817001139,1.0760089899315513,0,-0.48678535534291734,-0.5976146616129729,0.41522666757088206,-0.12047087426531668,NAT
Cerastium_fontanum,Cerastium_fontanum_Wytham Woods,-2.419,0.252,Ordbeta,T0-T2,DIST,1,Wytham Woods,Lambda,NA,Population growth rate,H4,T0,1.1385262951706692,0.9703437817001139,1.0760089899315513,0,-0.48678535534291734,-0.5976146616129729,0.41522666757088206,-0.12047087426531668,NAT
Cerastium_fontanum,Cerastium_fontanum_Wytham Woods,-2.419,0.252,Ordbeta,T0-T2,DIST,1,Wytham Woods,R0,-0.1925566353181276,Net reproductive rate,H1,T0,1.1385262951706692,0.9703437817001139,1.0760089899315513,0,-0.48678535534291734,-0.5976146616129729,0.41522666757088206,-0.12047087426531668,NAT
Cerastium_fontanum,Cerastium_fontanum_Wytham Woods,-2.419,0.252,Ordbeta,T0-T2,DIST,1,Wytham Woods,Reactivity,-0.3252407290469675,Reactivity,H3,T0,1.1385262951706692,0.9703437817001139,1.0760089899315513,0,-0.48678535534291734,-0.5976146616129729,0.41522666757088206,-0.12047087426531668,NAT
Cerastium_fontanum,Cerastium_fontanum_Wytham Woods,-2.419,0.252,Ordbeta,T0-T2,DIST,1,Wytham Woods,T_generation,-0.5164077679885386,Generation time,H2,T0,1.1385262951706692,0.9703437817001139,1.0760089899315513,0,-0.48678535534291734,-0.5976146616129729,0.41522666757088206,-0.12047087426531668,NAT
Cerastium_fontanum,Cerastium_fontanum_Wytham Woods,-2.419,0.252,Ordbeta,T0-T2,DIST,1,Wytham Woods,age_repro,-0.4050811276147559,Age at first reproduction,H2,T0,1.1385262951706692,0.9703437817001139,1.0760089899315513,0,-0.48678535534291734,-0.5976146616129729,0.41522666757088206,-0.12047087426531668,NAT
Cerastium_fontanum,Cerastium_fontanum_Wytham Woods,-2.419,0.252,Ordbeta,T0-T2,DIST,1,Wytham Woods,percapita_repro,-0.00497085505753155,Per capita reproduction,H1,T0,1.1385262951706692,0.9703437817001139,1.0760089899315513,0,-0.48678535534291734,-0.5976146616129729,0.41522666757088206,-0.12047087426531668,NAT
Cirsium_arvense,Cirsium_arvense_Ainsdale Dune Slacks,-2.305,0.547,Ordbeta,T0-T2,DIST,1,Ainsdale Dune Slacks,FirstStepAtt,-0.5688123954093601,First step attenuation,H3,T0,-0.1721619030145893,-1.7098881757336308,-1.2709888832780574,0,NA,NA,NA,-1.1139892355567158,NAT
Cirsium_arvense,Cirsium_arvense_Ainsdale Dune Slacks,-2.305,0.547,Ordbeta,T0-T2,DIST,1,Ainsdale Dune Slacks,Lambda,NA,Population growth rate,H4,T0,-0.1721619030145893,-1.7098881757336308,-1.2709888832780574,0,NA,NA,NA,-1.1139892355567158,NAT
Cirsium_arvense,Cirsium_arvense_Ainsdale Dune Slacks,-2.305,0.547,Ordbeta,T0-T2,DIST,1,Ainsdale Dune Slacks,R0,0.04336075365085818,Net reproductive rate,H1,T0,-0.1721619030145893,-1.7098881757336308,-1.2709888832780574,0,NA,NA,NA,-1.1139892355567158,NAT
Cirsium_arvense,Cirsium_arvense_Ainsdale Dune Slacks,-2.305,0.547,Ordbeta,T0-T2,DIST,1,Ainsdale Dune Slacks,Reactivity,0.20247980762435347,Reactivity,H3,T0,-0.1721619030145893,-1.7098881757336308,-1.2709888832780574,0,NA,NA,NA,-1.1139892355567158,NAT
Cirsium_arvense,Cirsium_arvense_Ainsdale Dune Slacks,-2.305,0.547,Ordbeta,T0-T2,DIST,1,Ainsdale Dune Slacks,T_generation,-0.35582900897557374,Generation time,H2,T0,-0.1721619030145893,-1.7098881757336308,-1.2709888832780574,0,NA,NA,NA,-1.1139892355567158,NAT
Cirsium_arvense,Cirsium_arvense_Ainsdale Dune Slacks,-2.305,0.547,Ordbeta,T0-T2,DIST,1,Ainsdale Dune Slacks,age_repro,-0.02762662990126844,Age at first reproduction,H2,T0,-0.1721619030145893,-1.7098881757336308,-1.2709888832780574,0,NA,NA,NA,-1.1139892355567158,NAT
Cirsium_arvense,Cirsium_arvense_Ainsdale Dune Slacks,-2.305,0.547,Ordbeta,T0-T2,DIST,1,Ainsdale Dune Slacks,percapita_repro,0.6843502797574397,Per capita reproduction,H1,T0,-0.1721619030145893,-1.7098881757336308,-1.2709888832780574,0,NA,NA,NA,-1.1139892355567158,NAT
Cirsium_arvense,Cirsium_arvense_Bad Lauchstaedt,-2.093,0.264,Ordbeta,T0-T2,DIST,1,Bad Lauchstaedt,FirstStepAtt,-0.5688123954093601,First step attenuation,H3,T0,0.45197533421648606,-0.3753988185590567,-0.11439210590952666,0,0.5690221852496098,0.7959142485449064,-0.7991349509738322,0.3856906316365244,NAT
Cirsium_arvense,Cirsium_arvense_Bad Lauchstaedt,-2.093,0.264,Ordbeta,T0-T2,DIST,1,Bad Lauchstaedt,Lambda,NA,Population growth rate,H4,T0,0.45197533421648606,-0.3753988185590567,-0.11439210590952666,0,0.5690221852496098,0.7959142485449064,-0.7991349509738322,0.3856906316365244,NAT
Cirsium_arvense,Cirsium_arvense_Bad Lauchstaedt,-2.093,0.264,Ordbeta,T0-T2,DIST,1,Bad Lauchstaedt,R0,0.04336075365085818,Net reproductive rate,H1,T0,0.45197533421648606,-0.3753988185590567,-0.11439210590952666,0,0.5690221852496098,0.7959142485449064,-0.7991349509738322,0.3856906316365244,NAT
Cirsium_arvense,Cirsium_arvense_Bad Lauchstaedt,-2.093,0.264,Ordbeta,T0-T2,DIST,1,Bad Lauchstaedt,Reactivity,0.20247980762435347,Reactivity,H3,T0,0.45197533421648606,-0.3753988185590567,-0.11439210590952666,0,0.5690221852496098,0.7959142485449064,-0.7991349509738322,0.3856906316365244,NAT
Cirsium_arvense,Cirsium_arvense_Bad Lauchstaedt,-2.093,0.264,Ordbeta,T0-T2,DIST,1,Bad Lauchstaedt,T_generation,-0.35582900897557374,Generation time,H2,T0,0.45197533421648606,-0.3753988185590567,-0.11439210590952666,0,0.5690221852496098,0.7959142485449064,-0.7991349509738322,0.3856906316365244,NAT
Cirsium_arvense,Cirsium_arvense_Bad Lauchstaedt,-2.093,0.264,Ordbeta,T0-T2,DIST,1,Bad Lauchstaedt,age_repro,-0.02762662990126844,Age at first reproduction,H2,T0,0.45197533421648606,-0.3753988185590567,-0.11439210590952666,0,0.5690221852496098,0.7959142485449064,-0.7991349509738322,0.3856906316365244,NAT
Cirsium_arvense,Cirsium_arvense_Bad Lauchstaedt,-2.093,0.264,Ordbeta,T0-T2,DIST,1,Bad Lauchstaedt,percapita_repro,0.6843502797574397,Per capita reproduction,H1,T0,0.45197533421648606,-0.3753988185590567,-0.11439210590952666,0,0.5690221852496098,0.7959142485449064,-0.7991349509738322,0.3856906316365244,NAT
Cirsium_arvense,Cirsium_arvense_Blandy Experimental Farm,-1.263,0.389,Ordbeta,T0-T2,DIST,1,Blandy Experimental Farm,FirstStepAtt,-0.5688123954093601,First step attenuation,H3,T0,-0.9211265876918799,-0.9121998324506817,-1.444734176104233,0,0.7318735048799031,1.120081927705361,-1.1236658654167908,-0.23930332157524994,INT
Cirsium_arvense,Cirsium_arvense_Blandy Experimental Farm,-1.263,0.389,Ordbeta,T0-T2,DIST,1,Blandy Experimental Farm,Lambda,NA,Population growth rate,H4,T0,-0.9211265876918799,-0.9121998324506817,-1.444734176104233,0,0.7318735048799031,1.120081927705361,-1.1236658654167908,-0.23930332157524994,INT
Cirsium_arvense,Cirsium_arvense_Blandy Experimental Farm,-1.263,0.389,Ordbeta,T0-T2,DIST,1,Blandy Experimental Farm,R0,0.04336075365085818,Net reproductive rate,H1,T0,-0.9211265876918799,-0.9121998324506817,-1.444734176104233,0,0.7318735048799031,1.120081927705361,-1.1236658654167908,-0.23930332157524994,INT
Cirsium_arvense,Cirsium_arvense_Blandy Experimental Farm,-1.263,0.389,Ordbeta,T0-T2,DIST,1,Blandy Experimental Farm,Reactivity,0.20247980762435347,Reactivity,H3,T0,-0.9211265876918799,-0.9121998324506817,-1.444734176104233,0,0.7318735048799031,1.120081927705361,-1.1236658654167908,-0.23930332157524994,INT
Cirsium_arvense,Cirsium_arvense_Blandy Experimental Farm,-1.263,0.389,Ordbeta,T0-T2,DIST,1,Blandy Experimental Farm,T_generation,-0.35582900897557374,Generation time,H2,T0,-0.9211265876918799,-0.9121998324506817,-1.444734176104233,0,0.7318735048799031,1.120081927705361,-1.1236658654167908,-0.23930332157524994,INT
Cirsium_arvense,Cirsium_arvense_Blandy Experimental Farm,-1.263,0.389,Ordbeta,T0-T2,DIST,1,Blandy Experimental Farm,age_repro,-0.02762662990126844,Age at first reproduction,H2,T0,-0.9211265876918799,-0.9121998324506817,-1.444734176104233,0,0.7318735048799031,1.120081927705361,-1.1236658654167908,-0.23930332157524994,INT
Cirsium_arvense,Cirsium_arvense_Blandy Experimental Farm,-1.263,0.389,Ordbeta,T0-T2,DIST,1,Blandy Experimental Farm,percapita_repro,0.6843502797574397,Per capita reproduction,H1,T0,-0.9211265876918799,-0.9121998324506817,-1.444734176104233,0,0.7318735048799031,1.120081927705361,-1.1236658654167908,-0.23930332157524994,INT
Cirsium_arvense,Cirsium_arvense_Hazelrigg,-2.3,0.342,Ordbeta,T0-T2,DIST,1,Hazelrigg,FirstStepAtt,-0.5688123954093601,First step attenuation,H3,T0,-0.6402648309378959,-0.724111880529462,-0.4803806237481249,0,0.7976550265134934,1.1840099047955983,-1.1236658654167908,-0.39516978423442106,NAT
Cirsium_arvense,Cirsium_arvense_Hazelrigg,-2.3,0.342,Ordbeta,T0-T2,DIST,1,Hazelrigg,Lambda,NA,Population growth rate,H4,T0,-0.6402648309378959,-0.724111880529462,-0.4803806237481249,0,0.7976550265134934,1.1840099047955983,-1.1236658654167908,-0.39516978423442106,NAT
Cirsium_arvense,Cirsium_arvense_Hazelrigg,-2.3,0.342,Ordbeta,T0-T2,DIST,1,Hazelrigg,R0,0.04336075365085818,Net reproductive rate,H1,T0,-0.6402648309378959,-0.724111880529462,-0.4803806237481249,0,0.7976550265134934,1.1840099047955983,-1.1236658654167908,-0.39516978423442106,NAT
Cirsium_arvense,Cirsium_arvense_Hazelrigg,-2.3,0.342,Ordbeta,T0-T2,DIST,1,Hazelrigg,Reactivity,0.20247980762435347,Reactivity,H3,T0,-0.6402648309378959,-0.724111880529462,-0.4803806237481249,0,0.7976550265134934,1.1840099047955983,-1.1236658654167908,-0.39516978423442106,NAT
Cirsium_arvense,Cirsium_arvense_Hazelrigg,-2.3,0.342,Ordbeta,T0-T2,DIST,1,Hazelrigg,T_generation,-0.35582900897557374,Generation time,H2,T0,-0.6402648309378959,-0.724111880529462,-0.4803806237481249,0,0.7976550265134934,1.1840099047955983,-1.1236658654167908,-0.39516978423442106,NAT
Cirsium_arvense,Cirsium_arvense_Hazelrigg,-2.3,0.342,Ordbeta,T0-T2,DIST,1,Hazelrigg,age_repro,-0.02762662990126844,Age at first reproduction,H2,T0,-0.6402648309378959,-0.724111880529462,-0.4803806237481249,0,0.7976550265134934,1.1840099047955983,-1.1236658654167908,-0.39516978423442106,NAT
Cirsium_arvense,Cirsium_arvense_Hazelrigg,-2.3,0.342,Ordbeta,T0-T2,DIST,1,Hazelrigg,percapita_repro,0.6843502797574397,Per capita reproduction,H1,T0,-0.6402648309378959,-0.724111880529462,-0.4803806237481249,0,0.7976550265134934,1.1840099047955983,-1.1236658654167908,-0.39516978423442106,NAT
Cirsium_arvense,Cirsium_arvense_Hulun Buir,-2.592,0.412,Ordbeta,T0-T2,DIST,1,Hulun Buir,FirstStepAtt,-0.5688123954093601,First step attenuation,H3,T0,-1.5764706867845093,-1.9035018512877446,-1.444734176104233,0,NA,NA,NA,-0.7741392228567193,NAT
Cirsium_arvense,Cirsium_arvense_Hulun Buir,-2.592,0.412,Ordbeta,T0-T2,DIST,1,Hulun Buir,Lambda,NA,Population growth rate,H4,T0,-1.5764706867845093,-1.9035018512877446,-1.444734176104233,0,NA,NA,NA,-0.7741392228567193,NAT
Cirsium_arvense,Cirsium_arvense_Hulun Buir,-2.592,0.412,Ordbeta,T0-T2,DIST,1,Hulun Buir,R0,0.04336075365085818,Net reproductive rate,H1,T0,-1.5764706867845093,-1.9035018512877446,-1.444734176104233,0,NA,NA,NA,-0.7741392228567193,NAT
Cirsium_arvense,Cirsium_arvense_Hulun Buir,-2.592,0.412,Ordbeta,T0-T2,DIST,1,Hulun Buir,Reactivity,0.20247980762435347,Reactivity,H3,T0,-1.5764706867845093,-1.9035018512877446,-1.444734176104233,0,NA,NA,NA,-0.7741392228567193,NAT
Cirsium_arvense,Cirsium_arvense_Hulun Buir,-2.592,0.412,Ordbeta,T0-T2,DIST,1,Hulun Buir,T_generation,-0.35582900897557374,Generation time,H2,T0,-1.5764706867845093,-1.9035018512877446,-1.444734176104233,0,NA,NA,NA,-0.7741392228567193,NAT
Cirsium_arvense,Cirsium_arvense_Hulun Buir,-2.592,0.412,Ordbeta,T0-T2,DIST,1,Hulun Buir,age_repro,-0.02762662990126844,Age at first reproduction,H2,T0,-1.5764706867845093,-1.9035018512877446,-1.444734176104233,0,NA,NA,NA,-0.7741392228567193,NAT
Cirsium_arvense,Cirsium_arvense_Hulun Buir,-2.592,0.412,Ordbeta,T0-T2,DIST,1,Hulun Buir,percapita_repro,0.6843502797574397,Per capita reproduction,H1,T0,-1.5764706867845093,-1.9035018512877446,-1.444734176104233,0,NA,NA,NA,-0.7741392228567193,NAT
Cirsium_arvense,Cirsium_arvense_Jena,-1.868,0.478,Ordbeta,T0-T2,DIST,1,Jena,FirstStepAtt,-0.5688123954093601,First step attenuation,H3,T0,0.764043952832024,-0.3862370720152753,0.02721357540323855,0,1.6161310595160223,1.0042933264685494,0.3263285755482111,2.0986936183123164,NAT
Cirsium_arvense,Cirsium_arvense_Jena,-1.868,0.478,Ordbeta,T0-T2,DIST,1,Jena,Lambda,NA,Population growth rate,H4,T0,0.764043952832024,-0.3862370720152753,0.02721357540323855,0,1.6161310595160223,1.0042933264685494,0.3263285755482111,2.0986936183123164,NAT
Cirsium_arvense,Cirsium_arvense_Jena,-1.868,0.478,Ordbeta,T0-T2,DIST,1,Jena,R0,0.04336075365085818,Net reproductive rate,H1,T0,0.764043952832024,-0.3862370720152753,0.02721357540323855,0,1.6161310595160223,1.0042933264685494,0.3263285755482111,2.0986936183123164,NAT
Cirsium_arvense,Cirsium_arvense_Jena,-1.868,0.478,Ordbeta,T0-T2,DIST,1,Jena,Reactivity,0.20247980762435347,Reactivity,H3,T0,0.764043952832024,-0.3862370720152753,0.02721357540323855,0,1.6161310595160223,1.0042933264685494,0.3263285755482111,2.0986936183123164,NAT
Cirsium_arvense,Cirsium_arvense_Jena,-1.868,0.478,Ordbeta,T0-T2,DIST,1,Jena,T_generation,-0.35582900897557374,Generation time,H2,T0,0.764043952832024,-0.3862370720152753,0.02721357540323855,0,1.6161310595160223,1.0042933264685494,0.3263285755482111,2.0986936183123164,NAT
Cirsium_arvense,Cirsium_arvense_Jena,-1.868,0.478,Ordbeta,T0-T2,DIST,1,Jena,age_repro,-0.02762662990126844,Age at first reproduction,H2,T0,0.764043952832024,-0.3862370720152753,0.02721357540323855,0,1.6161310595160223,1.0042933264685494,0.3263285755482111,2.0986936183123164,NAT
Cirsium_arvense,Cirsium_arvense_Jena,-1.868,0.478,Ordbeta,T0-T2,DIST,1,Jena,percapita_repro,0.6843502797574397,Per capita reproduction,H1,T0,0.764043952832024,-0.3862370720152753,0.02721357540323855,0,1.6161310595160223,1.0042933264685494,0.3263285755482111,2.0986936183123164,NAT
Cirsium_arvense,Cirsium_arvense_Lublin,-1.958,0.415,Ordbeta,T0-T2,DIST,1,Lublin,FirstStepAtt,-0.5688123954093601,First step attenuation,H3,T0,0.9200782621397927,0.9604863427438979,1.1194775334878724,0,-0.4348762416097607,-0.6652760678718184,0.5867498761097362,0.2778387604157047,NAT
Cirsium_arvense,Cirsium_arvense_Lublin,-1.958,0.415,Ordbeta,T0-T2,DIST,1,Lublin,Lambda,NA,Population growth rate,H4,T0,0.9200782621397927,0.9604863427438979,1.1194775334878724,0,-0.4348762416097607,-0.6652760678718184,0.5867498761097362,0.2778387604157047,NAT
Cirsium_arvense,Cirsium_arvense_Lublin,-1.958,0.415,Ordbeta,T0-T2,DIST,1,Lublin,R0,0.04336075365085818,Net reproductive rate,H1,T0,0.9200782621397927,0.9604863427438979,1.1194775334878724,0,-0.4348762416097607,-0.6652760678718184,0.5867498761097362,0.2778387604157047,NAT
Cirsium_arvense,Cirsium_arvense_Lublin,-1.958,0.415,Ordbeta,T0-T2,DIST,1,Lublin,Reactivity,0.20247980762435347,Reactivity,H3,T0,0.9200782621397927,0.9604863427438979,1.1194775334878724,0,-0.4348762416097607,-0.6652760678718184,0.5867498761097362,0.2778387604157047,NAT
Cirsium_arvense,Cirsium_arvense_Lublin,-1.958,0.415,Ordbeta,T0-T2,DIST,1,Lublin,T_generation,-0.35582900897557374,Generation time,H2,T0,0.9200782621397927,0.9604863427438979,1.1194775334878724,0,-0.4348762416097607,-0.6652760678718184,0.5867498761097362,0.2778387604157047,NAT
Cirsium_arvense,Cirsium_arvense_Lublin,-1.958,0.415,Ordbeta,T0-T2,DIST,1,Lublin,age_repro,-0.02762662990126844,Age at first reproduction,H2,T0,0.9200782621397927,0.9604863427438979,1.1194775334878724,0,-0.4348762416097607,-0.6652760678718184,0.5867498761097362,0.2778387604157047,NAT
Cirsium_arvense,Cirsium_arvense_Lublin,-1.958,0.415,Ordbeta,T0-T2,DIST,1,Lublin,percapita_repro,0.6843502797574397,Per capita reproduction,H1,T0,0.9200782621397927,0.9604863427438979,1.1194775334878724,0,-0.4348762416097607,-0.6652760678718184,0.5867498761097362,0.2778387604157047,NAT
Cirsium_arvense,Cirsium_arvense_Oak Lake Field Station,-2.309,0.335,Ordbeta,T0-T2,DIST,1,Oak Lake Field Station,FirstStepAtt,-0.5688123954093601,First step attenuation,H3,T0,-1.4828501011998478,0.07910218638638122,-1.444734176104233,0,NA,NA,NA,-1.1408838408782984,NA
Cirsium_arvense,Cirsium_arvense_Oak Lake Field Station,-2.309,0.335,Ordbeta,T0-T2,DIST,1,Oak Lake Field Station,Lambda,NA,Population growth rate,H4,T0,-1.4828501011998478,0.07910218638638122,-1.444734176104233,0,NA,NA,NA,-1.1408838408782984,NA
Cirsium_arvense,Cirsium_arvense_Oak Lake Field Station,-2.309,0.335,Ordbeta,T0-T2,DIST,1,Oak Lake Field Station,R0,0.04336075365085818,Net reproductive rate,H1,T0,-1.4828501011998478,0.07910218638638122,-1.444734176104233,0,NA,NA,NA,-1.1408838408782984,NA
Cirsium_arvense,Cirsium_arvense_Oak Lake Field Station,-2.309,0.335,Ordbeta,T0-T2,DIST,1,Oak Lake Field Station,Reactivity,0.20247980762435347,Reactivity,H3,T0,-1.4828501011998478,0.07910218638638122,-1.444734176104233,0,NA,NA,NA,-1.1408838408782984,NA
Cirsium_arvense,Cirsium_arvense_Oak Lake Field Station,-2.309,0.335,Ordbeta,T0-T2,DIST,1,Oak Lake Field Station,T_generation,-0.35582900897557374,Generation time,H2,T0,-1.4828501011998478,0.07910218638638122,-1.444734176104233,0,NA,NA,NA,-1.1408838408782984,NA
Cirsium_arvense,Cirsium_arvense_Oak Lake Field Station,-2.309,0.335,Ordbeta,T0-T2,DIST,1,Oak Lake Field Station,age_repro,-0.02762662990126844,Age at first reproduction,H2,T0,-1.4828501011998478,0.07910218638638122,-1.444734176104233,0,NA,NA,NA,-1.1408838408782984,NA
Cirsium_arvense,Cirsium_arvense_Oak Lake Field Station,-2.309,0.335,Ordbeta,T0-T2,DIST,1,Oak Lake Field Station,percapita_repro,0.6843502797574397,Per capita reproduction,H1,T0,-1.4828501011998478,0.07910218638638122,-1.444734176104233,0,NA,NA,NA,-1.1408838408782984,NA
Cirsium_palustre,Cirsium_palustre_Ainsdale Dune Slacks,-2.828,0.423,Ordbeta,T0-T2,DIST,1,Ainsdale Dune Slacks,FirstStepAtt,-0.38931064093026646,First step attenuation,H3,T0,-0.1721619030145893,-1.7098881757336308,-1.2709888832780574,0,NA,NA,NA,-1.1139892355567158,NAT
Cirsium_palustre,Cirsium_palustre_Ainsdale Dune Slacks,-2.828,0.423,Ordbeta,T0-T2,DIST,1,Ainsdale Dune Slacks,Lambda,0.9206986584841274,Population growth rate,H4,T0,-0.1721619030145893,-1.7098881757336308,-1.2709888832780574,0,NA,NA,NA,-1.1139892355567158,NAT
Cirsium_palustre,Cirsium_palustre_Ainsdale Dune Slacks,-2.828,0.423,Ordbeta,T0-T2,DIST,1,Ainsdale Dune Slacks,R0,-0.19926979122603125,Net reproductive rate,H1,T0,-0.1721619030145893,-1.7098881757336308,-1.2709888832780574,0,NA,NA,NA,-1.1139892355567158,NAT
Cirsium_palustre,Cirsium_palustre_Ainsdale Dune Slacks,-2.828,0.423,Ordbeta,T0-T2,DIST,1,Ainsdale Dune Slacks,Reactivity,1.280999520896582,Reactivity,H3,T0,-0.1721619030145893,-1.7098881757336308,-1.2709888832780574,0,NA,NA,NA,-1.1139892355567158,NAT
Cirsium_palustre,Cirsium_palustre_Ainsdale Dune Slacks,-2.828,0.423,Ordbeta,T0-T2,DIST,1,Ainsdale Dune Slacks,T_generation,-0.18211160831819104,Generation time,H2,T0,-0.1721619030145893,-1.7098881757336308,-1.2709888832780574,0,NA,NA,NA,-1.1139892355567158,NAT
Cirsium_palustre,Cirsium_palustre_Ainsdale Dune Slacks,-2.828,0.423,Ordbeta,T0-T2,DIST,1,Ainsdale Dune Slacks,age_repro,0.681849938005893,Age at first reproduction,H2,T0,-0.1721619030145893,-1.7098881757336308,-1.2709888832780574,0,NA,NA,NA,-1.1139892355567158,NAT
Cirsium_palustre,Cirsium_palustre_Ainsdale Dune Slacks,-2.828,0.423,Ordbeta,T0-T2,DIST,1,Ainsdale Dune Slacks,percapita_repro,0.26108658852987876,Per capita reproduction,H1,T0,-0.1721619030145893,-1.7098881757336308,-1.2709888832780574,0,NA,NA,NA,-1.1139892355567158,NAT
Cirsium_vulgare,Cirsium_vulgare_Bad Lauchstaedt,-2.591,0.5,Ordbeta,T0-T2,DIST,1,Bad Lauchstaedt,FirstStepAtt,-0.36055820027237057,First step attenuation,H3,T0,0.45197533421648606,-0.3753988185590567,-0.11439210590952666,0,0.5690221852496098,0.7959142485449064,-0.7991349509738322,0.3856906316365244,NAT
Cirsium_vulgare,Cirsium_vulgare_Bad Lauchstaedt,-2.591,0.5,Ordbeta,T0-T2,DIST,1,Bad Lauchstaedt,Lambda,-0.697328122332606,Population growth rate,H4,T0,0.45197533421648606,-0.3753988185590567,-0.11439210590952666,0,0.5690221852496098,0.7959142485449064,-0.7991349509738322,0.3856906316365244,NAT
Cirsium_vulgare,Cirsium_vulgare_Bad Lauchstaedt,-2.591,0.5,Ordbeta,T0-T2,DIST,1,Bad Lauchstaedt,R0,-0.23527294071501026,Net reproductive rate,H1,T0,0.45197533421648606,-0.3753988185590567,-0.11439210590952666,0,0.5690221852496098,0.7959142485449064,-0.7991349509738322,0.3856906316365244,NAT
Cirsium_vulgare,Cirsium_vulgare_Bad Lauchstaedt,-2.591,0.5,Ordbeta,T0-T2,DIST,1,Bad Lauchstaedt,Reactivity,0.21195276294366952,Reactivity,H3,T0,0.45197533421648606,-0.3753988185590567,-0.11439210590952666,0,0.5690221852496098,0.7959142485449064,-0.7991349509738322,0.3856906316365244,NAT
Cirsium_vulgare,Cirsium_vulgare_Bad Lauchstaedt,-2.591,0.5,Ordbeta,T0-T2,DIST,1,Bad Lauchstaedt,T_generation,0.3375441225447498,Generation time,H2,T0,0.45197533421648606,-0.3753988185590567,-0.11439210590952666,0,0.5690221852496098,0.7959142485449064,-0.7991349509738322,0.3856906316365244,NAT
Cirsium_vulgare,Cirsium_vulgare_Bad Lauchstaedt,-2.591,0.5,Ordbeta,T0-T2,DIST,1,Bad Lauchstaedt,age_repro,-0.3009117470346242,Age at first reproduction,H2,T0,0.45197533421648606,-0.3753988185590567,-0.11439210590952666,0,0.5690221852496098,0.7959142485449064,-0.7991349509738322,0.3856906316365244,NAT
Cirsium_vulgare,Cirsium_vulgare_Bad Lauchstaedt,-2.591,0.5,Ordbeta,T0-T2,DIST,1,Bad Lauchstaedt,percapita_repro,-0.14810398418329,Per capita reproduction,H1,T0,0.45197533421648606,-0.3753988185590567,-0.11439210590952666,0,0.5690221852496098,0.7959142485449064,-0.7991349509738322,0.3856906316365244,NAT
Cirsium_vulgare,Cirsium_vulgare_Cass,-2.781,0.474,Ordbeta,T0-T2,DIST,1,Cass,FirstStepAtt,-0.36055820027237057,First step attenuation,H3,T0,-1.1083677588612026,-0.6584342437751642,-0.605387594935645,0,NA,NA,NA,-1.1372163946980824,INT
Cirsium_vulgare,Cirsium_vulgare_Cass,-2.781,0.474,Ordbeta,T0-T2,DIST,1,Cass,Lambda,-0.697328122332606,Population growth rate,H4,T0,-1.1083677588612026,-0.6584342437751642,-0.605387594935645,0,NA,NA,NA,-1.1372163946980824,INT
Cirsium_vulgare,Cirsium_vulgare_Cass,-2.781,0.474,Ordbeta,T0-T2,DIST,1,Cass,R0,-0.23527294071501026,Net reproductive rate,H1,T0,-1.1083677588612026,-0.6584342437751642,-0.605387594935645,0,NA,NA,NA,-1.1372163946980824,INT
Cirsium_vulgare,Cirsium_vulgare_Cass,-2.781,0.474,Ordbeta,T0-T2,DIST,1,Cass,Reactivity,0.21195276294366952,Reactivity,H3,T0,-1.1083677588612026,-0.6584342437751642,-0.605387594935645,0,NA,NA,NA,-1.1372163946980824,INT
Cirsium_vulgare,Cirsium_vulgare_Cass,-2.781,0.474,Ordbeta,T0-T2,DIST,1,Cass,T_generation,0.3375441225447498,Generation time,H2,T0,-1.1083677588612026,-0.6584342437751642,-0.605387594935645,0,NA,NA,NA,-1.1372163946980824,INT
Cirsium_vulgare,Cirsium_vulgare_Cass,-2.781,0.474,Ordbeta,T0-T2,DIST,1,Cass,age_repro,-0.3009117470346242,Age at first reproduction,H2,T0,-1.1083677588612026,-0.6584342437751642,-0.605387594935645,0,NA,NA,NA,-1.1372163946980824,INT
Cirsium_vulgare,Cirsium_vulgare_Cass,-2.781,0.474,Ordbeta,T0-T2,DIST,1,Cass,percapita_repro,-0.14810398418329,Per capita reproduction,H1,T0,-1.1083677588612026,-0.6584342437751642,-0.605387594935645,0,NA,NA,NA,-1.1372163946980824,INT
Cirsium_vulgare,Cirsium_vulgare_Cowichan,-2.32,0.44,Ordbeta,T0-T2,DIST,1,Cowichan,FirstStepAtt,-0.36055820027237057,First step attenuation,H3,NA,NA,NA,NA,NA,NA,NA,NA,NA,INT
Cirsium_vulgare,Cirsium_vulgare_Cowichan,-2.32,0.44,Ordbeta,T0-T2,DIST,1,Cowichan,Lambda,-0.697328122332606,Population growth rate,H4,NA,NA,NA,NA,NA,NA,NA,NA,NA,INT
Cirsium_vulgare,Cirsium_vulgare_Cowichan,-2.32,0.44,Ordbeta,T0-T2,DIST,1,Cowichan,R0,-0.23527294071501026,Net reproductive rate,H1,NA,NA,NA,NA,NA,NA,NA,NA,NA,INT
Cirsium_vulgare,Cirsium_vulgare_Cowichan,-2.32,0.44,Ordbeta,T0-T2,DIST,1,Cowichan,Reactivity,0.21195276294366952,Reactivity,H3,NA,NA,NA,NA,NA,NA,NA,NA,NA,INT
Cirsium_vulgare,Cirsium_vulgare_Cowichan,-2.32,0.44,Ordbeta,T0-T2,DIST,1,Cowichan,T_generation,0.3375441225447498,Generation time,H2,NA,NA,NA,NA,NA,NA,NA,NA,NA,INT
Cirsium_vulgare,Cirsium_vulgare_Cowichan,-2.32,0.44,Ordbeta,T0-T2,DIST,1,Cowichan,age_repro,-0.3009117470346242,Age at first reproduction,H2,NA,NA,NA,NA,NA,NA,NA,NA,NA,INT
Cirsium_vulgare,Cirsium_vulgare_Cowichan,-2.32,0.44,Ordbeta,T0-T2,DIST,1,Cowichan,percapita_repro,-0.14810398418329,Per capita reproduction,H1,NA,NA,NA,NA,NA,NA,NA,NA,NA,INT
Cirsium_vulgare,Cirsium_vulgare_Jena,-2.591,0.5,Ordbeta,T0-T2,DIST,1,Jena,FirstStepAtt,-0.36055820027237057,First step attenuation,H3,T0,0.764043952832024,-0.3862370720152753,0.02721357540323855,0,1.6161310595160223,1.0042933264685494,0.3263285755482111,2.0986936183123164,NAT
Cirsium_vulgare,Cirsium_vulgare_Jena,-2.591,0.5,Ordbeta,T0-T2,DIST,1,Jena,Lambda,-0.697328122332606,Population growth rate,H4,T0,0.764043952832024,-0.3862370720152753,0.02721357540323855,0,1.6161310595160223,1.0042933264685494,0.3263285755482111,2.0986936183123164,NAT
Cirsium_vulgare,Cirsium_vulgare_Jena,-2.591,0.5,Ordbeta,T0-T2,DIST,1,Jena,R0,-0.23527294071501026,Net reproductive rate,H1,T0,0.764043952832024,-0.3862370720152753,0.02721357540323855,0,1.6161310595160223,1.0042933264685494,0.3263285755482111,2.0986936183123164,NAT
Cirsium_vulgare,Cirsium_vulgare_Jena,-2.591,0.5,Ordbeta,T0-T2,DIST,1,Jena,Reactivity,0.21195276294366952,Reactivity,H3,T0,0.764043952832024,-0.3862370720152753,0.02721357540323855,0,1.6161310595160223,1.0042933264685494,0.3263285755482111,2.0986936183123164,NAT
Cirsium_vulgare,Cirsium_vulgare_Jena,-2.591,0.5,Ordbeta,T0-T2,DIST,1,Jena,T_generation,0.3375441225447498,Generation time,H2,T0,0.764043952832024,-0.3862370720152753,0.02721357540323855,0,1.6161310595160223,1.0042933264685494,0.3263285755482111,2.0986936183123164,NAT
Cirsium_vulgare,Cirsium_vulgare_Jena,-2.591,0.5,Ordbeta,T0-T2,DIST,1,Jena,age_repro,-0.3009117470346242,Age at first reproduction,H2,T0,0.764043952832024,-0.3862370720152753,0.02721357540323855,0,1.6161310595160223,1.0042933264685494,0.3263285755482111,2.0986936183123164,NAT
Cirsium_vulgare,Cirsium_vulgare_Jena,-2.591,0.5,Ordbeta,T0-T2,DIST,1,Jena,percapita_repro,-0.14810398418329,Per capita reproduction,H1,T0,0.764043952832024,-0.3862370720152753,0.02721357540323855,0,1.6161310595160223,1.0042933264685494,0.3263285755482111,2.0986936183123164,NAT
Cirsium_vulgare,Cirsium_vulgare_San Claudio,-2.087,0.373,Ordbeta,T0-T2,DIST,1,San Claudio,FirstStepAtt,-0.36055820027237057,First step attenuation,H3,T0,-1.4204363774767406,3.05300824289757,-1.444734176104233,0,NA,NA,NA,-1.1775583026804564,INT
Cirsium_vulgare,Cirsium_vulgare_San Claudio,-2.087,0.373,Ordbeta,T0-T2,DIST,1,San Claudio,Lambda,-0.697328122332606,Population growth rate,H4,T0,-1.4204363774767406,3.05300824289757,-1.444734176104233,0,NA,NA,NA,-1.1775583026804564,INT
Cirsium_vulgare,Cirsium_vulgare_San Claudio,-2.087,0.373,Ordbeta,T0-T2,DIST,1,San Claudio,R0,-0.23527294071501026,Net reproductive rate,H1,T0,-1.4204363774767406,3.05300824289757,-1.444734176104233,0,NA,NA,NA,-1.1775583026804564,INT
Cirsium_vulgare,Cirsium_vulgare_San Claudio,-2.087,0.373,Ordbeta,T0-T2,DIST,1,San Claudio,Reactivity,0.21195276294366952,Reactivity,H3,T0,-1.4204363774767406,3.05300824289757,-1.444734176104233,0,NA,NA,NA,-1.1775583026804564,INT
Cirsium_vulgare,Cirsium_vulgare_San Claudio,-2.087,0.373,Ordbeta,T0-T2,DIST,1,San Claudio,T_generation,0.3375441225447498,Generation time,H2,T0,-1.4204363774767406,3.05300824289757,-1.444734176104233,0,NA,NA,NA,-1.1775583026804564,INT
Cirsium_vulgare,Cirsium_vulgare_San Claudio,-2.087,0.373,Ordbeta,T0-T2,DIST,1,San Claudio,age_repro,-0.3009117470346242,Age at first reproduction,H2,T0,-1.4204363774767406,3.05300824289757,-1.444734176104233,0,NA,NA,NA,-1.1775583026804564,INT
Cirsium_vulgare,Cirsium_vulgare_San Claudio,-2.087,0.373,Ordbeta,T0-T2,DIST,1,San Claudio,percapita_repro,-0.14810398418329,Per capita reproduction,H1,T0,-1.4204363774767406,3.05300824289757,-1.444734176104233,0,NA,NA,NA,-1.1775583026804564,INT
Daucus_carota,Daucus_carota_Agroscope Changins,-2.484,0.307,Ordbeta,T0-T2,DIST,1,Agroscope Changins,FirstStepAtt,-0.6517754678461813,First step attenuation,H3,T0,1.1151211487745039,1.231861200363381,1.4334641159886803,0,-1.2881608799324629,-1.398708630217884,1.650051594077399,0.46165430853599404,NAT
Daucus_carota,Daucus_carota_Agroscope Changins,-2.484,0.307,Ordbeta,T0-T2,DIST,1,Agroscope Changins,Lambda,1.5923824701207037,Population growth rate,H4,T0,1.1151211487745039,1.231861200363381,1.4334641159886803,0,-1.2881608799324629,-1.398708630217884,1.650051594077399,0.46165430853599404,NAT
Daucus_carota,Daucus_carota_Agroscope Changins,-2.484,0.307,Ordbeta,T0-T2,DIST,1,Agroscope Changins,R0,-0.17425733134525537,Net reproductive rate,H1,T0,1.1151211487745039,1.231861200363381,1.4334641159886803,0,-1.2881608799324629,-1.398708630217884,1.650051594077399,0.46165430853599404,NAT
Daucus_carota,Daucus_carota_Agroscope Changins,-2.484,0.307,Ordbeta,T0-T2,DIST,1,Agroscope Changins,Reactivity,NA,Reactivity,H3,T0,1.1151211487745039,1.231861200363381,1.4334641159886803,0,-1.2881608799324629,-1.398708630217884,1.650051594077399,0.46165430853599404,NAT
Daucus_carota,Daucus_carota_Agroscope Changins,-2.484,0.307,Ordbeta,T0-T2,DIST,1,Agroscope Changins,T_generation,-0.19937708319086608,Generation time,H2,T0,1.1151211487745039,1.231861200363381,1.4334641159886803,0,-1.2881608799324629,-1.398708630217884,1.650051594077399,0.46165430853599404,NAT
Daucus_carota,Daucus_carota_Agroscope Changins,-2.484,0.307,Ordbeta,T0-T2,DIST,1,Agroscope Changins,age_repro,0.4560045034601492,Age at first reproduction,H2,T0,1.1151211487745039,1.231861200363381,1.4334641159886803,0,-1.2881608799324629,-1.398708630217884,1.650051594077399,0.46165430853599404,NAT
Daucus_carota,Daucus_carota_Agroscope Changins,-2.484,0.307,Ordbeta,T0-T2,DIST,1,Agroscope Changins,percapita_repro,NA,Per capita reproduction,H1,T0,1.1151211487745039,1.231861200363381,1.4334641159886803,0,-1.2881608799324629,-1.398708630217884,1.650051594077399,0.46165430853599404,NAT
Daucus_carota,Daucus_carota_Bad Lauchstaedt,-2.557,0.365,Ordbeta,T0-T2,DIST,1,Bad Lauchstaedt,FirstStepAtt,-0.6517754678461813,First step attenuation,H3,T0,0.45197533421648606,-0.3753988185590567,-0.11439210590952666,0,0.5690221852496098,0.7959142485449064,-0.7991349509738322,0.3856906316365244,NAT
Daucus_carota,Daucus_carota_Bad Lauchstaedt,-2.557,0.365,Ordbeta,T0-T2,DIST,1,Bad Lauchstaedt,Lambda,1.5923824701207037,Population growth rate,H4,T0,0.45197533421648606,-0.3753988185590567,-0.11439210590952666,0,0.5690221852496098,0.7959142485449064,-0.7991349509738322,0.3856906316365244,NAT
Daucus_carota,Daucus_carota_Bad Lauchstaedt,-2.557,0.365,Ordbeta,T0-T2,DIST,1,Bad Lauchstaedt,R0,-0.17425733134525537,Net reproductive rate,H1,T0,0.45197533421648606,-0.3753988185590567,-0.11439210590952666,0,0.5690221852496098,0.7959142485449064,-0.7991349509738322,0.3856906316365244,NAT
Daucus_carota,Daucus_carota_Bad Lauchstaedt,-2.557,0.365,Ordbeta,T0-T2,DIST,1,Bad Lauchstaedt,Reactivity,NA,Reactivity,H3,T0,0.45197533421648606,-0.3753988185590567,-0.11439210590952666,0,0.5690221852496098,0.7959142485449064,-0.7991349509738322,0.3856906316365244,NAT
Daucus_carota,Daucus_carota_Bad Lauchstaedt,-2.557,0.365,Ordbeta,T0-T2,DIST,1,Bad Lauchstaedt,T_generation,-0.19937708319086608,Generation time,H2,T0,0.45197533421648606,-0.3753988185590567,-0.11439210590952666,0,0.5690221852496098,0.7959142485449064,-0.7991349509738322,0.3856906316365244,NAT
Daucus_carota,Daucus_carota_Bad Lauchstaedt,-2.557,0.365,Ordbeta,T0-T2,DIST,1,Bad Lauchstaedt,age_repro,0.4560045034601492,Age at first reproduction,H2,T0,0.45197533421648606,-0.3753988185590567,-0.11439210590952666,0,0.5690221852496098,0.7959142485449064,-0.7991349509738322,0.3856906316365244,NAT
Daucus_carota,Daucus_carota_Bad Lauchstaedt,-2.557,0.365,Ordbeta,T0-T2,DIST,1,Bad Lauchstaedt,percapita_repro,NA,Per capita reproduction,H1,T0,0.45197533421648606,-0.3753988185590567,-0.11439210590952666,0,0.5690221852496098,0.7959142485449064,-0.7991349509738322,0.3856906316365244,NAT
Daucus_carota,Daucus_carota_CEREEP - Ecotron IDF,-2.119,0.32,Ordbeta,T0-T2,DIST,1,CEREEP - Ecotron IDF,FirstStepAtt,-0.6517754678461813,First step attenuation,H3,NA,NA,NA,NA,NA,NA,NA,NA,NA,NAT
Daucus_carota,Daucus_carota_CEREEP - Ecotron IDF,-2.119,0.32,Ordbeta,T0-T2,DIST,1,CEREEP - Ecotron IDF,Lambda,1.5923824701207037,Population growth rate,H4,NA,NA,NA,NA,NA,NA,NA,NA,NA,NAT
Daucus_carota,Daucus_carota_CEREEP - Ecotron IDF,-2.119,0.32,Ordbeta,T0-T2,DIST,1,CEREEP - Ecotron IDF,R0,-0.17425733134525537,Net reproductive rate,H1,NA,NA,NA,NA,NA,NA,NA,NA,NA,NAT
Daucus_carota,Daucus_carota_CEREEP - Ecotron IDF,-2.119,0.32,Ordbeta,T0-T2,DIST,1,CEREEP - Ecotron IDF,Reactivity,NA,Reactivity,H3,NA,NA,NA,NA,NA,NA,NA,NA,NA,NAT
Daucus_carota,Daucus_carota_CEREEP - Ecotron IDF,-2.119,0.32,Ordbeta,T0-T2,DIST,1,CEREEP - Ecotron IDF,T_generation,-0.19937708319086608,Generation time,H2,NA,NA,NA,NA,NA,NA,NA,NA,NA,NAT
Daucus_carota,Daucus_carota_CEREEP - Ecotron IDF,-2.119,0.32,Ordbeta,T0-T2,DIST,1,CEREEP - Ecotron IDF,age_repro,0.4560045034601492,Age at first reproduction,H2,NA,NA,NA,NA,NA,NA,NA,NA,NA,NAT
Daucus_carota,Daucus_carota_CEREEP - Ecotron IDF,-2.119,0.32,Ordbeta,T0-T2,DIST,1,CEREEP - Ecotron IDF,percapita_repro,NA,Per capita reproduction,H1,NA,NA,NA,NA,NA,NA,NA,NA,NA,NAT
Daucus_carota,Daucus_carota_Churning Rapids,-2.021,0.354,Ordbeta,T0-T2,DIST,1,Churning Rapids,FirstStepAtt,-0.6517754678461813,First step attenuation,H3,T0,-0.28918763499541594,-0.21060534979087156,-0.11844543096706447,0,-0.3059248891415658,0.04365022904444811,-0.8281278578251694,-0.4293992819164351,INT
Daucus_carota,Daucus_carota_Churning Rapids,-2.021,0.354,Ordbeta,T0-T2,DIST,1,Churning Rapids,Lambda,1.5923824701207037,Population growth rate,H4,T0,-0.28918763499541594,-0.21060534979087156,-0.11844543096706447,0,-0.3059248891415658,0.04365022904444811,-0.8281278578251694,-0.4293992819164351,INT
Daucus_carota,Daucus_carota_Churning Rapids,-2.021,0.354,Ordbeta,T0-T2,DIST,1,Churning Rapids,R0,-0.17425733134525537,Net reproductive rate,H1,T0,-0.28918763499541594,-0.21060534979087156,-0.11844543096706447,0,-0.3059248891415658,0.04365022904444811,-0.8281278578251694,-0.4293992819164351,INT
Daucus_carota,Daucus_carota_Churning Rapids,-2.021,0.354,Ordbeta,T0-T2,DIST,1,Churning Rapids,Reactivity,NA,Reactivity,H3,T0,-0.28918763499541594,-0.21060534979087156,-0.11844543096706447,0,-0.3059248891415658,0.04365022904444811,-0.8281278578251694,-0.4293992819164351,INT
Daucus_carota,Daucus_carota_Churning Rapids,-2.021,0.354,Ordbeta,T0-T2,DIST,1,Churning Rapids,T_generation,-0.19937708319086608,Generation time,H2,T0,-0.28918763499541594,-0.21060534979087156,-0.11844543096706447,0,-0.3059248891415658,0.04365022904444811,-0.8281278578251694,-0.4293992819164351,INT
Daucus_carota,Daucus_carota_Churning Rapids,-2.021,0.354,Ordbeta,T0-T2,DIST,1,Churning Rapids,age_repro,0.4560045034601492,Age at first reproduction,H2,T0,-0.28918763499541594,-0.21060534979087156,-0.11844543096706447,0,-0.3059248891415658,0.04365022904444811,-0.8281278578251694,-0.4293992819164351,INT
Daucus_carota,Daucus_carota_Churning Rapids,-2.021,0.354,Ordbeta,T0-T2,DIST,1,Churning Rapids,percapita_repro,NA,Per capita reproduction,H1,T0,-0.28918763499541594,-0.21060534979087156,-0.11844543096706447,0,-0.3059248891415658,0.04365022904444811,-0.8281278578251694,-0.4293992819164351,INT
Daucus_carota,Daucus_carota_Kellogg Biological Station (KBS),-2.4,0.299,Ordbeta,T0-T2,DIST,1,Kellogg Biological Station (KBS),FirstStepAtt,-0.6517754678461813,First step attenuation,H3,T0,0.6080096435242552,-0.3823161357234788,-0.16217943353098632,0,-0.6951717449115951,-0.3815561424686202,-0.7649907190758011,2.026063801802161,INT
Daucus_carota,Daucus_carota_Kellogg Biological Station (KBS),-2.4,0.299,Ordbeta,T0-T2,DIST,1,Kellogg Biological Station (KBS),Lambda,1.5923824701207037,Population growth rate,H4,T0,0.6080096435242552,-0.3823161357234788,-0.16217943353098632,0,-0.6951717449115951,-0.3815561424686202,-0.7649907190758011,2.026063801802161,INT
Daucus_carota,Daucus_carota_Kellogg Biological Station (KBS),-2.4,0.299,Ordbeta,T0-T2,DIST,1,Kellogg Biological Station (KBS),R0,-0.17425733134525537,Net reproductive rate,H1,T0,0.6080096435242552,-0.3823161357234788,-0.16217943353098632,0,-0.6951717449115951,-0.3815561424686202,-0.7649907190758011,2.026063801802161,INT
Daucus_carota,Daucus_carota_Kellogg Biological Station (KBS),-2.4,0.299,Ordbeta,T0-T2,DIST,1,Kellogg Biological Station (KBS),Reactivity,NA,Reactivity,H3,T0,0.6080096435242552,-0.3823161357234788,-0.16217943353098632,0,-0.6951717449115951,-0.3815561424686202,-0.7649907190758011,2.026063801802161,INT
Daucus_carota,Daucus_carota_Kellogg Biological Station (KBS),-2.4,0.299,Ordbeta,T0-T2,DIST,1,Kellogg Biological Station (KBS),T_generation,-0.19937708319086608,Generation time,H2,T0,0.6080096435242552,-0.3823161357234788,-0.16217943353098632,0,-0.6951717449115951,-0.3815561424686202,-0.7649907190758011,2.026063801802161,INT
Daucus_carota,Daucus_carota_Kellogg Biological Station (KBS),-2.4,0.299,Ordbeta,T0-T2,DIST,1,Kellogg Biological Station (KBS),age_repro,0.4560045034601492,Age at first reproduction,H2,T0,0.6080096435242552,-0.3823161357234788,-0.16217943353098632,0,-0.6951717449115951,-0.3815561424686202,-0.7649907190758011,2.026063801802161,INT
Daucus_carota,Daucus_carota_Kellogg Biological Station (KBS),-2.4,0.299,Ordbeta,T0-T2,DIST,1,Kellogg Biological Station (KBS),percapita_repro,NA,Per capita reproduction,H1,T0,0.6080096435242552,-0.3823161357234788,-0.16217943353098632,0,-0.6951717449115951,-0.3815561424686202,-0.7649907190758011,2.026063801802161,INT
Daucus_carota,Daucus_carota_Kniezenberg,-2.567,0.504,Ordbeta,T0-T2,DIST,1,Kniezenberg,FirstStepAtt,-0.6517754678461813,First step attenuation,H3,T0,0.061889560947064014,-0.8020551636910082,-0.735183579836512,0,-1.2184013945374839,-0.8038659869745547,-0.9964378960740793,-1.0919845584754213,NAT
Daucus_carota,Daucus_carota_Kniezenberg,-2.567,0.504,Ordbeta,T0-T2,DIST,1,Kniezenberg,Lambda,1.5923824701207037,Population growth rate,H4,T0,0.061889560947064014,-0.8020551636910082,-0.735183579836512,0,-1.2184013945374839,-0.8038659869745547,-0.9964378960740793,-1.0919845584754213,NAT
Daucus_carota,Daucus_carota_Kniezenberg,-2.567,0.504,Ordbeta,T0-T2,DIST,1,Kniezenberg,R0,-0.17425733134525537,Net reproductive rate,H1,T0,0.061889560947064014,-0.8020551636910082,-0.735183579836512,0,-1.2184013945374839,-0.8038659869745547,-0.9964378960740793,-1.0919845584754213,NAT
Daucus_carota,Daucus_carota_Kniezenberg,-2.567,0.504,Ordbeta,T0-T2,DIST,1,Kniezenberg,Reactivity,NA,Reactivity,H3,T0,0.061889560947064014,-0.8020551636910082,-0.735183579836512,0,-1.2184013945374839,-0.8038659869745547,-0.9964378960740793,-1.0919845584754213,NAT
Daucus_carota,Daucus_carota_Kniezenberg,-2.567,0.504,Ordbeta,T0-T2,DIST,1,Kniezenberg,T_generation,-0.19937708319086608,Generation time,H2,T0,0.061889560947064014,-0.8020551636910082,-0.735183579836512,0,-1.2184013945374839,-0.8038659869745547,-0.9964378960740793,-1.0919845584754213,NAT
Daucus_carota,Daucus_carota_Kniezenberg,-2.567,0.504,Ordbeta,T0-T2,DIST,1,Kniezenberg,age_repro,0.4560045034601492,Age at first reproduction,H2,T0,0.061889560947064014,-0.8020551636910082,-0.735183579836512,0,-1.2184013945374839,-0.8038659869745547,-0.9964378960740793,-1.0919845584754213,NAT
Daucus_carota,Daucus_carota_Kniezenberg,-2.567,0.504,Ordbeta,T0-T2,DIST,1,Kniezenberg,percapita_repro,NA,Per capita reproduction,H1,T0,0.061889560947064014,-0.8020551636910082,-0.735183579836512,0,-1.2184013945374839,-0.8038659869745547,-0.9964378960740793,-1.0919845584754213,NAT
Daucus_carota,Daucus_carota_Lublin,-2.074,0.408,Ordbeta,T0-T2,DIST,1,Lublin,FirstStepAtt,-0.6517754678461813,First step attenuation,H3,T0,0.9200782621397927,0.9604863427438979,1.1194775334878724,0,-0.4348762416097607,-0.6652760678718184,0.5867498761097362,0.2778387604157047,NAT
Daucus_carota,Daucus_carota_Lublin,-2.074,0.408,Ordbeta,T0-T2,DIST,1,Lublin,Lambda,1.5923824701207037,Population growth rate,H4,T0,0.9200782621397927,0.9604863427438979,1.1194775334878724,0,-0.4348762416097607,-0.6652760678718184,0.5867498761097362,0.2778387604157047,NAT
Daucus_carota,Daucus_carota_Lublin,-2.074,0.408,Ordbeta,T0-T2,DIST,1,Lublin,R0,-0.17425733134525537,Net reproductive rate,H1,T0,0.9200782621397927,0.9604863427438979,1.1194775334878724,0,-0.4348762416097607,-0.6652760678718184,0.5867498761097362,0.2778387604157047,NAT
Daucus_carota,Daucus_carota_Lublin,-2.074,0.408,Ordbeta,T0-T2,DIST,1,Lublin,Reactivity,NA,Reactivity,H3,T0,0.9200782621397927,0.9604863427438979,1.1194775334878724,0,-0.4348762416097607,-0.6652760678718184,0.5867498761097362,0.2778387604157047,NAT
Daucus_carota,Daucus_carota_Lublin,-2.074,0.408,Ordbeta,T0-T2,DIST,1,Lublin,T_generation,-0.19937708319086608,Generation time,H2,T0,0.9200782621397927,0.9604863427438979,1.1194775334878724,0,-0.4348762416097607,-0.6652760678718184,0.5867498761097362,0.2778387604157047,NAT
Daucus_carota,Daucus_carota_Lublin,-2.074,0.408,Ordbeta,T0-T2,DIST,1,Lublin,age_repro,0.4560045034601492,Age at first reproduction,H2,T0,0.9200782621397927,0.9604863427438979,1.1194775334878724,0,-0.4348762416097607,-0.6652760678718184,0.5867498761097362,0.2778387604157047,NAT
Daucus_carota,Daucus_carota_Lublin,-2.074,0.408,Ordbeta,T0-T2,DIST,1,Lublin,percapita_repro,NA,Per capita reproduction,H1,T0,0.9200782621397927,0.9604863427438979,1.1194775334878724,0,-0.4348762416097607,-0.6652760678718184,0.5867498761097362,0.2778387604157047,NAT
Echium_vulgare,Echium_vulgare_Algaida,-2.7,0.337,Ordbeta,T0-T2,DIST,1,Algaida,FirstStepAtt,0.302654876935817,First step attenuation,H3,T0,-0.7962991402456648,-0.06775737195985027,-0.04835519867951075,0,1.3382641517792153,1.4784114525908816,-0.7414682712198007,-0.9758487627685878,NAT
Echium_vulgare,Echium_vulgare_Algaida,-2.7,0.337,Ordbeta,T0-T2,DIST,1,Algaida,Lambda,1.1782540175185694,Population growth rate,H4,T0,-0.7962991402456648,-0.06775737195985027,-0.04835519867951075,0,1.3382641517792153,1.4784114525908816,-0.7414682712198007,-0.9758487627685878,NAT
Echium_vulgare,Echium_vulgare_Algaida,-2.7,0.337,Ordbeta,T0-T2,DIST,1,Algaida,R0,-0.1879413025684704,Net reproductive rate,H1,T0,-0.7962991402456648,-0.06775737195985027,-0.04835519867951075,0,1.3382641517792153,1.4784114525908816,-0.7414682712198007,-0.9758487627685878,NAT
Echium_vulgare,Echium_vulgare_Algaida,-2.7,0.337,Ordbeta,T0-T2,DIST,1,Algaida,Reactivity,-0.24721189276127317,Reactivity,H3,T0,-0.7962991402456648,-0.06775737195985027,-0.04835519867951075,0,1.3382641517792153,1.4784114525908816,-0.7414682712198007,-0.9758487627685878,NAT
Echium_vulgare,Echium_vulgare_Algaida,-2.7,0.337,Ordbeta,T0-T2,DIST,1,Algaida,T_generation,-0.15267257262860098,Generation time,H2,T0,-0.7962991402456648,-0.06775737195985027,-0.04835519867951075,0,1.3382641517792153,1.4784114525908816,-0.7414682712198007,-0.9758487627685878,NAT
Echium_vulgare,Echium_vulgare_Algaida,-2.7,0.337,Ordbeta,T0-T2,DIST,1,Algaida,age_repro,0.2276031169753838,Age at first reproduction,H2,T0,-0.7962991402456648,-0.06775737195985027,-0.04835519867951075,0,1.3382641517792153,1.4784114525908816,-0.7414682712198007,-0.9758487627685878,NAT
Echium_vulgare,Echium_vulgare_Algaida,-2.7,0.337,Ordbeta,T0-T2,DIST,1,Algaida,percapita_repro,-0.2667919081660746,Per capita reproduction,H1,T0,-0.7962991402456648,-0.06775737195985027,-0.04835519867951075,0,1.3382641517792153,1.4784114525908816,-0.7414682712198007,-0.9758487627685878,NAT
Elymus_repens,Elymus_repens_Agroscope Changins,-2.441,0.523,Ordbeta,T0-T2,DIST,1,Agroscope Changins,FirstStepAtt,-0.731757884993201,First step attenuation,H3,T0,1.1151211487745039,1.231861200363381,1.4334641159886803,0,-1.2881608799324629,-1.398708630217884,1.650051594077399,0.46165430853599404,NAT
Elymus_repens,Elymus_repens_Agroscope Changins,-2.441,0.523,Ordbeta,T0-T2,DIST,1,Agroscope Changins,Lambda,NA,Population growth rate,H4,T0,1.1151211487745039,1.231861200363381,1.4334641159886803,0,-1.2881608799324629,-1.398708630217884,1.650051594077399,0.46165430853599404,NAT
Elymus_repens,Elymus_repens_Agroscope Changins,-2.441,0.523,Ordbeta,T0-T2,DIST,1,Agroscope Changins,R0,0.6015990991428334,Net reproductive rate,H1,T0,1.1151211487745039,1.231861200363381,1.4334641159886803,0,-1.2881608799324629,-1.398708630217884,1.650051594077399,0.46165430853599404,NAT
Elymus_repens,Elymus_repens_Agroscope Changins,-2.441,0.523,Ordbeta,T0-T2,DIST,1,Agroscope Changins,Reactivity,NA,Reactivity,H3,T0,1.1151211487745039,1.231861200363381,1.4334641159886803,0,-1.2881608799324629,-1.398708630217884,1.650051594077399,0.46165430853599404,NAT
Elymus_repens,Elymus_repens_Agroscope Changins,-2.441,0.523,Ordbeta,T0-T2,DIST,1,Agroscope Changins,T_generation,-0.5160349516296232,Generation time,H2,T0,1.1151211487745039,1.231861200363381,1.4334641159886803,0,-1.2881608799324629,-1.398708630217884,1.650051594077399,0.46165430853599404,NAT
Elymus_repens,Elymus_repens_Agroscope Changins,-2.441,0.523,Ordbeta,T0-T2,DIST,1,Agroscope Changins,age_repro,-1.1058262489303787,Age at first reproduction,H2,T0,1.1151211487745039,1.231861200363381,1.4334641159886803,0,-1.2881608799324629,-1.398708630217884,1.650051594077399,0.46165430853599404,NAT
Elymus_repens,Elymus_repens_Agroscope Changins,-2.441,0.523,Ordbeta,T0-T2,DIST,1,Agroscope Changins,percapita_repro,-0.4730077154262395,Per capita reproduction,H1,T0,1.1151211487745039,1.231861200363381,1.4334641159886803,0,-1.2881608799324629,-1.398708630217884,1.650051594077399,0.46165430853599404,NAT
Elymus_repens,Elymus_repens_Bad Lauchstaedt,-2.412,0.527,Ordbeta,T0-T2,DIST,1,Bad Lauchstaedt,FirstStepAtt,-0.731757884993201,First step attenuation,H3,T0,0.45197533421648606,-0.3753988185590567,-0.11439210590952666,0,0.5690221852496098,0.7959142485449064,-0.7991349509738322,0.3856906316365244,NAT
Elymus_repens,Elymus_repens_Bad Lauchstaedt,-2.412,0.527,Ordbeta,T0-T2,DIST,1,Bad Lauchstaedt,Lambda,NA,Population growth rate,H4,T0,0.45197533421648606,-0.3753988185590567,-0.11439210590952666,0,0.5690221852496098,0.7959142485449064,-0.7991349509738322,0.3856906316365244,NAT
Elymus_repens,Elymus_repens_Bad Lauchstaedt,-2.412,0.527,Ordbeta,T0-T2,DIST,1,Bad Lauchstaedt,R0,0.6015990991428334,Net reproductive rate,H1,T0,0.45197533421648606,-0.3753988185590567,-0.11439210590952666,0,0.5690221852496098,0.7959142485449064,-0.7991349509738322,0.3856906316365244,NAT
Elymus_repens,Elymus_repens_Bad Lauchstaedt,-2.412,0.527,Ordbeta,T0-T2,DIST,1,Bad Lauchstaedt,Reactivity,NA,Reactivity,H3,T0,0.45197533421648606,-0.3753988185590567,-0.11439210590952666,0,0.5690221852496098,0.7959142485449064,-0.7991349509738322,0.3856906316365244,NAT
Elymus_repens,Elymus_repens_Bad Lauchstaedt,-2.412,0.527,Ordbeta,T0-T2,DIST,1,Bad Lauchstaedt,T_generation,-0.5160349516296232,Generation time,H2,T0,0.45197533421648606,-0.3753988185590567,-0.11439210590952666,0,0.5690221852496098,0.7959142485449064,-0.7991349509738322,0.3856906316365244,NAT
Elymus_repens,Elymus_repens_Bad Lauchstaedt,-2.412,0.527,Ordbeta,T0-T2,DIST,1,Bad Lauchstaedt,age_repro,-1.1058262489303787,Age at first reproduction,H2,T0,0.45197533421648606,-0.3753988185590567,-0.11439210590952666,0,0.5690221852496098,0.7959142485449064,-0.7991349509738322,0.3856906316365244,NAT
Elymus_repens,Elymus_repens_Bad Lauchstaedt,-2.412,0.527,Ordbeta,T0-T2,DIST,1,Bad Lauchstaedt,percapita_repro,-0.4730077154262395,Per capita reproduction,H1,T0,0.45197533421648606,-0.3753988185590567,-0.11439210590952666,0,0.5690221852496098,0.7959142485449064,-0.7991349509738322,0.3856906316365244,NAT
Elymus_repens,Elymus_repens_Cary IES,-2.328,0.302,Ordbeta,T0-T2,DIST,1,Cary IES,FirstStepAtt,-0.731757884993201,First step attenuation,H3,T0,-0.7338854165225573,-0.8584929278488574,-0.7412571472672489,0,-1.2752402906810407,-0.8323171230469685,-1.115975829715165,-0.28427319735646733,INT
Elymus_repens,Elymus_repens_Cary IES,-2.328,0.302,Ordbeta,T0-T2,DIST,1,Cary IES,Lambda,NA,Population growth rate,H4,T0,-0.7338854165225573,-0.8584929278488574,-0.7412571472672489,0,-1.2752402906810407,-0.8323171230469685,-1.115975829715165,-0.28427319735646733,INT
Elymus_repens,Elymus_repens_Cary IES,-2.328,0.302,Ordbeta,T0-T2,DIST,1,Cary IES,R0,0.6015990991428334,Net reproductive rate,H1,T0,-0.7338854165225573,-0.8584929278488574,-0.7412571472672489,0,-1.2752402906810407,-0.8323171230469685,-1.115975829715165,-0.28427319735646733,INT
Elymus_repens,Elymus_repens_Cary IES,-2.328,0.302,Ordbeta,T0-T2,DIST,1,Cary IES,Reactivity,NA,Reactivity,H3,T0,-0.7338854165225573,-0.8584929278488574,-0.7412571472672489,0,-1.2752402906810407,-0.8323171230469685,-1.115975829715165,-0.28427319735646733,INT
Elymus_repens,Elymus_repens_Cary IES,-2.328,0.302,Ordbeta,T0-T2,DIST,1,Cary IES,T_generation,-0.5160349516296232,Generation time,H2,T0,-0.7338854165225573,-0.8584929278488574,-0.7412571472672489,0,-1.2752402906810407,-0.8323171230469685,-1.115975829715165,-0.28427319735646733,INT
Elymus_repens,Elymus_repens_Cary IES,-2.328,0.302,Ordbeta,T0-T2,DIST,1,Cary IES,age_repro,-1.1058262489303787,Age at first reproduction,H2,T0,-0.7338854165225573,-0.8584929278488574,-0.7412571472672489,0,-1.2752402906810407,-0.8323171230469685,-1.115975829715165,-0.28427319735646733,INT
Elymus_repens,Elymus_repens_Cary IES,-2.328,0.302,Ordbeta,T0-T2,DIST,1,Cary IES,percapita_repro,-0.4730077154262395,Per capita reproduction,H1,T0,-0.7338854165225573,-0.8584929278488574,-0.7412571472672489,0,-1.2752402906810407,-0.8323171230469685,-1.115975829715165,-0.28427319735646733,INT
Elymus_repens,Elymus_repens_Cedar Creek LTER,-1.62,0.249,Ordbeta,T0-T2,DIST,1,Cedar Creek LTER,FirstStepAtt,-0.731757884993201,First step attenuation,H3,T0,-1.2644020681689714,-1.1104602362180944,-0.944576857374687,0,-0.440155069565833,-0.3653363883805663,-0.2567312943462281,-0.15067337222003496,INT
Elymus_repens,Elymus_repens_Cedar Creek LTER,-1.62,0.249,Ordbeta,T0-T2,DIST,1,Cedar Creek LTER,Lambda,NA,Population growth rate,H4,T0,-1.2644020681689714,-1.1104602362180944,-0.944576857374687,0,-0.440155069565833,-0.3653363883805663,-0.2567312943462281,-0.15067337222003496,INT
Elymus_repens,Elymus_repens_Cedar Creek LTER,-1.62,0.249,Ordbeta,T0-T2,DIST,1,Cedar Creek LTER,R0,0.6015990991428334,Net reproductive rate,H1,T0,-1.2644020681689714,-1.1104602362180944,-0.944576857374687,0,-0.440155069565833,-0.3653363883805663,-0.2567312943462281,-0.15067337222003496,INT
Elymus_repens,Elymus_repens_Cedar Creek LTER,-1.62,0.249,Ordbeta,T0-T2,DIST,1,Cedar Creek LTER,Reactivity,NA,Reactivity,H3,T0,-1.2644020681689714,-1.1104602362180944,-0.944576857374687,0,-0.440155069565833,-0.3653363883805663,-0.2567312943462281,-0.15067337222003496,INT
Elymus_repens,Elymus_repens_Cedar Creek LTER,-1.62,0.249,Ordbeta,T0-T2,DIST,1,Cedar Creek LTER,T_generation,-0.5160349516296232,Generation time,H2,T0,-1.2644020681689714,-1.1104602362180944,-0.944576857374687,0,-0.440155069565833,-0.3653363883805663,-0.2567312943462281,-0.15067337222003496,INT
Elymus_repens,Elymus_repens_Cedar Creek LTER,-1.62,0.249,Ordbeta,T0-T2,DIST,1,Cedar Creek LTER,age_repro,-1.1058262489303787,Age at first reproduction,H2,T0,-1.2644020681689714,-1.1104602362180944,-0.944576857374687,0,-0.440155069565833,-0.3653363883805663,-0.2567312943462281,-0.15067337222003496,INT
Elymus_repens,Elymus_repens_Cedar Creek LTER,-1.62,0.249,Ordbeta,T0-T2,DIST,1,Cedar Creek LTER,percapita_repro,-0.4730077154262395,Per capita reproduction,H1,T0,-1.2644020681689714,-1.1104602362180944,-0.944576857374687,0,-0.440155069565833,-0.3653363883805663,-0.2567312943462281,-0.15067337222003496,INT
Elymus_repens,Elymus_repens_Churning Rapids,-2.577,0.502,Ordbeta,T0-T2,DIST,1,Churning Rapids,FirstStepAtt,-0.731757884993201,First step attenuation,H3,T0,-0.28918763499541594,-0.21060534979087156,-0.11844543096706447,0,-0.3059248891415658,0.04365022904444811,-0.8281278578251694,-0.4293992819164351,INT
Elymus_repens,Elymus_repens_Churning Rapids,-2.577,0.502,Ordbeta,T0-T2,DIST,1,Churning Rapids,Lambda,NA,Population growth rate,H4,T0,-0.28918763499541594,-0.21060534979087156,-0.11844543096706447,0,-0.3059248891415658,0.04365022904444811,-0.8281278578251694,-0.4293992819164351,INT
Elymus_repens,Elymus_repens_Churning Rapids,-2.577,0.502,Ordbeta,T0-T2,DIST,1,Churning Rapids,R0,0.6015990991428334,Net reproductive rate,H1,T0,-0.28918763499541594,-0.21060534979087156,-0.11844543096706447,0,-0.3059248891415658,0.04365022904444811,-0.8281278578251694,-0.4293992819164351,INT
Elymus_repens,Elymus_repens_Churning Rapids,-2.577,0.502,Ordbeta,T0-T2,DIST,1,Churning Rapids,Reactivity,NA,Reactivity,H3,T0,-0.28918763499541594,-0.21060534979087156,-0.11844543096706447,0,-0.3059248891415658,0.04365022904444811,-0.8281278578251694,-0.4293992819164351,INT
Elymus_repens,Elymus_repens_Churning Rapids,-2.577,0.502,Ordbeta,T0-T2,DIST,1,Churning Rapids,T_generation,-0.5160349516296232,Generation time,H2,T0,-0.28918763499541594,-0.21060534979087156,-0.11844543096706447,0,-0.3059248891415658,0.04365022904444811,-0.8281278578251694,-0.4293992819164351,INT
Elymus_repens,Elymus_repens_Churning Rapids,-2.577,0.502,Ordbeta,T0-T2,DIST,1,Churning Rapids,age_repro,-1.1058262489303787,Age at first reproduction,H2,T0,-0.28918763499541594,-0.21060534979087156,-0.11844543096706447,0,-0.3059248891415658,0.04365022904444811,-0.8281278578251694,-0.4293992819164351,INT
Elymus_repens,Elymus_repens_Churning Rapids,-2.577,0.502,Ordbeta,T0-T2,DIST,1,Churning Rapids,percapita_repro,-0.4730077154262395,Per capita reproduction,H1,T0,-0.28918763499541594,-0.21060534979087156,-0.11844543096706447,0,-0.3059248891415658,0.04365022904444811,-0.8281278578251694,-0.4293992819164351,INT
Elymus_repens,Elymus_repens_Jena,-2.437,0.264,Ordbeta,T0-T2,DIST,1,Jena,FirstStepAtt,-0.731757884993201,First step attenuation,H3,T0,0.764043952832024,-0.3862370720152753,0.02721357540323855,0,1.6161310595160223,1.0042933264685494,0.3263285755482111,2.0986936183123164,NAT
Elymus_repens,Elymus_repens_Jena,-2.437,0.264,Ordbeta,T0-T2,DIST,1,Jena,Lambda,NA,Population growth rate,H4,T0,0.764043952832024,-0.3862370720152753,0.02721357540323855,0,1.6161310595160223,1.0042933264685494,0.3263285755482111,2.0986936183123164,NAT
Elymus_repens,Elymus_repens_Jena,-2.437,0.264,Ordbeta,T0-T2,DIST,1,Jena,R0,0.6015990991428334,Net reproductive rate,H1,T0,0.764043952832024,-0.3862370720152753,0.02721357540323855,0,1.6161310595160223,1.0042933264685494,0.3263285755482111,2.0986936183123164,NAT
Elymus_repens,Elymus_repens_Jena,-2.437,0.264,Ordbeta,T0-T2,DIST,1,Jena,Reactivity,NA,Reactivity,H3,T0,0.764043952832024,-0.3862370720152753,0.02721357540323855,0,1.6161310595160223,1.0042933264685494,0.3263285755482111,2.0986936183123164,NAT
Elymus_repens,Elymus_repens_Jena,-2.437,0.264,Ordbeta,T0-T2,DIST,1,Jena,T_generation,-0.5160349516296232,Generation time,H2,T0,0.764043952832024,-0.3862370720152753,0.02721357540323855,0,1.6161310595160223,1.0042933264685494,0.3263285755482111,2.0986936183123164,NAT
Elymus_repens,Elymus_repens_Jena,-2.437,0.264,Ordbeta,T0-T2,DIST,1,Jena,age_repro,-1.1058262489303787,Age at first reproduction,H2,T0,0.764043952832024,-0.3862370720152753,0.02721357540323855,0,1.6161310595160223,1.0042933264685494,0.3263285755482111,2.0986936183123164,NAT
Elymus_repens,Elymus_repens_Jena,-2.437,0.264,Ordbeta,T0-T2,DIST,1,Jena,percapita_repro,-0.4730077154262395,Per capita reproduction,H1,T0,0.764043952832024,-0.3862370720152753,0.02721357540323855,0,1.6161310595160223,1.0042933264685494,0.3263285755482111,2.0986936183123164,NAT
Elymus_repens,Elymus_repens_Kellogg Biological Station (KBS),-2.454,0.522,Ordbeta,T0-T2,DIST,1,Kellogg Biological Station (KBS),FirstStepAtt,-0.731757884993201,First step attenuation,H3,T0,0.6080096435242552,-0.3823161357234788,-0.16217943353098632,0,-0.6951717449115951,-0.3815561424686202,-0.7649907190758011,2.026063801802161,INT
Elymus_repens,Elymus_repens_Kellogg Biological Station (KBS),-2.454,0.522,Ordbeta,T0-T2,DIST,1,Kellogg Biological Station (KBS),Lambda,NA,Population growth rate,H4,T0,0.6080096435242552,-0.3823161357234788,-0.16217943353098632,0,-0.6951717449115951,-0.3815561424686202,-0.7649907190758011,2.026063801802161,INT
Elymus_repens,Elymus_repens_Kellogg Biological Station (KBS),-2.454,0.522,Ordbeta,T0-T2,DIST,1,Kellogg Biological Station (KBS),R0,0.6015990991428334,Net reproductive rate,H1,T0,0.6080096435242552,-0.3823161357234788,-0.16217943353098632,0,-0.6951717449115951,-0.3815561424686202,-0.7649907190758011,2.026063801802161,INT
Elymus_repens,Elymus_repens_Kellogg Biological Station (KBS),-2.454,0.522,Ordbeta,T0-T2,DIST,1,Kellogg Biological Station (KBS),Reactivity,NA,Reactivity,H3,T0,0.6080096435242552,-0.3823161357234788,-0.16217943353098632,0,-0.6951717449115951,-0.3815561424686202,-0.7649907190758011,2.026063801802161,INT
Elymus_repens,Elymus_repens_Kellogg Biological Station (KBS),-2.454,0.522,Ordbeta,T0-T2,DIST,1,Kellogg Biological Station (KBS),T_generation,-0.5160349516296232,Generation time,H2,T0,0.6080096435242552,-0.3823161357234788,-0.16217943353098632,0,-0.6951717449115951,-0.3815561424686202,-0.7649907190758011,2.026063801802161,INT
Elymus_repens,Elymus_repens_Kellogg Biological Station (KBS),-2.454,0.522,Ordbeta,T0-T2,DIST,1,Kellogg Biological Station (KBS),age_repro,-1.1058262489303787,Age at first reproduction,H2,T0,0.6080096435242552,-0.3823161357234788,-0.16217943353098632,0,-0.6951717449115951,-0.3815561424686202,-0.7649907190758011,2.026063801802161,INT
Elymus_repens,Elymus_repens_Kellogg Biological Station (KBS),-2.454,0.522,Ordbeta,T0-T2,DIST,1,Kellogg Biological Station (KBS),percapita_repro,-0.4730077154262395,Per capita reproduction,H1,T0,0.6080096435242552,-0.3823161357234788,-0.16217943353098632,0,-0.6951717449115951,-0.3815561424686202,-0.7649907190758011,2.026063801802161,INT
Elymus_repens,Elymus_repens_Kniezenberg,-2.508,0.513,Ordbeta,T0-T2,DIST,1,Kniezenberg,FirstStepAtt,-0.731757884993201,First step attenuation,H3,T0,0.061889560947064014,-0.8020551636910082,-0.735183579836512,0,-1.2184013945374839,-0.8038659869745547,-0.9964378960740793,-1.0919845584754213,NAT
Elymus_repens,Elymus_repens_Kniezenberg,-2.508,0.513,Ordbeta,T0-T2,DIST,1,Kniezenberg,Lambda,NA,Population growth rate,H4,T0,0.061889560947064014,-0.8020551636910082,-0.735183579836512,0,-1.2184013945374839,-0.8038659869745547,-0.9964378960740793,-1.0919845584754213,NAT
Elymus_repens,Elymus_repens_Kniezenberg,-2.508,0.513,Ordbeta,T0-T2,DIST,1,Kniezenberg,R0,0.6015990991428334,Net reproductive rate,H1,T0,0.061889560947064014,-0.8020551636910082,-0.735183579836512,0,-1.2184013945374839,-0.8038659869745547,-0.9964378960740793,-1.0919845584754213,NAT
Elymus_repens,Elymus_repens_Kniezenberg,-2.508,0.513,Ordbeta,T0-T2,DIST,1,Kniezenberg,Reactivity,NA,Reactivity,H3,T0,0.061889560947064014,-0.8020551636910082,-0.735183579836512,0,-1.2184013945374839,-0.8038659869745547,-0.9964378960740793,-1.0919845584754213,NAT
Elymus_repens,Elymus_repens_Kniezenberg,-2.508,0.513,Ordbeta,T0-T2,DIST,1,Kniezenberg,T_generation,-0.5160349516296232,Generation time,H2,T0,0.061889560947064014,-0.8020551636910082,-0.735183579836512,0,-1.2184013945374839,-0.8038659869745547,-0.9964378960740793,-1.0919845584754213,NAT
Elymus_repens,Elymus_repens_Kniezenberg,-2.508,0.513,Ordbeta,T0-T2,DIST,1,Kniezenberg,age_repro,-1.1058262489303787,Age at first reproduction,H2,T0,0.061889560947064014,-0.8020551636910082,-0.735183579836512,0,-1.2184013945374839,-0.8038659869745547,-0.9964378960740793,-1.0919845584754213,NAT
Elymus_repens,Elymus_repens_Kniezenberg,-2.508,0.513,Ordbeta,T0-T2,DIST,1,Kniezenberg,percapita_repro,-0.4730077154262395,Per capita reproduction,H1,T0,0.061889560947064014,-0.8020551636910082,-0.735183579836512,0,-1.2184013945374839,-0.8038659869745547,-0.9964378960740793,-1.0919845584754213,NAT
Elymus_repens,Elymus_repens_Lublin,-1.669,0.329,Ordbeta,T0-T2,DIST,1,Lublin,FirstStepAtt,-0.731757884993201,First step attenuation,H3,T0,0.9200782621397927,0.9604863427438979,1.1194775334878724,0,-0.4348762416097607,-0.6652760678718184,0.5867498761097362,0.2778387604157047,NAT
Elymus_repens,Elymus_repens_Lublin,-1.669,0.329,Ordbeta,T0-T2,DIST,1,Lublin,Lambda,NA,Population growth rate,H4,T0,0.9200782621397927,0.9604863427438979,1.1194775334878724,0,-0.4348762416097607,-0.6652760678718184,0.5867498761097362,0.2778387604157047,NAT
Elymus_repens,Elymus_repens_Lublin,-1.669,0.329,Ordbeta,T0-T2,DIST,1,Lublin,R0,0.6015990991428334,Net reproductive rate,H1,T0,0.9200782621397927,0.9604863427438979,1.1194775334878724,0,-0.4348762416097607,-0.6652760678718184,0.5867498761097362,0.2778387604157047,NAT
Elymus_repens,Elymus_repens_Lublin,-1.669,0.329,Ordbeta,T0-T2,DIST,1,Lublin,Reactivity,NA,Reactivity,H3,T0,0.9200782621397927,0.9604863427438979,1.1194775334878724,0,-0.4348762416097607,-0.6652760678718184,0.5867498761097362,0.2778387604157047,NAT
Elymus_repens,Elymus_repens_Lublin,-1.669,0.329,Ordbeta,T0-T2,DIST,1,Lublin,T_generation,-0.5160349516296232,Generation time,H2,T0,0.9200782621397927,0.9604863427438979,1.1194775334878724,0,-0.4348762416097607,-0.6652760678718184,0.5867498761097362,0.2778387604157047,NAT
Elymus_repens,Elymus_repens_Lublin,-1.669,0.329,Ordbeta,T0-T2,DIST,1,Lublin,age_repro,-1.1058262489303787,Age at first reproduction,H2,T0,0.9200782621397927,0.9604863427438979,1.1194775334878724,0,-0.4348762416097607,-0.6652760678718184,0.5867498761097362,0.2778387604157047,NAT
Elymus_repens,Elymus_repens_Lublin,-1.669,0.329,Ordbeta,T0-T2,DIST,1,Lublin,percapita_repro,-0.4730077154262395,Per capita reproduction,H1,T0,0.9200782621397927,0.9604863427438979,1.1194775334878724,0,-0.4348762416097607,-0.6652760678718184,0.5867498761097362,0.2778387604157047,NAT
Elymus_repens,Elymus_repens_Millville,-2.559,0.385,Ordbeta,T0-T2,DIST,1,Millville,FirstStepAtt,-0.731757884993201,First step attenuation,H3,T0,-1.342419222822856,-0.664374327741416,-0.6720522473026068,0,1.0778374506671666,1.456297549525861,-1.1236658654167908,-0.8597129670617545,INT
Elymus_repens,Elymus_repens_Millville,-2.559,0.385,Ordbeta,T0-T2,DIST,1,Millville,Lambda,NA,Population growth rate,H4,T0,-1.342419222822856,-0.664374327741416,-0.6720522473026068,0,1.0778374506671666,1.456297549525861,-1.1236658654167908,-0.8597129670617545,INT
Elymus_repens,Elymus_repens_Millville,-2.559,0.385,Ordbeta,T0-T2,DIST,1,Millville,R0,0.6015990991428334,Net reproductive rate,H1,T0,-1.342419222822856,-0.664374327741416,-0.6720522473026068,0,1.0778374506671666,1.456297549525861,-1.1236658654167908,-0.8597129670617545,INT
Elymus_repens,Elymus_repens_Millville,-2.559,0.385,Ordbeta,T0-T2,DIST,1,Millville,Reactivity,NA,Reactivity,H3,T0,-1.342419222822856,-0.664374327741416,-0.6720522473026068,0,1.0778374506671666,1.456297549525861,-1.1236658654167908,-0.8597129670617545,INT
Elymus_repens,Elymus_repens_Millville,-2.559,0.385,Ordbeta,T0-T2,DIST,1,Millville,T_generation,-0.5160349516296232,Generation time,H2,T0,-1.342419222822856,-0.664374327741416,-0.6720522473026068,0,1.0778374506671666,1.456297549525861,-1.1236658654167908,-0.8597129670617545,INT
Elymus_repens,Elymus_repens_Millville,-2.559,0.385,Ordbeta,T0-T2,DIST,1,Millville,age_repro,-1.1058262489303787,Age at first reproduction,H2,T0,-1.342419222822856,-0.664374327741416,-0.6720522473026068,0,1.0778374506671666,1.456297549525861,-1.1236658654167908,-0.8597129670617545,INT
Elymus_repens,Elymus_repens_Millville,-2.559,0.385,Ordbeta,T0-T2,DIST,1,Millville,percapita_repro,-0.4730077154262395,Per capita reproduction,H1,T0,-1.342419222822856,-0.664374327741416,-0.6720522473026068,0,1.0778374506671666,1.456297549525861,-1.1236658654167908,-0.8597129670617545,INT
Erigeron_canadensis,Erigeron_canadensis_Cary IES,-2.591,0.5,Ordbeta,T0-T2,DIST,1,Cary IES,FirstStepAtt,-0.503977929384706,First step attenuation,H3,T0,-0.7338854165225573,-0.8584929278488574,-0.7412571472672489,0,-1.2752402906810407,-0.8323171230469685,-1.115975829715165,-0.28427319735646733,NAT
Erigeron_canadensis,Erigeron_canadensis_Cary IES,-2.591,0.5,Ordbeta,T0-T2,DIST,1,Cary IES,Lambda,NA,Population growth rate,H4,T0,-0.7338854165225573,-0.8584929278488574,-0.7412571472672489,0,-1.2752402906810407,-0.8323171230469685,-1.115975829715165,-0.28427319735646733,NAT
Erigeron_canadensis,Erigeron_canadensis_Cary IES,-2.591,0.5,Ordbeta,T0-T2,DIST,1,Cary IES,R0,-0.06615286495033466,Net reproductive rate,H1,T0,-0.7338854165225573,-0.8584929278488574,-0.7412571472672489,0,-1.2752402906810407,-0.8323171230469685,-1.115975829715165,-0.28427319735646733,NAT
Erigeron_canadensis,Erigeron_canadensis_Cary IES,-2.591,0.5,Ordbeta,T0-T2,DIST,1,Cary IES,Reactivity,-0.03330831929006134,Reactivity,H3,T0,-0.7338854165225573,-0.8584929278488574,-0.7412571472672489,0,-1.2752402906810407,-0.8323171230469685,-1.115975829715165,-0.28427319735646733,NAT
Erigeron_canadensis,Erigeron_canadensis_Cary IES,-2.591,0.5,Ordbeta,T0-T2,DIST,1,Cary IES,T_generation,-0.49781411885853943,Generation time,H2,T0,-0.7338854165225573,-0.8584929278488574,-0.7412571472672489,0,-1.2752402906810407,-0.8323171230469685,-1.115975829715165,-0.28427319735646733,NAT
Erigeron_canadensis,Erigeron_canadensis_Cary IES,-2.591,0.5,Ordbeta,T0-T2,DIST,1,Cary IES,age_repro,-0.3704115788839978,Age at first reproduction,H2,T0,-0.7338854165225573,-0.8584929278488574,-0.7412571472672489,0,-1.2752402906810407,-0.8323171230469685,-1.115975829715165,-0.28427319735646733,NAT
Erigeron_canadensis,Erigeron_canadensis_Cary IES,-2.591,0.5,Ordbeta,T0-T2,DIST,1,Cary IES,percapita_repro,1.0221740583858812,Per capita reproduction,H1,T0,-0.7338854165225573,-0.8584929278488574,-0.7412571472672489,0,-1.2752402906810407,-0.8323171230469685,-1.115975829715165,-0.28427319735646733,NAT
Erigeron_canadensis,Erigeron_canadensis_CEREEP - Ecotron IDF,-2.452,0.43,Ordbeta,T0-T2,DIST,1,CEREEP - Ecotron IDF,FirstStepAtt,-0.503977929384706,First step attenuation,H3,NA,NA,NA,NA,NA,NA,NA,NA,NA,INT
Erigeron_canadensis,Erigeron_canadensis_CEREEP - Ecotron IDF,-2.452,0.43,Ordbeta,T0-T2,DIST,1,CEREEP - Ecotron IDF,Lambda,NA,Population growth rate,H4,NA,NA,NA,NA,NA,NA,NA,NA,NA,INT
Erigeron_canadensis,Erigeron_canadensis_CEREEP - Ecotron IDF,-2.452,0.43,Ordbeta,T0-T2,DIST,1,CEREEP - Ecotron IDF,R0,-0.06615286495033466,Net reproductive rate,H1,NA,NA,NA,NA,NA,NA,NA,NA,NA,INT
Erigeron_canadensis,Erigeron_canadensis_CEREEP - Ecotron IDF,-2.452,0.43,Ordbeta,T0-T2,DIST,1,CEREEP - Ecotron IDF,Reactivity,-0.03330831929006134,Reactivity,H3,NA,NA,NA,NA,NA,NA,NA,NA,NA,INT
Erigeron_canadensis,Erigeron_canadensis_CEREEP - Ecotron IDF,-2.452,0.43,Ordbeta,T0-T2,DIST,1,CEREEP - Ecotron IDF,T_generation,-0.49781411885853943,Generation time,H2,NA,NA,NA,NA,NA,NA,NA,NA,NA,INT
Erigeron_canadensis,Erigeron_canadensis_CEREEP - Ecotron IDF,-2.452,0.43,Ordbeta,T0-T2,DIST,1,CEREEP - Ecotron IDF,age_repro,-0.3704115788839978,Age at first reproduction,H2,NA,NA,NA,NA,NA,NA,NA,NA,NA,INT
Erigeron_canadensis,Erigeron_canadensis_CEREEP - Ecotron IDF,-2.452,0.43,Ordbeta,T0-T2,DIST,1,CEREEP - Ecotron IDF,percapita_repro,1.0221740583858812,Per capita reproduction,H1,NA,NA,NA,NA,NA,NA,NA,NA,NA,INT
Erigeron_canadensis,Erigeron_canadensis_Piedmont Prairie,-2.532,0.22,Ordbeta,T0-T2,DIST,1,Piedmont Prairie,FirstStepAtt,-0.503977929384706,First step attenuation,H3,T0,-1.3892295156151866,0.07910218638638122,-1.444734176104233,0,NA,NA,NA,-1.1581732300136014,NAT
Erigeron_canadensis,Erigeron_canadensis_Piedmont Prairie,-2.532,0.22,Ordbeta,T0-T2,DIST,1,Piedmont Prairie,Lambda,NA,Population growth rate,H4,T0,-1.3892295156151866,0.07910218638638122,-1.444734176104233,0,NA,NA,NA,-1.1581732300136014,NAT
Erigeron_canadensis,Erigeron_canadensis_Piedmont Prairie,-2.532,0.22,Ordbeta,T0-T2,DIST,1,Piedmont Prairie,R0,-0.06615286495033466,Net reproductive rate,H1,T0,-1.3892295156151866,0.07910218638638122,-1.444734176104233,0,NA,NA,NA,-1.1581732300136014,NAT
Erigeron_canadensis,Erigeron_canadensis_Piedmont Prairie,-2.532,0.22,Ordbeta,T0-T2,DIST,1,Piedmont Prairie,Reactivity,-0.03330831929006134,Reactivity,H3,T0,-1.3892295156151866,0.07910218638638122,-1.444734176104233,0,NA,NA,NA,-1.1581732300136014,NAT
Erigeron_canadensis,Erigeron_canadensis_Piedmont Prairie,-2.532,0.22,Ordbeta,T0-T2,DIST,1,Piedmont Prairie,T_generation,-0.49781411885853943,Generation time,H2,T0,-1.3892295156151866,0.07910218638638122,-1.444734176104233,0,NA,NA,NA,-1.1581732300136014,NAT
Erigeron_canadensis,Erigeron_canadensis_Piedmont Prairie,-2.532,0.22,Ordbeta,T0-T2,DIST,1,Piedmont Prairie,age_repro,-0.3704115788839978,Age at first reproduction,H2,T0,-1.3892295156151866,0.07910218638638122,-1.444734176104233,0,NA,NA,NA,-1.1581732300136014,NAT
Erigeron_canadensis,Erigeron_canadensis_Piedmont Prairie,-2.532,0.22,Ordbeta,T0-T2,DIST,1,Piedmont Prairie,percapita_repro,1.0221740583858812,Per capita reproduction,H1,T0,-1.3892295156151866,0.07910218638638122,-1.444734176104233,0,NA,NA,NA,-1.1581732300136014,NAT
Erigeron_canadensis,Erigeron_canadensis_University of Michigan Biological Station,-2.685,0.403,Ordbeta,T0-T2,DIST,1,University of Michigan Biological Station,FirstStepAtt,-0.503977929384706,First step attenuation,H3,T0,-1.342419222822856,-1.9035018512877446,-1.444734176104233,0,NA,NA,NA,0.14272232219722827,NAT
Erigeron_canadensis,Erigeron_canadensis_University of Michigan Biological Station,-2.685,0.403,Ordbeta,T0-T2,DIST,1,University of Michigan Biological Station,Lambda,NA,Population growth rate,H4,T0,-1.342419222822856,-1.9035018512877446,-1.444734176104233,0,NA,NA,NA,0.14272232219722827,NAT
Erigeron_canadensis,Erigeron_canadensis_University of Michigan Biological Station,-2.685,0.403,Ordbeta,T0-T2,DIST,1,University of Michigan Biological Station,R0,-0.06615286495033466,Net reproductive rate,H1,T0,-1.342419222822856,-1.9035018512877446,-1.444734176104233,0,NA,NA,NA,0.14272232219722827,NAT
Erigeron_canadensis,Erigeron_canadensis_University of Michigan Biological Station,-2.685,0.403,Ordbeta,T0-T2,DIST,1,University of Michigan Biological Station,Reactivity,-0.03330831929006134,Reactivity,H3,T0,-1.342419222822856,-1.9035018512877446,-1.444734176104233,0,NA,NA,NA,0.14272232219722827,NAT
Erigeron_canadensis,Erigeron_canadensis_University of Michigan Biological Station,-2.685,0.403,Ordbeta,T0-T2,DIST,1,University of Michigan Biological Station,T_generation,-0.49781411885853943,Generation time,H2,T0,-1.342419222822856,-1.9035018512877446,-1.444734176104233,0,NA,NA,NA,0.14272232219722827,NAT
Erigeron_canadensis,Erigeron_canadensis_University of Michigan Biological Station,-2.685,0.403,Ordbeta,T0-T2,DIST,1,University of Michigan Biological Station,age_repro,-0.3704115788839978,Age at first reproduction,H2,T0,-1.342419222822856,-1.9035018512877446,-1.444734176104233,0,NA,NA,NA,0.14272232219722827,NAT
Erigeron_canadensis,Erigeron_canadensis_University of Michigan Biological Station,-2.685,0.403,Ordbeta,T0-T2,DIST,1,University of Michigan Biological Station,percapita_repro,1.0221740583858812,Per capita reproduction,H1,T0,-1.342419222822856,-1.9035018512877446,-1.444734176104233,0,NA,NA,NA,0.14272232219722827,NAT
Knautia_arvensis,Knautia_arvensis_Agroscope Changins,-2.654,0.492,Ordbeta,T0-T2,DIST,1,Agroscope Changins,FirstStepAtt,-0.4952353420766434,First step attenuation,H3,T0,1.1151211487745039,1.231861200363381,1.4334641159886803,0,-1.2881608799324629,-1.398708630217884,1.650051594077399,0.46165430853599404,NAT
Knautia_arvensis,Knautia_arvensis_Agroscope Changins,-2.654,0.492,Ordbeta,T0-T2,DIST,1,Agroscope Changins,Lambda,-1.8690935411422802,Population growth rate,H4,T0,1.1151211487745039,1.231861200363381,1.4334641159886803,0,-1.2881608799324629,-1.398708630217884,1.650051594077399,0.46165430853599404,NAT
Knautia_arvensis,Knautia_arvensis_Agroscope Changins,-2.654,0.492,Ordbeta,T0-T2,DIST,1,Agroscope Changins,R0,-0.24461815112853658,Net reproductive rate,H1,T0,1.1151211487745039,1.231861200363381,1.4334641159886803,0,-1.2881608799324629,-1.398708630217884,1.650051594077399,0.46165430853599404,NAT
Knautia_arvensis,Knautia_arvensis_Agroscope Changins,-2.654,0.492,Ordbeta,T0-T2,DIST,1,Agroscope Changins,Reactivity,-0.5942393261453436,Reactivity,H3,T0,1.1151211487745039,1.231861200363381,1.4334641159886803,0,-1.2881608799324629,-1.398708630217884,1.650051594077399,0.46165430853599404,NAT
Knautia_arvensis,Knautia_arvensis_Agroscope Changins,-2.654,0.492,Ordbeta,T0-T2,DIST,1,Agroscope Changins,T_generation,NA,Generation time,H2,T0,1.1151211487745039,1.231861200363381,1.4334641159886803,0,-1.2881608799324629,-1.398708630217884,1.650051594077399,0.46165430853599404,NAT
Knautia_arvensis,Knautia_arvensis_Agroscope Changins,-2.654,0.492,Ordbeta,T0-T2,DIST,1,Agroscope Changins,age_repro,-0.35026683744022935,Age at first reproduction,H2,T0,1.1151211487745039,1.231861200363381,1.4334641159886803,0,-1.2881608799324629,-1.398708630217884,1.650051594077399,0.46165430853599404,NAT
Knautia_arvensis,Knautia_arvensis_Agroscope Changins,-2.654,0.492,Ordbeta,T0-T2,DIST,1,Agroscope Changins,percapita_repro,-0.47295956370227643,Per capita reproduction,H1,T0,1.1151211487745039,1.231861200363381,1.4334641159886803,0,-1.2881608799324629,-1.398708630217884,1.650051594077399,0.46165430853599404,NAT
Knautia_arvensis,Knautia_arvensis_Bayreuth DRAGNet,-1.581,0.45,Ordbeta,T0-T2,DIST,1,Bayreuth DRAGNet,FirstStepAtt,-0.4952353420766434,First step attenuation,H3,T0,1.7002498086786373,1.1903000578533576,1.5813921901858357,0,0.7663265952564761,0.8046703576991449,-0.4657062309279624,0.012833603314585775,NAT
Knautia_arvensis,Knautia_arvensis_Bayreuth DRAGNet,-1.581,0.45,Ordbeta,T0-T2,DIST,1,Bayreuth DRAGNet,Lambda,-1.8690935411422802,Population growth rate,H4,T0,1.7002498086786373,1.1903000578533576,1.5813921901858357,0,0.7663265952564761,0.8046703576991449,-0.4657062309279624,0.012833603314585775,NAT
Knautia_arvensis,Knautia_arvensis_Bayreuth DRAGNet,-1.581,0.45,Ordbeta,T0-T2,DIST,1,Bayreuth DRAGNet,R0,-0.24461815112853658,Net reproductive rate,H1,T0,1.7002498086786373,1.1903000578533576,1.5813921901858357,0,0.7663265952564761,0.8046703576991449,-0.4657062309279624,0.012833603314585775,NAT
Knautia_arvensis,Knautia_arvensis_Bayreuth DRAGNet,-1.581,0.45,Ordbeta,T0-T2,DIST,1,Bayreuth DRAGNet,Reactivity,-0.5942393261453436,Reactivity,H3,T0,1.7002498086786373,1.1903000578533576,1.5813921901858357,0,0.7663265952564761,0.8046703576991449,-0.4657062309279624,0.012833603314585775,NAT
Knautia_arvensis,Knautia_arvensis_Bayreuth DRAGNet,-1.581,0.45,Ordbeta,T0-T2,DIST,1,Bayreuth DRAGNet,T_generation,NA,Generation time,H2,T0,1.7002498086786373,1.1903000578533576,1.5813921901858357,0,0.7663265952564761,0.8046703576991449,-0.4657062309279624,0.012833603314585775,NAT
Knautia_arvensis,Knautia_arvensis_Bayreuth DRAGNet,-1.581,0.45,Ordbeta,T0-T2,DIST,1,Bayreuth DRAGNet,age_repro,-0.35026683744022935,Age at first reproduction,H2,T0,1.7002498086786373,1.1903000578533576,1.5813921901858357,0,0.7663265952564761,0.8046703576991449,-0.4657062309279624,0.012833603314585775,NAT
Knautia_arvensis,Knautia_arvensis_Bayreuth DRAGNet,-1.581,0.45,Ordbeta,T0-T2,DIST,1,Bayreuth DRAGNet,percapita_repro,-0.47295956370227643,Per capita reproduction,H1,T0,1.7002498086786373,1.1903000578533576,1.5813921901858357,0,0.7663265952564761,0.8046703576991449,-0.4657062309279624,0.012833603314585775,NAT
Knautia_arvensis,Knautia_arvensis_WSL,-2.162,0.454,Ordbeta,T0-T2,DIST,1,WSL,FirstStepAtt,-0.4952353420766434,First step attenuation,H3,T0,-0.8743162948995492,0.8005497667622437,0.4329590289255727,0,0.7223509120374744,0.494707828917318,-0.07955499989208786,-0.8401532541006036,NAT
Knautia_arvensis,Knautia_arvensis_WSL,-2.162,0.454,Ordbeta,T0-T2,DIST,1,WSL,Lambda,-1.8690935411422802,Population growth rate,H4,T0,-0.8743162948995492,0.8005497667622437,0.4329590289255727,0,0.7223509120374744,0.494707828917318,-0.07955499989208786,-0.8401532541006036,NAT
Knautia_arvensis,Knautia_arvensis_WSL,-2.162,0.454,Ordbeta,T0-T2,DIST,1,WSL,R0,-0.24461815112853658,Net reproductive rate,H1,T0,-0.8743162948995492,0.8005497667622437,0.4329590289255727,0,0.7223509120374744,0.494707828917318,-0.07955499989208786,-0.8401532541006036,NAT
Knautia_arvensis,Knautia_arvensis_WSL,-2.162,0.454,Ordbeta,T0-T2,DIST,1,WSL,Reactivity,-0.5942393261453436,Reactivity,H3,T0,-0.8743162948995492,0.8005497667622437,0.4329590289255727,0,0.7223509120374744,0.494707828917318,-0.07955499989208786,-0.8401532541006036,NAT
Knautia_arvensis,Knautia_arvensis_WSL,-2.162,0.454,Ordbeta,T0-T2,DIST,1,WSL,T_generation,NA,Generation time,H2,T0,-0.8743162948995492,0.8005497667622437,0.4329590289255727,0,0.7223509120374744,0.494707828917318,-0.07955499989208786,-0.8401532541006036,NAT
Knautia_arvensis,Knautia_arvensis_WSL,-2.162,0.454,Ordbeta,T0-T2,DIST,1,WSL,age_repro,-0.35026683744022935,Age at first reproduction,H2,T0,-0.8743162948995492,0.8005497667622437,0.4329590289255727,0,0.7223509120374744,0.494707828917318,-0.07955499989208786,-0.8401532541006036,NAT
Knautia_arvensis,Knautia_arvensis_WSL,-2.162,0.454,Ordbeta,T0-T2,DIST,1,WSL,percapita_repro,-0.47295956370227643,Per capita reproduction,H1,T0,-0.8743162948995492,0.8005497667622437,0.4329590289255727,0,0.7223509120374744,0.494707828917318,-0.07955499989208786,-0.8401532541006036,NAT
Knautia_arvensis,Knautia_arvensis_Wytham Woods,-2.106,0.458,Ordbeta,T0-T2,DIST,1,Wytham Woods,FirstStepAtt,-0.4952353420766434,First step attenuation,H3,T0,1.1385262951706692,0.9703437817001139,1.0760089899315513,0,-0.48678535534291734,-0.5976146616129729,0.41522666757088206,-0.12047087426531668,NAT
Knautia_arvensis,Knautia_arvensis_Wytham Woods,-2.106,0.458,Ordbeta,T0-T2,DIST,1,Wytham Woods,Lambda,-1.8690935411422802,Population growth rate,H4,T0,1.1385262951706692,0.9703437817001139,1.0760089899315513,0,-0.48678535534291734,-0.5976146616129729,0.41522666757088206,-0.12047087426531668,NAT
Knautia_arvensis,Knautia_arvensis_Wytham Woods,-2.106,0.458,Ordbeta,T0-T2,DIST,1,Wytham Woods,R0,-0.24461815112853658,Net reproductive rate,H1,T0,1.1385262951706692,0.9703437817001139,1.0760089899315513,0,-0.48678535534291734,-0.5976146616129729,0.41522666757088206,-0.12047087426531668,NAT
Knautia_arvensis,Knautia_arvensis_Wytham Woods,-2.106,0.458,Ordbeta,T0-T2,DIST,1,Wytham Woods,Reactivity,-0.5942393261453436,Reactivity,H3,T0,1.1385262951706692,0.9703437817001139,1.0760089899315513,0,-0.48678535534291734,-0.5976146616129729,0.41522666757088206,-0.12047087426531668,NAT
Knautia_arvensis,Knautia_arvensis_Wytham Woods,-2.106,0.458,Ordbeta,T0-T2,DIST,1,Wytham Woods,T_generation,NA,Generation time,H2,T0,1.1385262951706692,0.9703437817001139,1.0760089899315513,0,-0.48678535534291734,-0.5976146616129729,0.41522666757088206,-0.12047087426531668,NAT
Knautia_arvensis,Knautia_arvensis_Wytham Woods,-2.106,0.458,Ordbeta,T0-T2,DIST,1,Wytham Woods,age_repro,-0.35026683744022935,Age at first reproduction,H2,T0,1.1385262951706692,0.9703437817001139,1.0760089899315513,0,-0.48678535534291734,-0.5976146616129729,0.41522666757088206,-0.12047087426531668,NAT
Knautia_arvensis,Knautia_arvensis_Wytham Woods,-2.106,0.458,Ordbeta,T0-T2,DIST,1,Wytham Woods,percapita_repro,-0.47295956370227643,Per capita reproduction,H1,T0,1.1385262951706692,0.9703437817001139,1.0760089899315513,0,-0.48678535534291734,-0.5976146616129729,0.41522666757088206,-0.12047087426531668,NAT
Lactuca_serriola,Lactuca_serriola_Bayreuth DRAGNet,-2.781,0.474,Ordbeta,T0-T2,DIST,1,Bayreuth DRAGNet,FirstStepAtt,-0.3686177054853624,First step attenuation,H3,T0,1.7002498086786373,1.1903000578533576,1.5813921901858357,0,0.7663265952564761,0.8046703576991449,-0.4657062309279624,0.012833603314585775,NAT
Lactuca_serriola,Lactuca_serriola_Bayreuth DRAGNet,-2.781,0.474,Ordbeta,T0-T2,DIST,1,Bayreuth DRAGNet,Lambda,NA,Population growth rate,H4,T0,1.7002498086786373,1.1903000578533576,1.5813921901858357,0,0.7663265952564761,0.8046703576991449,-0.4657062309279624,0.012833603314585775,NAT
Lactuca_serriola,Lactuca_serriola_Bayreuth DRAGNet,-2.781,0.474,Ordbeta,T0-T2,DIST,1,Bayreuth DRAGNet,R0,-0.024166160815171953,Net reproductive rate,H1,T0,1.7002498086786373,1.1903000578533576,1.5813921901858357,0,0.7663265952564761,0.8046703576991449,-0.4657062309279624,0.012833603314585775,NAT
Lactuca_serriola,Lactuca_serriola_Bayreuth DRAGNet,-2.781,0.474,Ordbeta,T0-T2,DIST,1,Bayreuth DRAGNet,Reactivity,1.674417161849166,Reactivity,H3,T0,1.7002498086786373,1.1903000578533576,1.5813921901858357,0,0.7663265952564761,0.8046703576991449,-0.4657062309279624,0.012833603314585775,NAT
Lactuca_serriola,Lactuca_serriola_Bayreuth DRAGNet,-2.781,0.474,Ordbeta,T0-T2,DIST,1,Bayreuth DRAGNet,T_generation,-0.5044209233444196,Generation time,H2,T0,1.7002498086786373,1.1903000578533576,1.5813921901858357,0,0.7663265952564761,0.8046703576991449,-0.4657062309279624,0.012833603314585775,NAT
Lactuca_serriola,Lactuca_serriola_Bayreuth DRAGNet,-2.781,0.474,Ordbeta,T0-T2,DIST,1,Bayreuth DRAGNet,age_repro,0.17490895974047221,Age at first reproduction,H2,T0,1.7002498086786373,1.1903000578533576,1.5813921901858357,0,0.7663265952564761,0.8046703576991449,-0.4657062309279624,0.012833603314585775,NAT
Lactuca_serriola,Lactuca_serriola_Bayreuth DRAGNet,-2.781,0.474,Ordbeta,T0-T2,DIST,1,Bayreuth DRAGNet,percapita_repro,5.988224269138644,Per capita reproduction,H1,T0,1.7002498086786373,1.1903000578533576,1.5813921901858357,0,0.7663265952564761,0.8046703576991449,-0.4657062309279624,0.012833603314585775,NAT
Lactuca_serriola,Lactuca_serriola_Jena,-2.233,0.493,Ordbeta,T0-T2,DIST,1,Jena,FirstStepAtt,-0.3686177054853624,First step attenuation,H3,T0,0.764043952832024,-0.3862370720152753,0.02721357540323855,0,1.6161310595160223,1.0042933264685494,0.3263285755482111,2.0986936183123164,NAT
Lactuca_serriola,Lactuca_serriola_Jena,-2.233,0.493,Ordbeta,T0-T2,DIST,1,Jena,Lambda,NA,Population growth rate,H4,T0,0.764043952832024,-0.3862370720152753,0.02721357540323855,0,1.6161310595160223,1.0042933264685494,0.3263285755482111,2.0986936183123164,NAT
Lactuca_serriola,Lactuca_serriola_Jena,-2.233,0.493,Ordbeta,T0-T2,DIST,1,Jena,R0,-0.024166160815171953,Net reproductive rate,H1,T0,0.764043952832024,-0.3862370720152753,0.02721357540323855,0,1.6161310595160223,1.0042933264685494,0.3263285755482111,2.0986936183123164,NAT
Lactuca_serriola,Lactuca_serriola_Jena,-2.233,0.493,Ordbeta,T0-T2,DIST,1,Jena,Reactivity,1.674417161849166,Reactivity,H3,T0,0.764043952832024,-0.3862370720152753,0.02721357540323855,0,1.6161310595160223,1.0042933264685494,0.3263285755482111,2.0986936183123164,NAT
Lactuca_serriola,Lactuca_serriola_Jena,-2.233,0.493,Ordbeta,T0-T2,DIST,1,Jena,T_generation,-0.5044209233444196,Generation time,H2,T0,0.764043952832024,-0.3862370720152753,0.02721357540323855,0,1.6161310595160223,1.0042933264685494,0.3263285755482111,2.0986936183123164,NAT
Lactuca_serriola,Lactuca_serriola_Jena,-2.233,0.493,Ordbeta,T0-T2,DIST,1,Jena,age_repro,0.17490895974047221,Age at first reproduction,H2,T0,0.764043952832024,-0.3862370720152753,0.02721357540323855,0,1.6161310595160223,1.0042933264685494,0.3263285755482111,2.0986936183123164,NAT
Lactuca_serriola,Lactuca_serriola_Jena,-2.233,0.493,Ordbeta,T0-T2,DIST,1,Jena,percapita_repro,5.988224269138644,Per capita reproduction,H1,T0,0.764043952832024,-0.3862370720152753,0.02721357540323855,0,1.6161310595160223,1.0042933264685494,0.3263285755482111,2.0986936183123164,NAT
Linum_catharticum,Linum_catharticum_Wytham Woods,-2.746,0.33,Ordbeta,T0-T2,DIST,1,Wytham Woods,FirstStepAtt,-0.5455043664541022,First step attenuation,H3,T0,1.1385262951706692,0.9703437817001139,1.0760089899315513,0,-0.48678535534291734,-0.5976146616129729,0.41522666757088206,-0.12047087426531668,NAT
Linum_catharticum,Linum_catharticum_Wytham Woods,-2.746,0.33,Ordbeta,T0-T2,DIST,1,Wytham Woods,Lambda,NA,Population growth rate,H4,T0,1.1385262951706692,0.9703437817001139,1.0760089899315513,0,-0.48678535534291734,-0.5976146616129729,0.41522666757088206,-0.12047087426531668,NAT
Linum_catharticum,Linum_catharticum_Wytham Woods,-2.746,0.33,Ordbeta,T0-T2,DIST,1,Wytham Woods,R0,-0.17602147663276352,Net reproductive rate,H1,T0,1.1385262951706692,0.9703437817001139,1.0760089899315513,0,-0.48678535534291734,-0.5976146616129729,0.41522666757088206,-0.12047087426531668,NAT
Linum_catharticum,Linum_catharticum_Wytham Woods,-2.746,0.33,Ordbeta,T0-T2,DIST,1,Wytham Woods,Reactivity,0.021909339614852065,Reactivity,H3,T0,1.1385262951706692,0.9703437817001139,1.0760089899315513,0,-0.48678535534291734,-0.5976146616129729,0.41522666757088206,-0.12047087426531668,NAT
Linum_catharticum,Linum_catharticum_Wytham Woods,-2.746,0.33,Ordbeta,T0-T2,DIST,1,Wytham Woods,T_generation,-0.4683424271333339,Generation time,H2,T0,1.1385262951706692,0.9703437817001139,1.0760089899315513,0,-0.48678535534291734,-0.5976146616129729,0.41522666757088206,-0.12047087426531668,NAT
Linum_catharticum,Linum_catharticum_Wytham Woods,-2.746,0.33,Ordbeta,T0-T2,DIST,1,Wytham Woods,age_repro,-0.6051235709817134,Age at first reproduction,H2,T0,1.1385262951706692,0.9703437817001139,1.0760089899315513,0,-0.48678535534291734,-0.5976146616129729,0.41522666757088206,-0.12047087426531668,NAT
Linum_catharticum,Linum_catharticum_Wytham Woods,-2.746,0.33,Ordbeta,T0-T2,DIST,1,Wytham Woods,percapita_repro,-0.3675171320453861,Per capita reproduction,H1,T0,1.1385262951706692,0.9703437817001139,1.0760089899315513,0,-0.48678535534291734,-0.5976146616129729,0.41522666757088206,-0.12047087426531668,NAT
Myosotis_ramosissima,Myosotis_ramosissima_CEREEP - Ecotron IDF,-2.39,0.501,Ordbeta,T0-T2,DIST,1,CEREEP - Ecotron IDF,FirstStepAtt,-0.6130090924260013,First step attenuation,H3,NA,NA,NA,NA,NA,NA,NA,NA,NA,NAT
Myosotis_ramosissima,Myosotis_ramosissima_CEREEP - Ecotron IDF,-2.39,0.501,Ordbeta,T0-T2,DIST,1,CEREEP - Ecotron IDF,Lambda,0.9528546982427211,Population growth rate,H4,NA,NA,NA,NA,NA,NA,NA,NA,NA,NAT
Myosotis_ramosissima,Myosotis_ramosissima_CEREEP - Ecotron IDF,-2.39,0.501,Ordbeta,T0-T2,DIST,1,CEREEP - Ecotron IDF,R0,-0.19417044854943705,Net reproductive rate,H1,NA,NA,NA,NA,NA,NA,NA,NA,NA,NAT
Myosotis_ramosissima,Myosotis_ramosissima_CEREEP - Ecotron IDF,-2.39,0.501,Ordbeta,T0-T2,DIST,1,CEREEP - Ecotron IDF,Reactivity,-0.5893034549933618,Reactivity,H3,NA,NA,NA,NA,NA,NA,NA,NA,NA,NAT
Myosotis_ramosissima,Myosotis_ramosissima_CEREEP - Ecotron IDF,-2.39,0.501,Ordbeta,T0-T2,DIST,1,CEREEP - Ecotron IDF,T_generation,-0.5151739391899093,Generation time,H2,NA,NA,NA,NA,NA,NA,NA,NA,NA,NAT
Myosotis_ramosissima,Myosotis_ramosissima_CEREEP - Ecotron IDF,-2.39,0.501,Ordbeta,T0-T2,DIST,1,CEREEP - Ecotron IDF,age_repro,-0.5930110276949958,Age at first reproduction,H2,NA,NA,NA,NA,NA,NA,NA,NA,NA,NAT
Myosotis_ramosissima,Myosotis_ramosissima_CEREEP - Ecotron IDF,-2.39,0.501,Ordbeta,T0-T2,DIST,1,CEREEP - Ecotron IDF,percapita_repro,-0.43763341952277857,Per capita reproduction,H1,NA,NA,NA,NA,NA,NA,NA,NA,NA,NAT
Picris_hieracioides,Picris_hieracioides_Bad Lauchstaedt,-1.103,0.245,Ordbeta,T0-T2,DIST,1,Bad Lauchstaedt,FirstStepAtt,-0.6495037145706468,First step attenuation,H3,T0,0.45197533421648606,-0.3753988185590567,-0.11439210590952666,0,0.5690221852496098,0.7959142485449064,-0.7991349509738322,0.3856906316365244,NAT
Picris_hieracioides,Picris_hieracioides_Bad Lauchstaedt,-1.103,0.245,Ordbeta,T0-T2,DIST,1,Bad Lauchstaedt,Lambda,-0.4510349585892385,Population growth rate,H4,T0,0.45197533421648606,-0.3753988185590567,-0.11439210590952666,0,0.5690221852496098,0.7959142485449064,-0.7991349509738322,0.3856906316365244,NAT
Picris_hieracioides,Picris_hieracioides_Bad Lauchstaedt,-1.103,0.245,Ordbeta,T0-T2,DIST,1,Bad Lauchstaedt,R0,-0.23771028199268965,Net reproductive rate,H1,T0,0.45197533421648606,-0.3753988185590567,-0.11439210590952666,0,0.5690221852496098,0.7959142485449064,-0.7991349509738322,0.3856906316365244,NAT
Picris_hieracioides,Picris_hieracioides_Bad Lauchstaedt,-1.103,0.245,Ordbeta,T0-T2,DIST,1,Bad Lauchstaedt,Reactivity,3.7364832214213144,Reactivity,H3,T0,0.45197533421648606,-0.3753988185590567,-0.11439210590952666,0,0.5690221852496098,0.7959142485449064,-0.7991349509738322,0.3856906316365244,NAT
Picris_hieracioides,Picris_hieracioides_Bad Lauchstaedt,-1.103,0.245,Ordbeta,T0-T2,DIST,1,Bad Lauchstaedt,T_generation,-0.08389963172530944,Generation time,H2,T0,0.45197533421648606,-0.3753988185590567,-0.11439210590952666,0,0.5690221852496098,0.7959142485449064,-0.7991349509738322,0.3856906316365244,NAT
Picris_hieracioides,Picris_hieracioides_Bad Lauchstaedt,-1.103,0.245,Ordbeta,T0-T2,DIST,1,Bad Lauchstaedt,age_repro,0.6986627943932245,Age at first reproduction,H2,T0,0.45197533421648606,-0.3753988185590567,-0.11439210590952666,0,0.5690221852496098,0.7959142485449064,-0.7991349509738322,0.3856906316365244,NAT
Picris_hieracioides,Picris_hieracioides_Bad Lauchstaedt,-1.103,0.245,Ordbeta,T0-T2,DIST,1,Bad Lauchstaedt,percapita_repro,0.9248324188924316,Per capita reproduction,H1,T0,0.45197533421648606,-0.3753988185590567,-0.11439210590952666,0,0.5690221852496098,0.7959142485449064,-0.7991349509738322,0.3856906316365244,NAT
Picris_hieracioides,Picris_hieracioides_CEREEP - Ecotron IDF,-2.422,0.387,Ordbeta,T0-T2,DIST,1,CEREEP - Ecotron IDF,FirstStepAtt,-0.6495037145706468,First step attenuation,H3,NA,NA,NA,NA,NA,NA,NA,NA,NA,NAT
Picris_hieracioides,Picris_hieracioides_CEREEP - Ecotron IDF,-2.422,0.387,Ordbeta,T0-T2,DIST,1,CEREEP - Ecotron IDF,Lambda,-0.4510349585892385,Population growth rate,H4,NA,NA,NA,NA,NA,NA,NA,NA,NA,NAT
Picris_hieracioides,Picris_hieracioides_CEREEP - Ecotron IDF,-2.422,0.387,Ordbeta,T0-T2,DIST,1,CEREEP - Ecotron IDF,R0,-0.23771028199268965,Net reproductive rate,H1,NA,NA,NA,NA,NA,NA,NA,NA,NA,NAT
Picris_hieracioides,Picris_hieracioides_CEREEP - Ecotron IDF,-2.422,0.387,Ordbeta,T0-T2,DIST,1,CEREEP - Ecotron IDF,Reactivity,3.7364832214213144,Reactivity,H3,NA,NA,NA,NA,NA,NA,NA,NA,NA,NAT
Picris_hieracioides,Picris_hieracioides_CEREEP - Ecotron IDF,-2.422,0.387,Ordbeta,T0-T2,DIST,1,CEREEP - Ecotron IDF,T_generation,-0.08389963172530944,Generation time,H2,NA,NA,NA,NA,NA,NA,NA,NA,NA,NAT
Picris_hieracioides,Picris_hieracioides_CEREEP - Ecotron IDF,-2.422,0.387,Ordbeta,T0-T2,DIST,1,CEREEP - Ecotron IDF,age_repro,0.6986627943932245,Age at first reproduction,H2,NA,NA,NA,NA,NA,NA,NA,NA,NA,NAT
Picris_hieracioides,Picris_hieracioides_CEREEP - Ecotron IDF,-2.422,0.387,Ordbeta,T0-T2,DIST,1,CEREEP - Ecotron IDF,percapita_repro,0.9248324188924316,Per capita reproduction,H1,NA,NA,NA,NA,NA,NA,NA,NA,NA,NAT
Picris_hieracioides,Picris_hieracioides_Jena,-2.697,0.437,Ordbeta,T0-T2,DIST,1,Jena,FirstStepAtt,-0.6495037145706468,First step attenuation,H3,T0,0.764043952832024,-0.3862370720152753,0.02721357540323855,0,1.6161310595160223,1.0042933264685494,0.3263285755482111,2.0986936183123164,NAT
Picris_hieracioides,Picris_hieracioides_Jena,-2.697,0.437,Ordbeta,T0-T2,DIST,1,Jena,Lambda,-0.4510349585892385,Population growth rate,H4,T0,0.764043952832024,-0.3862370720152753,0.02721357540323855,0,1.6161310595160223,1.0042933264685494,0.3263285755482111,2.0986936183123164,NAT
Picris_hieracioides,Picris_hieracioides_Jena,-2.697,0.437,Ordbeta,T0-T2,DIST,1,Jena,R0,-0.23771028199268965,Net reproductive rate,H1,T0,0.764043952832024,-0.3862370720152753,0.02721357540323855,0,1.6161310595160223,1.0042933264685494,0.3263285755482111,2.0986936183123164,NAT
Picris_hieracioides,Picris_hieracioides_Jena,-2.697,0.437,Ordbeta,T0-T2,DIST,1,Jena,Reactivity,3.7364832214213144,Reactivity,H3,T0,0.764043952832024,-0.3862370720152753,0.02721357540323855,0,1.6161310595160223,1.0042933264685494,0.3263285755482111,2.0986936183123164,NAT
Picris_hieracioides,Picris_hieracioides_Jena,-2.697,0.437,Ordbeta,T0-T2,DIST,1,Jena,T_generation,-0.08389963172530944,Generation time,H2,T0,0.764043952832024,-0.3862370720152753,0.02721357540323855,0,1.6161310595160223,1.0042933264685494,0.3263285755482111,2.0986936183123164,NAT
Picris_hieracioides,Picris_hieracioides_Jena,-2.697,0.437,Ordbeta,T0-T2,DIST,1,Jena,age_repro,0.6986627943932245,Age at first reproduction,H2,T0,0.764043952832024,-0.3862370720152753,0.02721357540323855,0,1.6161310595160223,1.0042933264685494,0.3263285755482111,2.0986936183123164,NAT
Picris_hieracioides,Picris_hieracioides_Jena,-2.697,0.437,Ordbeta,T0-T2,DIST,1,Jena,percapita_repro,0.9248324188924316,Per capita reproduction,H1,T0,0.764043952832024,-0.3862370720152753,0.02721357540323855,0,1.6161310595160223,1.0042933264685494,0.3263285755482111,2.0986936183123164,NAT
Picris_hieracioides,Picris_hieracioides_Saihanba,-2.483,0.49,Ordbeta,T0-T2,DIST,1,Saihanba,FirstStepAtt,-0.6495037145706468,First step attenuation,H3,NA,NA,NA,NA,NA,NA,NA,NA,NA,NAT
Picris_hieracioides,Picris_hieracioides_Saihanba,-2.483,0.49,Ordbeta,T0-T2,DIST,1,Saihanba,Lambda,-0.4510349585892385,Population growth rate,H4,NA,NA,NA,NA,NA,NA,NA,NA,NA,NAT
Picris_hieracioides,Picris_hieracioides_Saihanba,-2.483,0.49,Ordbeta,T0-T2,DIST,1,Saihanba,R0,-0.23771028199268965,Net reproductive rate,H1,NA,NA,NA,NA,NA,NA,NA,NA,NA,NAT
Picris_hieracioides,Picris_hieracioides_Saihanba,-2.483,0.49,Ordbeta,T0-T2,DIST,1,Saihanba,Reactivity,3.7364832214213144,Reactivity,H3,NA,NA,NA,NA,NA,NA,NA,NA,NA,NAT
Picris_hieracioides,Picris_hieracioides_Saihanba,-2.483,0.49,Ordbeta,T0-T2,DIST,1,Saihanba,T_generation,-0.08389963172530944,Generation time,H2,NA,NA,NA,NA,NA,NA,NA,NA,NA,NAT
Picris_hieracioides,Picris_hieracioides_Saihanba,-2.483,0.49,Ordbeta,T0-T2,DIST,1,Saihanba,age_repro,0.6986627943932245,Age at first reproduction,H2,NA,NA,NA,NA,NA,NA,NA,NA,NA,NAT
Picris_hieracioides,Picris_hieracioides_Saihanba,-2.483,0.49,Ordbeta,T0-T2,DIST,1,Saihanba,percapita_repro,0.9248324188924316,Per capita reproduction,H1,NA,NA,NA,NA,NA,NA,NA,NA,NA,NAT
Pimpinella_saxifraga,Pimpinella_saxifraga_Meranges,-1.917,0.282,Ordbeta,T0-T2,DIST,1,Meranges,FirstStepAtt,1.8465244475607387,First step attenuation,H3,T0,0.13990671560094858,0.36789476432309715,0.5059990059128129,0,-0.899111549025792,-0.640206423564969,-0.4548207881572258,-0.606484540332569,NAT
Pimpinella_saxifraga,Pimpinella_saxifraga_Meranges,-1.917,0.282,Ordbeta,T0-T2,DIST,1,Meranges,Lambda,-0.2787767014174037,Population growth rate,H4,T0,0.13990671560094858,0.36789476432309715,0.5059990059128129,0,-0.899111549025792,-0.640206423564969,-0.4548207881572258,-0.606484540332569,NAT
Pimpinella_saxifraga,Pimpinella_saxifraga_Meranges,-1.917,0.282,Ordbeta,T0-T2,DIST,1,Meranges,R0,-0.23837903228422705,Net reproductive rate,H1,T0,0.13990671560094858,0.36789476432309715,0.5059990059128129,0,-0.899111549025792,-0.640206423564969,-0.4548207881572258,-0.606484540332569,NAT
Pimpinella_saxifraga,Pimpinella_saxifraga_Meranges,-1.917,0.282,Ordbeta,T0-T2,DIST,1,Meranges,Reactivity,-0.5753364908074008,Reactivity,H3,T0,0.13990671560094858,0.36789476432309715,0.5059990059128129,0,-0.899111549025792,-0.640206423564969,-0.4548207881572258,-0.606484540332569,NAT
Pimpinella_saxifraga,Pimpinella_saxifraga_Meranges,-1.917,0.282,Ordbeta,T0-T2,DIST,1,Meranges,T_generation,1.767296380096327,Generation time,H2,T0,0.13990671560094858,0.36789476432309715,0.5059990059128129,0,-0.899111549025792,-0.640206423564969,-0.4548207881572258,-0.606484540332569,NAT
Pimpinella_saxifraga,Pimpinella_saxifraga_Meranges,-1.917,0.282,Ordbeta,T0-T2,DIST,1,Meranges,age_repro,1.3463138751549029,Age at first reproduction,H2,T0,0.13990671560094858,0.36789476432309715,0.5059990059128129,0,-0.899111549025792,-0.640206423564969,-0.4548207881572258,-0.606484540332569,NAT
Pimpinella_saxifraga,Pimpinella_saxifraga_Meranges,-1.917,0.282,Ordbeta,T0-T2,DIST,1,Meranges,percapita_repro,-0.4663607695730288,Per capita reproduction,H1,T0,0.13990671560094858,0.36789476432309715,0.5059990059128129,0,-0.899111549025792,-0.640206423564969,-0.4548207881572258,-0.606484540332569,NAT
Plantago_coronopus,Plantago_coronopus_Algaida,-1.87,0.248,Ordbeta,T0-T2,DIST,1,Algaida,FirstStepAtt,1.0031948756345528,First step attenuation,H3,T0,-0.7962991402456648,-0.06775737195985027,-0.04835519867951075,0,1.3382641517792153,1.4784114525908816,-0.7414682712198007,-0.9758487627685878,NAT
Plantago_coronopus,Plantago_coronopus_Algaida,-1.87,0.248,Ordbeta,T0-T2,DIST,1,Algaida,Lambda,-0.44198035358234183,Population growth rate,H4,T0,-0.7962991402456648,-0.06775737195985027,-0.04835519867951075,0,1.3382641517792153,1.4784114525908816,-0.7414682712198007,-0.9758487627685878,NAT
Plantago_coronopus,Plantago_coronopus_Algaida,-1.87,0.248,Ordbeta,T0-T2,DIST,1,Algaida,R0,-0.2306999421107331,Net reproductive rate,H1,T0,-0.7962991402456648,-0.06775737195985027,-0.04835519867951075,0,1.3382641517792153,1.4784114525908816,-0.7414682712198007,-0.9758487627685878,NAT
Plantago_coronopus,Plantago_coronopus_Algaida,-1.87,0.248,Ordbeta,T0-T2,DIST,1,Algaida,Reactivity,-0.5544539527935215,Reactivity,H3,T0,-0.7962991402456648,-0.06775737195985027,-0.04835519867951075,0,1.3382641517792153,1.4784114525908816,-0.7414682712198007,-0.9758487627685878,NAT
Plantago_coronopus,Plantago_coronopus_Algaida,-1.87,0.248,Ordbeta,T0-T2,DIST,1,Algaida,T_generation,0.03296633768371712,Generation time,H2,T0,-0.7962991402456648,-0.06775737195985027,-0.04835519867951075,0,1.3382641517792153,1.4784114525908816,-0.7414682712198007,-0.9758487627685878,NAT
Plantago_coronopus,Plantago_coronopus_Algaida,-1.87,0.248,Ordbeta,T0-T2,DIST,1,Algaida,age_repro,-0.582919537950308,Age at first reproduction,H2,T0,-0.7962991402456648,-0.06775737195985027,-0.04835519867951075,0,1.3382641517792153,1.4784114525908816,-0.7414682712198007,-0.9758487627685878,NAT
Plantago_coronopus,Plantago_coronopus_Algaida,-1.87,0.248,Ordbeta,T0-T2,DIST,1,Algaida,percapita_repro,-0.46703831572069154,Per capita reproduction,H1,T0,-0.7962991402456648,-0.06775737195985027,-0.04835519867951075,0,1.3382641517792153,1.4784114525908816,-0.7414682712198007,-0.9758487627685878,NAT
Plantago_coronopus,Plantago_coronopus_Caracoles,-2.606,0.342,Ordbeta,T0-T2,DIST,1,Caracoles,FirstStepAtt,1.0031948756345528,First step attenuation,H3,T0,-1.5764706867845093,-1.9035018512877446,-1.444734176104233,0,NA,NA,NA,-1.0858721481750615,NAT
Plantago_coronopus,Plantago_coronopus_Caracoles,-2.606,0.342,Ordbeta,T0-T2,DIST,1,Caracoles,Lambda,-0.44198035358234183,Population growth rate,H4,T0,-1.5764706867845093,-1.9035018512877446,-1.444734176104233,0,NA,NA,NA,-1.0858721481750615,NAT
Plantago_coronopus,Plantago_coronopus_Caracoles,-2.606,0.342,Ordbeta,T0-T2,DIST,1,Caracoles,R0,-0.2306999421107331,Net reproductive rate,H1,T0,-1.5764706867845093,-1.9035018512877446,-1.444734176104233,0,NA,NA,NA,-1.0858721481750615,NAT
Plantago_coronopus,Plantago_coronopus_Caracoles,-2.606,0.342,Ordbeta,T0-T2,DIST,1,Caracoles,Reactivity,-0.5544539527935215,Reactivity,H3,T0,-1.5764706867845093,-1.9035018512877446,-1.444734176104233,0,NA,NA,NA,-1.0858721481750615,NAT
Plantago_coronopus,Plantago_coronopus_Caracoles,-2.606,0.342,Ordbeta,T0-T2,DIST,1,Caracoles,T_generation,0.03296633768371712,Generation time,H2,T0,-1.5764706867845093,-1.9035018512877446,-1.444734176104233,0,NA,NA,NA,-1.0858721481750615,NAT
Plantago_coronopus,Plantago_coronopus_Caracoles,-2.606,0.342,Ordbeta,T0-T2,DIST,1,Caracoles,age_repro,-0.582919537950308,Age at first reproduction,H2,T0,-1.5764706867845093,-1.9035018512877446,-1.444734176104233,0,NA,NA,NA,-1.0858721481750615,NAT
Plantago_coronopus,Plantago_coronopus_Caracoles,-2.606,0.342,Ordbeta,T0-T2,DIST,1,Caracoles,percapita_repro,-0.46703831572069154,Per capita reproduction,H1,T0,-1.5764706867845093,-1.9035018512877446,-1.444734176104233,0,NA,NA,NA,-1.0858721481750615,NAT
Plantago_media,Plantago_media_Meranges,-2.354,0.312,Ordbeta,T0-T2,DIST,1,Meranges,FirstStepAtt,-0.2877099207292408,First step attenuation,H3,T0,0.13990671560094858,0.36789476432309715,0.5059990059128129,0,-0.899111549025792,-0.640206423564969,-0.4548207881572258,-0.606484540332569,NAT
Plantago_media,Plantago_media_Meranges,-2.354,0.312,Ordbeta,T0-T2,DIST,1,Meranges,Lambda,-0.372394741943136,Population growth rate,H4,T0,0.13990671560094858,0.36789476432309715,0.5059990059128129,0,-0.899111549025792,-0.640206423564969,-0.4548207881572258,-0.606484540332569,NAT
Plantago_media,Plantago_media_Meranges,-2.354,0.312,Ordbeta,T0-T2,DIST,1,Meranges,R0,-0.2436796544649356,Net reproductive rate,H1,T0,0.13990671560094858,0.36789476432309715,0.5059990059128129,0,-0.899111549025792,-0.640206423564969,-0.4548207881572258,-0.606484540332569,NAT
Plantago_media,Plantago_media_Meranges,-2.354,0.312,Ordbeta,T0-T2,DIST,1,Meranges,Reactivity,-0.577468495847857,Reactivity,H3,T0,0.13990671560094858,0.36789476432309715,0.5059990059128129,0,-0.899111549025792,-0.640206423564969,-0.4548207881572258,-0.606484540332569,NAT
Plantago_media,Plantago_media_Meranges,-2.354,0.312,Ordbeta,T0-T2,DIST,1,Meranges,T_generation,3.048547366396701,Generation time,H2,T0,0.13990671560094858,0.36789476432309715,0.5059990059128129,0,-0.899111549025792,-0.640206423564969,-0.4548207881572258,-0.606484540332569,NAT
Plantago_media,Plantago_media_Meranges,-2.354,0.312,Ordbeta,T0-T2,DIST,1,Meranges,age_repro,2.2208459112797945,Age at first reproduction,H2,T0,0.13990671560094858,0.36789476432309715,0.5059990059128129,0,-0.899111549025792,-0.640206423564969,-0.4548207881572258,-0.606484540332569,NAT
Plantago_media,Plantago_media_Meranges,-2.354,0.312,Ordbeta,T0-T2,DIST,1,Meranges,percapita_repro,-0.465634445456656,Per capita reproduction,H1,T0,0.13990671560094858,0.36789476432309715,0.5059990059128129,0,-0.899111549025792,-0.640206423564969,-0.4548207881572258,-0.606484540332569,NAT
Plantago_media,Plantago_media_Stoderzinken,-2.298,0.513,Ordbeta,T0-T2,DIST,1,Stoderzinken,FirstStepAtt,-0.2877099207292408,First step attenuation,H3,T0,-0.7572905629187225,0.7252842431098,0.4744156233804123,0,-0.41320185179705465,-1.0776404116342828,2.026441533526428,-0.9641796158315374,NAT
Plantago_media,Plantago_media_Stoderzinken,-2.298,0.513,Ordbeta,T0-T2,DIST,1,Stoderzinken,Lambda,-0.372394741943136,Population growth rate,H4,T0,-0.7572905629187225,0.7252842431098,0.4744156233804123,0,-0.41320185179705465,-1.0776404116342828,2.026441533526428,-0.9641796158315374,NAT
Plantago_media,Plantago_media_Stoderzinken,-2.298,0.513,Ordbeta,T0-T2,DIST,1,Stoderzinken,R0,-0.2436796544649356,Net reproductive rate,H1,T0,-0.7572905629187225,0.7252842431098,0.4744156233804123,0,-0.41320185179705465,-1.0776404116342828,2.026441533526428,-0.9641796158315374,NAT
Plantago_media,Plantago_media_Stoderzinken,-2.298,0.513,Ordbeta,T0-T2,DIST,1,Stoderzinken,Reactivity,-0.577468495847857,Reactivity,H3,T0,-0.7572905629187225,0.7252842431098,0.4744156233804123,0,-0.41320185179705465,-1.0776404116342828,2.026441533526428,-0.9641796158315374,NAT
Plantago_media,Plantago_media_Stoderzinken,-2.298,0.513,Ordbeta,T0-T2,DIST,1,Stoderzinken,T_generation,3.048547366396701,Generation time,H2,T0,-0.7572905629187225,0.7252842431098,0.4744156233804123,0,-0.41320185179705465,-1.0776404116342828,2.026441533526428,-0.9641796158315374,NAT
Plantago_media,Plantago_media_Stoderzinken,-2.298,0.513,Ordbeta,T0-T2,DIST,1,Stoderzinken,age_repro,2.2208459112797945,Age at first reproduction,H2,T0,-0.7572905629187225,0.7252842431098,0.4744156233804123,0,-0.41320185179705465,-1.0776404116342828,2.026441533526428,-0.9641796158315374,NAT
Plantago_media,Plantago_media_Stoderzinken,-2.298,0.513,Ordbeta,T0-T2,DIST,1,Stoderzinken,percapita_repro,-0.465634445456656,Per capita reproduction,H1,T0,-0.7572905629187225,0.7252842431098,0.4744156233804123,0,-0.41320185179705465,-1.0776404116342828,2.026441533526428,-0.9641796158315374,NAT
Poa_alpina,Poa_alpina_Stoderzinken,-2.378,0.502,Ordbeta,T0-T2,DIST,1,Stoderzinken,FirstStepAtt,1.8122418270149296,First step attenuation,H3,T0,-0.7572905629187225,0.7252842431098,0.4744156233804123,0,-0.41320185179705465,-1.0776404116342828,2.026441533526428,-0.9641796158315374,NAT
Poa_alpina,Poa_alpina_Stoderzinken,-2.378,0.502,Ordbeta,T0-T2,DIST,1,Stoderzinken,Lambda,-0.34215735566299715,Population growth rate,H4,T0,-0.7572905629187225,0.7252842431098,0.4744156233804123,0,-0.41320185179705465,-1.0776404116342828,2.026441533526428,-0.9641796158315374,NAT
Poa_alpina,Poa_alpina_Stoderzinken,-2.378,0.502,Ordbeta,T0-T2,DIST,1,Stoderzinken,R0,-0.24148205589510222,Net reproductive rate,H1,T0,-0.7572905629187225,0.7252842431098,0.4744156233804123,0,-0.41320185179705465,-1.0776404116342828,2.026441533526428,-0.9641796158315374,NAT
Poa_alpina,Poa_alpina_Stoderzinken,-2.378,0.502,Ordbeta,T0-T2,DIST,1,Stoderzinken,Reactivity,-0.5845878018089113,Reactivity,H3,T0,-0.7572905629187225,0.7252842431098,0.4744156233804123,0,-0.41320185179705465,-1.0776404116342828,2.026441533526428,-0.9641796158315374,NAT
Poa_alpina,Poa_alpina_Stoderzinken,-2.378,0.502,Ordbeta,T0-T2,DIST,1,Stoderzinken,T_generation,2.865675736127754,Generation time,H2,T0,-0.7572905629187225,0.7252842431098,0.4744156233804123,0,-0.41320185179705465,-1.0776404116342828,2.026441533526428,-0.9641796158315374,NAT
Poa_alpina,Poa_alpina_Stoderzinken,-2.378,0.502,Ordbeta,T0-T2,DIST,1,Stoderzinken,age_repro,-0.44849399808424706,Age at first reproduction,H2,T0,-0.7572905629187225,0.7252842431098,0.4744156233804123,0,-0.41320185179705465,-1.0776404116342828,2.026441533526428,-0.9641796158315374,NAT
Poa_alpina,Poa_alpina_Stoderzinken,-2.378,0.502,Ordbeta,T0-T2,DIST,1,Stoderzinken,percapita_repro,-0.47240353571524646,Per capita reproduction,H1,T0,-0.7572905629187225,0.7252842431098,0.4744156233804123,0,-0.41320185179705465,-1.0776404116342828,2.026441533526428,-0.9641796158315374,NAT
Potentilla_recta,Potentilla_recta_Churning Rapids,-2.315,0.235,Ordbeta,T0-T2,DIST,1,Churning Rapids,FirstStepAtt,1.3782544968491226,First step attenuation,H3,T0,-0.28918763499541594,-0.21060534979087156,-0.11844543096706447,0,-0.3059248891415658,0.04365022904444811,-0.8281278578251694,-0.4293992819164351,INT
Potentilla_recta,Potentilla_recta_Churning Rapids,-2.315,0.235,Ordbeta,T0-T2,DIST,1,Churning Rapids,Lambda,0.6270226277421329,Population growth rate,H4,T0,-0.28918763499541594,-0.21060534979087156,-0.11844543096706447,0,-0.3059248891415658,0.04365022904444811,-0.8281278578251694,-0.4293992819164351,INT
Potentilla_recta,Potentilla_recta_Churning Rapids,-2.315,0.235,Ordbeta,T0-T2,DIST,1,Churning Rapids,R0,-0.19267787821763374,Net reproductive rate,H1,T0,-0.28918763499541594,-0.21060534979087156,-0.11844543096706447,0,-0.3059248891415658,0.04365022904444811,-0.8281278578251694,-0.4293992819164351,INT
Potentilla_recta,Potentilla_recta_Churning Rapids,-2.315,0.235,Ordbeta,T0-T2,DIST,1,Churning Rapids,Reactivity,0.09792218485618513,Reactivity,H3,T0,-0.28918763499541594,-0.21060534979087156,-0.11844543096706447,0,-0.3059248891415658,0.04365022904444811,-0.8281278578251694,-0.4293992819164351,INT
Potentilla_recta,Potentilla_recta_Churning Rapids,-2.315,0.235,Ordbeta,T0-T2,DIST,1,Churning Rapids,T_generation,-0.22649221953648344,Generation time,H2,T0,-0.28918763499541594,-0.21060534979087156,-0.11844543096706447,0,-0.3059248891415658,0.04365022904444811,-0.8281278578251694,-0.4293992819164351,INT
Potentilla_recta,Potentilla_recta_Churning Rapids,-2.315,0.235,Ordbeta,T0-T2,DIST,1,Churning Rapids,age_repro,0.5375610658545087,Age at first reproduction,H2,T0,-0.28918763499541594,-0.21060534979087156,-0.11844543096706447,0,-0.3059248891415658,0.04365022904444811,-0.8281278578251694,-0.4293992819164351,INT
Potentilla_recta,Potentilla_recta_Churning Rapids,-2.315,0.235,Ordbeta,T0-T2,DIST,1,Churning Rapids,percapita_repro,0.433901830841475,Per capita reproduction,H1,T0,-0.28918763499541594,-0.21060534979087156,-0.11844543096706447,0,-0.3059248891415658,0.04365022904444811,-0.8281278578251694,-0.4293992819164351,INT
Potentilla_recta,Potentilla_recta_Kellogg Biological Station (KBS),-2.635,0.444,Ordbeta,T0-T2,DIST,1,Kellogg Biological Station (KBS),FirstStepAtt,1.3782544968491226,First step attenuation,H3,T0,0.6080096435242552,-0.3823161357234788,-0.16217943353098632,0,-0.6951717449115951,-0.3815561424686202,-0.7649907190758011,2.026063801802161,INT
Potentilla_recta,Potentilla_recta_Kellogg Biological Station (KBS),-2.635,0.444,Ordbeta,T0-T2,DIST,1,Kellogg Biological Station (KBS),Lambda,0.6270226277421329,Population growth rate,H4,T0,0.6080096435242552,-0.3823161357234788,-0.16217943353098632,0,-0.6951717449115951,-0.3815561424686202,-0.7649907190758011,2.026063801802161,INT
Potentilla_recta,Potentilla_recta_Kellogg Biological Station (KBS),-2.635,0.444,Ordbeta,T0-T2,DIST,1,Kellogg Biological Station (KBS),R0,-0.19267787821763374,Net reproductive rate,H1,T0,0.6080096435242552,-0.3823161357234788,-0.16217943353098632,0,-0.6951717449115951,-0.3815561424686202,-0.7649907190758011,2.026063801802161,INT
Potentilla_recta,Potentilla_recta_Kellogg Biological Station (KBS),-2.635,0.444,Ordbeta,T0-T2,DIST,1,Kellogg Biological Station (KBS),Reactivity,0.09792218485618513,Reactivity,H3,T0,0.6080096435242552,-0.3823161357234788,-0.16217943353098632,0,-0.6951717449115951,-0.3815561424686202,-0.7649907190758011,2.026063801802161,INT
Potentilla_recta,Potentilla_recta_Kellogg Biological Station (KBS),-2.635,0.444,Ordbeta,T0-T2,DIST,1,Kellogg Biological Station (KBS),T_generation,-0.22649221953648344,Generation time,H2,T0,0.6080096435242552,-0.3823161357234788,-0.16217943353098632,0,-0.6951717449115951,-0.3815561424686202,-0.7649907190758011,2.026063801802161,INT
Potentilla_recta,Potentilla_recta_Kellogg Biological Station (KBS),-2.635,0.444,Ordbeta,T0-T2,DIST,1,Kellogg Biological Station (KBS),age_repro,0.5375610658545087,Age at first reproduction,H2,T0,0.6080096435242552,-0.3823161357234788,-0.16217943353098632,0,-0.6951717449115951,-0.3815561424686202,-0.7649907190758011,2.026063801802161,INT
Potentilla_recta,Potentilla_recta_Kellogg Biological Station (KBS),-2.635,0.444,Ordbeta,T0-T2,DIST,1,Kellogg Biological Station (KBS),percapita_repro,0.433901830841475,Per capita reproduction,H1,T0,0.6080096435242552,-0.3823161357234788,-0.16217943353098632,0,-0.6951717449115951,-0.3815561424686202,-0.7649907190758011,2.026063801802161,INT
Primula_elatior,Primula_elatior_Stoderzinken,-2.349,0.391,Ordbeta,T0-T2,DIST,1,Stoderzinken,FirstStepAtt,-0.31919165364419055,First step attenuation,H3,T0,-0.7572905629187225,0.7252842431098,0.4744156233804123,0,-0.41320185179705465,-1.0776404116342828,2.026441533526428,-0.9641796158315374,NAT
Primula_elatior,Primula_elatior_Stoderzinken,-2.349,0.391,Ordbeta,T0-T2,DIST,1,Stoderzinken,Lambda,-0.10767744601925694,Population growth rate,H4,T0,-0.7572905629187225,0.7252842431098,0.4744156233804123,0,-0.41320185179705465,-1.0776404116342828,2.026441533526428,-0.9641796158315374,NAT
Primula_elatior,Primula_elatior_Stoderzinken,-2.349,0.391,Ordbeta,T0-T2,DIST,1,Stoderzinken,R0,-0.18525141980595505,Net reproductive rate,H1,T0,-0.7572905629187225,0.7252842431098,0.4744156233804123,0,-0.41320185179705465,-1.0776404116342828,2.026441533526428,-0.9641796158315374,NAT
Primula_elatior,Primula_elatior_Stoderzinken,-2.349,0.391,Ordbeta,T0-T2,DIST,1,Stoderzinken,Reactivity,-0.5651727888269725,Reactivity,H3,T0,-0.7572905629187225,0.7252842431098,0.4744156233804123,0,-0.41320185179705465,-1.0776404116342828,2.026441533526428,-0.9641796158315374,NAT
Primula_elatior,Primula_elatior_Stoderzinken,-2.349,0.391,Ordbeta,T0-T2,DIST,1,Stoderzinken,T_generation,1.6200094546364336,Generation time,H2,T0,-0.7572905629187225,0.7252842431098,0.4744156233804123,0,-0.41320185179705465,-1.0776404116342828,2.026441533526428,-0.9641796158315374,NAT
Primula_elatior,Primula_elatior_Stoderzinken,-2.349,0.391,Ordbeta,T0-T2,DIST,1,Stoderzinken,age_repro,0.8268635803205544,Age at first reproduction,H2,T0,-0.7572905629187225,0.7252842431098,0.4744156233804123,0,-0.41320185179705465,-1.0776404116342828,2.026441533526428,-0.9641796158315374,NAT
Primula_elatior,Primula_elatior_Stoderzinken,-2.349,0.391,Ordbeta,T0-T2,DIST,1,Stoderzinken,percapita_repro,-0.46268856259796526,Per capita reproduction,H1,T0,-0.7572905629187225,0.7252842431098,0.4744156233804123,0,-0.41320185179705465,-1.0776404116342828,2.026441533526428,-0.9641796158315374,NAT
Primula_veris,Primula_veris_Wytham Woods,-2.253,0.363,Ordbeta,T0-T2,DIST,1,Wytham Woods,FirstStepAtt,-0.20327869194180606,First step attenuation,H3,T0,1.1385262951706692,0.9703437817001139,1.0760089899315513,0,-0.48678535534291734,-0.5976146616129729,0.41522666757088206,-0.12047087426531668,NAT
Primula_veris,Primula_veris_Wytham Woods,-2.253,0.363,Ordbeta,T0-T2,DIST,1,Wytham Woods,Lambda,-0.36976836219088066,Population growth rate,H4,T0,1.1385262951706692,0.9703437817001139,1.0760089899315513,0,-0.48678535534291734,-0.5976146616129729,0.41522666757088206,-0.12047087426531668,NAT
Primula_veris,Primula_veris_Wytham Woods,-2.253,0.363,Ordbeta,T0-T2,DIST,1,Wytham Woods,R0,-0.2345573073816206,Net reproductive rate,H1,T0,1.1385262951706692,0.9703437817001139,1.0760089899315513,0,-0.48678535534291734,-0.5976146616129729,0.41522666757088206,-0.12047087426531668,NAT
Primula_veris,Primula_veris_Wytham Woods,-2.253,0.363,Ordbeta,T0-T2,DIST,1,Wytham Woods,Reactivity,-0.41251952314711016,Reactivity,H3,T0,1.1385262951706692,0.9703437817001139,1.0760089899315513,0,-0.48678535534291734,-0.5976146616129729,0.41522666757088206,-0.12047087426531668,NAT
Primula_veris,Primula_veris_Wytham Woods,-2.253,0.363,Ordbeta,T0-T2,DIST,1,Wytham Woods,T_generation,3.6639590354771414,Generation time,H2,T0,1.1385262951706692,0.9703437817001139,1.0760089899315513,0,-0.48678535534291734,-0.5976146616129729,0.41522666757088206,-0.12047087426531668,NAT
Primula_veris,Primula_veris_Wytham Woods,-2.253,0.363,Ordbeta,T0-T2,DIST,1,Wytham Woods,age_repro,2.4811347166679005,Age at first reproduction,H2,T0,1.1385262951706692,0.9703437817001139,1.0760089899315513,0,-0.48678535534291734,-0.5976146616129729,0.41522666757088206,-0.12047087426531668,NAT
Primula_veris,Primula_veris_Wytham Woods,-2.253,0.363,Ordbeta,T0-T2,DIST,1,Wytham Woods,percapita_repro,-0.40402571349235866,Per capita reproduction,H1,T0,1.1385262951706692,0.9703437817001139,1.0760089899315513,0,-0.48678535534291734,-0.5976146616129729,0.41522666757088206,-0.12047087426531668,NAT
Ranunculus_acris,Ranunculus_acris_Agroscope Changins,-2.201,0.228,Ordbeta,T0-T2,DIST,1,Agroscope Changins,FirstStepAtt,-0.23897665516791985,First step attenuation,H3,T0,1.1151211487745039,1.231861200363381,1.4334641159886803,0,-1.2881608799324629,-1.398708630217884,1.650051594077399,0.46165430853599404,NAT
Ranunculus_acris,Ranunculus_acris_Agroscope Changins,-2.201,0.228,Ordbeta,T0-T2,DIST,1,Agroscope Changins,Lambda,0.19477322660153615,Population growth rate,H4,T0,1.1151211487745039,1.231861200363381,1.4334641159886803,0,-1.2881608799324629,-1.398708630217884,1.650051594077399,0.46165430853599404,NAT
Ranunculus_acris,Ranunculus_acris_Agroscope Changins,-2.201,0.228,Ordbeta,T0-T2,DIST,1,Agroscope Changins,R0,-0.22688554285625917,Net reproductive rate,H1,T0,1.1151211487745039,1.231861200363381,1.4334641159886803,0,-1.2881608799324629,-1.398708630217884,1.650051594077399,0.46165430853599404,NAT
Ranunculus_acris,Ranunculus_acris_Agroscope Changins,-2.201,0.228,Ordbeta,T0-T2,DIST,1,Agroscope Changins,Reactivity,-0.520624099635675,Reactivity,H3,T0,1.1151211487745039,1.231861200363381,1.4334641159886803,0,-1.2881608799324629,-1.398708630217884,1.650051594077399,0.46165430853599404,NAT
Ranunculus_acris,Ranunculus_acris_Agroscope Changins,-2.201,0.228,Ordbeta,T0-T2,DIST,1,Agroscope Changins,T_generation,-0.12395930399886819,Generation time,H2,T0,1.1151211487745039,1.231861200363381,1.4334641159886803,0,-1.2881608799324629,-1.398708630217884,1.650051594077399,0.46165430853599404,NAT
Ranunculus_acris,Ranunculus_acris_Agroscope Changins,-2.201,0.228,Ordbeta,T0-T2,DIST,1,Agroscope Changins,age_repro,-0.09787683181436278,Age at first reproduction,H2,T0,1.1151211487745039,1.231861200363381,1.4334641159886803,0,-1.2881608799324629,-1.398708630217884,1.650051594077399,0.46165430853599404,NAT
Ranunculus_acris,Ranunculus_acris_Agroscope Changins,-2.201,0.228,Ordbeta,T0-T2,DIST,1,Agroscope Changins,percapita_repro,-0.43764554715583065,Per capita reproduction,H1,T0,1.1151211487745039,1.231861200363381,1.4334641159886803,0,-1.2881608799324629,-1.398708630217884,1.650051594077399,0.46165430853599404,NAT
Ranunculus_acris,Ranunculus_acris_Bayreuth DRAGNet,-2.452,0.321,Ordbeta,T0-T2,DIST,1,Bayreuth DRAGNet,FirstStepAtt,-0.23897665516791985,First step attenuation,H3,T0,1.7002498086786373,1.1903000578533576,1.5813921901858357,0,0.7663265952564761,0.8046703576991449,-0.4657062309279624,0.012833603314585775,NAT
Ranunculus_acris,Ranunculus_acris_Bayreuth DRAGNet,-2.452,0.321,Ordbeta,T0-T2,DIST,1,Bayreuth DRAGNet,Lambda,0.19477322660153615,Population growth rate,H4,T0,1.7002498086786373,1.1903000578533576,1.5813921901858357,0,0.7663265952564761,0.8046703576991449,-0.4657062309279624,0.012833603314585775,NAT
Ranunculus_acris,Ranunculus_acris_Bayreuth DRAGNet,-2.452,0.321,Ordbeta,T0-T2,DIST,1,Bayreuth DRAGNet,R0,-0.22688554285625917,Net reproductive rate,H1,T0,1.7002498086786373,1.1903000578533576,1.5813921901858357,0,0.7663265952564761,0.8046703576991449,-0.4657062309279624,0.012833603314585775,NAT
Ranunculus_acris,Ranunculus_acris_Bayreuth DRAGNet,-2.452,0.321,Ordbeta,T0-T2,DIST,1,Bayreuth DRAGNet,Reactivity,-0.520624099635675,Reactivity,H3,T0,1.7002498086786373,1.1903000578533576,1.5813921901858357,0,0.7663265952564761,0.8046703576991449,-0.4657062309279624,0.012833603314585775,NAT
Ranunculus_acris,Ranunculus_acris_Bayreuth DRAGNet,-2.452,0.321,Ordbeta,T0-T2,DIST,1,Bayreuth DRAGNet,T_generation,-0.12395930399886819,Generation time,H2,T0,1.7002498086786373,1.1903000578533576,1.5813921901858357,0,0.7663265952564761,0.8046703576991449,-0.4657062309279624,0.012833603314585775,NAT
Ranunculus_acris,Ranunculus_acris_Bayreuth DRAGNet,-2.452,0.321,Ordbeta,T0-T2,DIST,1,Bayreuth DRAGNet,age_repro,-0.09787683181436278,Age at first reproduction,H2,T0,1.7002498086786373,1.1903000578533576,1.5813921901858357,0,0.7663265952564761,0.8046703576991449,-0.4657062309279624,0.012833603314585775,NAT
Ranunculus_acris,Ranunculus_acris_Bayreuth DRAGNet,-2.452,0.321,Ordbeta,T0-T2,DIST,1,Bayreuth DRAGNet,percapita_repro,-0.43764554715583065,Per capita reproduction,H1,T0,1.7002498086786373,1.1903000578533576,1.5813921901858357,0,0.7663265952564761,0.8046703576991449,-0.4657062309279624,0.012833603314585775,NAT
Ranunculus_acris,Ranunculus_acris_Churning Rapids,-2.475,0.518,Ordbeta,T0-T2,DIST,1,Churning Rapids,FirstStepAtt,-0.23897665516791985,First step attenuation,H3,T0,-0.28918763499541594,-0.21060534979087156,-0.11844543096706447,0,-0.3059248891415658,0.04365022904444811,-0.8281278578251694,-0.4293992819164351,NAT
Ranunculus_acris,Ranunculus_acris_Churning Rapids,-2.475,0.518,Ordbeta,T0-T2,DIST,1,Churning Rapids,Lambda,0.19477322660153615,Population growth rate,H4,T0,-0.28918763499541594,-0.21060534979087156,-0.11844543096706447,0,-0.3059248891415658,0.04365022904444811,-0.8281278578251694,-0.4293992819164351,NAT
Ranunculus_acris,Ranunculus_acris_Churning Rapids,-2.475,0.518,Ordbeta,T0-T2,DIST,1,Churning Rapids,R0,-0.22688554285625917,Net reproductive rate,H1,T0,-0.28918763499541594,-0.21060534979087156,-0.11844543096706447,0,-0.3059248891415658,0.04365022904444811,-0.8281278578251694,-0.4293992819164351,NAT
Ranunculus_acris,Ranunculus_acris_Churning Rapids,-2.475,0.518,Ordbeta,T0-T2,DIST,1,Churning Rapids,Reactivity,-0.520624099635675,Reactivity,H3,T0,-0.28918763499541594,-0.21060534979087156,-0.11844543096706447,0,-0.3059248891415658,0.04365022904444811,-0.8281278578251694,-0.4293992819164351,NAT
Ranunculus_acris,Ranunculus_acris_Churning Rapids,-2.475,0.518,Ordbeta,T0-T2,DIST,1,Churning Rapids,T_generation,-0.12395930399886819,Generation time,H2,T0,-0.28918763499541594,-0.21060534979087156,-0.11844543096706447,0,-0.3059248891415658,0.04365022904444811,-0.8281278578251694,-0.4293992819164351,NAT
Ranunculus_acris,Ranunculus_acris_Churning Rapids,-2.475,0.518,Ordbeta,T0-T2,DIST,1,Churning Rapids,age_repro,-0.09787683181436278,Age at first reproduction,H2,T0,-0.28918763499541594,-0.21060534979087156,-0.11844543096706447,0,-0.3059248891415658,0.04365022904444811,-0.8281278578251694,-0.4293992819164351,NAT
Ranunculus_acris,Ranunculus_acris_Churning Rapids,-2.475,0.518,Ordbeta,T0-T2,DIST,1,Churning Rapids,percapita_repro,-0.43764554715583065,Per capita reproduction,H1,T0,-0.28918763499541594,-0.21060534979087156,-0.11844543096706447,0,-0.3059248891415658,0.04365022904444811,-0.8281278578251694,-0.4293992819164351,NAT
Ranunculus_acris,Ranunculus_acris_Kniezenberg,-2.642,0.443,Ordbeta,T0-T2,DIST,1,Kniezenberg,FirstStepAtt,-0.23897665516791985,First step attenuation,H3,T0,0.061889560947064014,-0.8020551636910082,-0.735183579836512,0,-1.2184013945374839,-0.8038659869745547,-0.9964378960740793,-1.0919845584754213,NAT
Ranunculus_acris,Ranunculus_acris_Kniezenberg,-2.642,0.443,Ordbeta,T0-T2,DIST,1,Kniezenberg,Lambda,0.19477322660153615,Population growth rate,H4,T0,0.061889560947064014,-0.8020551636910082,-0.735183579836512,0,-1.2184013945374839,-0.8038659869745547,-0.9964378960740793,-1.0919845584754213,NAT
Ranunculus_acris,Ranunculus_acris_Kniezenberg,-2.642,0.443,Ordbeta,T0-T2,DIST,1,Kniezenberg,R0,-0.22688554285625917,Net reproductive rate,H1,T0,0.061889560947064014,-0.8020551636910082,-0.735183579836512,0,-1.2184013945374839,-0.8038659869745547,-0.9964378960740793,-1.0919845584754213,NAT
Ranunculus_acris,Ranunculus_acris_Kniezenberg,-2.642,0.443,Ordbeta,T0-T2,DIST,1,Kniezenberg,Reactivity,-0.520624099635675,Reactivity,H3,T0,0.061889560947064014,-0.8020551636910082,-0.735183579836512,0,-1.2184013945374839,-0.8038659869745547,-0.9964378960740793,-1.0919845584754213,NAT
Ranunculus_acris,Ranunculus_acris_Kniezenberg,-2.642,0.443,Ordbeta,T0-T2,DIST,1,Kniezenberg,T_generation,-0.12395930399886819,Generation time,H2,T0,0.061889560947064014,-0.8020551636910082,-0.735183579836512,0,-1.2184013945374839,-0.8038659869745547,-0.9964378960740793,-1.0919845584754213,NAT
Ranunculus_acris,Ranunculus_acris_Kniezenberg,-2.642,0.443,Ordbeta,T0-T2,DIST,1,Kniezenberg,age_repro,-0.09787683181436278,Age at first reproduction,H2,T0,0.061889560947064014,-0.8020551636910082,-0.735183579836512,0,-1.2184013945374839,-0.8038659869745547,-0.9964378960740793,-1.0919845584754213,NAT
Ranunculus_acris,Ranunculus_acris_Kniezenberg,-2.642,0.443,Ordbeta,T0-T2,DIST,1,Kniezenberg,percapita_repro,-0.43764554715583065,Per capita reproduction,H1,T0,0.061889560947064014,-0.8020551636910082,-0.735183579836512,0,-1.2184013945374839,-0.8038659869745547,-0.9964378960740793,-1.0919845584754213,NAT
Ranunculus_acris,Ranunculus_acris_Meranges,-2.48,0.308,Ordbeta,T0-T2,DIST,1,Meranges,FirstStepAtt,-0.23897665516791985,First step attenuation,H3,T0,0.13990671560094858,0.36789476432309715,0.5059990059128129,0,-0.899111549025792,-0.640206423564969,-0.4548207881572258,-0.606484540332569,NAT
Ranunculus_acris,Ranunculus_acris_Meranges,-2.48,0.308,Ordbeta,T0-T2,DIST,1,Meranges,Lambda,0.19477322660153615,Population growth rate,H4,T0,0.13990671560094858,0.36789476432309715,0.5059990059128129,0,-0.899111549025792,-0.640206423564969,-0.4548207881572258,-0.606484540332569,NAT
Ranunculus_acris,Ranunculus_acris_Meranges,-2.48,0.308,Ordbeta,T0-T2,DIST,1,Meranges,R0,-0.22688554285625917,Net reproductive rate,H1,T0,0.13990671560094858,0.36789476432309715,0.5059990059128129,0,-0.899111549025792,-0.640206423564969,-0.4548207881572258,-0.606484540332569,NAT
Ranunculus_acris,Ranunculus_acris_Meranges,-2.48,0.308,Ordbeta,T0-T2,DIST,1,Meranges,Reactivity,-0.520624099635675,Reactivity,H3,T0,0.13990671560094858,0.36789476432309715,0.5059990059128129,0,-0.899111549025792,-0.640206423564969,-0.4548207881572258,-0.606484540332569,NAT
Ranunculus_acris,Ranunculus_acris_Meranges,-2.48,0.308,Ordbeta,T0-T2,DIST,1,Meranges,T_generation,-0.12395930399886819,Generation time,H2,T0,0.13990671560094858,0.36789476432309715,0.5059990059128129,0,-0.899111549025792,-0.640206423564969,-0.4548207881572258,-0.606484540332569,NAT
Ranunculus_acris,Ranunculus_acris_Meranges,-2.48,0.308,Ordbeta,T0-T2,DIST,1,Meranges,age_repro,-0.09787683181436278,Age at first reproduction,H2,T0,0.13990671560094858,0.36789476432309715,0.5059990059128129,0,-0.899111549025792,-0.640206423564969,-0.4548207881572258,-0.606484540332569,NAT
Ranunculus_acris,Ranunculus_acris_Meranges,-2.48,0.308,Ordbeta,T0-T2,DIST,1,Meranges,percapita_repro,-0.43764554715583065,Per capita reproduction,H1,T0,0.13990671560094858,0.36789476432309715,0.5059990059128129,0,-0.899111549025792,-0.640206423564969,-0.4548207881572258,-0.606484540332569,NAT
Ranunculus_acris,Ranunculus_acris_Stoderzinken,-2.359,0.358,Ordbeta,T0-T2,DIST,1,Stoderzinken,FirstStepAtt,-0.23897665516791985,First step attenuation,H3,T0,-0.7572905629187225,0.7252842431098,0.4744156233804123,0,-0.41320185179705465,-1.0776404116342828,2.026441533526428,-0.9641796158315374,NAT
Ranunculus_acris,Ranunculus_acris_Stoderzinken,-2.359,0.358,Ordbeta,T0-T2,DIST,1,Stoderzinken,Lambda,0.19477322660153615,Population growth rate,H4,T0,-0.7572905629187225,0.7252842431098,0.4744156233804123,0,-0.41320185179705465,-1.0776404116342828,2.026441533526428,-0.9641796158315374,NAT
Ranunculus_acris,Ranunculus_acris_Stoderzinken,-2.359,0.358,Ordbeta,T0-T2,DIST,1,Stoderzinken,R0,-0.22688554285625917,Net reproductive rate,H1,T0,-0.7572905629187225,0.7252842431098,0.4744156233804123,0,-0.41320185179705465,-1.0776404116342828,2.026441533526428,-0.9641796158315374,NAT
Ranunculus_acris,Ranunculus_acris_Stoderzinken,-2.359,0.358,Ordbeta,T0-T2,DIST,1,Stoderzinken,Reactivity,-0.520624099635675,Reactivity,H3,T0,-0.7572905629187225,0.7252842431098,0.4744156233804123,0,-0.41320185179705465,-1.0776404116342828,2.026441533526428,-0.9641796158315374,NAT
Ranunculus_acris,Ranunculus_acris_Stoderzinken,-2.359,0.358,Ordbeta,T0-T2,DIST,1,Stoderzinken,T_generation,-0.12395930399886819,Generation time,H2,T0,-0.7572905629187225,0.7252842431098,0.4744156233804123,0,-0.41320185179705465,-1.0776404116342828,2.026441533526428,-0.9641796158315374,NAT
Ranunculus_acris,Ranunculus_acris_Stoderzinken,-2.359,0.358,Ordbeta,T0-T2,DIST,1,Stoderzinken,age_repro,-0.09787683181436278,Age at first reproduction,H2,T0,-0.7572905629187225,0.7252842431098,0.4744156233804123,0,-0.41320185179705465,-1.0776404116342828,2.026441533526428,-0.9641796158315374,NAT
Ranunculus_acris,Ranunculus_acris_Stoderzinken,-2.359,0.358,Ordbeta,T0-T2,DIST,1,Stoderzinken,percapita_repro,-0.43764554715583065,Per capita reproduction,H1,T0,-0.7572905629187225,0.7252842431098,0.4744156233804123,0,-0.41320185179705465,-1.0776404116342828,2.026441533526428,-0.9641796158315374,NAT
Ranunculus_acris,Ranunculus_acris_WSL,-2.367,0.325,Ordbeta,T0-T2,DIST,1,WSL,FirstStepAtt,-0.23897665516791985,First step attenuation,H3,T0,-0.8743162948995492,0.8005497667622437,0.4329590289255727,0,0.7223509120374744,0.494707828917318,-0.07955499989208786,-0.8401532541006036,NAT
Ranunculus_acris,Ranunculus_acris_WSL,-2.367,0.325,Ordbeta,T0-T2,DIST,1,WSL,Lambda,0.19477322660153615,Population growth rate,H4,T0,-0.8743162948995492,0.8005497667622437,0.4329590289255727,0,0.7223509120374744,0.494707828917318,-0.07955499989208786,-0.8401532541006036,NAT
Ranunculus_acris,Ranunculus_acris_WSL,-2.367,0.325,Ordbeta,T0-T2,DIST,1,WSL,R0,-0.22688554285625917,Net reproductive rate,H1,T0,-0.8743162948995492,0.8005497667622437,0.4329590289255727,0,0.7223509120374744,0.494707828917318,-0.07955499989208786,-0.8401532541006036,NAT
Ranunculus_acris,Ranunculus_acris_WSL,-2.367,0.325,Ordbeta,T0-T2,DIST,1,WSL,Reactivity,-0.520624099635675,Reactivity,H3,T0,-0.8743162948995492,0.8005497667622437,0.4329590289255727,0,0.7223509120374744,0.494707828917318,-0.07955499989208786,-0.8401532541006036,NAT
Ranunculus_acris,Ranunculus_acris_WSL,-2.367,0.325,Ordbeta,T0-T2,DIST,1,WSL,T_generation,-0.12395930399886819,Generation time,H2,T0,-0.8743162948995492,0.8005497667622437,0.4329590289255727,0,0.7223509120374744,0.494707828917318,-0.07955499989208786,-0.8401532541006036,NAT
Ranunculus_acris,Ranunculus_acris_WSL,-2.367,0.325,Ordbeta,T0-T2,DIST,1,WSL,age_repro,-0.09787683181436278,Age at first reproduction,H2,T0,-0.8743162948995492,0.8005497667622437,0.4329590289255727,0,0.7223509120374744,0.494707828917318,-0.07955499989208786,-0.8401532541006036,NAT
Ranunculus_acris,Ranunculus_acris_WSL,-2.367,0.325,Ordbeta,T0-T2,DIST,1,WSL,percapita_repro,-0.43764554715583065,Per capita reproduction,H1,T0,-0.8743162948995492,0.8005497667622437,0.4329590289255727,0,0.7223509120374744,0.494707828917318,-0.07955499989208786,-0.8401532541006036,NAT
Ranunculus_acris,Ranunculus_acris_Wytham Woods,-2.657,0.442,Ordbeta,T0-T2,DIST,1,Wytham Woods,FirstStepAtt,-0.23897665516791985,First step attenuation,H3,T0,1.1385262951706692,0.9703437817001139,1.0760089899315513,0,-0.48678535534291734,-0.5976146616129729,0.41522666757088206,-0.12047087426531668,NAT
Ranunculus_acris,Ranunculus_acris_Wytham Woods,-2.657,0.442,Ordbeta,T0-T2,DIST,1,Wytham Woods,Lambda,0.19477322660153615,Population growth rate,H4,T0,1.1385262951706692,0.9703437817001139,1.0760089899315513,0,-0.48678535534291734,-0.5976146616129729,0.41522666757088206,-0.12047087426531668,NAT
Ranunculus_acris,Ranunculus_acris_Wytham Woods,-2.657,0.442,Ordbeta,T0-T2,DIST,1,Wytham Woods,R0,-0.22688554285625917,Net reproductive rate,H1,T0,1.1385262951706692,0.9703437817001139,1.0760089899315513,0,-0.48678535534291734,-0.5976146616129729,0.41522666757088206,-0.12047087426531668,NAT
Ranunculus_acris,Ranunculus_acris_Wytham Woods,-2.657,0.442,Ordbeta,T0-T2,DIST,1,Wytham Woods,Reactivity,-0.520624099635675,Reactivity,H3,T0,1.1385262951706692,0.9703437817001139,1.0760089899315513,0,-0.48678535534291734,-0.5976146616129729,0.41522666757088206,-0.12047087426531668,NAT
Ranunculus_acris,Ranunculus_acris_Wytham Woods,-2.657,0.442,Ordbeta,T0-T2,DIST,1,Wytham Woods,T_generation,-0.12395930399886819,Generation time,H2,T0,1.1385262951706692,0.9703437817001139,1.0760089899315513,0,-0.48678535534291734,-0.5976146616129729,0.41522666757088206,-0.12047087426531668,NAT
Ranunculus_acris,Ranunculus_acris_Wytham Woods,-2.657,0.442,Ordbeta,T0-T2,DIST,1,Wytham Woods,age_repro,-0.09787683181436278,Age at first reproduction,H2,T0,1.1385262951706692,0.9703437817001139,1.0760089899315513,0,-0.48678535534291734,-0.5976146616129729,0.41522666757088206,-0.12047087426531668,NAT
Ranunculus_acris,Ranunculus_acris_Wytham Woods,-2.657,0.442,Ordbeta,T0-T2,DIST,1,Wytham Woods,percapita_repro,-0.43764554715583065,Per capita reproduction,H1,T0,1.1385262951706692,0.9703437817001139,1.0760089899315513,0,-0.48678535534291734,-0.5976146616129729,0.41522666757088206,-0.12047087426531668,NAT
Salsola_kali,Salsola_kali_Sandflats,-2.628,0.496,Ordbeta,T0-T2,DIST,1,Sandflats,FirstStepAtt,-0.7284878570064718,First step attenuation,H3,T0,-1.2644020681689714,-1.498888782374658,-1.1399509335879594,0,NA,NA,NA,-1.0822047019948458,INT
Salsola_kali,Salsola_kali_Sandflats,-2.628,0.496,Ordbeta,T0-T2,DIST,1,Sandflats,Lambda,-1.175946337180963,Population growth rate,H4,T0,-1.2644020681689714,-1.498888782374658,-1.1399509335879594,0,NA,NA,NA,-1.0822047019948458,INT
Salsola_kali,Salsola_kali_Sandflats,-2.628,0.496,Ordbeta,T0-T2,DIST,1,Sandflats,R0,-0.2441392234958551,Net reproductive rate,H1,T0,-1.2644020681689714,-1.498888782374658,-1.1399509335879594,0,NA,NA,NA,-1.0822047019948458,INT
Salsola_kali,Salsola_kali_Sandflats,-2.628,0.496,Ordbeta,T0-T2,DIST,1,Sandflats,Reactivity,NA,Reactivity,H3,T0,-1.2644020681689714,-1.498888782374658,-1.1399509335879594,0,NA,NA,NA,-1.0822047019948458,INT
Salsola_kali,Salsola_kali_Sandflats,-2.628,0.496,Ordbeta,T0-T2,DIST,1,Sandflats,T_generation,0.17776681206273695,Generation time,H2,T0,-1.2644020681689714,-1.498888782374658,-1.1399509335879594,0,NA,NA,NA,-1.0822047019948458,INT
Salsola_kali,Salsola_kali_Sandflats,-2.628,0.496,Ordbeta,T0-T2,DIST,1,Sandflats,age_repro,1.346830732738499,Age at first reproduction,H2,T0,-1.2644020681689714,-1.498888782374658,-1.1399509335879594,0,NA,NA,NA,-1.0822047019948458,INT
Salsola_kali,Salsola_kali_Sandflats,-2.628,0.496,Ordbeta,T0-T2,DIST,1,Sandflats,percapita_repro,NA,Per capita reproduction,H1,T0,-1.2644020681689714,-1.498888782374658,-1.1399509335879594,0,NA,NA,NA,-1.0822047019948458,INT
Sphaeralcea_coccinea,Sphaeralcea_coccinea_Shortgrass Steppe LTER,-2.245,0.294,Ordbeta,T0-T2,DIST,1,Shortgrass Steppe LTER,FirstStepAtt,3.7198298706182635,First step attenuation,H3,T0,-1.342419222822856,-1.9035018512877446,-1.444734176104233,0,2.675170108886487,3.008621713580912,-1.1236658654167908,-0.8963874288639123,NAT
Sphaeralcea_coccinea,Sphaeralcea_coccinea_Shortgrass Steppe LTER,-2.245,0.294,Ordbeta,T0-T2,DIST,1,Shortgrass Steppe LTER,Lambda,-0.37867742450186676,Population growth rate,H4,T0,-1.342419222822856,-1.9035018512877446,-1.444734176104233,0,2.675170108886487,3.008621713580912,-1.1236658654167908,-0.8963874288639123,NAT
Sphaeralcea_coccinea,Sphaeralcea_coccinea_Shortgrass Steppe LTER,-2.245,0.294,Ordbeta,T0-T2,DIST,1,Shortgrass Steppe LTER,R0,-0.23264702448181768,Net reproductive rate,H1,T0,-1.342419222822856,-1.9035018512877446,-1.444734176104233,0,2.675170108886487,3.008621713580912,-1.1236658654167908,-0.8963874288639123,NAT
Sphaeralcea_coccinea,Sphaeralcea_coccinea_Shortgrass Steppe LTER,-2.245,0.294,Ordbeta,T0-T2,DIST,1,Shortgrass Steppe LTER,Reactivity,-0.5991832393544837,Reactivity,H3,T0,-1.342419222822856,-1.9035018512877446,-1.444734176104233,0,2.675170108886487,3.008621713580912,-1.1236658654167908,-0.8963874288639123,NAT
Sphaeralcea_coccinea,Sphaeralcea_coccinea_Shortgrass Steppe LTER,-2.245,0.294,Ordbeta,T0-T2,DIST,1,Shortgrass Steppe LTER,T_generation,-0.4757377842553818,Generation time,H2,T0,-1.342419222822856,-1.9035018512877446,-1.444734176104233,0,2.675170108886487,3.008621713580912,-1.1236658654167908,-0.8963874288639123,NAT
Sphaeralcea_coccinea,Sphaeralcea_coccinea_Shortgrass Steppe LTER,-2.245,0.294,Ordbeta,T0-T2,DIST,1,Shortgrass Steppe LTER,age_repro,-1.1058262489303787,Age at first reproduction,H2,T0,-1.342419222822856,-1.9035018512877446,-1.444734176104233,0,2.675170108886487,3.008621713580912,-1.1236658654167908,-0.8963874288639123,NAT
Sphaeralcea_coccinea,Sphaeralcea_coccinea_Shortgrass Steppe LTER,-2.245,0.294,Ordbeta,T0-T2,DIST,1,Shortgrass Steppe LTER,percapita_repro,-0.46867432940844506,Per capita reproduction,H1,T0,-1.342419222822856,-1.9035018512877446,-1.444734176104233,0,2.675170108886487,3.008621713580912,-1.1236658654167908,-0.8963874288639123,NAT
Stenaria_nigricans,Stenaria_nigricans_Temple,-2.101,0.335,Ordbeta,T0-T2,DIST,1,Temple,FirstStepAtt,3.809290302785528,First step attenuation,H3,T0,-1.4594449548036825,-1.5348358112243743,-1.180462107192222,0,NA,NA,NA,-0.2753665423473718,NAT
Stenaria_nigricans,Stenaria_nigricans_Temple,-2.101,0.335,Ordbeta,T0-T2,DIST,1,Temple,Lambda,-0.19177447045014406,Population growth rate,H4,T0,-1.4594449548036825,-1.5348358112243743,-1.180462107192222,0,NA,NA,NA,-0.2753665423473718,NAT
Stenaria_nigricans,Stenaria_nigricans_Temple,-2.101,0.335,Ordbeta,T0-T2,DIST,1,Temple,R0,-0.22609219047735443,Net reproductive rate,H1,T0,-1.4594449548036825,-1.5348358112243743,-1.180462107192222,0,NA,NA,NA,-0.2753665423473718,NAT
Stenaria_nigricans,Stenaria_nigricans_Temple,-2.101,0.335,Ordbeta,T0-T2,DIST,1,Temple,Reactivity,-0.5999939646411122,Reactivity,H3,T0,-1.4594449548036825,-1.5348358112243743,-1.180462107192222,0,NA,NA,NA,-0.2753665423473718,NAT
Stenaria_nigricans,Stenaria_nigricans_Temple,-2.101,0.335,Ordbeta,T0-T2,DIST,1,Temple,T_generation,-0.501623710849808,Generation time,H2,T0,-1.4594449548036825,-1.5348358112243743,-1.180462107192222,0,NA,NA,NA,-0.2753665423473718,NAT
Stenaria_nigricans,Stenaria_nigricans_Temple,-2.101,0.335,Ordbeta,T0-T2,DIST,1,Temple,age_repro,-1.1058262489303787,Age at first reproduction,H2,T0,-1.4594449548036825,-1.5348358112243743,-1.180462107192222,0,NA,NA,NA,-0.2753665423473718,NAT
Stenaria_nigricans,Stenaria_nigricans_Temple,-2.101,0.335,Ordbeta,T0-T2,DIST,1,Temple,percapita_repro,-0.4655974176797282,Per capita reproduction,H1,T0,-1.4594449548036825,-1.5348358112243743,-1.180462107192222,0,NA,NA,NA,-0.2753665423473718,NAT
Taraxacum_campylodes,Taraxacum_campylodes_Bayreuth DRAGNet,-2.299,0.382,Ordbeta,T0-T2,DIST,1,Bayreuth DRAGNet,FirstStepAtt,0.09245220088934654,First step attenuation,H3,T0,1.7002498086786373,1.1903000578533576,1.5813921901858357,0,0.7663265952564761,0.8046703576991449,-0.4657062309279624,0.012833603314585775,NAT
Taraxacum_campylodes,Taraxacum_campylodes_Bayreuth DRAGNet,-2.299,0.382,Ordbeta,T0-T2,DIST,1,Bayreuth DRAGNet,Lambda,-2.4275482662437486,Population growth rate,H4,T0,1.7002498086786373,1.1903000578533576,1.5813921901858357,0,0.7663265952564761,0.8046703576991449,-0.4657062309279624,0.012833603314585775,NAT
Taraxacum_campylodes,Taraxacum_campylodes_Bayreuth DRAGNet,-2.299,0.382,Ordbeta,T0-T2,DIST,1,Bayreuth DRAGNet,R0,-0.24461868476273976,Net reproductive rate,H1,T0,1.7002498086786373,1.1903000578533576,1.5813921901858357,0,0.7663265952564761,0.8046703576991449,-0.4657062309279624,0.012833603314585775,NAT
Taraxacum_campylodes,Taraxacum_campylodes_Bayreuth DRAGNet,-2.299,0.382,Ordbeta,T0-T2,DIST,1,Bayreuth DRAGNet,Reactivity,0.19634234183518007,Reactivity,H3,T0,1.7002498086786373,1.1903000578533576,1.5813921901858357,0,0.7663265952564761,0.8046703576991449,-0.4657062309279624,0.012833603314585775,NAT
Taraxacum_campylodes,Taraxacum_campylodes_Bayreuth DRAGNet,-2.299,0.382,Ordbeta,T0-T2,DIST,1,Bayreuth DRAGNet,T_generation,NA,Generation time,H2,T0,1.7002498086786373,1.1903000578533576,1.5813921901858357,0,0.7663265952564761,0.8046703576991449,-0.4657062309279624,0.012833603314585775,NAT
Taraxacum_campylodes,Taraxacum_campylodes_Bayreuth DRAGNet,-2.299,0.382,Ordbeta,T0-T2,DIST,1,Bayreuth DRAGNet,age_repro,-1.1058262489303787,Age at first reproduction,H2,T0,1.7002498086786373,1.1903000578533576,1.5813921901858357,0,0.7663265952564761,0.8046703576991449,-0.4657062309279624,0.012833603314585775,NAT
Taraxacum_campylodes,Taraxacum_campylodes_Bayreuth DRAGNet,-2.299,0.382,Ordbeta,T0-T2,DIST,1,Bayreuth DRAGNet,percapita_repro,-0.4730239543474472,Per capita reproduction,H1,T0,1.7002498086786373,1.1903000578533576,1.5813921901858357,0,0.7663265952564761,0.8046703576991449,-0.4657062309279624,0.012833603314585775,NAT
Taraxacum_campylodes,Taraxacum_campylodes_Kellogg Biological Station (KBS),-2.591,0.5,Ordbeta,T0-T2,DIST,1,Kellogg Biological Station (KBS),FirstStepAtt,0.09245220088934654,First step attenuation,H3,T0,0.6080096435242552,-0.3823161357234788,-0.16217943353098632,0,-0.6951717449115951,-0.3815561424686202,-0.7649907190758011,2.026063801802161,INT
Taraxacum_campylodes,Taraxacum_campylodes_Kellogg Biological Station (KBS),-2.591,0.5,Ordbeta,T0-T2,DIST,1,Kellogg Biological Station (KBS),Lambda,-2.4275482662437486,Population growth rate,H4,T0,0.6080096435242552,-0.3823161357234788,-0.16217943353098632,0,-0.6951717449115951,-0.3815561424686202,-0.7649907190758011,2.026063801802161,INT
Taraxacum_campylodes,Taraxacum_campylodes_Kellogg Biological Station (KBS),-2.591,0.5,Ordbeta,T0-T2,DIST,1,Kellogg Biological Station (KBS),R0,-0.24461868476273976,Net reproductive rate,H1,T0,0.6080096435242552,-0.3823161357234788,-0.16217943353098632,0,-0.6951717449115951,-0.3815561424686202,-0.7649907190758011,2.026063801802161,INT
Taraxacum_campylodes,Taraxacum_campylodes_Kellogg Biological Station (KBS),-2.591,0.5,Ordbeta,T0-T2,DIST,1,Kellogg Biological Station (KBS),Reactivity,0.19634234183518007,Reactivity,H3,T0,0.6080096435242552,-0.3823161357234788,-0.16217943353098632,0,-0.6951717449115951,-0.3815561424686202,-0.7649907190758011,2.026063801802161,INT
Taraxacum_campylodes,Taraxacum_campylodes_Kellogg Biological Station (KBS),-2.591,0.5,Ordbeta,T0-T2,DIST,1,Kellogg Biological Station (KBS),T_generation,NA,Generation time,H2,T0,0.6080096435242552,-0.3823161357234788,-0.16217943353098632,0,-0.6951717449115951,-0.3815561424686202,-0.7649907190758011,2.026063801802161,INT
Taraxacum_campylodes,Taraxacum_campylodes_Kellogg Biological Station (KBS),-2.591,0.5,Ordbeta,T0-T2,DIST,1,Kellogg Biological Station (KBS),age_repro,-1.1058262489303787,Age at first reproduction,H2,T0,0.6080096435242552,-0.3823161357234788,-0.16217943353098632,0,-0.6951717449115951,-0.3815561424686202,-0.7649907190758011,2.026063801802161,INT
Taraxacum_campylodes,Taraxacum_campylodes_Kellogg Biological Station (KBS),-2.591,0.5,Ordbeta,T0-T2,DIST,1,Kellogg Biological Station (KBS),percapita_repro,-0.4730239543474472,Per capita reproduction,H1,T0,0.6080096435242552,-0.3823161357234788,-0.16217943353098632,0,-0.6951717449115951,-0.3815561424686202,-0.7649907190758011,2.026063801802161,INT
Thymus_vulgaris,Thymus_vulgaris_Morella la Vella,-2.332,0.334,Ordbeta,T0-T2,DIST,1,Morella la Vella,FirstStepAtt,3.789530794687473,First step attenuation,H3,T0,-1.4204363774767406,-1.0774168355901923,-0.9296128902364822,0,NA,NA,NA,-1.1225466099772194,NA
Thymus_vulgaris,Thymus_vulgaris_Morella la Vella,-2.332,0.334,Ordbeta,T0-T2,DIST,1,Morella la Vella,Lambda,-0.18554715225572677,Population growth rate,H4,T0,-1.4204363774767406,-1.0774168355901923,-0.9296128902364822,0,NA,NA,NA,-1.1225466099772194,NA
Thymus_vulgaris,Thymus_vulgaris_Morella la Vella,-2.332,0.334,Ordbeta,T0-T2,DIST,1,Morella la Vella,R0,-0.24070145288014388,Net reproductive rate,H1,T0,-1.4204363774767406,-1.0774168355901923,-0.9296128902364822,0,NA,NA,NA,-1.1225466099772194,NA
Thymus_vulgaris,Thymus_vulgaris_Morella la Vella,-2.332,0.334,Ordbeta,T0-T2,DIST,1,Morella la Vella,Reactivity,-0.5999779836886586,Reactivity,H3,T0,-1.4204363774767406,-1.0774168355901923,-0.9296128902364822,0,NA,NA,NA,-1.1225466099772194,NA
Thymus_vulgaris,Thymus_vulgaris_Morella la Vella,-2.332,0.334,Ordbeta,T0-T2,DIST,1,Morella la Vella,T_generation,NA,Generation time,H2,T0,-1.4204363774767406,-1.0774168355901923,-0.9296128902364822,0,NA,NA,NA,-1.1225466099772194,NA
Thymus_vulgaris,Thymus_vulgaris_Morella la Vella,-2.332,0.334,Ordbeta,T0-T2,DIST,1,Morella la Vella,age_repro,NA,Age at first reproduction,H2,T0,-1.4204363774767406,-1.0774168355901923,-0.9296128902364822,0,NA,NA,NA,-1.1225466099772194,NA
Thymus_vulgaris,Thymus_vulgaris_Morella la Vella,-2.332,0.334,Ordbeta,T0-T2,DIST,1,Morella la Vella,percapita_repro,-0.4729922483804903,Per capita reproduction,H1,T0,-1.4204363774767406,-1.0774168355901923,-0.9296128902364822,0,NA,NA,NA,-1.1225466099772194,NA
Verbascum_thapsus,Verbascum_thapsus_Cedar Creek LTER,-2.455,0.466,Ordbeta,T0-T2,DIST,1,Cedar Creek LTER,FirstStepAtt,-0.6495045389199228,First step attenuation,H3,T0,-1.2644020681689714,-1.1104602362180944,-0.944576857374687,0,-0.440155069565833,-0.3653363883805663,-0.2567312943462281,-0.15067337222003496,INT
Verbascum_thapsus,Verbascum_thapsus_Cedar Creek LTER,-2.455,0.466,Ordbeta,T0-T2,DIST,1,Cedar Creek LTER,Lambda,NA,Population growth rate,H4,T0,-1.2644020681689714,-1.1104602362180944,-0.944576857374687,0,-0.440155069565833,-0.3653363883805663,-0.2567312943462281,-0.15067337222003496,INT
Verbascum_thapsus,Verbascum_thapsus_Cedar Creek LTER,-2.455,0.466,Ordbeta,T0-T2,DIST,1,Cedar Creek LTER,R0,0.09090415094003038,Net reproductive rate,H1,T0,-1.2644020681689714,-1.1104602362180944,-0.944576857374687,0,-0.440155069565833,-0.3653363883805663,-0.2567312943462281,-0.15067337222003496,INT
Verbascum_thapsus,Verbascum_thapsus_Cedar Creek LTER,-2.455,0.466,Ordbeta,T0-T2,DIST,1,Cedar Creek LTER,Reactivity,NA,Reactivity,H3,T0,-1.2644020681689714,-1.1104602362180944,-0.944576857374687,0,-0.440155069565833,-0.3653363883805663,-0.2567312943462281,-0.15067337222003496,INT
Verbascum_thapsus,Verbascum_thapsus_Cedar Creek LTER,-2.455,0.466,Ordbeta,T0-T2,DIST,1,Cedar Creek LTER,T_generation,-0.35399982100958893,Generation time,H2,T0,-1.2644020681689714,-1.1104602362180944,-0.944576857374687,0,-0.440155069565833,-0.3653363883805663,-0.2567312943462281,-0.15067337222003496,INT
Verbascum_thapsus,Verbascum_thapsus_Cedar Creek LTER,-2.455,0.466,Ordbeta,T0-T2,DIST,1,Cedar Creek LTER,age_repro,4.700561875366725,Age at first reproduction,H2,T0,-1.2644020681689714,-1.1104602362180944,-0.944576857374687,0,-0.440155069565833,-0.3653363883805663,-0.2567312943462281,-0.15067337222003496,INT
Verbascum_thapsus,Verbascum_thapsus_Cedar Creek LTER,-2.455,0.466,Ordbeta,T0-T2,DIST,1,Cedar Creek LTER,percapita_repro,NA,Per capita reproduction,H1,T0,-1.2644020681689714,-1.1104602362180944,-0.944576857374687,0,-0.440155069565833,-0.3653363883805663,-0.2567312943462281,-0.15067337222003496,INT
Veronica_arvensis,Veronica_arvensis_Agroscope Changins,-2.782,0.474,Ordbeta,T0-T2,DIST,1,Agroscope Changins,FirstStepAtt,0.6599772510479001,First step attenuation,H3,T0,1.1151211487745039,1.231861200363381,1.4334641159886803,0,-1.2881608799324629,-1.398708630217884,1.650051594077399,0.46165430853599404,NAT
Veronica_arvensis,Veronica_arvensis_Agroscope Changins,-2.782,0.474,Ordbeta,T0-T2,DIST,1,Agroscope Changins,Lambda,-0.026145468205775024,Population growth rate,H4,T0,1.1151211487745039,1.231861200363381,1.4334641159886803,0,-1.2881608799324629,-1.398708630217884,1.650051594077399,0.46165430853599404,NAT
Veronica_arvensis,Veronica_arvensis_Agroscope Changins,-2.782,0.474,Ordbeta,T0-T2,DIST,1,Agroscope Changins,R0,-0.2314006763190621,Net reproductive rate,H1,T0,1.1151211487745039,1.231861200363381,1.4334641159886803,0,-1.2881608799324629,-1.398708630217884,1.650051594077399,0.46165430853599404,NAT
Veronica_arvensis,Veronica_arvensis_Agroscope Changins,-2.782,0.474,Ordbeta,T0-T2,DIST,1,Agroscope Changins,Reactivity,-0.44642823464745035,Reactivity,H3,T0,1.1151211487745039,1.231861200363381,1.4334641159886803,0,-1.2881608799324629,-1.398708630217884,1.650051594077399,0.46165430853599404,NAT
Veronica_arvensis,Veronica_arvensis_Agroscope Changins,-2.782,0.474,Ordbeta,T0-T2,DIST,1,Agroscope Changins,T_generation,-0.42154854115520785,Generation time,H2,T0,1.1151211487745039,1.231861200363381,1.4334641159886803,0,-1.2881608799324629,-1.398708630217884,1.650051594077399,0.46165430853599404,NAT
Veronica_arvensis,Veronica_arvensis_Agroscope Changins,-2.782,0.474,Ordbeta,T0-T2,DIST,1,Agroscope Changins,age_repro,-0.38945843266132424,Age at first reproduction,H2,T0,1.1151211487745039,1.231861200363381,1.4334641159886803,0,-1.2881608799324629,-1.398708630217884,1.650051594077399,0.46165430853599404,NAT
Veronica_arvensis,Veronica_arvensis_Agroscope Changins,-2.782,0.474,Ordbeta,T0-T2,DIST,1,Agroscope Changins,percapita_repro,-0.4182122825798157,Per capita reproduction,H1,T0,1.1151211487745039,1.231861200363381,1.4334641159886803,0,-1.2881608799324629,-1.398708630217884,1.650051594077399,0.46165430853599404,NAT
Veronica_arvensis,Veronica_arvensis_Bad Lauchstaedt,-2.693,0.298,Ordbeta,T0-T2,DIST,1,Bad Lauchstaedt,FirstStepAtt,0.6599772510479001,First step attenuation,H3,T0,0.45197533421648606,-0.3753988185590567,-0.11439210590952666,0,0.5690221852496098,0.7959142485449064,-0.7991349509738322,0.3856906316365244,NAT
Veronica_arvensis,Veronica_arvensis_Bad Lauchstaedt,-2.693,0.298,Ordbeta,T0-T2,DIST,1,Bad Lauchstaedt,Lambda,-0.026145468205775024,Population growth rate,H4,T0,0.45197533421648606,-0.3753988185590567,-0.11439210590952666,0,0.5690221852496098,0.7959142485449064,-0.7991349509738322,0.3856906316365244,NAT
Veronica_arvensis,Veronica_arvensis_Bad Lauchstaedt,-2.693,0.298,Ordbeta,T0-T2,DIST,1,Bad Lauchstaedt,R0,-0.2314006763190621,Net reproductive rate,H1,T0,0.45197533421648606,-0.3753988185590567,-0.11439210590952666,0,0.5690221852496098,0.7959142485449064,-0.7991349509738322,0.3856906316365244,NAT
Veronica_arvensis,Veronica_arvensis_Bad Lauchstaedt,-2.693,0.298,Ordbeta,T0-T2,DIST,1,Bad Lauchstaedt,Reactivity,-0.44642823464745035,Reactivity,H3,T0,0.45197533421648606,-0.3753988185590567,-0.11439210590952666,0,0.5690221852496098,0.7959142485449064,-0.7991349509738322,0.3856906316365244,NAT
Veronica_arvensis,Veronica_arvensis_Bad Lauchstaedt,-2.693,0.298,Ordbeta,T0-T2,DIST,1,Bad Lauchstaedt,T_generation,-0.42154854115520785,Generation time,H2,T0,0.45197533421648606,-0.3753988185590567,-0.11439210590952666,0,0.5690221852496098,0.7959142485449064,-0.7991349509738322,0.3856906316365244,NAT
Veronica_arvensis,Veronica_arvensis_Bad Lauchstaedt,-2.693,0.298,Ordbeta,T0-T2,DIST,1,Bad Lauchstaedt,age_repro,-0.38945843266132424,Age at first reproduction,H2,T0,0.45197533421648606,-0.3753988185590567,-0.11439210590952666,0,0.5690221852496098,0.7959142485449064,-0.7991349509738322,0.3856906316365244,NAT
Veronica_arvensis,Veronica_arvensis_Bad Lauchstaedt,-2.693,0.298,Ordbeta,T0-T2,DIST,1,Bad Lauchstaedt,percapita_repro,-0.4182122825798157,Per capita reproduction,H1,T0,0.45197533421648606,-0.3753988185590567,-0.11439210590952666,0,0.5690221852496098,0.7959142485449064,-0.7991349509738322,0.3856906316365244,NAT
Veronica_arvensis,Veronica_arvensis_Bayreuth DRAGNet,-2.713,0.435,Ordbeta,T0-T2,DIST,1,Bayreuth DRAGNet,FirstStepAtt,0.6599772510479001,First step attenuation,H3,T0,1.7002498086786373,1.1903000578533576,1.5813921901858357,0,0.7663265952564761,0.8046703576991449,-0.4657062309279624,0.012833603314585775,NAT
Veronica_arvensis,Veronica_arvensis_Bayreuth DRAGNet,-2.713,0.435,Ordbeta,T0-T2,DIST,1,Bayreuth DRAGNet,Lambda,-0.026145468205775024,Population growth rate,H4,T0,1.7002498086786373,1.1903000578533576,1.5813921901858357,0,0.7663265952564761,0.8046703576991449,-0.4657062309279624,0.012833603314585775,NAT
Veronica_arvensis,Veronica_arvensis_Bayreuth DRAGNet,-2.713,0.435,Ordbeta,T0-T2,DIST,1,Bayreuth DRAGNet,R0,-0.2314006763190621,Net reproductive rate,H1,T0,1.7002498086786373,1.1903000578533576,1.5813921901858357,0,0.7663265952564761,0.8046703576991449,-0.4657062309279624,0.012833603314585775,NAT
Veronica_arvensis,Veronica_arvensis_Bayreuth DRAGNet,-2.713,0.435,Ordbeta,T0-T2,DIST,1,Bayreuth DRAGNet,Reactivity,-0.44642823464745035,Reactivity,H3,T0,1.7002498086786373,1.1903000578533576,1.5813921901858357,0,0.7663265952564761,0.8046703576991449,-0.4657062309279624,0.012833603314585775,NAT
Veronica_arvensis,Veronica_arvensis_Bayreuth DRAGNet,-2.713,0.435,Ordbeta,T0-T2,DIST,1,Bayreuth DRAGNet,T_generation,-0.42154854115520785,Generation time,H2,T0,1.7002498086786373,1.1903000578533576,1.5813921901858357,0,0.7663265952564761,0.8046703576991449,-0.4657062309279624,0.012833603314585775,NAT
Veronica_arvensis,Veronica_arvensis_Bayreuth DRAGNet,-2.713,0.435,Ordbeta,T0-T2,DIST,1,Bayreuth DRAGNet,age_repro,-0.38945843266132424,Age at first reproduction,H2,T0,1.7002498086786373,1.1903000578533576,1.5813921901858357,0,0.7663265952564761,0.8046703576991449,-0.4657062309279624,0.012833603314585775,NAT
Veronica_arvensis,Veronica_arvensis_Bayreuth DRAGNet,-2.713,0.435,Ordbeta,T0-T2,DIST,1,Bayreuth DRAGNet,percapita_repro,-0.4182122825798157,Per capita reproduction,H1,T0,1.7002498086786373,1.1903000578533576,1.5813921901858357,0,0.7663265952564761,0.8046703576991449,-0.4657062309279624,0.012833603314585775,NAT
Veronica_arvensis,Veronica_arvensis_CEREEP - Ecotron IDF,-2.54,0.307,Ordbeta,T0-T2,DIST,1,CEREEP - Ecotron IDF,FirstStepAtt,0.6599772510479001,First step attenuation,H3,NA,NA,NA,NA,NA,NA,NA,NA,NA,NAT
Veronica_arvensis,Veronica_arvensis_CEREEP - Ecotron IDF,-2.54,0.307,Ordbeta,T0-T2,DIST,1,CEREEP - Ecotron IDF,Lambda,-0.026145468205775024,Population growth rate,H4,NA,NA,NA,NA,NA,NA,NA,NA,NA,NAT
Veronica_arvensis,Veronica_arvensis_CEREEP - Ecotron IDF,-2.54,0.307,Ordbeta,T0-T2,DIST,1,CEREEP - Ecotron IDF,R0,-0.2314006763190621,Net reproductive rate,H1,NA,NA,NA,NA,NA,NA,NA,NA,NA,NAT
Veronica_arvensis,Veronica_arvensis_CEREEP - Ecotron IDF,-2.54,0.307,Ordbeta,T0-T2,DIST,1,CEREEP - Ecotron IDF,Reactivity,-0.44642823464745035,Reactivity,H3,NA,NA,NA,NA,NA,NA,NA,NA,NA,NAT
Veronica_arvensis,Veronica_arvensis_CEREEP - Ecotron IDF,-2.54,0.307,Ordbeta,T0-T2,DIST,1,CEREEP - Ecotron IDF,T_generation,-0.42154854115520785,Generation time,H2,NA,NA,NA,NA,NA,NA,NA,NA,NA,NAT
Veronica_arvensis,Veronica_arvensis_CEREEP - Ecotron IDF,-2.54,0.307,Ordbeta,T0-T2,DIST,1,CEREEP - Ecotron IDF,age_repro,-0.38945843266132424,Age at first reproduction,H2,NA,NA,NA,NA,NA,NA,NA,NA,NA,NAT
Veronica_arvensis,Veronica_arvensis_CEREEP - Ecotron IDF,-2.54,0.307,Ordbeta,T0-T2,DIST,1,CEREEP - Ecotron IDF,percapita_repro,-0.4182122825798157,Per capita reproduction,H1,NA,NA,NA,NA,NA,NA,NA,NA,NA,NAT
Veronica_arvensis,Veronica_arvensis_Cowichan,-2.452,0.43,Ordbeta,T0-T2,DIST,1,Cowichan,FirstStepAtt,0.6599772510479001,First step attenuation,H3,NA,NA,NA,NA,NA,NA,NA,NA,NA,INT
Veronica_arvensis,Veronica_arvensis_Cowichan,-2.452,0.43,Ordbeta,T0-T2,DIST,1,Cowichan,Lambda,-0.026145468205775024,Population growth rate,H4,NA,NA,NA,NA,NA,NA,NA,NA,NA,INT
Veronica_arvensis,Veronica_arvensis_Cowichan,-2.452,0.43,Ordbeta,T0-T2,DIST,1,Cowichan,R0,-0.2314006763190621,Net reproductive rate,H1,NA,NA,NA,NA,NA,NA,NA,NA,NA,INT
Veronica_arvensis,Veronica_arvensis_Cowichan,-2.452,0.43,Ordbeta,T0-T2,DIST,1,Cowichan,Reactivity,-0.44642823464745035,Reactivity,H3,NA,NA,NA,NA,NA,NA,NA,NA,NA,INT
Veronica_arvensis,Veronica_arvensis_Cowichan,-2.452,0.43,Ordbeta,T0-T2,DIST,1,Cowichan,T_generation,-0.42154854115520785,Generation time,H2,NA,NA,NA,NA,NA,NA,NA,NA,NA,INT
Veronica_arvensis,Veronica_arvensis_Cowichan,-2.452,0.43,Ordbeta,T0-T2,DIST,1,Cowichan,age_repro,-0.38945843266132424,Age at first reproduction,H2,NA,NA,NA,NA,NA,NA,NA,NA,NA,INT
Veronica_arvensis,Veronica_arvensis_Cowichan,-2.452,0.43,Ordbeta,T0-T2,DIST,1,Cowichan,percapita_repro,-0.4182122825798157,Per capita reproduction,H1,NA,NA,NA,NA,NA,NA,NA,NA,NA,INT
Veronica_arvensis,Veronica_arvensis_Domaninek,-2.39,0.431,Ordbeta,T0-T2,DIST,1,Domaninek,FirstStepAtt,0.6599772510479001,First step attenuation,H3,T0,-1.1083677588612026,-0.2513318198926397,-1.444734176104233,0,NA,NA,NA,-0.9269494803657106,NA
Veronica_arvensis,Veronica_arvensis_Domaninek,-2.39,0.431,Ordbeta,T0-T2,DIST,1,Domaninek,Lambda,-0.026145468205775024,Population growth rate,H4,T0,-1.1083677588612026,-0.2513318198926397,-1.444734176104233,0,NA,NA,NA,-0.9269494803657106,NA
Veronica_arvensis,Veronica_arvensis_Domaninek,-2.39,0.431,Ordbeta,T0-T2,DIST,1,Domaninek,R0,-0.2314006763190621,Net reproductive rate,H1,T0,-1.1083677588612026,-0.2513318198926397,-1.444734176104233,0,NA,NA,NA,-0.9269494803657106,NA
Veronica_arvensis,Veronica_arvensis_Domaninek,-2.39,0.431,Ordbeta,T0-T2,DIST,1,Domaninek,Reactivity,-0.44642823464745035,Reactivity,H3,T0,-1.1083677588612026,-0.2513318198926397,-1.444734176104233,0,NA,NA,NA,-0.9269494803657106,NA
Veronica_arvensis,Veronica_arvensis_Domaninek,-2.39,0.431,Ordbeta,T0-T2,DIST,1,Domaninek,T_generation,-0.42154854115520785,Generation time,H2,T0,-1.1083677588612026,-0.2513318198926397,-1.444734176104233,0,NA,NA,NA,-0.9269494803657106,NA
Veronica_arvensis,Veronica_arvensis_Domaninek,-2.39,0.431,Ordbeta,T0-T2,DIST,1,Domaninek,age_repro,-0.38945843266132424,Age at first reproduction,H2,T0,-1.1083677588612026,-0.2513318198926397,-1.444734176104233,0,NA,NA,NA,-0.9269494803657106,NA
Veronica_arvensis,Veronica_arvensis_Domaninek,-2.39,0.431,Ordbeta,T0-T2,DIST,1,Domaninek,percapita_repro,-0.4182122825798157,Per capita reproduction,H1,T0,-1.1083677588612026,-0.2513318198926397,-1.444734176104233,0,NA,NA,NA,-0.9269494803657106,NA
Veronica_arvensis,Veronica_arvensis_Jena,-2.446,0.252,Ordbeta,T0-T2,DIST,1,Jena,FirstStepAtt,0.6599772510479001,First step attenuation,H3,T0,0.764043952832024,-0.3862370720152753,0.02721357540323855,0,1.6161310595160223,1.0042933264685494,0.3263285755482111,2.0986936183123164,NAT
Veronica_arvensis,Veronica_arvensis_Jena,-2.446,0.252,Ordbeta,T0-T2,DIST,1,Jena,Lambda,-0.026145468205775024,Population growth rate,H4,T0,0.764043952832024,-0.3862370720152753,0.02721357540323855,0,1.6161310595160223,1.0042933264685494,0.3263285755482111,2.0986936183123164,NAT
Veronica_arvensis,Veronica_arvensis_Jena,-2.446,0.252,Ordbeta,T0-T2,DIST,1,Jena,R0,-0.2314006763190621,Net reproductive rate,H1,T0,0.764043952832024,-0.3862370720152753,0.02721357540323855,0,1.6161310595160223,1.0042933264685494,0.3263285755482111,2.0986936183123164,NAT
Veronica_arvensis,Veronica_arvensis_Jena,-2.446,0.252,Ordbeta,T0-T2,DIST,1,Jena,Reactivity,-0.44642823464745035,Reactivity,H3,T0,0.764043952832024,-0.3862370720152753,0.02721357540323855,0,1.6161310595160223,1.0042933264685494,0.3263285755482111,2.0986936183123164,NAT
Veronica_arvensis,Veronica_arvensis_Jena,-2.446,0.252,Ordbeta,T0-T2,DIST,1,Jena,T_generation,-0.42154854115520785,Generation time,H2,T0,0.764043952832024,-0.3862370720152753,0.02721357540323855,0,1.6161310595160223,1.0042933264685494,0.3263285755482111,2.0986936183123164,NAT
Veronica_arvensis,Veronica_arvensis_Jena,-2.446,0.252,Ordbeta,T0-T2,DIST,1,Jena,age_repro,-0.38945843266132424,Age at first reproduction,H2,T0,0.764043952832024,-0.3862370720152753,0.02721357540323855,0,1.6161310595160223,1.0042933264685494,0.3263285755482111,2.0986936183123164,NAT
Veronica_arvensis,Veronica_arvensis_Jena,-2.446,0.252,Ordbeta,T0-T2,DIST,1,Jena,percapita_repro,-0.4182122825798157,Per capita reproduction,H1,T0,0.764043952832024,-0.3862370720152753,0.02721357540323855,0,1.6161310595160223,1.0042933264685494,0.3263285755482111,2.0986936183123164,NAT
Veronica_arvensis,Veronica_arvensis_WSL,-2.653,0.442,Ordbeta,T0-T2,DIST,1,WSL,FirstStepAtt,0.6599772510479001,First step attenuation,H3,T0,-0.8743162948995492,0.8005497667622437,0.4329590289255727,0,0.7223509120374744,0.494707828917318,-0.07955499989208786,-0.8401532541006036,NAT
Veronica_arvensis,Veronica_arvensis_WSL,-2.653,0.442,Ordbeta,T0-T2,DIST,1,WSL,Lambda,-0.026145468205775024,Population growth rate,H4,T0,-0.8743162948995492,0.8005497667622437,0.4329590289255727,0,0.7223509120374744,0.494707828917318,-0.07955499989208786,-0.8401532541006036,NAT
Veronica_arvensis,Veronica_arvensis_WSL,-2.653,0.442,Ordbeta,T0-T2,DIST,1,WSL,R0,-0.2314006763190621,Net reproductive rate,H1,T0,-0.8743162948995492,0.8005497667622437,0.4329590289255727,0,0.7223509120374744,0.494707828917318,-0.07955499989208786,-0.8401532541006036,NAT
Veronica_arvensis,Veronica_arvensis_WSL,-2.653,0.442,Ordbeta,T0-T2,DIST,1,WSL,Reactivity,-0.44642823464745035,Reactivity,H3,T0,-0.8743162948995492,0.8005497667622437,0.4329590289255727,0,0.7223509120374744,0.494707828917318,-0.07955499989208786,-0.8401532541006036,NAT
Veronica_arvensis,Veronica_arvensis_WSL,-2.653,0.442,Ordbeta,T0-T2,DIST,1,WSL,T_generation,-0.42154854115520785,Generation time,H2,T0,-0.8743162948995492,0.8005497667622437,0.4329590289255727,0,0.7223509120374744,0.494707828917318,-0.07955499989208786,-0.8401532541006036,NAT
Veronica_arvensis,Veronica_arvensis_WSL,-2.653,0.442,Ordbeta,T0-T2,DIST,1,WSL,age_repro,-0.38945843266132424,Age at first reproduction,H2,T0,-0.8743162948995492,0.8005497667622437,0.4329590289255727,0,0.7223509120374744,0.494707828917318,-0.07955499989208786,-0.8401532541006036,NAT
Veronica_arvensis,Veronica_arvensis_WSL,-2.653,0.442,Ordbeta,T0-T2,DIST,1,WSL,percapita_repro,-0.4182122825798157,Per capita reproduction,H1,T0,-0.8743162948995492,0.8005497667622437,0.4329590289255727,0,0.7223509120374744,0.494707828917318,-0.07955499989208786,-0.8401532541006036,NAT
Acer_saccharum,Acer_saccharum_Cary IES,-2.532,0.545,Ordbeta,T0-T2,NPK,1,Cary IES,Lmax,4.954007107417527,Maximum length of life,H5,T0,-0.8275060021072186,0.15243698243267495,0.05646504041107981,0,-1.039434115249807,-0.6247730042400209,-0.892235955386803,-0.3114767816602657,NAT
Acer_saccharum,Acer_saccharum_Cary IES,-2.532,0.545,Ordbeta,T0-T2,NPK,1,Cary IES,Lmean,8.102159675528775,Mean life expectancy,H5,T0,-0.8275060021072186,0.15243698243267495,0.05646504041107981,0,-1.039434115249807,-0.6247730042400209,-0.892235955386803,-0.3114767816602657,NAT
Agrimonia_eupatoria,Agrimonia_eupatoria_Wytham Woods,-2.227,0.238,Ordbeta,T0-T2,NPK,1,Wytham Woods,Lmax,1.82360272914566,Maximum length of life,H5,T0,0.6704233672473625,0.7972332379505149,0.756296061196027,0,-0.6591294582519425,-0.5211007002418871,0.10722348064388672,0.3083897186138725,NAT
Agrimonia_eupatoria,Agrimonia_eupatoria_Wytham Woods,-2.227,0.238,Ordbeta,T0-T2,NPK,1,Wytham Woods,Lmean,0.34161330458117156,Mean life expectancy,H5,T0,0.6704233672473625,0.7972332379505149,0.756296061196027,0,-0.6591294582519425,-0.5211007002418871,0.10722348064388672,0.3083897186138725,NAT
Allium_vineale,Allium_vineale_Blandy Experimental Farm,-2.376,0.457,Ordbeta,T0-T2,NPK,1,Blandy Experimental Farm,Lmax,-0.20270648788629367,Maximum length of life,H5,T0,-0.9211265876918799,0.07910218638638122,-1.444734176104233,0,1.546911556131775,1.9121544212290629,-1.1236658654167908,-1.061422506973623,INT
Allium_vineale,Allium_vineale_Blandy Experimental Farm,-2.376,0.457,Ordbeta,T0-T2,NPK,1,Blandy Experimental Farm,Lmean,-0.1635672820899883,Mean life expectancy,H5,T0,-0.9211265876918799,0.07910218638638122,-1.444734176104233,0,1.546911556131775,1.9121544212290629,-1.1236658654167908,-1.061422506973623,INT
Andropogon_gerardii,Andropogon_gerardii_Kellogg Biological Station (KBS),-0.263,0.252,Ordbeta,T0-T2,NPK,1,Kellogg Biological Station (KBS),Lmax,-0.1466691754683746,Maximum length of life,H5,T0,0.13990671560094858,0.5523604772537021,0.41159107960184943,0,NA,NA,NA,2.6077700761851275,NAT
Andropogon_gerardii,Andropogon_gerardii_Kellogg Biological Station (KBS),-0.263,0.252,Ordbeta,T0-T2,NPK,1,Kellogg Biological Station (KBS),Lmean,-0.12770056624730333,Mean life expectancy,H5,T0,0.13990671560094858,0.5523604772537021,0.41159107960184943,0,NA,NA,NA,2.6077700761851275,NAT
Andropogon_gerardii,Andropogon_gerardii_Oak Lake Field Station,-2.339,0.538,Ordbeta,T0-T2,NPK,1,Oak Lake Field Station,Lmax,-0.1466691754683746,Maximum length of life,H5,T0,-1.4594449548036825,-1.9035018512877446,-1.444734176104233,0,NA,NA,NA,-1.1408838408782984,NA
Andropogon_gerardii,Andropogon_gerardii_Oak Lake Field Station,-2.339,0.538,Ordbeta,T0-T2,NPK,1,Oak Lake Field Station,Lmean,-0.12770056624730333,Mean life expectancy,H5,T0,-1.4594449548036825,-1.9035018512877446,-1.444734176104233,0,NA,NA,NA,-1.1408838408782984,NA
Arenaria_serpyllifolia,Arenaria_serpyllifolia_Bad Lauchstaedt,-2.635,0.532,Ordbeta,T0-T2,NPK,1,Bad Lauchstaedt,Lmax,-0.23857036783376187,Maximum length of life,H5,T0,0.2959410249087173,-0.698417737227644,-0.21593470458362485,0,0.6984500596722579,0.8685465461199303,-0.7226610367396129,0.18917664047996158,NAT
Arenaria_serpyllifolia,Arenaria_serpyllifolia_Bad Lauchstaedt,-2.635,0.532,Ordbeta,T0-T2,NPK,1,Bad Lauchstaedt,Lmean,-0.17155082510744177,Mean life expectancy,H5,T0,0.2959410249087173,-0.698417737227644,-0.21593470458362485,0,0.6984500596722579,0.8685465461199303,-0.7226610367396129,0.18917664047996158,NAT
Arenaria_serpyllifolia,Arenaria_serpyllifolia_Jena,-2.222,0.256,Ordbeta,T0-T2,NPK,1,Jena,Lmax,-0.23857036783376187,Maximum length of life,H5,T0,0.6080096435242552,-0.19978785004494334,0.1515499341977226,0,1.7069926411992955,1.3947714330047822,-0.14332180109160603,2.0152771953897615,NAT
Arenaria_serpyllifolia,Arenaria_serpyllifolia_Jena,-2.222,0.256,Ordbeta,T0-T2,NPK,1,Jena,Lmean,-0.17155082510744177,Mean life expectancy,H5,T0,0.6080096435242552,-0.19978785004494334,0.1515499341977226,0,1.7069926411992955,1.3947714330047822,-0.14332180109160603,2.0152771953897615,NAT
Armeria_maritima,Armeria_maritima_Potrok Aike,-2.579,0.316,Ordbeta,T0-T2,NPK,1,Potrok Aike,Lmax,0.1021364916671861,Maximum length of life,H5,T0,-1.5764706867845093,-1.9035018512877446,-1.444734176104233,0,NA,NA,NA,-1.1042093790761405,NAT
Armeria_maritima,Armeria_maritima_Potrok Aike,-2.579,0.316,Ordbeta,T0-T2,NPK,1,Potrok Aike,Lmean,-0.13432481827917314,Mean life expectancy,H5,T0,-1.5764706867845093,-1.9035018512877446,-1.444734176104233,0,NA,NA,NA,-1.1042093790761405,NAT
Centaurea_jacea,Centaurea_jacea_Agroscope Changins,-2.465,0.321,Ordbeta,T0-T2,NPK,1,Agroscope Changins,Lmax,-0.05476798310298732,Maximum length of life,H5,T0,1.1151211487745039,1.7498100942937036,1.8366308037876098,0,-1.2494248902601934,-1.6125325836859505,2.745845392814837,0.5775184415628114,NAT
Centaurea_jacea,Centaurea_jacea_Agroscope Changins,-2.465,0.321,Ordbeta,T0-T2,NPK,1,Agroscope Changins,Lmean,-0.03883166050778837,Mean life expectancy,H5,T0,1.1151211487745039,1.7498100942937036,1.8366308037876098,0,-1.2494248902601934,-1.6125325836859505,2.745845392814837,0.5775184415628114,NAT
Centaurea_jacea,Centaurea_jacea_Bayreuth DRAGNet,-1.992,0.339,Ordbeta,T0-T2,NPK,1,Bayreuth DRAGNet,Lmax,-0.05476798310298732,Maximum length of life,H5,T0,0.764043952832024,0.7205319011250255,0.9795931388693476,0,-0.8040991731409506,-0.821041859088977,0.2600340508762645,0.2323710066025031,NAT
Centaurea_jacea,Centaurea_jacea_Bayreuth DRAGNet,-1.992,0.339,Ordbeta,T0-T2,NPK,1,Bayreuth DRAGNet,Lmean,-0.03883166050778837,Mean life expectancy,H5,T0,0.764043952832024,0.7205319011250255,0.9795931388693476,0,-0.8040991731409506,-0.821041859088977,0.2600340508762645,0.2323710066025031,NAT
Cerastium_fontanum,Cerastium_fontanum_Agroscope Changins,-2.894,0.282,Ordbeta,T0-T2,NPK,1,Agroscope Changins,Lmax,-0.23857036783376187,Maximum length of life,H5,T0,1.1151211487745039,1.7498100942937036,1.8366308037876098,0,-1.2494248902601934,-1.6125325836859505,2.745845392814837,0.5775184415628114,NAT
Cerastium_fontanum,Cerastium_fontanum_Agroscope Changins,-2.894,0.282,Ordbeta,T0-T2,NPK,1,Agroscope Changins,Lmean,-0.17155082510744177,Mean life expectancy,H5,T0,1.1151211487745039,1.7498100942937036,1.8366308037876098,0,-1.2494248902601934,-1.6125325836859505,2.745845392814837,0.5775184415628114,NAT
Cerastium_fontanum,Cerastium_fontanum_Bad Lauchstaedt,-2.598,0.329,Ordbeta,T0-T2,NPK,1,Bad Lauchstaedt,Lmax,-0.23857036783376187,Maximum length of life,H5,T0,0.2959410249087173,-0.698417737227644,-0.21593470458362485,0,0.6984500596722579,0.8685465461199303,-0.7226610367396129,0.18917664047996158,NAT
Cerastium_fontanum,Cerastium_fontanum_Bad Lauchstaedt,-2.598,0.329,Ordbeta,T0-T2,NPK,1,Bad Lauchstaedt,Lmean,-0.17155082510744177,Mean life expectancy,H5,T0,0.2959410249087173,-0.698417737227644,-0.21593470458362485,0,0.6984500596722579,0.8685465461199303,-0.7226610367396129,0.18917664047996158,NAT
Cerastium_fontanum,Cerastium_fontanum_Bayreuth DRAGNet,-2.82,0.386,Ordbeta,T0-T2,NPK,1,Bayreuth DRAGNet,Lmax,-0.23857036783376187,Maximum length of life,H5,T0,0.764043952832024,0.7205319011250255,0.9795931388693476,0,-0.8040991731409506,-0.821041859088977,0.2600340508762645,0.2323710066025031,NAT
Cerastium_fontanum,Cerastium_fontanum_Bayreuth DRAGNet,-2.82,0.386,Ordbeta,T0-T2,NPK,1,Bayreuth DRAGNet,Lmean,-0.17155082510744177,Mean life expectancy,H5,T0,0.764043952832024,0.7205319011250255,0.9795931388693476,0,-0.8040991731409506,-0.821041859088977,0.2600340508762645,0.2323710066025031,NAT
Cerastium_fontanum,Cerastium_fontanum_CEREEP - Ecotron IDF,-2.309,0.542,Ordbeta,T0-T2,NPK,1,CEREEP - Ecotron IDF,Lmax,-0.23857036783376187,Maximum length of life,H5,NA,NA,NA,NA,NA,NA,NA,NA,NA,NAT
Cerastium_fontanum,Cerastium_fontanum_CEREEP - Ecotron IDF,-2.309,0.542,Ordbeta,T0-T2,NPK,1,CEREEP - Ecotron IDF,Lmean,-0.17155082510744177,Mean life expectancy,H5,NA,NA,NA,NA,NA,NA,NA,NA,NA,NAT
Cerastium_fontanum,Cerastium_fontanum_Hazelrigg,-2.59,0.538,Ordbeta,T0-T2,NPK,1,Hazelrigg,Lmax,-0.23857036783376187,Maximum length of life,H5,T0,-0.7962991402456648,-0.31577326633964986,-0.11481661921982045,0,0.7374705410055498,0.6124745595938309,-0.18044630019092728,-0.430316143461489,NAT
Cerastium_fontanum,Cerastium_fontanum_Hazelrigg,-2.59,0.538,Ordbeta,T0-T2,NPK,1,Hazelrigg,Lmean,-0.17155082510744177,Mean life expectancy,H5,T0,-0.7962991402456648,-0.31577326633964986,-0.11481661921982045,0,0.7374705410055498,0.6124745595938309,-0.18044630019092728,-0.430316143461489,NAT
Cerastium_fontanum,Cerastium_fontanum_Jena,-2.04,0.258,Ordbeta,T0-T2,NPK,1,Jena,Lmax,-0.23857036783376187,Maximum length of life,H5,T0,0.6080096435242552,-0.19978785004494334,0.1515499341977226,0,1.7069926411992955,1.3947714330047822,-0.14332180109160603,2.0152771953897615,NAT
Cerastium_fontanum,Cerastium_fontanum_Jena,-2.04,0.258,Ordbeta,T0-T2,NPK,1,Jena,Lmean,-0.17155082510744177,Mean life expectancy,H5,T0,0.6080096435242552,-0.19978785004494334,0.1515499341977226,0,1.7069926411992955,1.3947714330047822,-0.14332180109160603,2.0152771953897615,NAT
Cerastium_fontanum,Cerastium_fontanum_Kniezenberg,-2.532,0.545,Ordbeta,T0-T2,NPK,1,Kniezenberg,Lmax,-0.23857036783376187,Maximum length of life,H5,T0,-0.9523334495534336,1.400838211502465,-1.444734176104233,0,-1.1611084012956503,-0.7195608918129708,-1.1236658654167908,-1.1670798850226969,NAT
Cerastium_fontanum,Cerastium_fontanum_Kniezenberg,-2.532,0.545,Ordbeta,T0-T2,NPK,1,Kniezenberg,Lmean,-0.17155082510744177,Mean life expectancy,H5,T0,-0.9523334495534336,1.400838211502465,-1.444734176104233,0,-1.1611084012956503,-0.7195608918129708,-1.1236658654167908,-1.1670798850226969,NAT
Cerastium_fontanum,Cerastium_fontanum_Stoderzinken,-2.317,0.462,Ordbeta,T0-T2,NPK,1,Stoderzinken,Lmax,-0.23857036783376187,Maximum length of life,H5,NA,NA,NA,NA,NA,NA,NA,NA,NA,NAT
Cerastium_fontanum,Cerastium_fontanum_Stoderzinken,-2.317,0.462,Ordbeta,T0-T2,NPK,1,Stoderzinken,Lmean,-0.17155082510744177,Mean life expectancy,H5,NA,NA,NA,NA,NA,NA,NA,NA,NA,NAT
Cerastium_fontanum,Cerastium_fontanum_Wytham Woods,-2.591,0.278,Ordbeta,T0-T2,NPK,1,Wytham Woods,Lmax,-0.23857036783376187,Maximum length of life,H5,T0,0.6704233672473625,0.7972332379505149,0.756296061196027,0,-0.6591294582519425,-0.5211007002418871,0.10722348064388672,0.3083897186138725,NAT
Cerastium_fontanum,Cerastium_fontanum_Wytham Woods,-2.591,0.278,Ordbeta,T0-T2,NPK,1,Wytham Woods,Lmean,-0.17155082510744177,Mean life expectancy,H5,T0,0.6704233672473625,0.7972332379505149,0.756296061196027,0,-0.6591294582519425,-0.5211007002418871,0.10722348064388672,0.3083897186138725,NAT
Cirsium_arvense,Cirsium_arvense_Ainsdale Dune Slacks,-2.251,0.593,Ordbeta,T0-T2,NPK,1,Ainsdale Dune Slacks,Lmax,-0.20270648788629367,Maximum length of life,H5,NA,NA,NA,NA,NA,NA,NA,NA,NA,NAT
Cirsium_arvense,Cirsium_arvense_Ainsdale Dune Slacks,-2.251,0.593,Ordbeta,T0-T2,NPK,1,Ainsdale Dune Slacks,Lmean,-0.16338357679941404,Mean life expectancy,H5,NA,NA,NA,NA,NA,NA,NA,NA,NA,NAT
Cirsium_arvense,Cirsium_arvense_Bad Lauchstaedt,-2.348,0.286,Ordbeta,T0-T2,NPK,1,Bad Lauchstaedt,Lmax,-0.20270648788629367,Maximum length of life,H5,T0,0.2959410249087173,-0.698417737227644,-0.21593470458362485,0,0.6984500596722579,0.8685465461199303,-0.7226610367396129,0.18917664047996158,NAT
Cirsium_arvense,Cirsium_arvense_Bad Lauchstaedt,-2.348,0.286,Ordbeta,T0-T2,NPK,1,Bad Lauchstaedt,Lmean,-0.16338357679941404,Mean life expectancy,H5,T0,0.2959410249087173,-0.698417737227644,-0.21593470458362485,0,0.6984500596722579,0.8685465461199303,-0.7226610367396129,0.18917664047996158,NAT
Cirsium_arvense,Cirsium_arvense_Blandy Experimental Farm,-1.731,0.367,Ordbeta,T0-T2,NPK,1,Blandy Experimental Farm,Lmax,-0.20270648788629367,Maximum length of life,H5,T0,-0.9211265876918799,0.07910218638638122,-1.444734176104233,0,1.546911556131775,1.9121544212290629,-1.1236658654167908,-1.061422506973623,INT
Cirsium_arvense,Cirsium_arvense_Blandy Experimental Farm,-1.731,0.367,Ordbeta,T0-T2,NPK,1,Blandy Experimental Farm,Lmean,-0.16338357679941404,Mean life expectancy,H5,T0,-0.9211265876918799,0.07910218638638122,-1.444734176104233,0,1.546911556131775,1.9121544212290629,-1.1236658654167908,-1.061422506973623,INT
Cirsium_arvense,Cirsium_arvense_Hazelrigg,-2.344,0.315,Ordbeta,T0-T2,NPK,1,Hazelrigg,Lmax,-0.20270648788629367,Maximum length of life,H5,T0,-0.7962991402456648,-0.31577326633964986,-0.11481661921982045,0,0.7374705410055498,0.6124745595938309,-0.18044630019092728,-0.430316143461489,NAT
Cirsium_arvense,Cirsium_arvense_Hazelrigg,-2.344,0.315,Ordbeta,T0-T2,NPK,1,Hazelrigg,Lmean,-0.16338357679941404,Mean life expectancy,H5,T0,-0.7962991402456648,-0.31577326633964986,-0.11481661921982045,0,0.7374705410055498,0.6124745595938309,-0.18044630019092728,-0.430316143461489,NAT
Cirsium_arvense,Cirsium_arvense_Jena,-1.768,0.508,Ordbeta,T0-T2,NPK,1,Jena,Lmax,-0.20270648788629367,Maximum length of life,H5,T0,0.6080096435242552,-0.19978785004494334,0.1515499341977226,0,1.7069926411992955,1.3947714330047822,-0.14332180109160603,2.0152771953897615,NAT
Cirsium_arvense,Cirsium_arvense_Jena,-1.768,0.508,Ordbeta,T0-T2,NPK,1,Jena,Lmean,-0.16338357679941404,Mean life expectancy,H5,T0,0.6080096435242552,-0.19978785004494334,0.1515499341977226,0,1.7069926411992955,1.3947714330047822,-0.14332180109160603,2.0152771953897615,NAT
Cirsium_arvense,Cirsium_arvense_Lublin,-2.104,0.425,Ordbeta,T0-T2,NPK,1,Lublin,Lmax,-0.20270648788629367,Maximum length of life,H5,T0,-0.016127593706820566,0.13535957363771506,0.18458627610304845,0,-1.00666684109097,-1.0473424938642504,0.5908579751987313,1.611111350506704,NAT
Cirsium_arvense,Cirsium_arvense_Lublin,-2.104,0.425,Ordbeta,T0-T2,NPK,1,Lublin,Lmean,-0.16338357679941404,Mean life expectancy,H5,T0,-0.016127593706820566,0.13535957363771506,0.18458627610304845,0,-1.00666684109097,-1.0473424938642504,0.5908579751987313,1.611111350506704,NAT
Cirsium_arvense,Cirsium_arvense_Oak Lake Field Station,-2.389,0.326,Ordbeta,T0-T2,NPK,1,Oak Lake Field Station,Lmax,-0.20270648788629367,Maximum length of life,H5,T0,-1.4594449548036825,-1.9035018512877446,-1.444734176104233,0,NA,NA,NA,-1.1408838408782984,NA
Cirsium_arvense,Cirsium_arvense_Oak Lake Field Station,-2.389,0.326,Ordbeta,T0-T2,NPK,1,Oak Lake Field Station,Lmean,-0.16338357679941404,Mean life expectancy,H5,T0,-1.4594449548036825,-1.9035018512877446,-1.444734176104233,0,NA,NA,NA,-1.1408838408782984,NA
Cirsium_palustre,Cirsium_palustre_Ainsdale Dune Slacks,-2.619,0.53,Ordbeta,T0-T2,NPK,1,Ainsdale Dune Slacks,Lmax,-0.171325592932259,Maximum length of life,H5,NA,NA,NA,NA,NA,NA,NA,NA,NA,NAT
Cirsium_palustre,Cirsium_palustre_Ainsdale Dune Slacks,-2.619,0.53,Ordbeta,T0-T2,NPK,1,Ainsdale Dune Slacks,Lmean,-0.16168909930508404,Mean life expectancy,H5,NA,NA,NA,NA,NA,NA,NA,NA,NA,NAT
Cirsium_vulgare,Cirsium_vulgare_Blandy Experimental Farm,-2.148,0.565,Ordbeta,T0-T2,NPK,1,Blandy Experimental Farm,Lmax,-0.1745277250704258,Maximum length of life,H5,T0,-0.9211265876918799,0.07910218638638122,-1.444734176104233,0,1.546911556131775,1.9121544212290629,-1.1236658654167908,-1.061422506973623,INT
Cirsium_vulgare,Cirsium_vulgare_Blandy Experimental Farm,-2.148,0.565,Ordbeta,T0-T2,NPK,1,Blandy Experimental Farm,Lmean,-0.15281185766646507,Mean life expectancy,H5,T0,-0.9211265876918799,0.07910218638638122,-1.444734176104233,0,1.546911556131775,1.9121544212290629,-1.1236658654167908,-1.061422506973623,INT
Cirsium_vulgare,Cirsium_vulgare_Cowichan,-2.224,0.553,Ordbeta,T0-T2,NPK,1,Cowichan,Lmax,-0.1745277250704258,Maximum length of life,H5,NA,NA,NA,NA,NA,NA,NA,NA,NA,INT
Cirsium_vulgare,Cirsium_vulgare_Cowichan,-2.224,0.553,Ordbeta,T0-T2,NPK,1,Cowichan,Lmean,-0.15281185766646507,Mean life expectancy,H5,NA,NA,NA,NA,NA,NA,NA,NA,NA,INT
Cirsium_vulgare,Cirsium_vulgare_San Claudio,-2.399,0.568,Ordbeta,T0-T2,NPK,1,San Claudio,Lmax,-0.1745277250704258,Maximum length of life,H5,T0,-1.5764706867845093,-1.9035018512877446,-1.444734176104233,0,NA,NA,NA,-0.9941859936696668,INT
Cirsium_vulgare,Cirsium_vulgare_San Claudio,-2.399,0.568,Ordbeta,T0-T2,NPK,1,San Claudio,Lmean,-0.15281185766646507,Mean life expectancy,H5,T0,-1.5764706867845093,-1.9035018512877446,-1.444734176104233,0,NA,NA,NA,-0.9941859936696668,INT
Daucus_carota,Daucus_carota_Agroscope Changins,-2.813,0.413,Ordbeta,T0-T2,NPK,1,Agroscope Changins,Lmax,-0.20270648788629367,Maximum length of life,H5,T0,1.1151211487745039,1.7498100942937036,1.8366308037876098,0,-1.2494248902601934,-1.6125325836859505,2.745845392814837,0.5775184415628114,NAT
Daucus_carota,Daucus_carota_Agroscope Changins,-2.813,0.413,Ordbeta,T0-T2,NPK,1,Agroscope Changins,Lmean,-0.1550291526937657,Mean life expectancy,H5,T0,1.1151211487745039,1.7498100942937036,1.8366308037876098,0,-1.2494248902601934,-1.6125325836859505,2.745845392814837,0.5775184415628114,NAT
Daucus_carota,Daucus_carota_Bad Lauchstaedt,-2.418,0.419,Ordbeta,T0-T2,NPK,1,Bad Lauchstaedt,Lmax,-0.20270648788629367,Maximum length of life,H5,T0,0.2959410249087173,-0.698417737227644,-0.21593470458362485,0,0.6984500596722579,0.8685465461199303,-0.7226610367396129,0.18917664047996158,NAT
Daucus_carota,Daucus_carota_Bad Lauchstaedt,-2.418,0.419,Ordbeta,T0-T2,NPK,1,Bad Lauchstaedt,Lmean,-0.1550291526937657,Mean life expectancy,H5,T0,0.2959410249087173,-0.698417737227644,-0.21593470458362485,0,0.6984500596722579,0.8685465461199303,-0.7226610367396129,0.18917664047996158,NAT
Daucus_carota,Daucus_carota_CEREEP - Ecotron IDF,-1.839,0.341,Ordbeta,T0-T2,NPK,1,CEREEP - Ecotron IDF,Lmax,-0.20270648788629367,Maximum length of life,H5,NA,NA,NA,NA,NA,NA,NA,NA,NA,NAT
Daucus_carota,Daucus_carota_CEREEP - Ecotron IDF,-1.839,0.341,Ordbeta,T0-T2,NPK,1,CEREEP - Ecotron IDF,Lmean,-0.1550291526937657,Mean life expectancy,H5,NA,NA,NA,NA,NA,NA,NA,NA,NA,NAT
Daucus_carota,Daucus_carota_Churning Rapids,-2.178,0.408,Ordbeta,T0-T2,NPK,1,Churning Rapids,Lmax,-0.20270648788629367,Maximum length of life,H5,T0,-0.4062133669762426,0.20547743561383175,0.2034692587242401,0,-1.2641976007111027,-1.0932431357742323,0.1180979880806104,-0.36810053861854247,INT
Daucus_carota,Daucus_carota_Churning Rapids,-2.178,0.408,Ordbeta,T0-T2,NPK,1,Churning Rapids,Lmean,-0.1550291526937657,Mean life expectancy,H5,T0,-0.4062133669762426,0.20547743561383175,0.2034692587242401,0,-1.2641976007111027,-1.0932431357742323,0.1180979880806104,-0.36810053861854247,INT
Daucus_carota,Daucus_carota_Kellogg Biological Station (KBS),-2.355,0.458,Ordbeta,T0-T2,NPK,1,Kellogg Biological Station (KBS),Lmax,-0.20270648788629367,Maximum length of life,H5,T0,0.13990671560094858,0.5523604772537021,0.41159107960184943,0,NA,NA,NA,2.6077700761851275,INT
Daucus_carota,Daucus_carota_Kellogg Biological Station (KBS),-2.355,0.458,Ordbeta,T0-T2,NPK,1,Kellogg Biological Station (KBS),Lmean,-0.1550291526937657,Mean life expectancy,H5,T0,0.13990671560094858,0.5523604772537021,0.41159107960184943,0,NA,NA,NA,2.6077700761851275,INT
Daucus_carota,Daucus_carota_Lublin,-2.014,0.489,Ordbeta,T0-T2,NPK,1,Lublin,Lmax,-0.20270648788629367,Maximum length of life,H5,T0,-0.016127593706820566,0.13535957363771506,0.18458627610304845,0,-1.00666684109097,-1.0473424938642504,0.5908579751987313,1.611111350506704,NAT
Daucus_carota,Daucus_carota_Lublin,-2.014,0.489,Ordbeta,T0-T2,NPK,1,Lublin,Lmean,-0.1550291526937657,Mean life expectancy,H5,T0,-0.016127593706820566,0.13535957363771506,0.18458627610304845,0,-1.00666684109097,-1.0473424938642504,0.5908579751987313,1.611111350506704,NAT
Echium_vulgare,Echium_vulgare_Algaida,-2.261,0.307,Ordbeta,T0-T2,NPK,1,Algaida,Lmax,-0.18477454791255957,Maximum length of life,H5,T0,-0.7962991402456648,0.3413841788703538,0.24253482204434537,0,1.0015559241519836,1.0144731336658022,-0.46633329756726755,-0.8749939928126536,NAT
Echium_vulgare,Echium_vulgare_Algaida,-2.261,0.307,Ordbeta,T0-T2,NPK,1,Algaida,Lmean,-0.14287971653036957,Mean life expectancy,H5,T0,-0.7962991402456648,0.3413841788703538,0.24253482204434537,0,1.0015559241519836,1.0144731336658022,-0.46633329756726755,-0.8749939928126536,NAT
Elymus_repens,Elymus_repens_Agroscope Changins,-2.662,0.469,Ordbeta,T0-T2,NPK,1,Agroscope Changins,Lmax,-0.22063842786002777,Maximum length of life,H5,T0,1.1151211487745039,1.7498100942937036,1.8366308037876098,0,-1.2494248902601934,-1.6125325836859505,2.745845392814837,0.5775184415628114,NAT
Elymus_repens,Elymus_repens_Agroscope Changins,-2.662,0.469,Ordbeta,T0-T2,NPK,1,Agroscope Changins,Lmean,-0.15318598360402733,Mean life expectancy,H5,T0,1.1151211487745039,1.7498100942937036,1.8366308037876098,0,-1.2494248902601934,-1.6125325836859505,2.745845392814837,0.5775184415628114,NAT
Elymus_repens,Elymus_repens_Cary IES,-2.559,0.344,Ordbeta,T0-T2,NPK,1,Cary IES,Lmax,-0.22063842786002777,Maximum length of life,H5,T0,-0.8275060021072186,0.15243698243267495,0.05646504041107981,0,-1.039434115249807,-0.6247730042400209,-0.892235955386803,-0.3114767816602657,INT
Elymus_repens,Elymus_repens_Cary IES,-2.559,0.344,Ordbeta,T0-T2,NPK,1,Cary IES,Lmean,-0.15318598360402733,Mean life expectancy,H5,T0,-0.8275060021072186,0.15243698243267495,0.05646504041107981,0,-1.039434115249807,-0.6247730042400209,-0.892235955386803,-0.3114767816602657,INT
Elymus_repens,Elymus_repens_Cedar Creek LTER,-1.197,0.259,Ordbeta,T0-T2,NPK,1,Cedar Creek LTER,Lmax,-0.22063842786002777,Maximum length of life,H5,T0,-1.4204363774767406,-1.2839380895145804,-1.0268275454364673,0,-0.5045707660405087,-0.3673761070904348,-0.3458960662190062,-0.5357552211426929,INT
Elymus_repens,Elymus_repens_Cedar Creek LTER,-1.197,0.259,Ordbeta,T0-T2,NPK,1,Cedar Creek LTER,Lmean,-0.15318598360402733,Mean life expectancy,H5,T0,-1.4204363774767406,-1.2839380895145804,-1.0268275454364673,0,-0.5045707660405087,-0.3673761070904348,-0.3458960662190062,-0.5357552211426929,INT
Elymus_repens,Elymus_repens_Churning Rapids,-2.508,0.414,Ordbeta,T0-T2,NPK,1,Churning Rapids,Lmax,-0.22063842786002777,Maximum length of life,H5,T0,-0.4062133669762426,0.20547743561383175,0.2034692587242401,0,-1.2641976007111027,-1.0932431357742323,0.1180979880806104,-0.36810053861854247,INT
Elymus_repens,Elymus_repens_Churning Rapids,-2.508,0.414,Ordbeta,T0-T2,NPK,1,Churning Rapids,Lmean,-0.15318598360402733,Mean life expectancy,H5,T0,-0.4062133669762426,0.20547743561383175,0.2034692587242401,0,-1.2641976007111027,-1.0932431357742323,0.1180979880806104,-0.36810053861854247,INT
Elymus_repens,Elymus_repens_Jena,-2.43,0.301,Ordbeta,T0-T2,NPK,1,Jena,Lmax,-0.22063842786002777,Maximum length of life,H5,T0,0.6080096435242552,-0.19978785004494334,0.1515499341977226,0,1.7069926411992955,1.3947714330047822,-0.14332180109160603,2.0152771953897615,NAT
Elymus_repens,Elymus_repens_Jena,-2.43,0.301,Ordbeta,T0-T2,NPK,1,Jena,Lmean,-0.15318598360402733,Mean life expectancy,H5,T0,0.6080096435242552,-0.19978785004494334,0.1515499341977226,0,1.7069926411992955,1.3947714330047822,-0.14332180109160603,2.0152771953897615,NAT
Elymus_repens,Elymus_repens_Kellogg Biological Station (KBS),-2.569,0.542,Ordbeta,T0-T2,NPK,1,Kellogg Biological Station (KBS),Lmax,-0.22063842786002777,Maximum length of life,H5,T0,0.13990671560094858,0.5523604772537021,0.41159107960184943,0,NA,NA,NA,2.6077700761851275,INT
Elymus_repens,Elymus_repens_Kellogg Biological Station (KBS),-2.569,0.542,Ordbeta,T0-T2,NPK,1,Kellogg Biological Station (KBS),Lmean,-0.15318598360402733,Mean life expectancy,H5,T0,0.13990671560094858,0.5523604772537021,0.41159107960184943,0,NA,NA,NA,2.6077700761851275,INT
Elymus_repens,Elymus_repens_Kniezenberg,-2.461,0.556,Ordbeta,T0-T2,NPK,1,Kniezenberg,Lmax,-0.22063842786002777,Maximum length of life,H5,T0,-0.9523334495534336,1.400838211502465,-1.444734176104233,0,-1.1611084012956503,-0.7195608918129708,-1.1236658654167908,-1.1670798850226969,NAT
Elymus_repens,Elymus_repens_Kniezenberg,-2.461,0.556,Ordbeta,T0-T2,NPK,1,Kniezenberg,Lmean,-0.15318598360402733,Mean life expectancy,H5,T0,-0.9523334495534336,1.400838211502465,-1.444734176104233,0,-1.1611084012956503,-0.7195608918129708,-1.1236658654167908,-1.1670798850226969,NAT
Elymus_repens,Elymus_repens_Lublin,-1.189,0.342,Ordbeta,T0-T2,NPK,1,Lublin,Lmax,-0.22063842786002777,Maximum length of life,H5,T0,-0.016127593706820566,0.13535957363771506,0.18458627610304845,0,-1.00666684109097,-1.0473424938642504,0.5908579751987313,1.611111350506704,NAT
Elymus_repens,Elymus_repens_Lublin,-1.189,0.342,Ordbeta,T0-T2,NPK,1,Lublin,Lmean,-0.15318598360402733,Mean life expectancy,H5,T0,-0.016127593706820566,0.13535957363771506,0.18458627610304845,0,-1.00666684109097,-1.0473424938642504,0.5908579751987313,1.611111350506704,NAT
Elymus_repens,Elymus_repens_Millville,-2.601,0.38,Ordbeta,T0-T2,NPK,1,Millville,Lmax,-0.22063842786002777,Maximum length of life,H5,T0,-1.342419222822856,-0.664374327741416,-0.6720522473026068,0,2.599736073535804,2.792365492464161,-0.8831755981754374,-1.0553100966732634,INT
Elymus_repens,Elymus_repens_Millville,-2.601,0.38,Ordbeta,T0-T2,NPK,1,Millville,Lmean,-0.15318598360402733,Mean life expectancy,H5,T0,-1.342419222822856,-0.664374327741416,-0.6720522473026068,0,2.599736073535804,2.792365492464161,-0.8831755981754374,-1.0553100966732634,INT
Erigeron_canadensis,Erigeron_canadensis_Piedmont Prairie,-2.577,0.244,Ordbeta,T0-T2,NPK,1,Piedmont Prairie,Lmax,-0.23857036783376187,Maximum length of life,H5,T0,-1.5764706867845093,0.5747531958049126,-1.444734176104233,0,NA,NA,NA,-1.1711402718650785,NAT
Erigeron_canadensis,Erigeron_canadensis_Piedmont Prairie,-2.577,0.244,Ordbeta,T0-T2,NPK,1,Piedmont Prairie,Lmean,-0.17155082510744177,Mean life expectancy,H5,T0,-1.5764706867845093,0.5747531958049126,-1.444734176104233,0,NA,NA,NA,-1.1711402718650785,NAT
Knautia_arvensis,Knautia_arvensis_Bad Lauchstaedt,-2.495,0.553,Ordbeta,T0-T2,NPK,1,Bad Lauchstaedt,Lmax,-0.22063842786002777,Maximum length of life,H5,T0,0.2959410249087173,-0.698417737227644,-0.21593470458362485,0,0.6984500596722579,0.8685465461199303,-0.7226610367396129,0.18917664047996158,NAT
Knautia_arvensis,Knautia_arvensis_Bad Lauchstaedt,-2.495,0.553,Ordbeta,T0-T2,NPK,1,Bad Lauchstaedt,Lmean,-0.17056411764851326,Mean life expectancy,H5,T0,0.2959410249087173,-0.698417737227644,-0.21593470458362485,0,0.6984500596722579,0.8685465461199303,-0.7226610367396129,0.18917664047996158,NAT
Knautia_arvensis,Knautia_arvensis_Bayreuth DRAGNet,-1.32,0.381,Ordbeta,T0-T2,NPK,1,Bayreuth DRAGNet,Lmax,-0.22063842786002777,Maximum length of life,H5,T0,0.764043952832024,0.7205319011250255,0.9795931388693476,0,-0.8040991731409506,-0.821041859088977,0.2600340508762645,0.2323710066025031,NAT
Knautia_arvensis,Knautia_arvensis_Bayreuth DRAGNet,-1.32,0.381,Ordbeta,T0-T2,NPK,1,Bayreuth DRAGNet,Lmean,-0.17056411764851326,Mean life expectancy,H5,T0,0.764043952832024,0.7205319011250255,0.9795931388693476,0,-0.8040991731409506,-0.821041859088977,0.2600340508762645,0.2323710066025031,NAT
Lactuca_serriola,Lactuca_serriola_Bayreuth DRAGNet,-2.59,0.538,Ordbeta,T0-T2,NPK,1,Bayreuth DRAGNet,Lmax,-0.23857036783376187,Maximum length of life,H5,T0,0.764043952832024,0.7205319011250255,0.9795931388693476,0,-0.8040991731409506,-0.821041859088977,0.2600340508762645,0.2323710066025031,NAT
Lactuca_serriola,Lactuca_serriola_Bayreuth DRAGNet,-2.59,0.538,Ordbeta,T0-T2,NPK,1,Bayreuth DRAGNet,Lmean,-0.17155082510744177,Mean life expectancy,H5,T0,0.764043952832024,0.7205319011250255,0.9795931388693476,0,-0.8040991731409506,-0.821041859088977,0.2600340508762645,0.2323710066025031,NAT
Linum_catharticum,Linum_catharticum_Wytham Woods,-2.75,0.418,Ordbeta,T0-T2,NPK,1,Wytham Woods,Lmax,-0.11304678801762315,Maximum length of life,H5,T0,0.6704233672473625,0.7972332379505149,0.756296061196027,0,-0.6591294582519425,-0.5211007002418871,0.10722348064388672,0.3083897186138725,NAT
Linum_catharticum,Linum_catharticum_Wytham Woods,-2.75,0.418,Ordbeta,T0-T2,NPK,1,Wytham Woods,Lmean,-0.12028272867192066,Mean life expectancy,H5,T0,0.6704233672473625,0.7972332379505149,0.756296061196027,0,-0.6591294582519425,-0.5211007002418871,0.10722348064388672,0.3083897186138725,NAT
Myosotis_ramosissima,Myosotis_ramosissima_CEREEP - Ecotron IDF,-2.309,0.542,Ordbeta,T0-T2,NPK,1,CEREEP - Ecotron IDF,Lmax,-0.23857036783376187,Maximum length of life,H5,NA,NA,NA,NA,NA,NA,NA,NA,NA,NAT
Myosotis_ramosissima,Myosotis_ramosissima_CEREEP - Ecotron IDF,-2.309,0.542,Ordbeta,T0-T2,NPK,1,CEREEP - Ecotron IDF,Lmean,-0.17155082510744177,Mean life expectancy,H5,NA,NA,NA,NA,NA,NA,NA,NA,NA,NAT
Picris_hieracioides,Picris_hieracioides_Bad Lauchstaedt,-0.965,0.257,Ordbeta,T0-T2,NPK,1,Bad Lauchstaedt,Lmax,-0.22063842786002777,Maximum length of life,H5,T0,0.2959410249087173,-0.698417737227644,-0.21593470458362485,0,0.6984500596722579,0.8685465461199303,-0.7226610367396129,0.18917664047996158,NAT
Picris_hieracioides,Picris_hieracioides_Bad Lauchstaedt,-0.965,0.257,Ordbeta,T0-T2,NPK,1,Bad Lauchstaedt,Lmean,-0.1704125420408771,Mean life expectancy,H5,T0,0.2959410249087173,-0.698417737227644,-0.21593470458362485,0,0.6984500596722579,0.8685465461199303,-0.7226610367396129,0.18917664047996158,NAT
Picris_hieracioides,Picris_hieracioides_CEREEP - Ecotron IDF,-2.335,0.376,Ordbeta,T0-T2,NPK,1,CEREEP - Ecotron IDF,Lmax,-0.22063842786002777,Maximum length of life,H5,NA,NA,NA,NA,NA,NA,NA,NA,NA,NAT
Picris_hieracioides,Picris_hieracioides_CEREEP - Ecotron IDF,-2.335,0.376,Ordbeta,T0-T2,NPK,1,CEREEP - Ecotron IDF,Lmean,-0.1704125420408771,Mean life expectancy,H5,NA,NA,NA,NA,NA,NA,NA,NA,NA,NAT
Picris_hieracioides,Picris_hieracioides_Jena,-2.553,0.541,Ordbeta,T0-T2,NPK,1,Jena,Lmax,-0.22063842786002777,Maximum length of life,H5,T0,0.6080096435242552,-0.19978785004494334,0.1515499341977226,0,1.7069926411992955,1.3947714330047822,-0.14332180109160603,2.0152771953897615,NAT
Picris_hieracioides,Picris_hieracioides_Jena,-2.553,0.541,Ordbeta,T0-T2,NPK,1,Jena,Lmean,-0.1704125420408771,Mean life expectancy,H5,T0,0.6080096435242552,-0.19978785004494334,0.1515499341977226,0,1.7069926411992955,1.3947714330047822,-0.14332180109160603,2.0152771953897615,NAT
Picris_hieracioides,Picris_hieracioides_Saihanba,-2.517,0.4,Ordbeta,T0-T2,NPK,1,Saihanba,Lmax,-0.22063842786002777,Maximum length of life,H5,T0,-1.5764706867845093,-1.9035018512877446,-1.444734176104233,0,NA,NA,NA,-1.150052456328838,NAT
Picris_hieracioides,Picris_hieracioides_Saihanba,-2.517,0.4,Ordbeta,T0-T2,NPK,1,Saihanba,Lmean,-0.1704125420408771,Mean life expectancy,H5,T0,-1.5764706867845093,-1.9035018512877446,-1.444734176104233,0,NA,NA,NA,-1.150052456328838,NAT
Pimpinella_saxifraga,Pimpinella_saxifraga_Meranges,-1.822,0.273,Ordbeta,T0-T2,NPK,1,Meranges,Lmax,0.2396146981324809,Maximum length of life,H5,T0,0.2959410249087173,1.059483086848724,1.0701130040321478,0,-0.927663117943546,-1.2699724380070152,2.007578745949312,0.5314716173001021,NAT
Pimpinella_saxifraga,Pimpinella_saxifraga_Meranges,-1.822,0.273,Ordbeta,T0-T2,NPK,1,Meranges,Lmean,-0.023705837581179064,Mean life expectancy,H5,T0,0.2959410249087173,1.059483086848724,1.0701130040321478,0,-0.927663117943546,-1.2699724380070152,2.007578745949312,0.5314716173001021,NAT
Plantago_coronopus,Plantago_coronopus_Algaida,-1.501,0.262,Ordbeta,T0-T2,NPK,1,Algaida,Lmax,-0.11987800324571235,Maximum length of life,H5,T0,-0.7962991402456648,0.3413841788703538,0.24253482204434537,0,1.0015559241519836,1.0144731336658022,-0.46633329756726755,-0.8749939928126536,NAT
Plantago_coronopus,Plantago_coronopus_Algaida,-1.501,0.262,Ordbeta,T0-T2,NPK,1,Algaida,Lmean,-0.1311000813235354,Mean life expectancy,H5,T0,-0.7962991402456648,0.3413841788703538,0.24253482204434537,0,1.0015559241519836,1.0144731336658022,-0.46633329756726755,-0.8749939928126536,NAT
Plantago_coronopus,Plantago_coronopus_Caracoles,-2.49,0.413,Ordbeta,T0-T2,NPK,1,Caracoles,Lmax,-0.11987800324571235,Maximum length of life,H5,T0,-1.5764706867845093,-1.9035018512877446,-1.444734176104233,0,NA,NA,NA,-0.2606967576265087,NAT
Plantago_coronopus,Plantago_coronopus_Caracoles,-2.49,0.413,Ordbeta,T0-T2,NPK,1,Caracoles,Lmean,-0.1311000813235354,Mean life expectancy,H5,T0,-1.5764706867845093,-1.9035018512877446,-1.444734176104233,0,NA,NA,NA,-0.2606967576265087,NAT
Plantago_media,Plantago_media_Meranges,-2.572,0.381,Ordbeta,T0-T2,NPK,1,Meranges,Lmax,-0.12500141466677922,Maximum length of life,H5,T0,0.2959410249087173,1.059483086848724,1.0701130040321478,0,-0.927663117943546,-1.2699724380070152,2.007578745949312,0.5314716173001021,NAT
Plantago_media,Plantago_media_Meranges,-2.572,0.381,Ordbeta,T0-T2,NPK,1,Meranges,Lmean,-0.15884625472792868,Mean life expectancy,H5,T0,0.2959410249087173,1.059483086848724,1.0701130040321478,0,-0.927663117943546,-1.2699724380070152,2.007578745949312,0.5314716173001021,NAT
Potentilla_recta,Potentilla_recta_Churning Rapids,-2.433,0.276,Ordbeta,T0-T2,NPK,1,Churning Rapids,Lmax,0.11110246165405314,Maximum length of life,H5,T0,-0.4062133669762426,0.20547743561383175,0.2034692587242401,0,-1.2641976007111027,-1.0932431357742323,0.1180979880806104,-0.36810053861854247,INT
Potentilla_recta,Potentilla_recta_Churning Rapids,-2.433,0.276,Ordbeta,T0-T2,NPK,1,Churning Rapids,Lmean,-0.05836933806145863,Mean life expectancy,H5,T0,-0.4062133669762426,0.20547743561383175,0.2034692587242401,0,-1.2641976007111027,-1.0932431357742323,0.1180979880806104,-0.36810053861854247,INT
Primula_elatior,Primula_elatior_Stoderzinken,-2.252,0.55,Ordbeta,T0-T2,NPK,1,Stoderzinken,Lmax,0.6879131974758335,Maximum length of life,H5,NA,NA,NA,NA,NA,NA,NA,NA,NA,NAT
Primula_elatior,Primula_elatior_Stoderzinken,-2.252,0.55,Ordbeta,T0-T2,NPK,1,Stoderzinken,Lmean,-0.07160856728689795,Mean life expectancy,H5,NA,NA,NA,NA,NA,NA,NA,NA,NA,NAT
Primula_veris,Primula_veris_Wytham Woods,-2.163,0.383,Ordbeta,T0-T2,NPK,1,Wytham Woods,Lmax,-0.14122555083349103,Maximum length of life,H5,T0,0.6704233672473625,0.7972332379505149,0.756296061196027,0,-0.6591294582519425,-0.5211007002418871,0.10722348064388672,0.3083897186138725,NAT
Primula_veris,Primula_veris_Wytham Woods,-2.163,0.383,Ordbeta,T0-T2,NPK,1,Wytham Woods,Lmean,-0.152750299660753,Mean life expectancy,H5,T0,0.6704233672473625,0.7972332379505149,0.756296061196027,0,-0.6591294582519425,-0.5211007002418871,0.10722348064388672,0.3083897186138725,NAT
Ranunculus_acris,Ranunculus_acris_Agroscope Changins,-2.062,0.239,Ordbeta,T0-T2,NPK,1,Agroscope Changins,Lmax,-0.14891066796509136,Maximum length of life,H5,T0,1.1151211487745039,1.7498100942937036,1.8366308037876098,0,-1.2494248902601934,-1.6125325836859505,2.745845392814837,0.5775184415628114,NAT
Ranunculus_acris,Ranunculus_acris_Agroscope Changins,-2.062,0.239,Ordbeta,T0-T2,NPK,1,Agroscope Changins,Lmean,-0.15792141161145,Mean life expectancy,H5,T0,1.1151211487745039,1.7498100942937036,1.8366308037876098,0,-1.2494248902601934,-1.6125325836859505,2.745845392814837,0.5775184415628114,NAT
Ranunculus_acris,Ranunculus_acris_Bayreuth DRAGNet,-2.633,0.358,Ordbeta,T0-T2,NPK,1,Bayreuth DRAGNet,Lmax,-0.14891066796509136,Maximum length of life,H5,T0,0.764043952832024,0.7205319011250255,0.9795931388693476,0,-0.8040991731409506,-0.821041859088977,0.2600340508762645,0.2323710066025031,NAT
Ranunculus_acris,Ranunculus_acris_Bayreuth DRAGNet,-2.633,0.358,Ordbeta,T0-T2,NPK,1,Bayreuth DRAGNet,Lmean,-0.15792141161145,Mean life expectancy,H5,T0,0.764043952832024,0.7205319011250255,0.9795931388693476,0,-0.8040991731409506,-0.821041859088977,0.2600340508762645,0.2323710066025031,NAT
Ranunculus_acris,Ranunculus_acris_Churning Rapids,-2.433,0.56,Ordbeta,T0-T2,NPK,1,Churning Rapids,Lmax,-0.14891066796509136,Maximum length of life,H5,T0,-0.4062133669762426,0.20547743561383175,0.2034692587242401,0,-1.2641976007111027,-1.0932431357742323,0.1180979880806104,-0.36810053861854247,NAT
Ranunculus_acris,Ranunculus_acris_Churning Rapids,-2.433,0.56,Ordbeta,T0-T2,NPK,1,Churning Rapids,Lmean,-0.15792141161145,Mean life expectancy,H5,T0,-0.4062133669762426,0.20547743561383175,0.2034692587242401,0,-1.2641976007111027,-1.0932431357742323,0.1180979880806104,-0.36810053861854247,NAT
Ranunculus_acris,Ranunculus_acris_Kniezenberg,-2.691,0.466,Ordbeta,T0-T2,NPK,1,Kniezenberg,Lmax,-0.14891066796509136,Maximum length of life,H5,T0,-0.9523334495534336,1.400838211502465,-1.444734176104233,0,-1.1611084012956503,-0.7195608918129708,-1.1236658654167908,-1.1670798850226969,NAT
Ranunculus_acris,Ranunculus_acris_Kniezenberg,-2.691,0.466,Ordbeta,T0-T2,NPK,1,Kniezenberg,Lmean,-0.15792141161145,Mean life expectancy,H5,T0,-0.9523334495534336,1.400838211502465,-1.444734176104233,0,-1.1611084012956503,-0.7195608918129708,-1.1236658654167908,-1.1670798850226969,NAT
Ranunculus_acris,Ranunculus_acris_Meranges,-2.294,0.287,Ordbeta,T0-T2,NPK,1,Meranges,Lmax,-0.14891066796509136,Maximum length of life,H5,T0,0.2959410249087173,1.059483086848724,1.0701130040321478,0,-0.927663117943546,-1.2699724380070152,2.007578745949312,0.5314716173001021,NAT
Ranunculus_acris,Ranunculus_acris_Meranges,-2.294,0.287,Ordbeta,T0-T2,NPK,1,Meranges,Lmean,-0.15792141161145,Mean life expectancy,H5,T0,0.2959410249087173,1.059483086848724,1.0701130040321478,0,-0.927663117943546,-1.2699724380070152,2.007578745949312,0.5314716173001021,NAT
Ranunculus_acris,Ranunculus_acris_Stoderzinken,-2.376,0.457,Ordbeta,T0-T2,NPK,1,Stoderzinken,Lmax,-0.14891066796509136,Maximum length of life,H5,NA,NA,NA,NA,NA,NA,NA,NA,NA,NAT
Ranunculus_acris,Ranunculus_acris_Stoderzinken,-2.376,0.457,Ordbeta,T0-T2,NPK,1,Stoderzinken,Lmean,-0.15792141161145,Mean life expectancy,H5,NA,NA,NA,NA,NA,NA,NA,NA,NA,NAT
Ranunculus_acris,Ranunculus_acris_WSL,-2.351,0.304,Ordbeta,T0-T2,NPK,1,WSL,Lmax,-0.14891066796509136,Maximum length of life,H5,T0,-1.4204363774767406,-1.2291467364325999,-1.0001223989652859,0,-1.1731669953265595,-0.9343236039764059,-0.18800171845920188,-0.9850173782191273,NAT
Ranunculus_acris,Ranunculus_acris_WSL,-2.351,0.304,Ordbeta,T0-T2,NPK,1,WSL,Lmean,-0.15792141161145,Mean life expectancy,H5,T0,-1.4204363774767406,-1.2291467364325999,-1.0001223989652859,0,-1.1731669953265595,-0.9343236039764059,-0.18800171845920188,-0.9850173782191273,NAT
Ranunculus_acris,Ranunculus_acris_Wytham Woods,-2.72,0.393,Ordbeta,T0-T2,NPK,1,Wytham Woods,Lmax,-0.14891066796509136,Maximum length of life,H5,T0,0.6704233672473625,0.7972332379505149,0.756296061196027,0,-0.6591294582519425,-0.5211007002418871,0.10722348064388672,0.3083897186138725,NAT
Ranunculus_acris,Ranunculus_acris_Wytham Woods,-2.72,0.393,Ordbeta,T0-T2,NPK,1,Wytham Woods,Lmean,-0.15792141161145,Mean life expectancy,H5,T0,0.6704233672473625,0.7972332379505149,0.756296061196027,0,-0.6591294582519425,-0.5211007002418871,0.10722348064388672,0.3083897186138725,NAT
Sphaeralcea_coccinea,Sphaeralcea_coccinea_Shortgrass Steppe LTER,-2.294,0.287,Ordbeta,T0-T2,NPK,1,Shortgrass Steppe LTER,Lmax,-0.19772539344914533,Maximum length of life,H5,T0,-1.342419222822856,-1.9035018512877446,-1.444734176104233,0,2.675170108886487,3.008621713580912,-1.1236658654167908,-1.1408838408782984,NAT
Sphaeralcea_coccinea,Sphaeralcea_coccinea_Shortgrass Steppe LTER,-2.294,0.287,Ordbeta,T0-T2,NPK,1,Shortgrass Steppe LTER,Lmean,-0.1621306415826014,Mean life expectancy,H5,T0,-1.342419222822856,-1.9035018512877446,-1.444734176104233,0,2.675170108886487,3.008621713580912,-1.1236658654167908,-1.1408838408782984,NAT
Stenaria_nigricans,Stenaria_nigricans_Temple,-2.083,0.335,Ordbeta,T0-T2,NPK,1,Temple,Lmax,-0.21167245787316072,Maximum length of life,H5,T0,-1.5764706867845093,-1.9035018512877446,-1.444734176104233,0,NA,NA,NA,-0.8108136846588773,NAT
Stenaria_nigricans,Stenaria_nigricans_Temple,-2.083,0.335,Ordbeta,T0-T2,NPK,1,Temple,Lmean,-0.16649736191384912,Mean life expectancy,H5,T0,-1.5764706867845093,-1.9035018512877446,-1.444734176104233,0,NA,NA,NA,-0.8108136846588773,NAT
Taraxacum_campylodes,Taraxacum_campylodes_Bayreuth DRAGNet,-2.631,0.473,Ordbeta,T0-T2,NPK,1,Bayreuth DRAGNet,Lmax,-0.22063842786002777,Maximum length of life,H5,T0,0.764043952832024,0.7205319011250255,0.9795931388693476,0,-0.8040991731409506,-0.821041859088977,0.2600340508762645,0.2323710066025031,NAT
Taraxacum_campylodes,Taraxacum_campylodes_Bayreuth DRAGNet,-2.631,0.473,Ordbeta,T0-T2,NPK,1,Bayreuth DRAGNet,Lmean,-0.168356483810091,Mean life expectancy,H5,T0,0.764043952832024,0.7205319011250255,0.9795931388693476,0,-0.8040991731409506,-0.821041859088977,0.2600340508762645,0.2323710066025031,NAT
Taraxacum_campylodes,Taraxacum_campylodes_Kellogg Biological Station (KBS),-2.798,0.418,Ordbeta,T0-T2,NPK,1,Kellogg Biological Station (KBS),Lmax,-0.22063842786002777,Maximum length of life,H5,T0,0.13990671560094858,0.5523604772537021,0.41159107960184943,0,NA,NA,NA,2.6077700761851275,INT
Taraxacum_campylodes,Taraxacum_campylodes_Kellogg Biological Station (KBS),-2.798,0.418,Ordbeta,T0-T2,NPK,1,Kellogg Biological Station (KBS),Lmean,-0.168356483810091,Mean life expectancy,H5,T0,0.13990671560094858,0.5523604772537021,0.41159107960184943,0,NA,NA,NA,2.6077700761851275,INT
Thymus_vulgaris,Thymus_vulgaris_Morella la Vella,-2.034,0.428,Ordbeta,T0-T2,NPK,1,Morella la Vella,Lmax,7.104559051410353,Maximum length of life,H5,T0,-1.5764706867845093,-1.9035018512877446,-1.444734176104233,0,NA,NA,NA,-0.884162608263193,NA
Thymus_vulgaris,Thymus_vulgaris_Morella la Vella,-2.034,0.428,Ordbeta,T0-T2,NPK,1,Morella la Vella,Lmean,3.781248625494129,Mean life expectancy,H5,T0,-1.5764706867845093,-1.9035018512877446,-1.444734176104233,0,NA,NA,NA,-0.884162608263193,NA
Verbascum_thapsus,Verbascum_thapsus_Cedar Creek LTER,-2.495,0.49,Ordbeta,T0-T2,NPK,1,Cedar Creek LTER,Lmax,-0.22063842786002777,Maximum length of life,H5,T0,-1.4204363774767406,-1.2839380895145804,-1.0268275454364673,0,-0.5045707660405087,-0.3673761070904348,-0.3458960662190062,-0.5357552211426929,INT
Verbascum_thapsus,Verbascum_thapsus_Cedar Creek LTER,-2.495,0.49,Ordbeta,T0-T2,NPK,1,Cedar Creek LTER,Lmean,-0.16923102946438098,Mean life expectancy,H5,T0,-1.4204363774767406,-1.2839380895145804,-1.0268275454364673,0,-0.5045707660405087,-0.3673761070904348,-0.3458960662190062,-0.5357552211426929,INT
Verbascum_thapsus,Verbascum_thapsus_Piedmont Prairie,-2.448,0.561,Ordbeta,T0-T2,NPK,1,Piedmont Prairie,Lmax,-0.22063842786002777,Maximum length of life,H5,T0,-1.5764706867845093,0.5747531958049126,-1.444734176104233,0,NA,NA,NA,-1.1711402718650785,INT
Verbascum_thapsus,Verbascum_thapsus_Piedmont Prairie,-2.448,0.561,Ordbeta,T0-T2,NPK,1,Piedmont Prairie,Lmean,-0.16923102946438098,Mean life expectancy,H5,T0,-1.5764706867845093,0.5747531958049126,-1.444734176104233,0,NA,NA,NA,-1.1711402718650785,INT
Veronica_arvensis,Veronica_arvensis_Agroscope Changins,-2.874,0.445,Ordbeta,T0-T2,NPK,1,Agroscope Changins,Lmax,-0.2301318078461223,Maximum length of life,H5,T0,1.1151211487745039,1.7498100942937036,1.8366308037876098,0,-1.2494248902601934,-1.6125325836859505,2.745845392814837,0.5775184415628114,NAT
Veronica_arvensis,Veronica_arvensis_Agroscope Changins,-2.874,0.445,Ordbeta,T0-T2,NPK,1,Agroscope Changins,Lmean,-0.16781987803124343,Mean life expectancy,H5,T0,1.1151211487745039,1.7498100942937036,1.8366308037876098,0,-1.2494248902601934,-1.6125325836859505,2.745845392814837,0.5775184415628114,NAT
Veronica_arvensis,Veronica_arvensis_Bad Lauchstaedt,-2.709,0.353,Ordbeta,T0-T2,NPK,1,Bad Lauchstaedt,Lmax,-0.2301318078461223,Maximum length of life,H5,T0,0.2959410249087173,-0.698417737227644,-0.21593470458362485,0,0.6984500596722579,0.8685465461199303,-0.7226610367396129,0.18917664047996158,NAT
Veronica_arvensis,Veronica_arvensis_Bad Lauchstaedt,-2.709,0.353,Ordbeta,T0-T2,NPK,1,Bad Lauchstaedt,Lmean,-0.16781987803124343,Mean life expectancy,H5,T0,0.2959410249087173,-0.698417737227644,-0.21593470458362485,0,0.6984500596722579,0.8685465461199303,-0.7226610367396129,0.18917664047996158,NAT
Veronica_arvensis,Veronica_arvensis_CEREEP - Ecotron IDF,-2.35,0.327,Ordbeta,T0-T2,NPK,1,CEREEP - Ecotron IDF,Lmax,-0.2301318078461223,Maximum length of life,H5,NA,NA,NA,NA,NA,NA,NA,NA,NA,NAT
Veronica_arvensis,Veronica_arvensis_CEREEP - Ecotron IDF,-2.35,0.327,Ordbeta,T0-T2,NPK,1,CEREEP - Ecotron IDF,Lmean,-0.16781987803124343,Mean life expectancy,H5,NA,NA,NA,NA,NA,NA,NA,NA,NA,NAT
Veronica_arvensis,Veronica_arvensis_Jena,-2.448,0.263,Ordbeta,T0-T2,NPK,1,Jena,Lmax,-0.2301318078461223,Maximum length of life,H5,T0,0.6080096435242552,-0.19978785004494334,0.1515499341977226,0,1.7069926411992955,1.3947714330047822,-0.14332180109160603,2.0152771953897615,NAT
Veronica_arvensis,Veronica_arvensis_Jena,-2.448,0.263,Ordbeta,T0-T2,NPK,1,Jena,Lmean,-0.16781987803124343,Mean life expectancy,H5,T0,0.6080096435242552,-0.19978785004494334,0.1515499341977226,0,1.7069926411992955,1.3947714330047822,-0.14332180109160603,2.0152771953897615,NAT
Veronica_arvensis,Veronica_arvensis_WSL,-2.553,0.541,Ordbeta,T0-T2,NPK,1,WSL,Lmax,-0.2301318078461223,Maximum length of life,H5,T0,-1.4204363774767406,-1.2291467364325999,-1.0001223989652859,0,-1.1731669953265595,-0.9343236039764059,-0.18800171845920188,-0.9850173782191273,NAT
Veronica_arvensis,Veronica_arvensis_WSL,-2.553,0.541,Ordbeta,T0-T2,NPK,1,WSL,Lmean,-0.16781987803124343,Mean life expectancy,H5,T0,-1.4204363774767406,-1.2291467364325999,-1.0001223989652859,0,-1.1731669953265595,-0.9343236039764059,-0.18800171845920188,-0.9850173782191273,NAT
Agrimonia_eupatoria,Agrimonia_eupatoria_Wytham Woods,-2.301,0.207,Ordbeta,T0-T3,DIST,1,Wytham Woods,FirstStepAtt,2.440462171466899,First step attenuation,H3,T0,1.1385262951706692,0.9703437817001139,1.0760089899315513,0,-0.48678535534291734,-0.5976146616129729,0.41522666757088206,-0.12047087426531668,NAT
Agrimonia_eupatoria,Agrimonia_eupatoria_Wytham Woods,-2.301,0.207,Ordbeta,T0-T3,DIST,1,Wytham Woods,Lambda,-0.2263596465040885,Population growth rate,H4,T0,1.1385262951706692,0.9703437817001139,1.0760089899315513,0,-0.48678535534291734,-0.5976146616129729,0.41522666757088206,-0.12047087426531668,NAT
Agrimonia_eupatoria,Agrimonia_eupatoria_Wytham Woods,-2.301,0.207,Ordbeta,T0-T3,DIST,1,Wytham Woods,R0,-0.43674050406372456,Net reproductive rate,H1,T0,1.1385262951706692,0.9703437817001139,1.0760089899315513,0,-0.48678535534291734,-0.5976146616129729,0.41522666757088206,-0.12047087426531668,NAT
Agrimonia_eupatoria,Agrimonia_eupatoria_Wytham Woods,-2.301,0.207,Ordbeta,T0-T3,DIST,1,Wytham Woods,Reactivity,-0.304720050041162,Reactivity,H3,T0,1.1385262951706692,0.9703437817001139,1.0760089899315513,0,-0.48678535534291734,-0.5976146616129729,0.41522666757088206,-0.12047087426531668,NAT
Agrimonia_eupatoria,Agrimonia_eupatoria_Wytham Woods,-2.301,0.207,Ordbeta,T0-T3,DIST,1,Wytham Woods,T_generation,4.474923774031465,Generation time,H2,T0,1.1385262951706692,0.9703437817001139,1.0760089899315513,0,-0.48678535534291734,-0.5976146616129729,0.41522666757088206,-0.12047087426531668,NAT
Agrimonia_eupatoria,Agrimonia_eupatoria_Wytham Woods,-2.301,0.207,Ordbeta,T0-T3,DIST,1,Wytham Woods,age_repro,2.260504255143464,Age at first reproduction,H2,T0,1.1385262951706692,0.9703437817001139,1.0760089899315513,0,-0.48678535534291734,-0.5976146616129729,0.41522666757088206,-0.12047087426531668,NAT
Agrimonia_eupatoria,Agrimonia_eupatoria_Wytham Woods,-2.301,0.207,Ordbeta,T0-T3,DIST,1,Wytham Woods,percapita_repro,-0.4707119155049233,Per capita reproduction,H1,T0,1.1385262951706692,0.9703437817001139,1.0760089899315513,0,-0.48678535534291734,-0.5976146616129729,0.41522666757088206,-0.12047087426531668,NAT
Allium_vineale,Allium_vineale_Blandy Experimental Farm,-2.584,0.393,Ordbeta,T0-T3,DIST,1,Blandy Experimental Farm,FirstStepAtt,-0.12699681559302578,First step attenuation,H3,T0,-0.9211265876918799,-0.9121998324506817,-1.444734176104233,0,0.7318735048799031,1.120081927705361,-1.1236658654167908,-0.23930332157524994,INT
Allium_vineale,Allium_vineale_Blandy Experimental Farm,-2.584,0.393,Ordbeta,T0-T3,DIST,1,Blandy Experimental Farm,Lambda,0.2529451427438442,Population growth rate,H4,T0,-0.9211265876918799,-0.9121998324506817,-1.444734176104233,0,0.7318735048799031,1.120081927705361,-1.1236658654167908,-0.23930332157524994,INT
Allium_vineale,Allium_vineale_Blandy Experimental Farm,-2.584,0.393,Ordbeta,T0-T3,DIST,1,Blandy Experimental Farm,R0,-0.444566793182742,Net reproductive rate,H1,T0,-0.9211265876918799,-0.9121998324506817,-1.444734176104233,0,0.7318735048799031,1.120081927705361,-1.1236658654167908,-0.23930332157524994,INT
Allium_vineale,Allium_vineale_Blandy Experimental Farm,-2.584,0.393,Ordbeta,T0-T3,DIST,1,Blandy Experimental Farm,Reactivity,-0.26842329190749803,Reactivity,H3,T0,-0.9211265876918799,-0.9121998324506817,-1.444734176104233,0,0.7318735048799031,1.120081927705361,-1.1236658654167908,-0.23930332157524994,INT
Allium_vineale,Allium_vineale_Blandy Experimental Farm,-2.584,0.393,Ordbeta,T0-T3,DIST,1,Blandy Experimental Farm,T_generation,-0.3892331465606115,Generation time,H2,T0,-0.9211265876918799,-0.9121998324506817,-1.444734176104233,0,0.7318735048799031,1.120081927705361,-1.1236658654167908,-0.23930332157524994,INT
Allium_vineale,Allium_vineale_Blandy Experimental Farm,-2.584,0.393,Ordbeta,T0-T3,DIST,1,Blandy Experimental Farm,age_repro,-0.03245242267145864,Age at first reproduction,H2,T0,-0.9211265876918799,-0.9121998324506817,-1.444734176104233,0,0.7318735048799031,1.120081927705361,-1.1236658654167908,-0.23930332157524994,INT
Allium_vineale,Allium_vineale_Blandy Experimental Farm,-2.584,0.393,Ordbeta,T0-T3,DIST,1,Blandy Experimental Farm,percapita_repro,-0.4226868525474443,Per capita reproduction,H1,T0,-0.9211265876918799,-0.9121998324506817,-1.444734176104233,0,0.7318735048799031,1.120081927705361,-1.1236658654167908,-0.23930332157524994,INT
Andropogon_gerardii,Andropogon_gerardii_Kellogg Biological Station (KBS),-0.056,0.237,Ordbeta,T0-T3,DIST,1,Kellogg Biological Station (KBS),FirstStepAtt,0.7127075174849871,First step attenuation,H3,T0,0.6080096435242552,-0.3823161357234788,-0.16217943353098632,0,-0.6951717449115951,-0.3815561424686202,-0.7649907190758011,2.026063801802161,NAT
Andropogon_gerardii,Andropogon_gerardii_Kellogg Biological Station (KBS),-0.056,0.237,Ordbeta,T0-T3,DIST,1,Kellogg Biological Station (KBS),Lambda,1.1435972296680088,Population growth rate,H4,T0,0.6080096435242552,-0.3823161357234788,-0.16217943353098632,0,-0.6951717449115951,-0.3815561424686202,-0.7649907190758011,2.026063801802161,NAT
Andropogon_gerardii,Andropogon_gerardii_Kellogg Biological Station (KBS),-0.056,0.237,Ordbeta,T0-T3,DIST,1,Kellogg Biological Station (KBS),R0,-0.40502231639319747,Net reproductive rate,H1,T0,0.6080096435242552,-0.3823161357234788,-0.16217943353098632,0,-0.6951717449115951,-0.3815561424686202,-0.7649907190758011,2.026063801802161,NAT
Andropogon_gerardii,Andropogon_gerardii_Kellogg Biological Station (KBS),-0.056,0.237,Ordbeta,T0-T3,DIST,1,Kellogg Biological Station (KBS),Reactivity,-0.28185648761408616,Reactivity,H3,T0,0.6080096435242552,-0.3823161357234788,-0.16217943353098632,0,-0.6951717449115951,-0.3815561424686202,-0.7649907190758011,2.026063801802161,NAT
Andropogon_gerardii,Andropogon_gerardii_Kellogg Biological Station (KBS),-0.056,0.237,Ordbeta,T0-T3,DIST,1,Kellogg Biological Station (KBS),T_generation,-0.39578231723513474,Generation time,H2,T0,0.6080096435242552,-0.3823161357234788,-0.16217943353098632,0,-0.6951717449115951,-0.3815561424686202,-0.7649907190758011,2.026063801802161,NAT
Andropogon_gerardii,Andropogon_gerardii_Kellogg Biological Station (KBS),-0.056,0.237,Ordbeta,T0-T3,DIST,1,Kellogg Biological Station (KBS),age_repro,-0.5699782754538517,Age at first reproduction,H2,T0,0.6080096435242552,-0.3823161357234788,-0.16217943353098632,0,-0.6951717449115951,-0.3815561424686202,-0.7649907190758011,2.026063801802161,NAT
Andropogon_gerardii,Andropogon_gerardii_Kellogg Biological Station (KBS),-0.056,0.237,Ordbeta,T0-T3,DIST,1,Kellogg Biological Station (KBS),percapita_repro,-0.4330943982476501,Per capita reproduction,H1,T0,0.6080096435242552,-0.3823161357234788,-0.16217943353098632,0,-0.6951717449115951,-0.3815561424686202,-0.7649907190758011,2.026063801802161,NAT
Andropogon_gerardii,Andropogon_gerardii_Oak Lake Field Station,-2.5,0.518,Ordbeta,T0-T3,DIST,1,Oak Lake Field Station,FirstStepAtt,0.7127075174849871,First step attenuation,H3,T0,-1.4828501011998478,0.07910218638638122,-1.444734176104233,0,NA,NA,NA,-1.1408838408782984,NA
Andropogon_gerardii,Andropogon_gerardii_Oak Lake Field Station,-2.5,0.518,Ordbeta,T0-T3,DIST,1,Oak Lake Field Station,Lambda,1.1435972296680088,Population growth rate,H4,T0,-1.4828501011998478,0.07910218638638122,-1.444734176104233,0,NA,NA,NA,-1.1408838408782984,NA
Andropogon_gerardii,Andropogon_gerardii_Oak Lake Field Station,-2.5,0.518,Ordbeta,T0-T3,DIST,1,Oak Lake Field Station,R0,-0.40502231639319747,Net reproductive rate,H1,T0,-1.4828501011998478,0.07910218638638122,-1.444734176104233,0,NA,NA,NA,-1.1408838408782984,NA
Andropogon_gerardii,Andropogon_gerardii_Oak Lake Field Station,-2.5,0.518,Ordbeta,T0-T3,DIST,1,Oak Lake Field Station,Reactivity,-0.28185648761408616,Reactivity,H3,T0,-1.4828501011998478,0.07910218638638122,-1.444734176104233,0,NA,NA,NA,-1.1408838408782984,NA
Andropogon_gerardii,Andropogon_gerardii_Oak Lake Field Station,-2.5,0.518,Ordbeta,T0-T3,DIST,1,Oak Lake Field Station,T_generation,-0.39578231723513474,Generation time,H2,T0,-1.4828501011998478,0.07910218638638122,-1.444734176104233,0,NA,NA,NA,-1.1408838408782984,NA
Andropogon_gerardii,Andropogon_gerardii_Oak Lake Field Station,-2.5,0.518,Ordbeta,T0-T3,DIST,1,Oak Lake Field Station,age_repro,-0.5699782754538517,Age at first reproduction,H2,T0,-1.4828501011998478,0.07910218638638122,-1.444734176104233,0,NA,NA,NA,-1.1408838408782984,NA
Andropogon_gerardii,Andropogon_gerardii_Oak Lake Field Station,-2.5,0.518,Ordbeta,T0-T3,DIST,1,Oak Lake Field Station,percapita_repro,-0.4330943982476501,Per capita reproduction,H1,T0,-1.4828501011998478,0.07910218638638122,-1.444734176104233,0,NA,NA,NA,-1.1408838408782984,NA
Andropogon_gerardii,Andropogon_gerardii_Temple,-2.437,0.416,Ordbeta,T0-T3,DIST,1,Temple,FirstStepAtt,0.7127075174849871,First step attenuation,H3,T0,-1.4594449548036825,-1.5348358112243743,-1.180462107192222,0,NA,NA,NA,-0.2753665423473718,NAT
Andropogon_gerardii,Andropogon_gerardii_Temple,-2.437,0.416,Ordbeta,T0-T3,DIST,1,Temple,Lambda,1.1435972296680088,Population growth rate,H4,T0,-1.4594449548036825,-1.5348358112243743,-1.180462107192222,0,NA,NA,NA,-0.2753665423473718,NAT
Andropogon_gerardii,Andropogon_gerardii_Temple,-2.437,0.416,Ordbeta,T0-T3,DIST,1,Temple,R0,-0.40502231639319747,Net reproductive rate,H1,T0,-1.4594449548036825,-1.5348358112243743,-1.180462107192222,0,NA,NA,NA,-0.2753665423473718,NAT
Andropogon_gerardii,Andropogon_gerardii_Temple,-2.437,0.416,Ordbeta,T0-T3,DIST,1,Temple,Reactivity,-0.28185648761408616,Reactivity,H3,T0,-1.4594449548036825,-1.5348358112243743,-1.180462107192222,0,NA,NA,NA,-0.2753665423473718,NAT
Andropogon_gerardii,Andropogon_gerardii_Temple,-2.437,0.416,Ordbeta,T0-T3,DIST,1,Temple,T_generation,-0.39578231723513474,Generation time,H2,T0,-1.4594449548036825,-1.5348358112243743,-1.180462107192222,0,NA,NA,NA,-0.2753665423473718,NAT
Andropogon_gerardii,Andropogon_gerardii_Temple,-2.437,0.416,Ordbeta,T0-T3,DIST,1,Temple,age_repro,-0.5699782754538517,Age at first reproduction,H2,T0,-1.4594449548036825,-1.5348358112243743,-1.180462107192222,0,NA,NA,NA,-0.2753665423473718,NAT
Andropogon_gerardii,Andropogon_gerardii_Temple,-2.437,0.416,Ordbeta,T0-T3,DIST,1,Temple,percapita_repro,-0.4330943982476501,Per capita reproduction,H1,T0,-1.4594449548036825,-1.5348358112243743,-1.180462107192222,0,NA,NA,NA,-0.2753665423473718,NAT
Arenaria_serpyllifolia,Arenaria_serpyllifolia_Bad Lauchstaedt,-2.812,0.367,Ordbeta,T0-T3,DIST,1,Bad Lauchstaedt,FirstStepAtt,-0.10973712017611101,First step attenuation,H3,T0,0.45197533421648606,-0.3753988185590567,-0.11439210590952666,0,0.5690221852496098,0.7959142485449064,-0.7991349509738322,0.3856906316365244,NAT
Arenaria_serpyllifolia,Arenaria_serpyllifolia_Bad Lauchstaedt,-2.812,0.367,Ordbeta,T0-T3,DIST,1,Bad Lauchstaedt,Lambda,-0.5719142284822,Population growth rate,H4,T0,0.45197533421648606,-0.3753988185590567,-0.11439210590952666,0,0.5690221852496098,0.7959142485449064,-0.7991349509738322,0.3856906316365244,NAT
Arenaria_serpyllifolia,Arenaria_serpyllifolia_Bad Lauchstaedt,-2.812,0.367,Ordbeta,T0-T3,DIST,1,Bad Lauchstaedt,R0,-0.4293229893020922,Net reproductive rate,H1,T0,0.45197533421648606,-0.3753988185590567,-0.11439210590952666,0,0.5690221852496098,0.7959142485449064,-0.7991349509738322,0.3856906316365244,NAT
Arenaria_serpyllifolia,Arenaria_serpyllifolia_Bad Lauchstaedt,-2.812,0.367,Ordbeta,T0-T3,DIST,1,Bad Lauchstaedt,Reactivity,-0.20974910667771848,Reactivity,H3,T0,0.45197533421648606,-0.3753988185590567,-0.11439210590952666,0,0.5690221852496098,0.7959142485449064,-0.7991349509738322,0.3856906316365244,NAT
Arenaria_serpyllifolia,Arenaria_serpyllifolia_Bad Lauchstaedt,-2.812,0.367,Ordbeta,T0-T3,DIST,1,Bad Lauchstaedt,T_generation,-0.5147055295573663,Generation time,H2,T0,0.45197533421648606,-0.3753988185590567,-0.11439210590952666,0,0.5690221852496098,0.7959142485449064,-0.7991349509738322,0.3856906316365244,NAT
Arenaria_serpyllifolia,Arenaria_serpyllifolia_Bad Lauchstaedt,-2.812,0.367,Ordbeta,T0-T3,DIST,1,Bad Lauchstaedt,age_repro,-0.5169368362562528,Age at first reproduction,H2,T0,0.45197533421648606,-0.3753988185590567,-0.11439210590952666,0,0.5690221852496098,0.7959142485449064,-0.7991349509738322,0.3856906316365244,NAT
Arenaria_serpyllifolia,Arenaria_serpyllifolia_Bad Lauchstaedt,-2.812,0.367,Ordbeta,T0-T3,DIST,1,Bad Lauchstaedt,percapita_repro,-0.3632449329055655,Per capita reproduction,H1,T0,0.45197533421648606,-0.3753988185590567,-0.11439210590952666,0,0.5690221852496098,0.7959142485449064,-0.7991349509738322,0.3856906316365244,NAT
Arenaria_serpyllifolia,Arenaria_serpyllifolia_Jena,-2.164,0.324,Ordbeta,T0-T3,DIST,1,Jena,FirstStepAtt,-0.10973712017611101,First step attenuation,H3,T0,0.764043952832024,-0.3862370720152753,0.02721357540323855,0,1.6161310595160223,1.0042933264685494,0.3263285755482111,2.0986936183123164,NAT
Arenaria_serpyllifolia,Arenaria_serpyllifolia_Jena,-2.164,0.324,Ordbeta,T0-T3,DIST,1,Jena,Lambda,-0.5719142284822,Population growth rate,H4,T0,0.764043952832024,-0.3862370720152753,0.02721357540323855,0,1.6161310595160223,1.0042933264685494,0.3263285755482111,2.0986936183123164,NAT
Arenaria_serpyllifolia,Arenaria_serpyllifolia_Jena,-2.164,0.324,Ordbeta,T0-T3,DIST,1,Jena,R0,-0.4293229893020922,Net reproductive rate,H1,T0,0.764043952832024,-0.3862370720152753,0.02721357540323855,0,1.6161310595160223,1.0042933264685494,0.3263285755482111,2.0986936183123164,NAT
Arenaria_serpyllifolia,Arenaria_serpyllifolia_Jena,-2.164,0.324,Ordbeta,T0-T3,DIST,1,Jena,Reactivity,-0.20974910667771848,Reactivity,H3,T0,0.764043952832024,-0.3862370720152753,0.02721357540323855,0,1.6161310595160223,1.0042933264685494,0.3263285755482111,2.0986936183123164,NAT
Arenaria_serpyllifolia,Arenaria_serpyllifolia_Jena,-2.164,0.324,Ordbeta,T0-T3,DIST,1,Jena,T_generation,-0.5147055295573663,Generation time,H2,T0,0.764043952832024,-0.3862370720152753,0.02721357540323855,0,1.6161310595160223,1.0042933264685494,0.3263285755482111,2.0986936183123164,NAT
Arenaria_serpyllifolia,Arenaria_serpyllifolia_Jena,-2.164,0.324,Ordbeta,T0-T3,DIST,1,Jena,age_repro,-0.5169368362562528,Age at first reproduction,H2,T0,0.764043952832024,-0.3862370720152753,0.02721357540323855,0,1.6161310595160223,1.0042933264685494,0.3263285755482111,2.0986936183123164,NAT
Arenaria_serpyllifolia,Arenaria_serpyllifolia_Jena,-2.164,0.324,Ordbeta,T0-T3,DIST,1,Jena,percapita_repro,-0.3632449329055655,Per capita reproduction,H1,T0,0.764043952832024,-0.3862370720152753,0.02721357540323855,0,1.6161310595160223,1.0042933264685494,0.3263285755482111,2.0986936183123164,NAT
Arenaria_serpyllifolia,Arenaria_serpyllifolia_Wytham Woods,-2.543,0.49,Ordbeta,T0-T3,DIST,1,Wytham Woods,FirstStepAtt,-0.10973712017611101,First step attenuation,H3,T0,1.1385262951706692,0.9703437817001139,1.0760089899315513,0,-0.48678535534291734,-0.5976146616129729,0.41522666757088206,-0.12047087426531668,NAT
Arenaria_serpyllifolia,Arenaria_serpyllifolia_Wytham Woods,-2.543,0.49,Ordbeta,T0-T3,DIST,1,Wytham Woods,Lambda,-0.5719142284822,Population growth rate,H4,T0,1.1385262951706692,0.9703437817001139,1.0760089899315513,0,-0.48678535534291734,-0.5976146616129729,0.41522666757088206,-0.12047087426531668,NAT
Arenaria_serpyllifolia,Arenaria_serpyllifolia_Wytham Woods,-2.543,0.49,Ordbeta,T0-T3,DIST,1,Wytham Woods,R0,-0.4293229893020922,Net reproductive rate,H1,T0,1.1385262951706692,0.9703437817001139,1.0760089899315513,0,-0.48678535534291734,-0.5976146616129729,0.41522666757088206,-0.12047087426531668,NAT
Arenaria_serpyllifolia,Arenaria_serpyllifolia_Wytham Woods,-2.543,0.49,Ordbeta,T0-T3,DIST,1,Wytham Woods,Reactivity,-0.20974910667771848,Reactivity,H3,T0,1.1385262951706692,0.9703437817001139,1.0760089899315513,0,-0.48678535534291734,-0.5976146616129729,0.41522666757088206,-0.12047087426531668,NAT
Arenaria_serpyllifolia,Arenaria_serpyllifolia_Wytham Woods,-2.543,0.49,Ordbeta,T0-T3,DIST,1,Wytham Woods,T_generation,-0.5147055295573663,Generation time,H2,T0,1.1385262951706692,0.9703437817001139,1.0760089899315513,0,-0.48678535534291734,-0.5976146616129729,0.41522666757088206,-0.12047087426531668,NAT
Arenaria_serpyllifolia,Arenaria_serpyllifolia_Wytham Woods,-2.543,0.49,Ordbeta,T0-T3,DIST,1,Wytham Woods,age_repro,-0.5169368362562528,Age at first reproduction,H2,T0,1.1385262951706692,0.9703437817001139,1.0760089899315513,0,-0.48678535534291734,-0.5976146616129729,0.41522666757088206,-0.12047087426531668,NAT
Arenaria_serpyllifolia,Arenaria_serpyllifolia_Wytham Woods,-2.543,0.49,Ordbeta,T0-T3,DIST,1,Wytham Woods,percapita_repro,-0.3632449329055655,Per capita reproduction,H1,T0,1.1385262951706692,0.9703437817001139,1.0760089899315513,0,-0.48678535534291734,-0.5976146616129729,0.41522666757088206,-0.12047087426531668,NAT
Armeria_maritima,Armeria_maritima_Potrok Aike,-2.833,0.345,Ordbeta,T0-T3,DIST,1,Potrok Aike,FirstStepAtt,-0.23938417982611487,First step attenuation,H3,T0,-1.5764706867845093,-1.9035018512877446,-1.444734176104233,0,NA,NA,NA,-1.1408838408782984,NAT
Armeria_maritima,Armeria_maritima_Potrok Aike,-2.833,0.345,Ordbeta,T0-T3,DIST,1,Potrok Aike,Lambda,1.0164222527934532,Population growth rate,H4,T0,-1.5764706867845093,-1.9035018512877446,-1.444734176104233,0,NA,NA,NA,-1.1408838408782984,NAT
Armeria_maritima,Armeria_maritima_Potrok Aike,-2.833,0.345,Ordbeta,T0-T3,DIST,1,Potrok Aike,R0,2.7493428247614067,Net reproductive rate,H1,T0,-1.5764706867845093,-1.9035018512877446,-1.444734176104233,0,NA,NA,NA,-1.1408838408782984,NAT
Armeria_maritima,Armeria_maritima_Potrok Aike,-2.833,0.345,Ordbeta,T0-T3,DIST,1,Potrok Aike,Reactivity,0.8293171392215645,Reactivity,H3,T0,-1.5764706867845093,-1.9035018512877446,-1.444734176104233,0,NA,NA,NA,-1.1408838408782984,NAT
Armeria_maritima,Armeria_maritima_Potrok Aike,-2.833,0.345,Ordbeta,T0-T3,DIST,1,Potrok Aike,T_generation,0.40269720385000624,Generation time,H2,T0,-1.5764706867845093,-1.9035018512877446,-1.444734176104233,0,NA,NA,NA,-1.1408838408782984,NAT
Armeria_maritima,Armeria_maritima_Potrok Aike,-2.833,0.345,Ordbeta,T0-T3,DIST,1,Potrok Aike,age_repro,0.5796197885943953,Age at first reproduction,H2,T0,-1.5764706867845093,-1.9035018512877446,-1.444734176104233,0,NA,NA,NA,-1.1408838408782984,NAT
Armeria_maritima,Armeria_maritima_Potrok Aike,-2.833,0.345,Ordbeta,T0-T3,DIST,1,Potrok Aike,percapita_repro,-0.2953061795783803,Per capita reproduction,H1,T0,-1.5764706867845093,-1.9035018512877446,-1.444734176104233,0,NA,NA,NA,-1.1408838408782984,NAT
Centaurea_jacea,Centaurea_jacea_Agroscope Changins,-2.792,0.285,Ordbeta,T0-T3,DIST,1,Agroscope Changins,FirstStepAtt,1.877455739956615,First step attenuation,H3,T0,1.1151211487745039,1.231861200363381,1.4334641159886803,0,-1.2881608799324629,-1.398708630217884,1.650051594077399,0.46165430853599404,NAT
Centaurea_jacea,Centaurea_jacea_Agroscope Changins,-2.792,0.285,Ordbeta,T0-T3,DIST,1,Agroscope Changins,Lambda,-0.4255914344736633,Population growth rate,H4,T0,1.1151211487745039,1.231861200363381,1.4334641159886803,0,-1.2881608799324629,-1.398708630217884,1.650051594077399,0.46165430853599404,NAT
Centaurea_jacea,Centaurea_jacea_Agroscope Changins,-2.792,0.285,Ordbeta,T0-T3,DIST,1,Agroscope Changins,R0,-0.4965036250280989,Net reproductive rate,H1,T0,1.1151211487745039,1.231861200363381,1.4334641159886803,0,-1.2881608799324629,-1.398708630217884,1.650051594077399,0.46165430853599404,NAT
Centaurea_jacea,Centaurea_jacea_Agroscope Changins,-2.792,0.285,Ordbeta,T0-T3,DIST,1,Agroscope Changins,Reactivity,-0.3032401490557656,Reactivity,H3,T0,1.1151211487745039,1.231861200363381,1.4334641159886803,0,-1.2881608799324629,-1.398708630217884,1.650051594077399,0.46165430853599404,NAT
Centaurea_jacea,Centaurea_jacea_Agroscope Changins,-2.792,0.285,Ordbeta,T0-T3,DIST,1,Agroscope Changins,T_generation,2.614409070206266,Generation time,H2,T0,1.1151211487745039,1.231861200363381,1.4334641159886803,0,-1.2881608799324629,-1.398708630217884,1.650051594077399,0.46165430853599404,NAT
Centaurea_jacea,Centaurea_jacea_Agroscope Changins,-2.792,0.285,Ordbeta,T0-T3,DIST,1,Agroscope Changins,age_repro,0.8632898520837257,Age at first reproduction,H2,T0,1.1151211487745039,1.231861200363381,1.4334641159886803,0,-1.2881608799324629,-1.398708630217884,1.650051594077399,0.46165430853599404,NAT
Centaurea_jacea,Centaurea_jacea_Agroscope Changins,-2.792,0.285,Ordbeta,T0-T3,DIST,1,Agroscope Changins,percapita_repro,-0.470793226007133,Per capita reproduction,H1,T0,1.1151211487745039,1.231861200363381,1.4334641159886803,0,-1.2881608799324629,-1.398708630217884,1.650051594077399,0.46165430853599404,NAT
Centaurea_jacea,Centaurea_jacea_Bayreuth DRAGNet,-2.517,0.285,Ordbeta,T0-T3,DIST,1,Bayreuth DRAGNet,FirstStepAtt,1.877455739956615,First step attenuation,H3,T0,1.7002498086786373,1.1903000578533576,1.5813921901858357,0,0.7663265952564761,0.8046703576991449,-0.4657062309279624,0.012833603314585775,NAT
Centaurea_jacea,Centaurea_jacea_Bayreuth DRAGNet,-2.517,0.285,Ordbeta,T0-T3,DIST,1,Bayreuth DRAGNet,Lambda,-0.4255914344736633,Population growth rate,H4,T0,1.7002498086786373,1.1903000578533576,1.5813921901858357,0,0.7663265952564761,0.8046703576991449,-0.4657062309279624,0.012833603314585775,NAT
Centaurea_jacea,Centaurea_jacea_Bayreuth DRAGNet,-2.517,0.285,Ordbeta,T0-T3,DIST,1,Bayreuth DRAGNet,R0,-0.4965036250280989,Net reproductive rate,H1,T0,1.7002498086786373,1.1903000578533576,1.5813921901858357,0,0.7663265952564761,0.8046703576991449,-0.4657062309279624,0.012833603314585775,NAT
Centaurea_jacea,Centaurea_jacea_Bayreuth DRAGNet,-2.517,0.285,Ordbeta,T0-T3,DIST,1,Bayreuth DRAGNet,Reactivity,-0.3032401490557656,Reactivity,H3,T0,1.7002498086786373,1.1903000578533576,1.5813921901858357,0,0.7663265952564761,0.8046703576991449,-0.4657062309279624,0.012833603314585775,NAT
Centaurea_jacea,Centaurea_jacea_Bayreuth DRAGNet,-2.517,0.285,Ordbeta,T0-T3,DIST,1,Bayreuth DRAGNet,T_generation,2.614409070206266,Generation time,H2,T0,1.7002498086786373,1.1903000578533576,1.5813921901858357,0,0.7663265952564761,0.8046703576991449,-0.4657062309279624,0.012833603314585775,NAT
Centaurea_jacea,Centaurea_jacea_Bayreuth DRAGNet,-2.517,0.285,Ordbeta,T0-T3,DIST,1,Bayreuth DRAGNet,age_repro,0.8632898520837257,Age at first reproduction,H2,T0,1.7002498086786373,1.1903000578533576,1.5813921901858357,0,0.7663265952564761,0.8046703576991449,-0.4657062309279624,0.012833603314585775,NAT
Centaurea_jacea,Centaurea_jacea_Bayreuth DRAGNet,-2.517,0.285,Ordbeta,T0-T3,DIST,1,Bayreuth DRAGNet,percapita_repro,-0.470793226007133,Per capita reproduction,H1,T0,1.7002498086786373,1.1903000578533576,1.5813921901858357,0,0.7663265952564761,0.8046703576991449,-0.4657062309279624,0.012833603314585775,NAT
Cerastium_fontanum,Cerastium_fontanum_Agroscope Changins,-2.77,0.233,Ordbeta,T0-T3,DIST,1,Agroscope Changins,FirstStepAtt,-0.4194435179044893,First step attenuation,H3,T0,1.1151211487745039,1.231861200363381,1.4334641159886803,0,-1.2881608799324629,-1.398708630217884,1.650051594077399,0.46165430853599404,NAT
Cerastium_fontanum,Cerastium_fontanum_Agroscope Changins,-2.77,0.233,Ordbeta,T0-T3,DIST,1,Agroscope Changins,Lambda,NA,Population growth rate,H4,T0,1.1151211487745039,1.231861200363381,1.4334641159886803,0,-1.2881608799324629,-1.398708630217884,1.650051594077399,0.46165430853599404,NAT
Cerastium_fontanum,Cerastium_fontanum_Agroscope Changins,-2.77,0.233,Ordbeta,T0-T3,DIST,1,Agroscope Changins,R0,-0.3241646709458852,Net reproductive rate,H1,T0,1.1151211487745039,1.231861200363381,1.4334641159886803,0,-1.2881608799324629,-1.398708630217884,1.650051594077399,0.46165430853599404,NAT
Cerastium_fontanum,Cerastium_fontanum_Agroscope Changins,-2.77,0.233,Ordbeta,T0-T3,DIST,1,Agroscope Changins,Reactivity,-0.213842137951694,Reactivity,H3,T0,1.1151211487745039,1.231861200363381,1.4334641159886803,0,-1.2881608799324629,-1.398708630217884,1.650051594077399,0.46165430853599404,NAT
Cerastium_fontanum,Cerastium_fontanum_Agroscope Changins,-2.77,0.233,Ordbeta,T0-T3,DIST,1,Agroscope Changins,T_generation,-0.5393752677139546,Generation time,H2,T0,1.1151211487745039,1.231861200363381,1.4334641159886803,0,-1.2881608799324629,-1.398708630217884,1.650051594077399,0.46165430853599404,NAT
Cerastium_fontanum,Cerastium_fontanum_Agroscope Changins,-2.77,0.233,Ordbeta,T0-T3,DIST,1,Agroscope Changins,age_repro,-0.4599325332484837,Age at first reproduction,H2,T0,1.1151211487745039,1.231861200363381,1.4334641159886803,0,-1.2881608799324629,-1.398708630217884,1.650051594077399,0.46165430853599404,NAT
Cerastium_fontanum,Cerastium_fontanum_Agroscope Changins,-2.77,0.233,Ordbeta,T0-T3,DIST,1,Agroscope Changins,percapita_repro,-0.035481261863889633,Per capita reproduction,H1,T0,1.1151211487745039,1.231861200363381,1.4334641159886803,0,-1.2881608799324629,-1.398708630217884,1.650051594077399,0.46165430853599404,NAT
Cerastium_fontanum,Cerastium_fontanum_Bad Lauchstaedt,-2.565,0.409,Ordbeta,T0-T3,DIST,1,Bad Lauchstaedt,FirstStepAtt,-0.4194435179044893,First step attenuation,H3,T0,0.45197533421648606,-0.3753988185590567,-0.11439210590952666,0,0.5690221852496098,0.7959142485449064,-0.7991349509738322,0.3856906316365244,NAT
Cerastium_fontanum,Cerastium_fontanum_Bad Lauchstaedt,-2.565,0.409,Ordbeta,T0-T3,DIST,1,Bad Lauchstaedt,Lambda,NA,Population growth rate,H4,T0,0.45197533421648606,-0.3753988185590567,-0.11439210590952666,0,0.5690221852496098,0.7959142485449064,-0.7991349509738322,0.3856906316365244,NAT
Cerastium_fontanum,Cerastium_fontanum_Bad Lauchstaedt,-2.565,0.409,Ordbeta,T0-T3,DIST,1,Bad Lauchstaedt,R0,-0.3241646709458852,Net reproductive rate,H1,T0,0.45197533421648606,-0.3753988185590567,-0.11439210590952666,0,0.5690221852496098,0.7959142485449064,-0.7991349509738322,0.3856906316365244,NAT
Cerastium_fontanum,Cerastium_fontanum_Bad Lauchstaedt,-2.565,0.409,Ordbeta,T0-T3,DIST,1,Bad Lauchstaedt,Reactivity,-0.213842137951694,Reactivity,H3,T0,0.45197533421648606,-0.3753988185590567,-0.11439210590952666,0,0.5690221852496098,0.7959142485449064,-0.7991349509738322,0.3856906316365244,NAT
Cerastium_fontanum,Cerastium_fontanum_Bad Lauchstaedt,-2.565,0.409,Ordbeta,T0-T3,DIST,1,Bad Lauchstaedt,T_generation,-0.5393752677139546,Generation time,H2,T0,0.45197533421648606,-0.3753988185590567,-0.11439210590952666,0,0.5690221852496098,0.7959142485449064,-0.7991349509738322,0.3856906316365244,NAT
Cerastium_fontanum,Cerastium_fontanum_Bad Lauchstaedt,-2.565,0.409,Ordbeta,T0-T3,DIST,1,Bad Lauchstaedt,age_repro,-0.4599325332484837,Age at first reproduction,H2,T0,0.45197533421648606,-0.3753988185590567,-0.11439210590952666,0,0.5690221852496098,0.7959142485449064,-0.7991349509738322,0.3856906316365244,NAT
Cerastium_fontanum,Cerastium_fontanum_Bad Lauchstaedt,-2.565,0.409,Ordbeta,T0-T3,DIST,1,Bad Lauchstaedt,percapita_repro,-0.035481261863889633,Per capita reproduction,H1,T0,0.45197533421648606,-0.3753988185590567,-0.11439210590952666,0,0.5690221852496098,0.7959142485449064,-0.7991349509738322,0.3856906316365244,NAT
Cerastium_fontanum,Cerastium_fontanum_Bayreuth DRAGNet,-2.375,0.373,Ordbeta,T0-T3,DIST,1,Bayreuth DRAGNet,FirstStepAtt,-0.4194435179044893,First step attenuation,H3,T0,1.7002498086786373,1.1903000578533576,1.5813921901858357,0,0.7663265952564761,0.8046703576991449,-0.4657062309279624,0.012833603314585775,NAT
Cerastium_fontanum,Cerastium_fontanum_Bayreuth DRAGNet,-2.375,0.373,Ordbeta,T0-T3,DIST,1,Bayreuth DRAGNet,Lambda,NA,Population growth rate,H4,T0,1.7002498086786373,1.1903000578533576,1.5813921901858357,0,0.7663265952564761,0.8046703576991449,-0.4657062309279624,0.012833603314585775,NAT
Cerastium_fontanum,Cerastium_fontanum_Bayreuth DRAGNet,-2.375,0.373,Ordbeta,T0-T3,DIST,1,Bayreuth DRAGNet,R0,-0.3241646709458852,Net reproductive rate,H1,T0,1.7002498086786373,1.1903000578533576,1.5813921901858357,0,0.7663265952564761,0.8046703576991449,-0.4657062309279624,0.012833603314585775,NAT
Cerastium_fontanum,Cerastium_fontanum_Bayreuth DRAGNet,-2.375,0.373,Ordbeta,T0-T3,DIST,1,Bayreuth DRAGNet,Reactivity,-0.213842137951694,Reactivity,H3,T0,1.7002498086786373,1.1903000578533576,1.5813921901858357,0,0.7663265952564761,0.8046703576991449,-0.4657062309279624,0.012833603314585775,NAT
Cerastium_fontanum,Cerastium_fontanum_Bayreuth DRAGNet,-2.375,0.373,Ordbeta,T0-T3,DIST,1,Bayreuth DRAGNet,T_generation,-0.5393752677139546,Generation time,H2,T0,1.7002498086786373,1.1903000578533576,1.5813921901858357,0,0.7663265952564761,0.8046703576991449,-0.4657062309279624,0.012833603314585775,NAT
Cerastium_fontanum,Cerastium_fontanum_Bayreuth DRAGNet,-2.375,0.373,Ordbeta,T0-T3,DIST,1,Bayreuth DRAGNet,age_repro,-0.4599325332484837,Age at first reproduction,H2,T0,1.7002498086786373,1.1903000578533576,1.5813921901858357,0,0.7663265952564761,0.8046703576991449,-0.4657062309279624,0.012833603314585775,NAT
Cerastium_fontanum,Cerastium_fontanum_Bayreuth DRAGNet,-2.375,0.373,Ordbeta,T0-T3,DIST,1,Bayreuth DRAGNet,percapita_repro,-0.035481261863889633,Per capita reproduction,H1,T0,1.7002498086786373,1.1903000578533576,1.5813921901858357,0,0.7663265952564761,0.8046703576991449,-0.4657062309279624,0.012833603314585775,NAT
Cerastium_fontanum,Cerastium_fontanum_CEREEP - Ecotron IDF,-2.442,0.401,Ordbeta,T0-T3,DIST,1,CEREEP - Ecotron IDF,FirstStepAtt,-0.4194435179044893,First step attenuation,H3,NA,NA,NA,NA,NA,NA,NA,NA,NA,NAT
Cerastium_fontanum,Cerastium_fontanum_CEREEP - Ecotron IDF,-2.442,0.401,Ordbeta,T0-T3,DIST,1,CEREEP - Ecotron IDF,Lambda,NA,Population growth rate,H4,NA,NA,NA,NA,NA,NA,NA,NA,NA,NAT
Cerastium_fontanum,Cerastium_fontanum_CEREEP - Ecotron IDF,-2.442,0.401,Ordbeta,T0-T3,DIST,1,CEREEP - Ecotron IDF,R0,-0.3241646709458852,Net reproductive rate,H1,NA,NA,NA,NA,NA,NA,NA,NA,NA,NAT
Cerastium_fontanum,Cerastium_fontanum_CEREEP - Ecotron IDF,-2.442,0.401,Ordbeta,T0-T3,DIST,1,CEREEP - Ecotron IDF,Reactivity,-0.213842137951694,Reactivity,H3,NA,NA,NA,NA,NA,NA,NA,NA,NA,NAT
Cerastium_fontanum,Cerastium_fontanum_CEREEP - Ecotron IDF,-2.442,0.401,Ordbeta,T0-T3,DIST,1,CEREEP - Ecotron IDF,T_generation,-0.5393752677139546,Generation time,H2,NA,NA,NA,NA,NA,NA,NA,NA,NA,NAT
Cerastium_fontanum,Cerastium_fontanum_CEREEP - Ecotron IDF,-2.442,0.401,Ordbeta,T0-T3,DIST,1,CEREEP - Ecotron IDF,age_repro,-0.4599325332484837,Age at first reproduction,H2,NA,NA,NA,NA,NA,NA,NA,NA,NA,NAT
Cerastium_fontanum,Cerastium_fontanum_CEREEP - Ecotron IDF,-2.442,0.401,Ordbeta,T0-T3,DIST,1,CEREEP - Ecotron IDF,percapita_repro,-0.035481261863889633,Per capita reproduction,H1,NA,NA,NA,NA,NA,NA,NA,NA,NA,NAT
Cerastium_fontanum,Cerastium_fontanum_Hazelrigg,-2.489,0.519,Ordbeta,T0-T3,DIST,1,Hazelrigg,FirstStepAtt,-0.4194435179044893,First step attenuation,H3,T0,-0.6402648309378959,-0.724111880529462,-0.4803806237481249,0,0.7976550265134934,1.1840099047955983,-1.1236658654167908,-0.39516978423442106,NAT
Cerastium_fontanum,Cerastium_fontanum_Hazelrigg,-2.489,0.519,Ordbeta,T0-T3,DIST,1,Hazelrigg,Lambda,NA,Population growth rate,H4,T0,-0.6402648309378959,-0.724111880529462,-0.4803806237481249,0,0.7976550265134934,1.1840099047955983,-1.1236658654167908,-0.39516978423442106,NAT
Cerastium_fontanum,Cerastium_fontanum_Hazelrigg,-2.489,0.519,Ordbeta,T0-T3,DIST,1,Hazelrigg,R0,-0.3241646709458852,Net reproductive rate,H1,T0,-0.6402648309378959,-0.724111880529462,-0.4803806237481249,0,0.7976550265134934,1.1840099047955983,-1.1236658654167908,-0.39516978423442106,NAT
Cerastium_fontanum,Cerastium_fontanum_Hazelrigg,-2.489,0.519,Ordbeta,T0-T3,DIST,1,Hazelrigg,Reactivity,-0.213842137951694,Reactivity,H3,T0,-0.6402648309378959,-0.724111880529462,-0.4803806237481249,0,0.7976550265134934,1.1840099047955983,-1.1236658654167908,-0.39516978423442106,NAT
Cerastium_fontanum,Cerastium_fontanum_Hazelrigg,-2.489,0.519,Ordbeta,T0-T3,DIST,1,Hazelrigg,T_generation,-0.5393752677139546,Generation time,H2,T0,-0.6402648309378959,-0.724111880529462,-0.4803806237481249,0,0.7976550265134934,1.1840099047955983,-1.1236658654167908,-0.39516978423442106,NAT
Cerastium_fontanum,Cerastium_fontanum_Hazelrigg,-2.489,0.519,Ordbeta,T0-T3,DIST,1,Hazelrigg,age_repro,-0.4599325332484837,Age at first reproduction,H2,T0,-0.6402648309378959,-0.724111880529462,-0.4803806237481249,0,0.7976550265134934,1.1840099047955983,-1.1236658654167908,-0.39516978423442106,NAT
Cerastium_fontanum,Cerastium_fontanum_Hazelrigg,-2.489,0.519,Ordbeta,T0-T3,DIST,1,Hazelrigg,percapita_repro,-0.035481261863889633,Per capita reproduction,H1,T0,-0.6402648309378959,-0.724111880529462,-0.4803806237481249,0,0.7976550265134934,1.1840099047955983,-1.1236658654167908,-0.39516978423442106,NAT
Cerastium_fontanum,Cerastium_fontanum_Jena,-1.732,0.326,Ordbeta,T0-T3,DIST,1,Jena,FirstStepAtt,-0.4194435179044893,First step attenuation,H3,T0,0.764043952832024,-0.3862370720152753,0.02721357540323855,0,1.6161310595160223,1.0042933264685494,0.3263285755482111,2.0986936183123164,NAT
Cerastium_fontanum,Cerastium_fontanum_Jena,-1.732,0.326,Ordbeta,T0-T3,DIST,1,Jena,Lambda,NA,Population growth rate,H4,T0,0.764043952832024,-0.3862370720152753,0.02721357540323855,0,1.6161310595160223,1.0042933264685494,0.3263285755482111,2.0986936183123164,NAT
Cerastium_fontanum,Cerastium_fontanum_Jena,-1.732,0.326,Ordbeta,T0-T3,DIST,1,Jena,R0,-0.3241646709458852,Net reproductive rate,H1,T0,0.764043952832024,-0.3862370720152753,0.02721357540323855,0,1.6161310595160223,1.0042933264685494,0.3263285755482111,2.0986936183123164,NAT
Cerastium_fontanum,Cerastium_fontanum_Jena,-1.732,0.326,Ordbeta,T0-T3,DIST,1,Jena,Reactivity,-0.213842137951694,Reactivity,H3,T0,0.764043952832024,-0.3862370720152753,0.02721357540323855,0,1.6161310595160223,1.0042933264685494,0.3263285755482111,2.0986936183123164,NAT
Cerastium_fontanum,Cerastium_fontanum_Jena,-1.732,0.326,Ordbeta,T0-T3,DIST,1,Jena,T_generation,-0.5393752677139546,Generation time,H2,T0,0.764043952832024,-0.3862370720152753,0.02721357540323855,0,1.6161310595160223,1.0042933264685494,0.3263285755482111,2.0986936183123164,NAT
Cerastium_fontanum,Cerastium_fontanum_Jena,-1.732,0.326,Ordbeta,T0-T3,DIST,1,Jena,age_repro,-0.4599325332484837,Age at first reproduction,H2,T0,0.764043952832024,-0.3862370720152753,0.02721357540323855,0,1.6161310595160223,1.0042933264685494,0.3263285755482111,2.0986936183123164,NAT
Cerastium_fontanum,Cerastium_fontanum_Jena,-1.732,0.326,Ordbeta,T0-T3,DIST,1,Jena,percapita_repro,-0.035481261863889633,Per capita reproduction,H1,T0,0.764043952832024,-0.3862370720152753,0.02721357540323855,0,1.6161310595160223,1.0042933264685494,0.3263285755482111,2.0986936183123164,NAT
Cerastium_fontanum,Cerastium_fontanum_Kellogg Biological Station (KBS),-2.729,0.466,Ordbeta,T0-T3,DIST,1,Kellogg Biological Station (KBS),FirstStepAtt,-0.4194435179044893,First step attenuation,H3,T0,0.6080096435242552,-0.3823161357234788,-0.16217943353098632,0,-0.6951717449115951,-0.3815561424686202,-0.7649907190758011,2.026063801802161,INT
Cerastium_fontanum,Cerastium_fontanum_Kellogg Biological Station (KBS),-2.729,0.466,Ordbeta,T0-T3,DIST,1,Kellogg Biological Station (KBS),Lambda,NA,Population growth rate,H4,T0,0.6080096435242552,-0.3823161357234788,-0.16217943353098632,0,-0.6951717449115951,-0.3815561424686202,-0.7649907190758011,2.026063801802161,INT
Cerastium_fontanum,Cerastium_fontanum_Kellogg Biological Station (KBS),-2.729,0.466,Ordbeta,T0-T3,DIST,1,Kellogg Biological Station (KBS),R0,-0.3241646709458852,Net reproductive rate,H1,T0,0.6080096435242552,-0.3823161357234788,-0.16217943353098632,0,-0.6951717449115951,-0.3815561424686202,-0.7649907190758011,2.026063801802161,INT
Cerastium_fontanum,Cerastium_fontanum_Kellogg Biological Station (KBS),-2.729,0.466,Ordbeta,T0-T3,DIST,1,Kellogg Biological Station (KBS),Reactivity,-0.213842137951694,Reactivity,H3,T0,0.6080096435242552,-0.3823161357234788,-0.16217943353098632,0,-0.6951717449115951,-0.3815561424686202,-0.7649907190758011,2.026063801802161,INT
Cerastium_fontanum,Cerastium_fontanum_Kellogg Biological Station (KBS),-2.729,0.466,Ordbeta,T0-T3,DIST,1,Kellogg Biological Station (KBS),T_generation,-0.5393752677139546,Generation time,H2,T0,0.6080096435242552,-0.3823161357234788,-0.16217943353098632,0,-0.6951717449115951,-0.3815561424686202,-0.7649907190758011,2.026063801802161,INT
Cerastium_fontanum,Cerastium_fontanum_Kellogg Biological Station (KBS),-2.729,0.466,Ordbeta,T0-T3,DIST,1,Kellogg Biological Station (KBS),age_repro,-0.4599325332484837,Age at first reproduction,H2,T0,0.6080096435242552,-0.3823161357234788,-0.16217943353098632,0,-0.6951717449115951,-0.3815561424686202,-0.7649907190758011,2.026063801802161,INT
Cerastium_fontanum,Cerastium_fontanum_Kellogg Biological Station (KBS),-2.729,0.466,Ordbeta,T0-T3,DIST,1,Kellogg Biological Station (KBS),percapita_repro,-0.035481261863889633,Per capita reproduction,H1,T0,0.6080096435242552,-0.3823161357234788,-0.16217943353098632,0,-0.6951717449115951,-0.3815561424686202,-0.7649907190758011,2.026063801802161,INT
Cerastium_fontanum,Cerastium_fontanum_Lublin,-2.489,0.519,Ordbeta,T0-T3,DIST,1,Lublin,FirstStepAtt,-0.4194435179044893,First step attenuation,H3,T0,0.9200782621397927,0.9604863427438979,1.1194775334878724,0,-0.4348762416097607,-0.6652760678718184,0.5867498761097362,0.2778387604157047,NAT
Cerastium_fontanum,Cerastium_fontanum_Lublin,-2.489,0.519,Ordbeta,T0-T3,DIST,1,Lublin,Lambda,NA,Population growth rate,H4,T0,0.9200782621397927,0.9604863427438979,1.1194775334878724,0,-0.4348762416097607,-0.6652760678718184,0.5867498761097362,0.2778387604157047,NAT
Cerastium_fontanum,Cerastium_fontanum_Lublin,-2.489,0.519,Ordbeta,T0-T3,DIST,1,Lublin,R0,-0.3241646709458852,Net reproductive rate,H1,T0,0.9200782621397927,0.9604863427438979,1.1194775334878724,0,-0.4348762416097607,-0.6652760678718184,0.5867498761097362,0.2778387604157047,NAT
Cerastium_fontanum,Cerastium_fontanum_Lublin,-2.489,0.519,Ordbeta,T0-T3,DIST,1,Lublin,Reactivity,-0.213842137951694,Reactivity,H3,T0,0.9200782621397927,0.9604863427438979,1.1194775334878724,0,-0.4348762416097607,-0.6652760678718184,0.5867498761097362,0.2778387604157047,NAT
Cerastium_fontanum,Cerastium_fontanum_Lublin,-2.489,0.519,Ordbeta,T0-T3,DIST,1,Lublin,T_generation,-0.5393752677139546,Generation time,H2,T0,0.9200782621397927,0.9604863427438979,1.1194775334878724,0,-0.4348762416097607,-0.6652760678718184,0.5867498761097362,0.2778387604157047,NAT
Cerastium_fontanum,Cerastium_fontanum_Lublin,-2.489,0.519,Ordbeta,T0-T3,DIST,1,Lublin,age_repro,-0.4599325332484837,Age at first reproduction,H2,T0,0.9200782621397927,0.9604863427438979,1.1194775334878724,0,-0.4348762416097607,-0.6652760678718184,0.5867498761097362,0.2778387604157047,NAT
Cerastium_fontanum,Cerastium_fontanum_Lublin,-2.489,0.519,Ordbeta,T0-T3,DIST,1,Lublin,percapita_repro,-0.035481261863889633,Per capita reproduction,H1,T0,0.9200782621397927,0.9604863427438979,1.1194775334878724,0,-0.4348762416097607,-0.6652760678718184,0.5867498761097362,0.2778387604157047,NAT
Cerastium_fontanum,Cerastium_fontanum_Stoderzinken,-2.535,0.395,Ordbeta,T0-T3,DIST,1,Stoderzinken,FirstStepAtt,-0.4194435179044893,First step attenuation,H3,T0,-0.7572905629187225,0.7252842431098,0.4744156233804123,0,-0.41320185179705465,-1.0776404116342828,2.026441533526428,-0.9641796158315374,NAT
Cerastium_fontanum,Cerastium_fontanum_Stoderzinken,-2.535,0.395,Ordbeta,T0-T3,DIST,1,Stoderzinken,Lambda,NA,Population growth rate,H4,T0,-0.7572905629187225,0.7252842431098,0.4744156233804123,0,-0.41320185179705465,-1.0776404116342828,2.026441533526428,-0.9641796158315374,NAT
Cerastium_fontanum,Cerastium_fontanum_Stoderzinken,-2.535,0.395,Ordbeta,T0-T3,DIST,1,Stoderzinken,R0,-0.3241646709458852,Net reproductive rate,H1,T0,-0.7572905629187225,0.7252842431098,0.4744156233804123,0,-0.41320185179705465,-1.0776404116342828,2.026441533526428,-0.9641796158315374,NAT
Cerastium_fontanum,Cerastium_fontanum_Stoderzinken,-2.535,0.395,Ordbeta,T0-T3,DIST,1,Stoderzinken,Reactivity,-0.213842137951694,Reactivity,H3,T0,-0.7572905629187225,0.7252842431098,0.4744156233804123,0,-0.41320185179705465,-1.0776404116342828,2.026441533526428,-0.9641796158315374,NAT
Cerastium_fontanum,Cerastium_fontanum_Stoderzinken,-2.535,0.395,Ordbeta,T0-T3,DIST,1,Stoderzinken,T_generation,-0.5393752677139546,Generation time,H2,T0,-0.7572905629187225,0.7252842431098,0.4744156233804123,0,-0.41320185179705465,-1.0776404116342828,2.026441533526428,-0.9641796158315374,NAT
Cerastium_fontanum,Cerastium_fontanum_Stoderzinken,-2.535,0.395,Ordbeta,T0-T3,DIST,1,Stoderzinken,age_repro,-0.4599325332484837,Age at first reproduction,H2,T0,-0.7572905629187225,0.7252842431098,0.4744156233804123,0,-0.41320185179705465,-1.0776404116342828,2.026441533526428,-0.9641796158315374,NAT
Cerastium_fontanum,Cerastium_fontanum_Stoderzinken,-2.535,0.395,Ordbeta,T0-T3,DIST,1,Stoderzinken,percapita_repro,-0.035481261863889633,Per capita reproduction,H1,T0,-0.7572905629187225,0.7252842431098,0.4744156233804123,0,-0.41320185179705465,-1.0776404116342828,2.026441533526428,-0.9641796158315374,NAT
Cerastium_fontanum,Cerastium_fontanum_Wytham Woods,-2.595,0.238,Ordbeta,T0-T3,DIST,1,Wytham Woods,FirstStepAtt,-0.4194435179044893,First step attenuation,H3,T0,1.1385262951706692,0.9703437817001139,1.0760089899315513,0,-0.48678535534291734,-0.5976146616129729,0.41522666757088206,-0.12047087426531668,NAT
Cerastium_fontanum,Cerastium_fontanum_Wytham Woods,-2.595,0.238,Ordbeta,T0-T3,DIST,1,Wytham Woods,Lambda,NA,Population growth rate,H4,T0,1.1385262951706692,0.9703437817001139,1.0760089899315513,0,-0.48678535534291734,-0.5976146616129729,0.41522666757088206,-0.12047087426531668,NAT
Cerastium_fontanum,Cerastium_fontanum_Wytham Woods,-2.595,0.238,Ordbeta,T0-T3,DIST,1,Wytham Woods,R0,-0.3241646709458852,Net reproductive rate,H1,T0,1.1385262951706692,0.9703437817001139,1.0760089899315513,0,-0.48678535534291734,-0.5976146616129729,0.41522666757088206,-0.12047087426531668,NAT
Cerastium_fontanum,Cerastium_fontanum_Wytham Woods,-2.595,0.238,Ordbeta,T0-T3,DIST,1,Wytham Woods,Reactivity,-0.213842137951694,Reactivity,H3,T0,1.1385262951706692,0.9703437817001139,1.0760089899315513,0,-0.48678535534291734,-0.5976146616129729,0.41522666757088206,-0.12047087426531668,NAT
Cerastium_fontanum,Cerastium_fontanum_Wytham Woods,-2.595,0.238,Ordbeta,T0-T3,DIST,1,Wytham Woods,T_generation,-0.5393752677139546,Generation time,H2,T0,1.1385262951706692,0.9703437817001139,1.0760089899315513,0,-0.48678535534291734,-0.5976146616129729,0.41522666757088206,-0.12047087426531668,NAT
Cerastium_fontanum,Cerastium_fontanum_Wytham Woods,-2.595,0.238,Ordbeta,T0-T3,DIST,1,Wytham Woods,age_repro,-0.4599325332484837,Age at first reproduction,H2,T0,1.1385262951706692,0.9703437817001139,1.0760089899315513,0,-0.48678535534291734,-0.5976146616129729,0.41522666757088206,-0.12047087426531668,NAT
Cerastium_fontanum,Cerastium_fontanum_Wytham Woods,-2.595,0.238,Ordbeta,T0-T3,DIST,1,Wytham Woods,percapita_repro,-0.035481261863889633,Per capita reproduction,H1,T0,1.1385262951706692,0.9703437817001139,1.0760089899315513,0,-0.48678535534291734,-0.5976146616129729,0.41522666757088206,-0.12047087426531668,NAT
Cirsium_arvense,Cirsium_arvense_Bad Lauchstaedt,-2.2,0.267,Ordbeta,T0-T3,DIST,1,Bad Lauchstaedt,FirstStepAtt,-0.5661644165478282,First step attenuation,H3,T0,0.45197533421648606,-0.3753988185590567,-0.11439210590952666,0,0.5690221852496098,0.7959142485449064,-0.7991349509738322,0.3856906316365244,NAT
Cirsium_arvense,Cirsium_arvense_Bad Lauchstaedt,-2.2,0.267,Ordbeta,T0-T3,DIST,1,Bad Lauchstaedt,Lambda,NA,Population growth rate,H4,T0,0.45197533421648606,-0.3753988185590567,-0.11439210590952666,0,0.5690221852496098,0.7959142485449064,-0.7991349509738322,0.3856906316365244,NAT
Cirsium_arvense,Cirsium_arvense_Bad Lauchstaedt,-2.2,0.267,Ordbeta,T0-T3,DIST,1,Bad Lauchstaedt,R0,0.46428223546713826,Net reproductive rate,H1,T0,0.45197533421648606,-0.3753988185590567,-0.11439210590952666,0,0.5690221852496098,0.7959142485449064,-0.7991349509738322,0.3856906316365244,NAT
Cirsium_arvense,Cirsium_arvense_Bad Lauchstaedt,-2.2,0.267,Ordbeta,T0-T3,DIST,1,Bad Lauchstaedt,Reactivity,-0.0374728429733412,Reactivity,H3,T0,0.45197533421648606,-0.3753988185590567,-0.11439210590952666,0,0.5690221852496098,0.7959142485449064,-0.7991349509738322,0.3856906316365244,NAT
Cirsium_arvense,Cirsium_arvense_Bad Lauchstaedt,-2.2,0.267,Ordbeta,T0-T3,DIST,1,Bad Lauchstaedt,T_generation,-0.38729798631174567,Generation time,H2,T0,0.45197533421648606,-0.3753988185590567,-0.11439210590952666,0,0.5690221852496098,0.7959142485449064,-0.7991349509738322,0.3856906316365244,NAT
Cirsium_arvense,Cirsium_arvense_Bad Lauchstaedt,-2.2,0.267,Ordbeta,T0-T3,DIST,1,Bad Lauchstaedt,age_repro,-0.09110886727966182,Age at first reproduction,H2,T0,0.45197533421648606,-0.3753988185590567,-0.11439210590952666,0,0.5690221852496098,0.7959142485449064,-0.7991349509738322,0.3856906316365244,NAT
Cirsium_arvense,Cirsium_arvense_Bad Lauchstaedt,-2.2,0.267,Ordbeta,T0-T3,DIST,1,Bad Lauchstaedt,percapita_repro,0.6069773528689887,Per capita reproduction,H1,T0,0.45197533421648606,-0.3753988185590567,-0.11439210590952666,0,0.5690221852496098,0.7959142485449064,-0.7991349509738322,0.3856906316365244,NAT
Cirsium_arvense,Cirsium_arvense_Blandy Experimental Farm,-1.221,0.378,Ordbeta,T0-T3,DIST,1,Blandy Experimental Farm,FirstStepAtt,-0.5661644165478282,First step attenuation,H3,T0,-0.9211265876918799,-0.9121998324506817,-1.444734176104233,0,0.7318735048799031,1.120081927705361,-1.1236658654167908,-0.23930332157524994,INT
Cirsium_arvense,Cirsium_arvense_Blandy Experimental Farm,-1.221,0.378,Ordbeta,T0-T3,DIST,1,Blandy Experimental Farm,Lambda,NA,Population growth rate,H4,T0,-0.9211265876918799,-0.9121998324506817,-1.444734176104233,0,0.7318735048799031,1.120081927705361,-1.1236658654167908,-0.23930332157524994,INT
Cirsium_arvense,Cirsium_arvense_Blandy Experimental Farm,-1.221,0.378,Ordbeta,T0-T3,DIST,1,Blandy Experimental Farm,R0,0.46428223546713826,Net reproductive rate,H1,T0,-0.9211265876918799,-0.9121998324506817,-1.444734176104233,0,0.7318735048799031,1.120081927705361,-1.1236658654167908,-0.23930332157524994,INT
Cirsium_arvense,Cirsium_arvense_Blandy Experimental Farm,-1.221,0.378,Ordbeta,T0-T3,DIST,1,Blandy Experimental Farm,Reactivity,-0.0374728429733412,Reactivity,H3,T0,-0.9211265876918799,-0.9121998324506817,-1.444734176104233,0,0.7318735048799031,1.120081927705361,-1.1236658654167908,-0.23930332157524994,INT
Cirsium_arvense,Cirsium_arvense_Blandy Experimental Farm,-1.221,0.378,Ordbeta,T0-T3,DIST,1,Blandy Experimental Farm,T_generation,-0.38729798631174567,Generation time,H2,T0,-0.9211265876918799,-0.9121998324506817,-1.444734176104233,0,0.7318735048799031,1.120081927705361,-1.1236658654167908,-0.23930332157524994,INT
Cirsium_arvense,Cirsium_arvense_Blandy Experimental Farm,-1.221,0.378,Ordbeta,T0-T3,DIST,1,Blandy Experimental Farm,age_repro,-0.09110886727966182,Age at first reproduction,H2,T0,-0.9211265876918799,-0.9121998324506817,-1.444734176104233,0,0.7318735048799031,1.120081927705361,-1.1236658654167908,-0.23930332157524994,INT
Cirsium_arvense,Cirsium_arvense_Blandy Experimental Farm,-1.221,0.378,Ordbeta,T0-T3,DIST,1,Blandy Experimental Farm,percapita_repro,0.6069773528689887,Per capita reproduction,H1,T0,-0.9211265876918799,-0.9121998324506817,-1.444734176104233,0,0.7318735048799031,1.120081927705361,-1.1236658654167908,-0.23930332157524994,INT
Cirsium_arvense,Cirsium_arvense_Hazelrigg,-2.351,0.368,Ordbeta,T0-T3,DIST,1,Hazelrigg,FirstStepAtt,-0.5661644165478282,First step attenuation,H3,T0,-0.6402648309378959,-0.724111880529462,-0.4803806237481249,0,0.7976550265134934,1.1840099047955983,-1.1236658654167908,-0.39516978423442106,NAT
Cirsium_arvense,Cirsium_arvense_Hazelrigg,-2.351,0.368,Ordbeta,T0-T3,DIST,1,Hazelrigg,Lambda,NA,Population growth rate,H4,T0,-0.6402648309378959,-0.724111880529462,-0.4803806237481249,0,0.7976550265134934,1.1840099047955983,-1.1236658654167908,-0.39516978423442106,NAT
Cirsium_arvense,Cirsium_arvense_Hazelrigg,-2.351,0.368,Ordbeta,T0-T3,DIST,1,Hazelrigg,R0,0.46428223546713826,Net reproductive rate,H1,T0,-0.6402648309378959,-0.724111880529462,-0.4803806237481249,0,0.7976550265134934,1.1840099047955983,-1.1236658654167908,-0.39516978423442106,NAT
Cirsium_arvense,Cirsium_arvense_Hazelrigg,-2.351,0.368,Ordbeta,T0-T3,DIST,1,Hazelrigg,Reactivity,-0.0374728429733412,Reactivity,H3,T0,-0.6402648309378959,-0.724111880529462,-0.4803806237481249,0,0.7976550265134934,1.1840099047955983,-1.1236658654167908,-0.39516978423442106,NAT
Cirsium_arvense,Cirsium_arvense_Hazelrigg,-2.351,0.368,Ordbeta,T0-T3,DIST,1,Hazelrigg,T_generation,-0.38729798631174567,Generation time,H2,T0,-0.6402648309378959,-0.724111880529462,-0.4803806237481249,0,0.7976550265134934,1.1840099047955983,-1.1236658654167908,-0.39516978423442106,NAT
Cirsium_arvense,Cirsium_arvense_Hazelrigg,-2.351,0.368,Ordbeta,T0-T3,DIST,1,Hazelrigg,age_repro,-0.09110886727966182,Age at first reproduction,H2,T0,-0.6402648309378959,-0.724111880529462,-0.4803806237481249,0,0.7976550265134934,1.1840099047955983,-1.1236658654167908,-0.39516978423442106,NAT
Cirsium_arvense,Cirsium_arvense_Hazelrigg,-2.351,0.368,Ordbeta,T0-T3,DIST,1,Hazelrigg,percapita_repro,0.6069773528689887,Per capita reproduction,H1,T0,-0.6402648309378959,-0.724111880529462,-0.4803806237481249,0,0.7976550265134934,1.1840099047955983,-1.1236658654167908,-0.39516978423442106,NAT
Cirsium_arvense,Cirsium_arvense_Jena,-2.054,0.574,Ordbeta,T0-T3,DIST,1,Jena,FirstStepAtt,-0.5661644165478282,First step attenuation,H3,T0,0.764043952832024,-0.3862370720152753,0.02721357540323855,0,1.6161310595160223,1.0042933264685494,0.3263285755482111,2.0986936183123164,NAT
Cirsium_arvense,Cirsium_arvense_Jena,-2.054,0.574,Ordbeta,T0-T3,DIST,1,Jena,Lambda,NA,Population growth rate,H4,T0,0.764043952832024,-0.3862370720152753,0.02721357540323855,0,1.6161310595160223,1.0042933264685494,0.3263285755482111,2.0986936183123164,NAT
Cirsium_arvense,Cirsium_arvense_Jena,-2.054,0.574,Ordbeta,T0-T3,DIST,1,Jena,R0,0.46428223546713826,Net reproductive rate,H1,T0,0.764043952832024,-0.3862370720152753,0.02721357540323855,0,1.6161310595160223,1.0042933264685494,0.3263285755482111,2.0986936183123164,NAT
Cirsium_arvense,Cirsium_arvense_Jena,-2.054,0.574,Ordbeta,T0-T3,DIST,1,Jena,Reactivity,-0.0374728429733412,Reactivity,H3,T0,0.764043952832024,-0.3862370720152753,0.02721357540323855,0,1.6161310595160223,1.0042933264685494,0.3263285755482111,2.0986936183123164,NAT
Cirsium_arvense,Cirsium_arvense_Jena,-2.054,0.574,Ordbeta,T0-T3,DIST,1,Jena,T_generation,-0.38729798631174567,Generation time,H2,T0,0.764043952832024,-0.3862370720152753,0.02721357540323855,0,1.6161310595160223,1.0042933264685494,0.3263285755482111,2.0986936183123164,NAT
Cirsium_arvense,Cirsium_arvense_Jena,-2.054,0.574,Ordbeta,T0-T3,DIST,1,Jena,age_repro,-0.09110886727966182,Age at first reproduction,H2,T0,0.764043952832024,-0.3862370720152753,0.02721357540323855,0,1.6161310595160223,1.0042933264685494,0.3263285755482111,2.0986936183123164,NAT
Cirsium_arvense,Cirsium_arvense_Jena,-2.054,0.574,Ordbeta,T0-T3,DIST,1,Jena,percapita_repro,0.6069773528689887,Per capita reproduction,H1,T0,0.764043952832024,-0.3862370720152753,0.02721357540323855,0,1.6161310595160223,1.0042933264685494,0.3263285755482111,2.0986936183123164,NAT
Cirsium_arvense,Cirsium_arvense_Lublin,-2.027,0.419,Ordbeta,T0-T3,DIST,1,Lublin,FirstStepAtt,-0.5661644165478282,First step attenuation,H3,T0,0.9200782621397927,0.9604863427438979,1.1194775334878724,0,-0.4348762416097607,-0.6652760678718184,0.5867498761097362,0.2778387604157047,NAT
Cirsium_arvense,Cirsium_arvense_Lublin,-2.027,0.419,Ordbeta,T0-T3,DIST,1,Lublin,Lambda,NA,Population growth rate,H4,T0,0.9200782621397927,0.9604863427438979,1.1194775334878724,0,-0.4348762416097607,-0.6652760678718184,0.5867498761097362,0.2778387604157047,NAT
Cirsium_arvense,Cirsium_arvense_Lublin,-2.027,0.419,Ordbeta,T0-T3,DIST,1,Lublin,R0,0.46428223546713826,Net reproductive rate,H1,T0,0.9200782621397927,0.9604863427438979,1.1194775334878724,0,-0.4348762416097607,-0.6652760678718184,0.5867498761097362,0.2778387604157047,NAT
Cirsium_arvense,Cirsium_arvense_Lublin,-2.027,0.419,Ordbeta,T0-T3,DIST,1,Lublin,Reactivity,-0.0374728429733412,Reactivity,H3,T0,0.9200782621397927,0.9604863427438979,1.1194775334878724,0,-0.4348762416097607,-0.6652760678718184,0.5867498761097362,0.2778387604157047,NAT
Cirsium_arvense,Cirsium_arvense_Lublin,-2.027,0.419,Ordbeta,T0-T3,DIST,1,Lublin,T_generation,-0.38729798631174567,Generation time,H2,T0,0.9200782621397927,0.9604863427438979,1.1194775334878724,0,-0.4348762416097607,-0.6652760678718184,0.5867498761097362,0.2778387604157047,NAT
Cirsium_arvense,Cirsium_arvense_Lublin,-2.027,0.419,Ordbeta,T0-T3,DIST,1,Lublin,age_repro,-0.09110886727966182,Age at first reproduction,H2,T0,0.9200782621397927,0.9604863427438979,1.1194775334878724,0,-0.4348762416097607,-0.6652760678718184,0.5867498761097362,0.2778387604157047,NAT
Cirsium_arvense,Cirsium_arvense_Lublin,-2.027,0.419,Ordbeta,T0-T3,DIST,1,Lublin,percapita_repro,0.6069773528689887,Per capita reproduction,H1,T0,0.9200782621397927,0.9604863427438979,1.1194775334878724,0,-0.4348762416097607,-0.6652760678718184,0.5867498761097362,0.2778387604157047,NAT
Cirsium_arvense,Cirsium_arvense_Oak Lake Field Station,-2.443,0.339,Ordbeta,T0-T3,DIST,1,Oak Lake Field Station,FirstStepAtt,-0.5661644165478282,First step attenuation,H3,T0,-1.4828501011998478,0.07910218638638122,-1.444734176104233,0,NA,NA,NA,-1.1408838408782984,NA
Cirsium_arvense,Cirsium_arvense_Oak Lake Field Station,-2.443,0.339,Ordbeta,T0-T3,DIST,1,Oak Lake Field Station,Lambda,NA,Population growth rate,H4,T0,-1.4828501011998478,0.07910218638638122,-1.444734176104233,0,NA,NA,NA,-1.1408838408782984,NA
Cirsium_arvense,Cirsium_arvense_Oak Lake Field Station,-2.443,0.339,Ordbeta,T0-T3,DIST,1,Oak Lake Field Station,R0,0.46428223546713826,Net reproductive rate,H1,T0,-1.4828501011998478,0.07910218638638122,-1.444734176104233,0,NA,NA,NA,-1.1408838408782984,NA
Cirsium_arvense,Cirsium_arvense_Oak Lake Field Station,-2.443,0.339,Ordbeta,T0-T3,DIST,1,Oak Lake Field Station,Reactivity,-0.0374728429733412,Reactivity,H3,T0,-1.4828501011998478,0.07910218638638122,-1.444734176104233,0,NA,NA,NA,-1.1408838408782984,NA
Cirsium_arvense,Cirsium_arvense_Oak Lake Field Station,-2.443,0.339,Ordbeta,T0-T3,DIST,1,Oak Lake Field Station,T_generation,-0.38729798631174567,Generation time,H2,T0,-1.4828501011998478,0.07910218638638122,-1.444734176104233,0,NA,NA,NA,-1.1408838408782984,NA
Cirsium_arvense,Cirsium_arvense_Oak Lake Field Station,-2.443,0.339,Ordbeta,T0-T3,DIST,1,Oak Lake Field Station,age_repro,-0.09110886727966182,Age at first reproduction,H2,T0,-1.4828501011998478,0.07910218638638122,-1.444734176104233,0,NA,NA,NA,-1.1408838408782984,NA
Cirsium_arvense,Cirsium_arvense_Oak Lake Field Station,-2.443,0.339,Ordbeta,T0-T3,DIST,1,Oak Lake Field Station,percapita_repro,0.6069773528689887,Per capita reproduction,H1,T0,-1.4828501011998478,0.07910218638638122,-1.444734176104233,0,NA,NA,NA,-1.1408838408782984,NA
Cirsium_palustre,Cirsium_palustre_Ainsdale Dune Slacks,-2.731,0.427,Ordbeta,T0-T3,DIST,1,Ainsdale Dune Slacks,FirstStepAtt,-0.38315989718702775,First step attenuation,H3,T0,-0.1721619030145893,-1.7098881757336308,-1.2709888832780574,0,NA,NA,NA,-1.1139892355567158,NAT
Cirsium_palustre,Cirsium_palustre_Ainsdale Dune Slacks,-2.731,0.427,Ordbeta,T0-T3,DIST,1,Ainsdale Dune Slacks,Lambda,0.9758905072704734,Population growth rate,H4,T0,-0.1721619030145893,-1.7098881757336308,-1.2709888832780574,0,NA,NA,NA,-1.1139892355567158,NAT
Cirsium_palustre,Cirsium_palustre_Ainsdale Dune Slacks,-2.731,0.427,Ordbeta,T0-T3,DIST,1,Ainsdale Dune Slacks,R0,-0.34660035078697876,Net reproductive rate,H1,T0,-0.1721619030145893,-1.7098881757336308,-1.2709888832780574,0,NA,NA,NA,-1.1139892355567158,NAT
Cirsium_palustre,Cirsium_palustre_Ainsdale Dune Slacks,-2.731,0.427,Ordbeta,T0-T3,DIST,1,Ainsdale Dune Slacks,Reactivity,0.3229788511182061,Reactivity,H3,T0,-0.1721619030145893,-1.7098881757336308,-1.2709888832780574,0,NA,NA,NA,-1.1139892355567158,NAT
Cirsium_palustre,Cirsium_palustre_Ainsdale Dune Slacks,-2.731,0.427,Ordbeta,T0-T3,DIST,1,Ainsdale Dune Slacks,T_generation,-0.22277765880005973,Generation time,H2,T0,-0.1721619030145893,-1.7098881757336308,-1.2709888832780574,0,NA,NA,NA,-1.1139892355567158,NAT
Cirsium_palustre,Cirsium_palustre_Ainsdale Dune Slacks,-2.731,0.427,Ordbeta,T0-T3,DIST,1,Ainsdale Dune Slacks,age_repro,0.6021448898741952,Age at first reproduction,H2,T0,-0.1721619030145893,-1.7098881757336308,-1.2709888832780574,0,NA,NA,NA,-1.1139892355567158,NAT
Cirsium_palustre,Cirsium_palustre_Ainsdale Dune Slacks,-2.731,0.427,Ordbeta,T0-T3,DIST,1,Ainsdale Dune Slacks,percapita_repro,0.21248864361771166,Per capita reproduction,H1,T0,-0.1721619030145893,-1.7098881757336308,-1.2709888832780574,0,NA,NA,NA,-1.1139892355567158,NAT
Cirsium_vulgare,Cirsium_vulgare_Bad Lauchstaedt,-2.682,0.527,Ordbeta,T0-T3,DIST,1,Bad Lauchstaedt,FirstStepAtt,-0.35384638658476225,First step attenuation,H3,T0,0.45197533421648606,-0.3753988185590567,-0.11439210590952666,0,0.5690221852496098,0.7959142485449064,-0.7991349509738322,0.3856906316365244,NAT
Cirsium_vulgare,Cirsium_vulgare_Bad Lauchstaedt,-2.682,0.527,Ordbeta,T0-T3,DIST,1,Bad Lauchstaedt,Lambda,-0.7746572526372094,Population growth rate,H4,T0,0.45197533421648606,-0.3753988185590567,-0.11439210590952666,0,0.5690221852496098,0.7959142485449064,-0.7991349509738322,0.3856906316365244,NAT
Cirsium_vulgare,Cirsium_vulgare_Bad Lauchstaedt,-2.682,0.527,Ordbeta,T0-T3,DIST,1,Bad Lauchstaedt,R0,-0.466924553931847,Net reproductive rate,H1,T0,0.45197533421648606,-0.3753988185590567,-0.11439210590952666,0,0.5690221852496098,0.7959142485449064,-0.7991349509738322,0.3856906316365244,NAT
Cirsium_vulgare,Cirsium_vulgare_Bad Lauchstaedt,-2.682,0.527,Ordbeta,T0-T3,DIST,1,Bad Lauchstaedt,Reactivity,-0.03430688990741041,Reactivity,H3,T0,0.45197533421648606,-0.3753988185590567,-0.11439210590952666,0,0.5690221852496098,0.7959142485449064,-0.7991349509738322,0.3856906316365244,NAT
Cirsium_vulgare,Cirsium_vulgare_Bad Lauchstaedt,-2.682,0.527,Ordbeta,T0-T3,DIST,1,Bad Lauchstaedt,T_generation,0.2693660798891492,Generation time,H2,T0,0.45197533421648606,-0.3753988185590567,-0.11439210590952666,0,0.5690221852496098,0.7959142485449064,-0.7991349509738322,0.3856906316365244,NAT
Cirsium_vulgare,Cirsium_vulgare_Bad Lauchstaedt,-2.682,0.527,Ordbeta,T0-T3,DIST,1,Bad Lauchstaedt,age_repro,-0.35814507791279726,Age at first reproduction,H2,T0,0.45197533421648606,-0.3753988185590567,-0.11439210590952666,0,0.5690221852496098,0.7959142485449064,-0.7991349509738322,0.3856906316365244,NAT
Cirsium_vulgare,Cirsium_vulgare_Bad Lauchstaedt,-2.682,0.527,Ordbeta,T0-T3,DIST,1,Bad Lauchstaedt,percapita_repro,-0.1688836881295521,Per capita reproduction,H1,T0,0.45197533421648606,-0.3753988185590567,-0.11439210590952666,0,0.5690221852496098,0.7959142485449064,-0.7991349509738322,0.3856906316365244,NAT
Cirsium_vulgare,Cirsium_vulgare_Bayreuth DRAGNet,-2.615,0.536,Ordbeta,T0-T3,DIST,1,Bayreuth DRAGNet,FirstStepAtt,-0.35384638658476225,First step attenuation,H3,T0,1.7002498086786373,1.1903000578533576,1.5813921901858357,0,0.7663265952564761,0.8046703576991449,-0.4657062309279624,0.012833603314585775,NAT
Cirsium_vulgare,Cirsium_vulgare_Bayreuth DRAGNet,-2.615,0.536,Ordbeta,T0-T3,DIST,1,Bayreuth DRAGNet,Lambda,-0.7746572526372094,Population growth rate,H4,T0,1.7002498086786373,1.1903000578533576,1.5813921901858357,0,0.7663265952564761,0.8046703576991449,-0.4657062309279624,0.012833603314585775,NAT
Cirsium_vulgare,Cirsium_vulgare_Bayreuth DRAGNet,-2.615,0.536,Ordbeta,T0-T3,DIST,1,Bayreuth DRAGNet,R0,-0.466924553931847,Net reproductive rate,H1,T0,1.7002498086786373,1.1903000578533576,1.5813921901858357,0,0.7663265952564761,0.8046703576991449,-0.4657062309279624,0.012833603314585775,NAT
Cirsium_vulgare,Cirsium_vulgare_Bayreuth DRAGNet,-2.615,0.536,Ordbeta,T0-T3,DIST,1,Bayreuth DRAGNet,Reactivity,-0.03430688990741041,Reactivity,H3,T0,1.7002498086786373,1.1903000578533576,1.5813921901858357,0,0.7663265952564761,0.8046703576991449,-0.4657062309279624,0.012833603314585775,NAT
Cirsium_vulgare,Cirsium_vulgare_Bayreuth DRAGNet,-2.615,0.536,Ordbeta,T0-T3,DIST,1,Bayreuth DRAGNet,T_generation,0.2693660798891492,Generation time,H2,T0,1.7002498086786373,1.1903000578533576,1.5813921901858357,0,0.7663265952564761,0.8046703576991449,-0.4657062309279624,0.012833603314585775,NAT
Cirsium_vulgare,Cirsium_vulgare_Bayreuth DRAGNet,-2.615,0.536,Ordbeta,T0-T3,DIST,1,Bayreuth DRAGNet,age_repro,-0.35814507791279726,Age at first reproduction,H2,T0,1.7002498086786373,1.1903000578533576,1.5813921901858357,0,0.7663265952564761,0.8046703576991449,-0.4657062309279624,0.012833603314585775,NAT
Cirsium_vulgare,Cirsium_vulgare_Bayreuth DRAGNet,-2.615,0.536,Ordbeta,T0-T3,DIST,1,Bayreuth DRAGNet,percapita_repro,-0.1688836881295521,Per capita reproduction,H1,T0,1.7002498086786373,1.1903000578533576,1.5813921901858357,0,0.7663265952564761,0.8046703576991449,-0.4657062309279624,0.012833603314585775,NAT
Cirsium_vulgare,Cirsium_vulgare_Cowichan,-2.416,0.403,Ordbeta,T0-T3,DIST,1,Cowichan,FirstStepAtt,-0.35384638658476225,First step attenuation,H3,NA,NA,NA,NA,NA,NA,NA,NA,NA,INT
Cirsium_vulgare,Cirsium_vulgare_Cowichan,-2.416,0.403,Ordbeta,T0-T3,DIST,1,Cowichan,Lambda,-0.7746572526372094,Population growth rate,H4,NA,NA,NA,NA,NA,NA,NA,NA,NA,INT
Cirsium_vulgare,Cirsium_vulgare_Cowichan,-2.416,0.403,Ordbeta,T0-T3,DIST,1,Cowichan,R0,-0.466924553931847,Net reproductive rate,H1,NA,NA,NA,NA,NA,NA,NA,NA,NA,INT
Cirsium_vulgare,Cirsium_vulgare_Cowichan,-2.416,0.403,Ordbeta,T0-T3,DIST,1,Cowichan,Reactivity,-0.03430688990741041,Reactivity,H3,NA,NA,NA,NA,NA,NA,NA,NA,NA,INT
Cirsium_vulgare,Cirsium_vulgare_Cowichan,-2.416,0.403,Ordbeta,T0-T3,DIST,1,Cowichan,T_generation,0.2693660798891492,Generation time,H2,NA,NA,NA,NA,NA,NA,NA,NA,NA,INT
Cirsium_vulgare,Cirsium_vulgare_Cowichan,-2.416,0.403,Ordbeta,T0-T3,DIST,1,Cowichan,age_repro,-0.35814507791279726,Age at first reproduction,H2,NA,NA,NA,NA,NA,NA,NA,NA,NA,INT
Cirsium_vulgare,Cirsium_vulgare_Cowichan,-2.416,0.403,Ordbeta,T0-T3,DIST,1,Cowichan,percapita_repro,-0.1688836881295521,Per capita reproduction,H1,NA,NA,NA,NA,NA,NA,NA,NA,NA,INT
Cirsium_vulgare,Cirsium_vulgare_Ukulinga,-2.422,0.57,Ordbeta,T0-T3,DIST,1,Ukulinga,FirstStepAtt,-0.35384638658476225,First step attenuation,H3,T0,-1.5764706867845093,-1.9035018512877446,-1.444734176104233,0,NA,NA,NA,0.22829606640226346,INT
Cirsium_vulgare,Cirsium_vulgare_Ukulinga,-2.422,0.57,Ordbeta,T0-T3,DIST,1,Ukulinga,Lambda,-0.7746572526372094,Population growth rate,H4,T0,-1.5764706867845093,-1.9035018512877446,-1.444734176104233,0,NA,NA,NA,0.22829606640226346,INT
Cirsium_vulgare,Cirsium_vulgare_Ukulinga,-2.422,0.57,Ordbeta,T0-T3,DIST,1,Ukulinga,R0,-0.466924553931847,Net reproductive rate,H1,T0,-1.5764706867845093,-1.9035018512877446,-1.444734176104233,0,NA,NA,NA,0.22829606640226346,INT
Cirsium_vulgare,Cirsium_vulgare_Ukulinga,-2.422,0.57,Ordbeta,T0-T3,DIST,1,Ukulinga,Reactivity,-0.03430688990741041,Reactivity,H3,T0,-1.5764706867845093,-1.9035018512877446,-1.444734176104233,0,NA,NA,NA,0.22829606640226346,INT
Cirsium_vulgare,Cirsium_vulgare_Ukulinga,-2.422,0.57,Ordbeta,T0-T3,DIST,1,Ukulinga,T_generation,0.2693660798891492,Generation time,H2,T0,-1.5764706867845093,-1.9035018512877446,-1.444734176104233,0,NA,NA,NA,0.22829606640226346,INT
Cirsium_vulgare,Cirsium_vulgare_Ukulinga,-2.422,0.57,Ordbeta,T0-T3,DIST,1,Ukulinga,age_repro,-0.35814507791279726,Age at first reproduction,H2,T0,-1.5764706867845093,-1.9035018512877446,-1.444734176104233,0,NA,NA,NA,0.22829606640226346,INT
Cirsium_vulgare,Cirsium_vulgare_Ukulinga,-2.422,0.57,Ordbeta,T0-T3,DIST,1,Ukulinga,percapita_repro,-0.1688836881295521,Per capita reproduction,H1,T0,-1.5764706867845093,-1.9035018512877446,-1.444734176104233,0,NA,NA,NA,0.22829606640226346,INT
Cytisus_scoparius,Cytisus_scoparius_CEREEP - Ecotron IDF,-2.343,0.537,Ordbeta,T0-T3,DIST,1,CEREEP - Ecotron IDF,FirstStepAtt,1.027400259940964,First step attenuation,H3,NA,NA,NA,NA,NA,NA,NA,NA,NA,NA
Cytisus_scoparius,Cytisus_scoparius_CEREEP - Ecotron IDF,-2.343,0.537,Ordbeta,T0-T3,DIST,1,CEREEP - Ecotron IDF,Lambda,0.36564568719047347,Population growth rate,H4,NA,NA,NA,NA,NA,NA,NA,NA,NA,NA
Cytisus_scoparius,Cytisus_scoparius_CEREEP - Ecotron IDF,-2.343,0.537,Ordbeta,T0-T3,DIST,1,CEREEP - Ecotron IDF,R0,5.806845809007546,Net reproductive rate,H1,NA,NA,NA,NA,NA,NA,NA,NA,NA,NA
Cytisus_scoparius,Cytisus_scoparius_CEREEP - Ecotron IDF,-2.343,0.537,Ordbeta,T0-T3,DIST,1,CEREEP - Ecotron IDF,Reactivity,8.170015256513631,Reactivity,H3,NA,NA,NA,NA,NA,NA,NA,NA,NA,NA
Cytisus_scoparius,Cytisus_scoparius_CEREEP - Ecotron IDF,-2.343,0.537,Ordbeta,T0-T3,DIST,1,CEREEP - Ecotron IDF,T_generation,1.3695112361113557,Generation time,H2,NA,NA,NA,NA,NA,NA,NA,NA,NA,NA
Cytisus_scoparius,Cytisus_scoparius_CEREEP - Ecotron IDF,-2.343,0.537,Ordbeta,T0-T3,DIST,1,CEREEP - Ecotron IDF,age_repro,1.1104873457764486,Age at first reproduction,H2,NA,NA,NA,NA,NA,NA,NA,NA,NA,NA
Cytisus_scoparius,Cytisus_scoparius_CEREEP - Ecotron IDF,-2.343,0.537,Ordbeta,T0-T3,DIST,1,CEREEP - Ecotron IDF,percapita_repro,2.072276094099898,Per capita reproduction,H1,NA,NA,NA,NA,NA,NA,NA,NA,NA,NA
Daucus_carota,Daucus_carota_Agroscope Changins,-2.514,0.295,Ordbeta,T0-T3,DIST,1,Agroscope Changins,FirstStepAtt,-0.6507464154260846,First step attenuation,H3,T0,1.1151211487745039,1.231861200363381,1.4334641159886803,0,-1.2881608799324629,-1.398708630217884,1.650051594077399,0.46165430853599404,NAT
Daucus_carota,Daucus_carota_Agroscope Changins,-2.514,0.295,Ordbeta,T0-T3,DIST,1,Agroscope Changins,Lambda,1.7025871267375168,Population growth rate,H4,T0,1.1151211487745039,1.231861200363381,1.4334641159886803,0,-1.2881608799324629,-1.398708630217884,1.650051594077399,0.46165430853599404,NAT
Daucus_carota,Daucus_carota_Agroscope Changins,-2.514,0.295,Ordbeta,T0-T3,DIST,1,Agroscope Changins,R0,-0.2630075444196188,Net reproductive rate,H1,T0,1.1151211487745039,1.231861200363381,1.4334641159886803,0,-1.2881608799324629,-1.398708630217884,1.650051594077399,0.46165430853599404,NAT
Daucus_carota,Daucus_carota_Agroscope Changins,-2.514,0.295,Ordbeta,T0-T3,DIST,1,Agroscope Changins,Reactivity,NA,Reactivity,H3,T0,1.1151211487745039,1.231861200363381,1.4334641159886803,0,-1.2881608799324629,-1.398708630217884,1.650051594077399,0.46165430853599404,NAT
Daucus_carota,Daucus_carota_Agroscope Changins,-2.514,0.295,Ordbeta,T0-T3,DIST,1,Agroscope Changins,T_generation,-0.23912905232741022,Generation time,H2,T0,1.1151211487745039,1.231861200363381,1.4334641159886803,0,-1.2881608799324629,-1.398708630217884,1.650051594077399,0.46165430853599404,NAT
Daucus_carota,Daucus_carota_Agroscope Changins,-2.514,0.295,Ordbeta,T0-T3,DIST,1,Agroscope Changins,age_repro,0.38146361142587004,Age at first reproduction,H2,T0,1.1151211487745039,1.231861200363381,1.4334641159886803,0,-1.2881608799324629,-1.398708630217884,1.650051594077399,0.46165430853599404,NAT
Daucus_carota,Daucus_carota_Agroscope Changins,-2.514,0.295,Ordbeta,T0-T3,DIST,1,Agroscope Changins,percapita_repro,NA,Per capita reproduction,H1,T0,1.1151211487745039,1.231861200363381,1.4334641159886803,0,-1.2881608799324629,-1.398708630217884,1.650051594077399,0.46165430853599404,NAT
Daucus_carota,Daucus_carota_Bad Lauchstaedt,-2.42,0.418,Ordbeta,T0-T3,DIST,1,Bad Lauchstaedt,FirstStepAtt,-0.6507464154260846,First step attenuation,H3,T0,0.45197533421648606,-0.3753988185590567,-0.11439210590952666,0,0.5690221852496098,0.7959142485449064,-0.7991349509738322,0.3856906316365244,NAT
Daucus_carota,Daucus_carota_Bad Lauchstaedt,-2.42,0.418,Ordbeta,T0-T3,DIST,1,Bad Lauchstaedt,Lambda,1.7025871267375168,Population growth rate,H4,T0,0.45197533421648606,-0.3753988185590567,-0.11439210590952666,0,0.5690221852496098,0.7959142485449064,-0.7991349509738322,0.3856906316365244,NAT
Daucus_carota,Daucus_carota_Bad Lauchstaedt,-2.42,0.418,Ordbeta,T0-T3,DIST,1,Bad Lauchstaedt,R0,-0.2630075444196188,Net reproductive rate,H1,T0,0.45197533421648606,-0.3753988185590567,-0.11439210590952666,0,0.5690221852496098,0.7959142485449064,-0.7991349509738322,0.3856906316365244,NAT
Daucus_carota,Daucus_carota_Bad Lauchstaedt,-2.42,0.418,Ordbeta,T0-T3,DIST,1,Bad Lauchstaedt,Reactivity,NA,Reactivity,H3,T0,0.45197533421648606,-0.3753988185590567,-0.11439210590952666,0,0.5690221852496098,0.7959142485449064,-0.7991349509738322,0.3856906316365244,NAT
Daucus_carota,Daucus_carota_Bad Lauchstaedt,-2.42,0.418,Ordbeta,T0-T3,DIST,1,Bad Lauchstaedt,T_generation,-0.23912905232741022,Generation time,H2,T0,0.45197533421648606,-0.3753988185590567,-0.11439210590952666,0,0.5690221852496098,0.7959142485449064,-0.7991349509738322,0.3856906316365244,NAT
Daucus_carota,Daucus_carota_Bad Lauchstaedt,-2.42,0.418,Ordbeta,T0-T3,DIST,1,Bad Lauchstaedt,age_repro,0.38146361142587004,Age at first reproduction,H2,T0,0.45197533421648606,-0.3753988185590567,-0.11439210590952666,0,0.5690221852496098,0.7959142485449064,-0.7991349509738322,0.3856906316365244,NAT
Daucus_carota,Daucus_carota_Bad Lauchstaedt,-2.42,0.418,Ordbeta,T0-T3,DIST,1,Bad Lauchstaedt,percapita_repro,NA,Per capita reproduction,H1,T0,0.45197533421648606,-0.3753988185590567,-0.11439210590952666,0,0.5690221852496098,0.7959142485449064,-0.7991349509738322,0.3856906316365244,NAT
Daucus_carota,Daucus_carota_CEREEP - Ecotron IDF,-1.715,0.333,Ordbeta,T0-T3,DIST,1,CEREEP - Ecotron IDF,FirstStepAtt,-0.6507464154260846,First step attenuation,H3,NA,NA,NA,NA,NA,NA,NA,NA,NA,NAT
Daucus_carota,Daucus_carota_CEREEP - Ecotron IDF,-1.715,0.333,Ordbeta,T0-T3,DIST,1,CEREEP - Ecotron IDF,Lambda,1.7025871267375168,Population growth rate,H4,NA,NA,NA,NA,NA,NA,NA,NA,NA,NAT
Daucus_carota,Daucus_carota_CEREEP - Ecotron IDF,-1.715,0.333,Ordbeta,T0-T3,DIST,1,CEREEP - Ecotron IDF,R0,-0.2630075444196188,Net reproductive rate,H1,NA,NA,NA,NA,NA,NA,NA,NA,NA,NAT
Daucus_carota,Daucus_carota_CEREEP - Ecotron IDF,-1.715,0.333,Ordbeta,T0-T3,DIST,1,CEREEP - Ecotron IDF,Reactivity,NA,Reactivity,H3,NA,NA,NA,NA,NA,NA,NA,NA,NA,NAT
Daucus_carota,Daucus_carota_CEREEP - Ecotron IDF,-1.715,0.333,Ordbeta,T0-T3,DIST,1,CEREEP - Ecotron IDF,T_generation,-0.23912905232741022,Generation time,H2,NA,NA,NA,NA,NA,NA,NA,NA,NA,NAT
Daucus_carota,Daucus_carota_CEREEP - Ecotron IDF,-1.715,0.333,Ordbeta,T0-T3,DIST,1,CEREEP - Ecotron IDF,age_repro,0.38146361142587004,Age at first reproduction,H2,NA,NA,NA,NA,NA,NA,NA,NA,NA,NAT
Daucus_carota,Daucus_carota_CEREEP - Ecotron IDF,-1.715,0.333,Ordbeta,T0-T3,DIST,1,CEREEP - Ecotron IDF,percapita_repro,NA,Per capita reproduction,H1,NA,NA,NA,NA,NA,NA,NA,NA,NA,NAT
Daucus_carota,Daucus_carota_Churning Rapids,-2.092,0.474,Ordbeta,T0-T3,DIST,1,Churning Rapids,FirstStepAtt,-0.6507464154260846,First step attenuation,H3,T0,-0.28918763499541594,-0.21060534979087156,-0.11844543096706447,0,-0.3059248891415658,0.04365022904444811,-0.8281278578251694,-0.4293992819164351,INT
Daucus_carota,Daucus_carota_Churning Rapids,-2.092,0.474,Ordbeta,T0-T3,DIST,1,Churning Rapids,Lambda,1.7025871267375168,Population growth rate,H4,T0,-0.28918763499541594,-0.21060534979087156,-0.11844543096706447,0,-0.3059248891415658,0.04365022904444811,-0.8281278578251694,-0.4293992819164351,INT
Daucus_carota,Daucus_carota_Churning Rapids,-2.092,0.474,Ordbeta,T0-T3,DIST,1,Churning Rapids,R0,-0.2630075444196188,Net reproductive rate,H1,T0,-0.28918763499541594,-0.21060534979087156,-0.11844543096706447,0,-0.3059248891415658,0.04365022904444811,-0.8281278578251694,-0.4293992819164351,INT
Daucus_carota,Daucus_carota_Churning Rapids,-2.092,0.474,Ordbeta,T0-T3,DIST,1,Churning Rapids,Reactivity,NA,Reactivity,H3,T0,-0.28918763499541594,-0.21060534979087156,-0.11844543096706447,0,-0.3059248891415658,0.04365022904444811,-0.8281278578251694,-0.4293992819164351,INT
Daucus_carota,Daucus_carota_Churning Rapids,-2.092,0.474,Ordbeta,T0-T3,DIST,1,Churning Rapids,T_generation,-0.23912905232741022,Generation time,H2,T0,-0.28918763499541594,-0.21060534979087156,-0.11844543096706447,0,-0.3059248891415658,0.04365022904444811,-0.8281278578251694,-0.4293992819164351,INT
Daucus_carota,Daucus_carota_Churning Rapids,-2.092,0.474,Ordbeta,T0-T3,DIST,1,Churning Rapids,age_repro,0.38146361142587004,Age at first reproduction,H2,T0,-0.28918763499541594,-0.21060534979087156,-0.11844543096706447,0,-0.3059248891415658,0.04365022904444811,-0.8281278578251694,-0.4293992819164351,INT
Daucus_carota,Daucus_carota_Churning Rapids,-2.092,0.474,Ordbeta,T0-T3,DIST,1,Churning Rapids,percapita_repro,NA,Per capita reproduction,H1,T0,-0.28918763499541594,-0.21060534979087156,-0.11844543096706447,0,-0.3059248891415658,0.04365022904444811,-0.8281278578251694,-0.4293992819164351,INT
Daucus_carota,Daucus_carota_Kellogg Biological Station (KBS),-2.504,0.331,Ordbeta,T0-T3,DIST,1,Kellogg Biological Station (KBS),FirstStepAtt,-0.6507464154260846,First step attenuation,H3,T0,0.6080096435242552,-0.3823161357234788,-0.16217943353098632,0,-0.6951717449115951,-0.3815561424686202,-0.7649907190758011,2.026063801802161,INT
Daucus_carota,Daucus_carota_Kellogg Biological Station (KBS),-2.504,0.331,Ordbeta,T0-T3,DIST,1,Kellogg Biological Station (KBS),Lambda,1.7025871267375168,Population growth rate,H4,T0,0.6080096435242552,-0.3823161357234788,-0.16217943353098632,0,-0.6951717449115951,-0.3815561424686202,-0.7649907190758011,2.026063801802161,INT
Daucus_carota,Daucus_carota_Kellogg Biological Station (KBS),-2.504,0.331,Ordbeta,T0-T3,DIST,1,Kellogg Biological Station (KBS),R0,-0.2630075444196188,Net reproductive rate,H1,T0,0.6080096435242552,-0.3823161357234788,-0.16217943353098632,0,-0.6951717449115951,-0.3815561424686202,-0.7649907190758011,2.026063801802161,INT
Daucus_carota,Daucus_carota_Kellogg Biological Station (KBS),-2.504,0.331,Ordbeta,T0-T3,DIST,1,Kellogg Biological Station (KBS),Reactivity,NA,Reactivity,H3,T0,0.6080096435242552,-0.3823161357234788,-0.16217943353098632,0,-0.6951717449115951,-0.3815561424686202,-0.7649907190758011,2.026063801802161,INT
Daucus_carota,Daucus_carota_Kellogg Biological Station (KBS),-2.504,0.331,Ordbeta,T0-T3,DIST,1,Kellogg Biological Station (KBS),T_generation,-0.23912905232741022,Generation time,H2,T0,0.6080096435242552,-0.3823161357234788,-0.16217943353098632,0,-0.6951717449115951,-0.3815561424686202,-0.7649907190758011,2.026063801802161,INT
Daucus_carota,Daucus_carota_Kellogg Biological Station (KBS),-2.504,0.331,Ordbeta,T0-T3,DIST,1,Kellogg Biological Station (KBS),age_repro,0.38146361142587004,Age at first reproduction,H2,T0,0.6080096435242552,-0.3823161357234788,-0.16217943353098632,0,-0.6951717449115951,-0.3815561424686202,-0.7649907190758011,2.026063801802161,INT
Daucus_carota,Daucus_carota_Kellogg Biological Station (KBS),-2.504,0.331,Ordbeta,T0-T3,DIST,1,Kellogg Biological Station (KBS),percapita_repro,NA,Per capita reproduction,H1,T0,0.6080096435242552,-0.3823161357234788,-0.16217943353098632,0,-0.6951717449115951,-0.3815561424686202,-0.7649907190758011,2.026063801802161,INT
Daucus_carota,Daucus_carota_Kniezenberg,-2.489,0.519,Ordbeta,T0-T3,DIST,1,Kniezenberg,FirstStepAtt,-0.6507464154260846,First step attenuation,H3,T0,0.061889560947064014,-0.8020551636910082,-0.735183579836512,0,-1.2184013945374839,-0.8038659869745547,-0.9964378960740793,-1.0919845584754213,NAT
Daucus_carota,Daucus_carota_Kniezenberg,-2.489,0.519,Ordbeta,T0-T3,DIST,1,Kniezenberg,Lambda,1.7025871267375168,Population growth rate,H4,T0,0.061889560947064014,-0.8020551636910082,-0.735183579836512,0,-1.2184013945374839,-0.8038659869745547,-0.9964378960740793,-1.0919845584754213,NAT
Daucus_carota,Daucus_carota_Kniezenberg,-2.489,0.519,Ordbeta,T0-T3,DIST,1,Kniezenberg,R0,-0.2630075444196188,Net reproductive rate,H1,T0,0.061889560947064014,-0.8020551636910082,-0.735183579836512,0,-1.2184013945374839,-0.8038659869745547,-0.9964378960740793,-1.0919845584754213,NAT
Daucus_carota,Daucus_carota_Kniezenberg,-2.489,0.519,Ordbeta,T0-T3,DIST,1,Kniezenberg,Reactivity,NA,Reactivity,H3,T0,0.061889560947064014,-0.8020551636910082,-0.735183579836512,0,-1.2184013945374839,-0.8038659869745547,-0.9964378960740793,-1.0919845584754213,NAT
Daucus_carota,Daucus_carota_Kniezenberg,-2.489,0.519,Ordbeta,T0-T3,DIST,1,Kniezenberg,T_generation,-0.23912905232741022,Generation time,H2,T0,0.061889560947064014,-0.8020551636910082,-0.735183579836512,0,-1.2184013945374839,-0.8038659869745547,-0.9964378960740793,-1.0919845584754213,NAT
Daucus_carota,Daucus_carota_Kniezenberg,-2.489,0.519,Ordbeta,T0-T3,DIST,1,Kniezenberg,age_repro,0.38146361142587004,Age at first reproduction,H2,T0,0.061889560947064014,-0.8020551636910082,-0.735183579836512,0,-1.2184013945374839,-0.8038659869745547,-0.9964378960740793,-1.0919845584754213,NAT
Daucus_carota,Daucus_carota_Kniezenberg,-2.489,0.519,Ordbeta,T0-T3,DIST,1,Kniezenberg,percapita_repro,NA,Per capita reproduction,H1,T0,0.061889560947064014,-0.8020551636910082,-0.735183579836512,0,-1.2184013945374839,-0.8038659869745547,-0.9964378960740793,-1.0919845584754213,NAT
Daucus_carota,Daucus_carota_Lublin,-2.169,0.413,Ordbeta,T0-T3,DIST,1,Lublin,FirstStepAtt,-0.6507464154260846,First step attenuation,H3,T0,0.9200782621397927,0.9604863427438979,1.1194775334878724,0,-0.4348762416097607,-0.6652760678718184,0.5867498761097362,0.2778387604157047,NAT
Daucus_carota,Daucus_carota_Lublin,-2.169,0.413,Ordbeta,T0-T3,DIST,1,Lublin,Lambda,1.7025871267375168,Population growth rate,H4,T0,0.9200782621397927,0.9604863427438979,1.1194775334878724,0,-0.4348762416097607,-0.6652760678718184,0.5867498761097362,0.2778387604157047,NAT
Daucus_carota,Daucus_carota_Lublin,-2.169,0.413,Ordbeta,T0-T3,DIST,1,Lublin,R0,-0.2630075444196188,Net reproductive rate,H1,T0,0.9200782621397927,0.9604863427438979,1.1194775334878724,0,-0.4348762416097607,-0.6652760678718184,0.5867498761097362,0.2778387604157047,NAT
Daucus_carota,Daucus_carota_Lublin,-2.169,0.413,Ordbeta,T0-T3,DIST,1,Lublin,Reactivity,NA,Reactivity,H3,T0,0.9200782621397927,0.9604863427438979,1.1194775334878724,0,-0.4348762416097607,-0.6652760678718184,0.5867498761097362,0.2778387604157047,NAT
Daucus_carota,Daucus_carota_Lublin,-2.169,0.413,Ordbeta,T0-T3,DIST,1,Lublin,T_generation,-0.23912905232741022,Generation time,H2,T0,0.9200782621397927,0.9604863427438979,1.1194775334878724,0,-0.4348762416097607,-0.6652760678718184,0.5867498761097362,0.2778387604157047,NAT
Daucus_carota,Daucus_carota_Lublin,-2.169,0.413,Ordbeta,T0-T3,DIST,1,Lublin,age_repro,0.38146361142587004,Age at first reproduction,H2,T0,0.9200782621397927,0.9604863427438979,1.1194775334878724,0,-0.4348762416097607,-0.6652760678718184,0.5867498761097362,0.2778387604157047,NAT
Daucus_carota,Daucus_carota_Lublin,-2.169,0.413,Ordbeta,T0-T3,DIST,1,Lublin,percapita_repro,NA,Per capita reproduction,H1,T0,0.9200782621397927,0.9604863427438979,1.1194775334878724,0,-0.4348762416097607,-0.6652760678718184,0.5867498761097362,0.2778387604157047,NAT
Echium_vulgare,Echium_vulgare_Algaida,-2.282,0.408,Ordbeta,T0-T3,DIST,1,Algaida,FirstStepAtt,0.322308511067883,First step attenuation,H3,T0,-0.7962991402456648,-0.06775737195985027,-0.04835519867951075,0,1.3382641517792153,1.4784114525908816,-0.7414682712198007,-0.9758487627685878,NAT
Echium_vulgare,Echium_vulgare_Algaida,-2.282,0.408,Ordbeta,T0-T3,DIST,1,Algaida,Lambda,1.2545403801621813,Population growth rate,H4,T0,-0.7962991402456648,-0.06775737195985027,-0.04835519867951075,0,1.3382641517792153,1.4784114525908816,-0.7414682712198007,-0.9758487627685878,NAT
Echium_vulgare,Echium_vulgare_Algaida,-2.282,0.408,Ordbeta,T0-T3,DIST,1,Algaida,R0,-0.3087400138469025,Net reproductive rate,H1,T0,-0.7962991402456648,-0.06775737195985027,-0.04835519867951075,0,1.3382641517792153,1.4784114525908816,-0.7414682712198007,-0.9758487627685878,NAT
Echium_vulgare,Echium_vulgare_Algaida,-2.282,0.408,Ordbeta,T0-T3,DIST,1,Algaida,Reactivity,-0.18776414801691815,Reactivity,H3,T0,-0.7962991402456648,-0.06775737195985027,-0.04835519867951075,0,1.3382641517792153,1.4784114525908816,-0.7414682712198007,-0.9758487627685878,NAT
Echium_vulgare,Echium_vulgare_Algaida,-2.282,0.408,Ordbeta,T0-T3,DIST,1,Algaida,T_generation,-0.19489720597868754,Generation time,H2,T0,-0.7962991402456648,-0.06775737195985027,-0.04835519867951075,0,1.3382641517792153,1.4784114525908816,-0.7414682712198007,-0.9758487627685878,NAT
Echium_vulgare,Echium_vulgare_Algaida,-2.282,0.408,Ordbeta,T0-T3,DIST,1,Algaida,age_repro,0.15828482514573822,Age at first reproduction,H2,T0,-0.7962991402456648,-0.06775737195985027,-0.04835519867951075,0,1.3382641517792153,1.4784114525908816,-0.7414682712198007,-0.9758487627685878,NAT
Echium_vulgare,Echium_vulgare_Algaida,-2.282,0.408,Ordbeta,T0-T3,DIST,1,Algaida,percapita_repro,-0.2795027818672897,Per capita reproduction,H1,T0,-0.7962991402456648,-0.06775737195985027,-0.04835519867951075,0,1.3382641517792153,1.4784114525908816,-0.7414682712198007,-0.9758487627685878,NAT
Elymus_repens,Elymus_repens_Agroscope Changins,-2.523,0.55,Ordbeta,T0-T3,DIST,1,Agroscope Changins,FirstStepAtt,-0.7322895950444773,First step attenuation,H3,T0,1.1151211487745039,1.231861200363381,1.4334641159886803,0,-1.2881608799324629,-1.398708630217884,1.650051594077399,0.46165430853599404,NAT
Elymus_repens,Elymus_repens_Agroscope Changins,-2.523,0.55,Ordbeta,T0-T3,DIST,1,Agroscope Changins,Lambda,NA,Population growth rate,H4,T0,1.1151211487745039,1.231861200363381,1.4334641159886803,0,-1.2881608799324629,-1.398708630217884,1.650051594077399,0.46165430853599404,NAT
Elymus_repens,Elymus_repens_Agroscope Changins,-2.523,0.55,Ordbeta,T0-T3,DIST,1,Agroscope Changins,R0,2.3299407969991766,Net reproductive rate,H1,T0,1.1151211487745039,1.231861200363381,1.4334641159886803,0,-1.2881608799324629,-1.398708630217884,1.650051594077399,0.46165430853599404,NAT
Elymus_repens,Elymus_repens_Agroscope Changins,-2.523,0.55,Ordbeta,T0-T3,DIST,1,Agroscope Changins,Reactivity,NA,Reactivity,H3,T0,1.1151211487745039,1.231861200363381,1.4334641159886803,0,-1.2881608799324629,-1.398708630217884,1.650051594077399,0.46165430853599404,NAT
Elymus_repens,Elymus_repens_Agroscope Changins,-2.523,0.55,Ordbeta,T0-T3,DIST,1,Agroscope Changins,T_generation,-0.5390221892702388,Generation time,H2,T0,1.1151211487745039,1.231861200363381,1.4334641159886803,0,-1.2881608799324629,-1.398708630217884,1.650051594077399,0.46165430853599404,NAT
Elymus_repens,Elymus_repens_Agroscope Changins,-2.523,0.55,Ordbeta,T0-T3,DIST,1,Agroscope Changins,age_repro,-1.1446544960784941,Age at first reproduction,H2,T0,1.1151211487745039,1.231861200363381,1.4334641159886803,0,-1.2881608799324629,-1.398708630217884,1.650051594077399,0.46165430853599404,NAT
Elymus_repens,Elymus_repens_Agroscope Changins,-2.523,0.55,Ordbeta,T0-T3,DIST,1,Agroscope Changins,percapita_repro,-0.4716992998283263,Per capita reproduction,H1,T0,1.1151211487745039,1.231861200363381,1.4334641159886803,0,-1.2881608799324629,-1.398708630217884,1.650051594077399,0.46165430853599404,NAT
Elymus_repens,Elymus_repens_Bad Lauchstaedt,-2.278,0.527,Ordbeta,T0-T3,DIST,1,Bad Lauchstaedt,FirstStepAtt,-0.7322895950444773,First step attenuation,H3,T0,0.45197533421648606,-0.3753988185590567,-0.11439210590952666,0,0.5690221852496098,0.7959142485449064,-0.7991349509738322,0.3856906316365244,NAT
Elymus_repens,Elymus_repens_Bad Lauchstaedt,-2.278,0.527,Ordbeta,T0-T3,DIST,1,Bad Lauchstaedt,Lambda,NA,Population growth rate,H4,T0,0.45197533421648606,-0.3753988185590567,-0.11439210590952666,0,0.5690221852496098,0.7959142485449064,-0.7991349509738322,0.3856906316365244,NAT
Elymus_repens,Elymus_repens_Bad Lauchstaedt,-2.278,0.527,Ordbeta,T0-T3,DIST,1,Bad Lauchstaedt,R0,2.3299407969991766,Net reproductive rate,H1,T0,0.45197533421648606,-0.3753988185590567,-0.11439210590952666,0,0.5690221852496098,0.7959142485449064,-0.7991349509738322,0.3856906316365244,NAT
Elymus_repens,Elymus_repens_Bad Lauchstaedt,-2.278,0.527,Ordbeta,T0-T3,DIST,1,Bad Lauchstaedt,Reactivity,NA,Reactivity,H3,T0,0.45197533421648606,-0.3753988185590567,-0.11439210590952666,0,0.5690221852496098,0.7959142485449064,-0.7991349509738322,0.3856906316365244,NAT
Elymus_repens,Elymus_repens_Bad Lauchstaedt,-2.278,0.527,Ordbeta,T0-T3,DIST,1,Bad Lauchstaedt,T_generation,-0.5390221892702388,Generation time,H2,T0,0.45197533421648606,-0.3753988185590567,-0.11439210590952666,0,0.5690221852496098,0.7959142485449064,-0.7991349509738322,0.3856906316365244,NAT
Elymus_repens,Elymus_repens_Bad Lauchstaedt,-2.278,0.527,Ordbeta,T0-T3,DIST,1,Bad Lauchstaedt,age_repro,-1.1446544960784941,Age at first reproduction,H2,T0,0.45197533421648606,-0.3753988185590567,-0.11439210590952666,0,0.5690221852496098,0.7959142485449064,-0.7991349509738322,0.3856906316365244,NAT
Elymus_repens,Elymus_repens_Bad Lauchstaedt,-2.278,0.527,Ordbeta,T0-T3,DIST,1,Bad Lauchstaedt,percapita_repro,-0.4716992998283263,Per capita reproduction,H1,T0,0.45197533421648606,-0.3753988185590567,-0.11439210590952666,0,0.5690221852496098,0.7959142485449064,-0.7991349509738322,0.3856906316365244,NAT
Elymus_repens,Elymus_repens_Cary IES,-2.214,0.373,Ordbeta,T0-T3,DIST,1,Cary IES,FirstStepAtt,-0.7322895950444773,First step attenuation,H3,T0,-0.7338854165225573,-0.8584929278488574,-0.7412571472672489,0,-1.2752402906810407,-0.8323171230469685,-1.115975829715165,-0.28427319735646733,INT
Elymus_repens,Elymus_repens_Cary IES,-2.214,0.373,Ordbeta,T0-T3,DIST,1,Cary IES,Lambda,NA,Population growth rate,H4,T0,-0.7338854165225573,-0.8584929278488574,-0.7412571472672489,0,-1.2752402906810407,-0.8323171230469685,-1.115975829715165,-0.28427319735646733,INT
Elymus_repens,Elymus_repens_Cary IES,-2.214,0.373,Ordbeta,T0-T3,DIST,1,Cary IES,R0,2.3299407969991766,Net reproductive rate,H1,T0,-0.7338854165225573,-0.8584929278488574,-0.7412571472672489,0,-1.2752402906810407,-0.8323171230469685,-1.115975829715165,-0.28427319735646733,INT
Elymus_repens,Elymus_repens_Cary IES,-2.214,0.373,Ordbeta,T0-T3,DIST,1,Cary IES,Reactivity,NA,Reactivity,H3,T0,-0.7338854165225573,-0.8584929278488574,-0.7412571472672489,0,-1.2752402906810407,-0.8323171230469685,-1.115975829715165,-0.28427319735646733,INT
Elymus_repens,Elymus_repens_Cary IES,-2.214,0.373,Ordbeta,T0-T3,DIST,1,Cary IES,T_generation,-0.5390221892702388,Generation time,H2,T0,-0.7338854165225573,-0.8584929278488574,-0.7412571472672489,0,-1.2752402906810407,-0.8323171230469685,-1.115975829715165,-0.28427319735646733,INT
Elymus_repens,Elymus_repens_Cary IES,-2.214,0.373,Ordbeta,T0-T3,DIST,1,Cary IES,age_repro,-1.1446544960784941,Age at first reproduction,H2,T0,-0.7338854165225573,-0.8584929278488574,-0.7412571472672489,0,-1.2752402906810407,-0.8323171230469685,-1.115975829715165,-0.28427319735646733,INT
Elymus_repens,Elymus_repens_Cary IES,-2.214,0.373,Ordbeta,T0-T3,DIST,1,Cary IES,percapita_repro,-0.4716992998283263,Per capita reproduction,H1,T0,-0.7338854165225573,-0.8584929278488574,-0.7412571472672489,0,-1.2752402906810407,-0.8323171230469685,-1.115975829715165,-0.28427319735646733,INT
Elymus_repens,Elymus_repens_Cedar Creek LTER,-1.528,0.325,Ordbeta,T0-T3,DIST,1,Cedar Creek LTER,FirstStepAtt,-0.7322895950444773,First step attenuation,H3,T0,-1.2644020681689714,-1.1104602362180944,-0.944576857374687,0,-0.440155069565833,-0.3653363883805663,-0.2567312943462281,-0.15067337222003496,INT
Elymus_repens,Elymus_repens_Cedar Creek LTER,-1.528,0.325,Ordbeta,T0-T3,DIST,1,Cedar Creek LTER,Lambda,NA,Population growth rate,H4,T0,-1.2644020681689714,-1.1104602362180944,-0.944576857374687,0,-0.440155069565833,-0.3653363883805663,-0.2567312943462281,-0.15067337222003496,INT
Elymus_repens,Elymus_repens_Cedar Creek LTER,-1.528,0.325,Ordbeta,T0-T3,DIST,1,Cedar Creek LTER,R0,2.3299407969991766,Net reproductive rate,H1,T0,-1.2644020681689714,-1.1104602362180944,-0.944576857374687,0,-0.440155069565833,-0.3653363883805663,-0.2567312943462281,-0.15067337222003496,INT
Elymus_repens,Elymus_repens_Cedar Creek LTER,-1.528,0.325,Ordbeta,T0-T3,DIST,1,Cedar Creek LTER,Reactivity,NA,Reactivity,H3,T0,-1.2644020681689714,-1.1104602362180944,-0.944576857374687,0,-0.440155069565833,-0.3653363883805663,-0.2567312943462281,-0.15067337222003496,INT
Elymus_repens,Elymus_repens_Cedar Creek LTER,-1.528,0.325,Ordbeta,T0-T3,DIST,1,Cedar Creek LTER,T_generation,-0.5390221892702388,Generation time,H2,T0,-1.2644020681689714,-1.1104602362180944,-0.944576857374687,0,-0.440155069565833,-0.3653363883805663,-0.2567312943462281,-0.15067337222003496,INT
Elymus_repens,Elymus_repens_Cedar Creek LTER,-1.528,0.325,Ordbeta,T0-T3,DIST,1,Cedar Creek LTER,age_repro,-1.1446544960784941,Age at first reproduction,H2,T0,-1.2644020681689714,-1.1104602362180944,-0.944576857374687,0,-0.440155069565833,-0.3653363883805663,-0.2567312943462281,-0.15067337222003496,INT
Elymus_repens,Elymus_repens_Cedar Creek LTER,-1.528,0.325,Ordbeta,T0-T3,DIST,1,Cedar Creek LTER,percapita_repro,-0.4716992998283263,Per capita reproduction,H1,T0,-1.2644020681689714,-1.1104602362180944,-0.944576857374687,0,-0.440155069565833,-0.3653363883805663,-0.2567312943462281,-0.15067337222003496,INT
Elymus_repens,Elymus_repens_Jena,-2.519,0.363,Ordbeta,T0-T3,DIST,1,Jena,FirstStepAtt,-0.7322895950444773,First step attenuation,H3,T0,0.764043952832024,-0.3862370720152753,0.02721357540323855,0,1.6161310595160223,1.0042933264685494,0.3263285755482111,2.0986936183123164,NAT
Elymus_repens,Elymus_repens_Jena,-2.519,0.363,Ordbeta,T0-T3,DIST,1,Jena,Lambda,NA,Population growth rate,H4,T0,0.764043952832024,-0.3862370720152753,0.02721357540323855,0,1.6161310595160223,1.0042933264685494,0.3263285755482111,2.0986936183123164,NAT
Elymus_repens,Elymus_repens_Jena,-2.519,0.363,Ordbeta,T0-T3,DIST,1,Jena,R0,2.3299407969991766,Net reproductive rate,H1,T0,0.764043952832024,-0.3862370720152753,0.02721357540323855,0,1.6161310595160223,1.0042933264685494,0.3263285755482111,2.0986936183123164,NAT
Elymus_repens,Elymus_repens_Jena,-2.519,0.363,Ordbeta,T0-T3,DIST,1,Jena,Reactivity,NA,Reactivity,H3,T0,0.764043952832024,-0.3862370720152753,0.02721357540323855,0,1.6161310595160223,1.0042933264685494,0.3263285755482111,2.0986936183123164,NAT
Elymus_repens,Elymus_repens_Jena,-2.519,0.363,Ordbeta,T0-T3,DIST,1,Jena,T_generation,-0.5390221892702388,Generation time,H2,T0,0.764043952832024,-0.3862370720152753,0.02721357540323855,0,1.6161310595160223,1.0042933264685494,0.3263285755482111,2.0986936183123164,NAT
Elymus_repens,Elymus_repens_Jena,-2.519,0.363,Ordbeta,T0-T3,DIST,1,Jena,age_repro,-1.1446544960784941,Age at first reproduction,H2,T0,0.764043952832024,-0.3862370720152753,0.02721357540323855,0,1.6161310595160223,1.0042933264685494,0.3263285755482111,2.0986936183123164,NAT
Elymus_repens,Elymus_repens_Jena,-2.519,0.363,Ordbeta,T0-T3,DIST,1,Jena,percapita_repro,-0.4716992998283263,Per capita reproduction,H1,T0,0.764043952832024,-0.3862370720152753,0.02721357540323855,0,1.6161310595160223,1.0042933264685494,0.3263285755482111,2.0986936183123164,NAT
Elymus_repens,Elymus_repens_Kellogg Biological Station (KBS),-2.551,0.543,Ordbeta,T0-T3,DIST,1,Kellogg Biological Station (KBS),FirstStepAtt,-0.7322895950444773,First step attenuation,H3,T0,0.6080096435242552,-0.3823161357234788,-0.16217943353098632,0,-0.6951717449115951,-0.3815561424686202,-0.7649907190758011,2.026063801802161,INT
Elymus_repens,Elymus_repens_Kellogg Biological Station (KBS),-2.551,0.543,Ordbeta,T0-T3,DIST,1,Kellogg Biological Station (KBS),Lambda,NA,Population growth rate,H4,T0,0.6080096435242552,-0.3823161357234788,-0.16217943353098632,0,-0.6951717449115951,-0.3815561424686202,-0.7649907190758011,2.026063801802161,INT
Elymus_repens,Elymus_repens_Kellogg Biological Station (KBS),-2.551,0.543,Ordbeta,T0-T3,DIST,1,Kellogg Biological Station (KBS),R0,2.3299407969991766,Net reproductive rate,H1,T0,0.6080096435242552,-0.3823161357234788,-0.16217943353098632,0,-0.6951717449115951,-0.3815561424686202,-0.7649907190758011,2.026063801802161,INT
Elymus_repens,Elymus_repens_Kellogg Biological Station (KBS),-2.551,0.543,Ordbeta,T0-T3,DIST,1,Kellogg Biological Station (KBS),Reactivity,NA,Reactivity,H3,T0,0.6080096435242552,-0.3823161357234788,-0.16217943353098632,0,-0.6951717449115951,-0.3815561424686202,-0.7649907190758011,2.026063801802161,INT
Elymus_repens,Elymus_repens_Kellogg Biological Station (KBS),-2.551,0.543,Ordbeta,T0-T3,DIST,1,Kellogg Biological Station (KBS),T_generation,-0.5390221892702388,Generation time,H2,T0,0.6080096435242552,-0.3823161357234788,-0.16217943353098632,0,-0.6951717449115951,-0.3815561424686202,-0.7649907190758011,2.026063801802161,INT
Elymus_repens,Elymus_repens_Kellogg Biological Station (KBS),-2.551,0.543,Ordbeta,T0-T3,DIST,1,Kellogg Biological Station (KBS),age_repro,-1.1446544960784941,Age at first reproduction,H2,T0,0.6080096435242552,-0.3823161357234788,-0.16217943353098632,0,-0.6951717449115951,-0.3815561424686202,-0.7649907190758011,2.026063801802161,INT
Elymus_repens,Elymus_repens_Kellogg Biological Station (KBS),-2.551,0.543,Ordbeta,T0-T3,DIST,1,Kellogg Biological Station (KBS),percapita_repro,-0.4716992998283263,Per capita reproduction,H1,T0,0.6080096435242552,-0.3823161357234788,-0.16217943353098632,0,-0.6951717449115951,-0.3815561424686202,-0.7649907190758011,2.026063801802161,INT
Elymus_repens,Elymus_repens_Lublin,-1.732,0.326,Ordbeta,T0-T3,DIST,1,Lublin,FirstStepAtt,-0.7322895950444773,First step attenuation,H3,T0,0.9200782621397927,0.9604863427438979,1.1194775334878724,0,-0.4348762416097607,-0.6652760678718184,0.5867498761097362,0.2778387604157047,NAT
Elymus_repens,Elymus_repens_Lublin,-1.732,0.326,Ordbeta,T0-T3,DIST,1,Lublin,Lambda,NA,Population growth rate,H4,T0,0.9200782621397927,0.9604863427438979,1.1194775334878724,0,-0.4348762416097607,-0.6652760678718184,0.5867498761097362,0.2778387604157047,NAT
Elymus_repens,Elymus_repens_Lublin,-1.732,0.326,Ordbeta,T0-T3,DIST,1,Lublin,R0,2.3299407969991766,Net reproductive rate,H1,T0,0.9200782621397927,0.9604863427438979,1.1194775334878724,0,-0.4348762416097607,-0.6652760678718184,0.5867498761097362,0.2778387604157047,NAT
Elymus_repens,Elymus_repens_Lublin,-1.732,0.326,Ordbeta,T0-T3,DIST,1,Lublin,Reactivity,NA,Reactivity,H3,T0,0.9200782621397927,0.9604863427438979,1.1194775334878724,0,-0.4348762416097607,-0.6652760678718184,0.5867498761097362,0.2778387604157047,NAT
Elymus_repens,Elymus_repens_Lublin,-1.732,0.326,Ordbeta,T0-T3,DIST,1,Lublin,T_generation,-0.5390221892702388,Generation time,H2,T0,0.9200782621397927,0.9604863427438979,1.1194775334878724,0,-0.4348762416097607,-0.6652760678718184,0.5867498761097362,0.2778387604157047,NAT
Elymus_repens,Elymus_repens_Lublin,-1.732,0.326,Ordbeta,T0-T3,DIST,1,Lublin,age_repro,-1.1446544960784941,Age at first reproduction,H2,T0,0.9200782621397927,0.9604863427438979,1.1194775334878724,0,-0.4348762416097607,-0.6652760678718184,0.5867498761097362,0.2778387604157047,NAT
Elymus_repens,Elymus_repens_Lublin,-1.732,0.326,Ordbeta,T0-T3,DIST,1,Lublin,percapita_repro,-0.4716992998283263,Per capita reproduction,H1,T0,0.9200782621397927,0.9604863427438979,1.1194775334878724,0,-0.4348762416097607,-0.6652760678718184,0.5867498761097362,0.2778387604157047,NAT
Erigeron_canadensis,Erigeron_canadensis_CEREEP - Ecotron IDF,-2.036,0.484,Ordbeta,T0-T3,DIST,1,CEREEP - Ecotron IDF,FirstStepAtt,-0.5000647824395841,First step attenuation,H3,NA,NA,NA,NA,NA,NA,NA,NA,NA,INT
Erigeron_canadensis,Erigeron_canadensis_CEREEP - Ecotron IDF,-2.036,0.484,Ordbeta,T0-T3,DIST,1,CEREEP - Ecotron IDF,Lambda,NA,Population growth rate,H4,NA,NA,NA,NA,NA,NA,NA,NA,NA,INT
Erigeron_canadensis,Erigeron_canadensis_CEREEP - Ecotron IDF,-2.036,0.484,Ordbeta,T0-T3,DIST,1,CEREEP - Ecotron IDF,R0,0.09828261935763043,Net reproductive rate,H1,NA,NA,NA,NA,NA,NA,NA,NA,NA,INT
Erigeron_canadensis,Erigeron_canadensis_CEREEP - Ecotron IDF,-2.036,0.484,Ordbeta,T0-T3,DIST,1,CEREEP - Ecotron IDF,Reactivity,-0.11627550995020455,Reactivity,H3,NA,NA,NA,NA,NA,NA,NA,NA,NA,INT
Erigeron_canadensis,Erigeron_canadensis_CEREEP - Ecotron IDF,-2.036,0.484,Ordbeta,T0-T3,DIST,1,CEREEP - Ecotron IDF,T_generation,-0.5217660170981336,Generation time,H2,NA,NA,NA,NA,NA,NA,NA,NA,NA,INT
Erigeron_canadensis,Erigeron_canadensis_CEREEP - Ecotron IDF,-2.036,0.484,Ordbeta,T0-T3,DIST,1,CEREEP - Ecotron IDF,age_repro,-0.4260557344877784,Age at first reproduction,H2,NA,NA,NA,NA,NA,NA,NA,NA,NA,INT
Erigeron_canadensis,Erigeron_canadensis_CEREEP - Ecotron IDF,-2.036,0.484,Ordbeta,T0-T3,DIST,1,CEREEP - Ecotron IDF,percapita_repro,0.9218346608488357,Per capita reproduction,H1,NA,NA,NA,NA,NA,NA,NA,NA,NA,INT
Erigeron_canadensis,Erigeron_canadensis_Piedmont Prairie,-2.802,0.292,Ordbeta,T0-T3,DIST,1,Piedmont Prairie,FirstStepAtt,-0.5000647824395841,First step attenuation,H3,T0,-1.3892295156151866,0.07910218638638122,-1.444734176104233,0,NA,NA,NA,-1.1581732300136014,NAT
Erigeron_canadensis,Erigeron_canadensis_Piedmont Prairie,-2.802,0.292,Ordbeta,T0-T3,DIST,1,Piedmont Prairie,Lambda,NA,Population growth rate,H4,T0,-1.3892295156151866,0.07910218638638122,-1.444734176104233,0,NA,NA,NA,-1.1581732300136014,NAT
Erigeron_canadensis,Erigeron_canadensis_Piedmont Prairie,-2.802,0.292,Ordbeta,T0-T3,DIST,1,Piedmont Prairie,R0,0.09828261935763043,Net reproductive rate,H1,T0,-1.3892295156151866,0.07910218638638122,-1.444734176104233,0,NA,NA,NA,-1.1581732300136014,NAT
Erigeron_canadensis,Erigeron_canadensis_Piedmont Prairie,-2.802,0.292,Ordbeta,T0-T3,DIST,1,Piedmont Prairie,Reactivity,-0.11627550995020455,Reactivity,H3,T0,-1.3892295156151866,0.07910218638638122,-1.444734176104233,0,NA,NA,NA,-1.1581732300136014,NAT
Erigeron_canadensis,Erigeron_canadensis_Piedmont Prairie,-2.802,0.292,Ordbeta,T0-T3,DIST,1,Piedmont Prairie,T_generation,-0.5217660170981336,Generation time,H2,T0,-1.3892295156151866,0.07910218638638122,-1.444734176104233,0,NA,NA,NA,-1.1581732300136014,NAT
Erigeron_canadensis,Erigeron_canadensis_Piedmont Prairie,-2.802,0.292,Ordbeta,T0-T3,DIST,1,Piedmont Prairie,age_repro,-0.4260557344877784,Age at first reproduction,H2,T0,-1.3892295156151866,0.07910218638638122,-1.444734176104233,0,NA,NA,NA,-1.1581732300136014,NAT
Erigeron_canadensis,Erigeron_canadensis_Piedmont Prairie,-2.802,0.292,Ordbeta,T0-T3,DIST,1,Piedmont Prairie,percapita_repro,0.9218346608488357,Per capita reproduction,H1,T0,-1.3892295156151866,0.07910218638638122,-1.444734176104233,0,NA,NA,NA,-1.1581732300136014,NAT
Erigeron_canadensis,Erigeron_canadensis_University of Michigan Biological Station,-2.646,0.476,Ordbeta,T0-T3,DIST,1,University of Michigan Biological Station,FirstStepAtt,-0.5000647824395841,First step attenuation,H3,T0,-1.342419222822856,-1.9035018512877446,-1.444734176104233,0,NA,NA,NA,0.14272232219722827,NAT
Erigeron_canadensis,Erigeron_canadensis_University of Michigan Biological Station,-2.646,0.476,Ordbeta,T0-T3,DIST,1,University of Michigan Biological Station,Lambda,NA,Population growth rate,H4,T0,-1.342419222822856,-1.9035018512877446,-1.444734176104233,0,NA,NA,NA,0.14272232219722827,NAT
Erigeron_canadensis,Erigeron_canadensis_University of Michigan Biological Station,-2.646,0.476,Ordbeta,T0-T3,DIST,1,University of Michigan Biological Station,R0,0.09828261935763043,Net reproductive rate,H1,T0,-1.342419222822856,-1.9035018512877446,-1.444734176104233,0,NA,NA,NA,0.14272232219722827,NAT
Erigeron_canadensis,Erigeron_canadensis_University of Michigan Biological Station,-2.646,0.476,Ordbeta,T0-T3,DIST,1,University of Michigan Biological Station,Reactivity,-0.11627550995020455,Reactivity,H3,T0,-1.342419222822856,-1.9035018512877446,-1.444734176104233,0,NA,NA,NA,0.14272232219722827,NAT
Erigeron_canadensis,Erigeron_canadensis_University of Michigan Biological Station,-2.646,0.476,Ordbeta,T0-T3,DIST,1,University of Michigan Biological Station,T_generation,-0.5217660170981336,Generation time,H2,T0,-1.342419222822856,-1.9035018512877446,-1.444734176104233,0,NA,NA,NA,0.14272232219722827,NAT
Erigeron_canadensis,Erigeron_canadensis_University of Michigan Biological Station,-2.646,0.476,Ordbeta,T0-T3,DIST,1,University of Michigan Biological Station,age_repro,-0.4260557344877784,Age at first reproduction,H2,T0,-1.342419222822856,-1.9035018512877446,-1.444734176104233,0,NA,NA,NA,0.14272232219722827,NAT
Erigeron_canadensis,Erigeron_canadensis_University of Michigan Biological Station,-2.646,0.476,Ordbeta,T0-T3,DIST,1,University of Michigan Biological Station,percapita_repro,0.9218346608488357,Per capita reproduction,H1,T0,-1.342419222822856,-1.9035018512877446,-1.444734176104233,0,NA,NA,NA,0.14272232219722827,NAT
Knautia_arvensis,Knautia_arvensis_Agroscope Changins,-2.829,0.457,Ordbeta,T0-T3,DIST,1,Agroscope Changins,FirstStepAtt,-0.4911515938586436,First step attenuation,H3,T0,1.1151211487745039,1.231861200363381,1.4334641159886803,0,-1.2881608799324629,-1.398708630217884,1.650051594077399,0.46165430853599404,NAT
Knautia_arvensis,Knautia_arvensis_Agroscope Changins,-2.829,0.457,Ordbeta,T0-T3,DIST,1,Agroscope Changins,Lambda,-2.042393580214656,Population growth rate,H4,T0,1.1151211487745039,1.231861200363381,1.4334641159886803,0,-1.2881608799324629,-1.398708630217884,1.650051594077399,0.46165430853599404,NAT
Knautia_arvensis,Knautia_arvensis_Agroscope Changins,-2.829,0.457,Ordbeta,T0-T3,DIST,1,Agroscope Changins,R0,-0.4981566825702842,Net reproductive rate,H1,T0,1.1151211487745039,1.231861200363381,1.4334641159886803,0,-1.2881608799324629,-1.398708630217884,1.650051594077399,0.46165430853599404,NAT
Knautia_arvensis,Knautia_arvensis_Agroscope Changins,-2.829,0.457,Ordbeta,T0-T3,DIST,1,Agroscope Changins,Reactivity,-0.3037440644896704,Reactivity,H3,T0,1.1151211487745039,1.231861200363381,1.4334641159886803,0,-1.2881608799324629,-1.398708630217884,1.650051594077399,0.46165430853599404,NAT
Knautia_arvensis,Knautia_arvensis_Agroscope Changins,-2.829,0.457,Ordbeta,T0-T3,DIST,1,Agroscope Changins,T_generation,NA,Generation time,H2,T0,1.1151211487745039,1.231861200363381,1.4334641159886803,0,-1.2881608799324629,-1.398708630217884,1.650051594077399,0.46165430853599404,NAT
Knautia_arvensis,Knautia_arvensis_Agroscope Changins,-2.829,0.457,Ordbeta,T0-T3,DIST,1,Agroscope Changins,age_repro,-0.40637162041762503,Age at first reproduction,H2,T0,1.1151211487745039,1.231861200363381,1.4334641159886803,0,-1.2881608799324629,-1.398708630217884,1.650051594077399,0.46165430853599404,NAT
Knautia_arvensis,Knautia_arvensis_Agroscope Changins,-2.829,0.457,Ordbeta,T0-T3,DIST,1,Agroscope Changins,percapita_repro,-0.471654421631051,Per capita reproduction,H1,T0,1.1151211487745039,1.231861200363381,1.4334641159886803,0,-1.2881608799324629,-1.398708630217884,1.650051594077399,0.46165430853599404,NAT
Knautia_arvensis,Knautia_arvensis_Bayreuth DRAGNet,-1.599,0.452,Ordbeta,T0-T3,DIST,1,Bayreuth DRAGNet,FirstStepAtt,-0.4911515938586436,First step attenuation,H3,T0,1.7002498086786373,1.1903000578533576,1.5813921901858357,0,0.7663265952564761,0.8046703576991449,-0.4657062309279624,0.012833603314585775,NAT
Knautia_arvensis,Knautia_arvensis_Bayreuth DRAGNet,-1.599,0.452,Ordbeta,T0-T3,DIST,1,Bayreuth DRAGNet,Lambda,-2.042393580214656,Population growth rate,H4,T0,1.7002498086786373,1.1903000578533576,1.5813921901858357,0,0.7663265952564761,0.8046703576991449,-0.4657062309279624,0.012833603314585775,NAT
Knautia_arvensis,Knautia_arvensis_Bayreuth DRAGNet,-1.599,0.452,Ordbeta,T0-T3,DIST,1,Bayreuth DRAGNet,R0,-0.4981566825702842,Net reproductive rate,H1,T0,1.7002498086786373,1.1903000578533576,1.5813921901858357,0,0.7663265952564761,0.8046703576991449,-0.4657062309279624,0.012833603314585775,NAT
Knautia_arvensis,Knautia_arvensis_Bayreuth DRAGNet,-1.599,0.452,Ordbeta,T0-T3,DIST,1,Bayreuth DRAGNet,Reactivity,-0.3037440644896704,Reactivity,H3,T0,1.7002498086786373,1.1903000578533576,1.5813921901858357,0,0.7663265952564761,0.8046703576991449,-0.4657062309279624,0.012833603314585775,NAT
Knautia_arvensis,Knautia_arvensis_Bayreuth DRAGNet,-1.599,0.452,Ordbeta,T0-T3,DIST,1,Bayreuth DRAGNet,T_generation,NA,Generation time,H2,T0,1.7002498086786373,1.1903000578533576,1.5813921901858357,0,0.7663265952564761,0.8046703576991449,-0.4657062309279624,0.012833603314585775,NAT
Knautia_arvensis,Knautia_arvensis_Bayreuth DRAGNet,-1.599,0.452,Ordbeta,T0-T3,DIST,1,Bayreuth DRAGNet,age_repro,-0.40637162041762503,Age at first reproduction,H2,T0,1.7002498086786373,1.1903000578533576,1.5813921901858357,0,0.7663265952564761,0.8046703576991449,-0.4657062309279624,0.012833603314585775,NAT
Knautia_arvensis,Knautia_arvensis_Bayreuth DRAGNet,-1.599,0.452,Ordbeta,T0-T3,DIST,1,Bayreuth DRAGNet,percapita_repro,-0.471654421631051,Per capita reproduction,H1,T0,1.7002498086786373,1.1903000578533576,1.5813921901858357,0,0.7663265952564761,0.8046703576991449,-0.4657062309279624,0.012833603314585775,NAT
Knautia_arvensis,Knautia_arvensis_WSL,-2.018,0.482,Ordbeta,T0-T3,DIST,1,WSL,FirstStepAtt,-0.4911515938586436,First step attenuation,H3,T0,-0.8743162948995492,0.8005497667622437,0.4329590289255727,0,0.7223509120374744,0.494707828917318,-0.07955499989208786,-0.8401532541006036,NAT
Knautia_arvensis,Knautia_arvensis_WSL,-2.018,0.482,Ordbeta,T0-T3,DIST,1,WSL,Lambda,-2.042393580214656,Population growth rate,H4,T0,-0.8743162948995492,0.8005497667622437,0.4329590289255727,0,0.7223509120374744,0.494707828917318,-0.07955499989208786,-0.8401532541006036,NAT
Knautia_arvensis,Knautia_arvensis_WSL,-2.018,0.482,Ordbeta,T0-T3,DIST,1,WSL,R0,-0.4981566825702842,Net reproductive rate,H1,T0,-0.8743162948995492,0.8005497667622437,0.4329590289255727,0,0.7223509120374744,0.494707828917318,-0.07955499989208786,-0.8401532541006036,NAT
Knautia_arvensis,Knautia_arvensis_WSL,-2.018,0.482,Ordbeta,T0-T3,DIST,1,WSL,Reactivity,-0.3037440644896704,Reactivity,H3,T0,-0.8743162948995492,0.8005497667622437,0.4329590289255727,0,0.7223509120374744,0.494707828917318,-0.07955499989208786,-0.8401532541006036,NAT
Knautia_arvensis,Knautia_arvensis_WSL,-2.018,0.482,Ordbeta,T0-T3,DIST,1,WSL,T_generation,NA,Generation time,H2,T0,-0.8743162948995492,0.8005497667622437,0.4329590289255727,0,0.7223509120374744,0.494707828917318,-0.07955499989208786,-0.8401532541006036,NAT
Knautia_arvensis,Knautia_arvensis_WSL,-2.018,0.482,Ordbeta,T0-T3,DIST,1,WSL,age_repro,-0.40637162041762503,Age at first reproduction,H2,T0,-0.8743162948995492,0.8005497667622437,0.4329590289255727,0,0.7223509120374744,0.494707828917318,-0.07955499989208786,-0.8401532541006036,NAT
Knautia_arvensis,Knautia_arvensis_WSL,-2.018,0.482,Ordbeta,T0-T3,DIST,1,WSL,percapita_repro,-0.471654421631051,Per capita reproduction,H1,T0,-0.8743162948995492,0.8005497667622437,0.4329590289255727,0,0.7223509120374744,0.494707828917318,-0.07955499989208786,-0.8401532541006036,NAT
Knautia_arvensis,Knautia_arvensis_Wytham Woods,-2.331,0.458,Ordbeta,T0-T3,DIST,1,Wytham Woods,FirstStepAtt,-0.4911515938586436,First step attenuation,H3,T0,1.1385262951706692,0.9703437817001139,1.0760089899315513,0,-0.48678535534291734,-0.5976146616129729,0.41522666757088206,-0.12047087426531668,NAT
Knautia_arvensis,Knautia_arvensis_Wytham Woods,-2.331,0.458,Ordbeta,T0-T3,DIST,1,Wytham Woods,Lambda,-2.042393580214656,Population growth rate,H4,T0,1.1385262951706692,0.9703437817001139,1.0760089899315513,0,-0.48678535534291734,-0.5976146616129729,0.41522666757088206,-0.12047087426531668,NAT
Knautia_arvensis,Knautia_arvensis_Wytham Woods,-2.331,0.458,Ordbeta,T0-T3,DIST,1,Wytham Woods,R0,-0.4981566825702842,Net reproductive rate,H1,T0,1.1385262951706692,0.9703437817001139,1.0760089899315513,0,-0.48678535534291734,-0.5976146616129729,0.41522666757088206,-0.12047087426531668,NAT
Knautia_arvensis,Knautia_arvensis_Wytham Woods,-2.331,0.458,Ordbeta,T0-T3,DIST,1,Wytham Woods,Reactivity,-0.3037440644896704,Reactivity,H3,T0,1.1385262951706692,0.9703437817001139,1.0760089899315513,0,-0.48678535534291734,-0.5976146616129729,0.41522666757088206,-0.12047087426531668,NAT
Knautia_arvensis,Knautia_arvensis_Wytham Woods,-2.331,0.458,Ordbeta,T0-T3,DIST,1,Wytham Woods,T_generation,NA,Generation time,H2,T0,1.1385262951706692,0.9703437817001139,1.0760089899315513,0,-0.48678535534291734,-0.5976146616129729,0.41522666757088206,-0.12047087426531668,NAT
Knautia_arvensis,Knautia_arvensis_Wytham Woods,-2.331,0.458,Ordbeta,T0-T3,DIST,1,Wytham Woods,age_repro,-0.40637162041762503,Age at first reproduction,H2,T0,1.1385262951706692,0.9703437817001139,1.0760089899315513,0,-0.48678535534291734,-0.5976146616129729,0.41522666757088206,-0.12047087426531668,NAT
Knautia_arvensis,Knautia_arvensis_Wytham Woods,-2.331,0.458,Ordbeta,T0-T3,DIST,1,Wytham Woods,percapita_repro,-0.471654421631051,Per capita reproduction,H1,T0,1.1385262951706692,0.9703437817001139,1.0760089899315513,0,-0.48678535534291734,-0.5976146616129729,0.41522666757088206,-0.12047087426531668,NAT
Lactuca_serriola,Lactuca_serriola_Bad Lauchstaedt,-2.682,0.527,Ordbeta,T0-T3,DIST,1,Bad Lauchstaedt,FirstStepAtt,-0.36206316352975426,First step attenuation,H3,T0,0.45197533421648606,-0.3753988185590567,-0.11439210590952666,0,0.5690221852496098,0.7959142485449064,-0.7991349509738322,0.3856906316365244,NAT
Lactuca_serriola,Lactuca_serriola_Bad Lauchstaedt,-2.682,0.527,Ordbeta,T0-T3,DIST,1,Bad Lauchstaedt,Lambda,NA,Population growth rate,H4,T0,0.45197533421648606,-0.3753988185590567,-0.11439210590952666,0,0.5690221852496098,0.7959142485449064,-0.7991349509738322,0.3856906316365244,NAT
Lactuca_serriola,Lactuca_serriola_Bad Lauchstaedt,-2.682,0.527,Ordbeta,T0-T3,DIST,1,Bad Lauchstaedt,R0,0.2386041409314382,Net reproductive rate,H1,T0,0.45197533421648606,-0.3753988185590567,-0.11439210590952666,0,0.5690221852496098,0.7959142485449064,-0.7991349509738322,0.3856906316365244,NAT
Lactuca_serriola,Lactuca_serriola_Bad Lauchstaedt,-2.682,0.527,Ordbeta,T0-T3,DIST,1,Bad Lauchstaedt,Reactivity,0.45446282254846704,Reactivity,H3,T0,0.45197533421648606,-0.3753988185590567,-0.11439210590952666,0,0.5690221852496098,0.7959142485449064,-0.7991349509738322,0.3856906316365244,NAT
Lactuca_serriola,Lactuca_serriola_Bad Lauchstaedt,-2.682,0.527,Ordbeta,T0-T3,DIST,1,Bad Lauchstaedt,T_generation,-0.5280230393291215,Generation time,H2,T0,0.45197533421648606,-0.3753988185590567,-0.11439210590952666,0,0.5690221852496098,0.7959142485449064,-0.7991349509738322,0.3856906316365244,NAT
Lactuca_serriola,Lactuca_serriola_Bad Lauchstaedt,-2.682,0.527,Ordbeta,T0-T3,DIST,1,Bad Lauchstaedt,age_repro,0.10679556653510186,Age at first reproduction,H2,T0,0.45197533421648606,-0.3753988185590567,-0.11439210590952666,0,0.5690221852496098,0.7959142485449064,-0.7991349509738322,0.3856906316365244,NAT
Lactuca_serriola,Lactuca_serriola_Bad Lauchstaedt,-2.682,0.527,Ordbeta,T0-T3,DIST,1,Bad Lauchstaedt,percapita_repro,5.550274988520688,Per capita reproduction,H1,T0,0.45197533421648606,-0.3753988185590567,-0.11439210590952666,0,0.5690221852496098,0.7959142485449064,-0.7991349509738322,0.3856906316365244,NAT
Lactuca_serriola,Lactuca_serriola_Wallula Gap Biological Station-North Face,-2.539,0.549,Ordbeta,T0-T3,DIST,1,Wallula Gap Biological Station-North Face,FirstStepAtt,-0.36206316352975426,First step attenuation,H3,T0,-0.9211265876918799,0.07910218638638122,-1.444734176104233,0,NA,NA,NA,-1.1531086614790176,INT
Lactuca_serriola,Lactuca_serriola_Wallula Gap Biological Station-North Face,-2.539,0.549,Ordbeta,T0-T3,DIST,1,Wallula Gap Biological Station-North Face,Lambda,NA,Population growth rate,H4,T0,-0.9211265876918799,0.07910218638638122,-1.444734176104233,0,NA,NA,NA,-1.1531086614790176,INT
Lactuca_serriola,Lactuca_serriola_Wallula Gap Biological Station-North Face,-2.539,0.549,Ordbeta,T0-T3,DIST,1,Wallula Gap Biological Station-North Face,R0,0.2386041409314382,Net reproductive rate,H1,T0,-0.9211265876918799,0.07910218638638122,-1.444734176104233,0,NA,NA,NA,-1.1531086614790176,INT
Lactuca_serriola,Lactuca_serriola_Wallula Gap Biological Station-North Face,-2.539,0.549,Ordbeta,T0-T3,DIST,1,Wallula Gap Biological Station-North Face,Reactivity,0.45446282254846704,Reactivity,H3,T0,-0.9211265876918799,0.07910218638638122,-1.444734176104233,0,NA,NA,NA,-1.1531086614790176,INT
Lactuca_serriola,Lactuca_serriola_Wallula Gap Biological Station-North Face,-2.539,0.549,Ordbeta,T0-T3,DIST,1,Wallula Gap Biological Station-North Face,T_generation,-0.5280230393291215,Generation time,H2,T0,-0.9211265876918799,0.07910218638638122,-1.444734176104233,0,NA,NA,NA,-1.1531086614790176,INT
Lactuca_serriola,Lactuca_serriola_Wallula Gap Biological Station-North Face,-2.539,0.549,Ordbeta,T0-T3,DIST,1,Wallula Gap Biological Station-North Face,age_repro,0.10679556653510186,Age at first reproduction,H2,T0,-0.9211265876918799,0.07910218638638122,-1.444734176104233,0,NA,NA,NA,-1.1531086614790176,INT
Lactuca_serriola,Lactuca_serriola_Wallula Gap Biological Station-North Face,-2.539,0.549,Ordbeta,T0-T3,DIST,1,Wallula Gap Biological Station-North Face,percapita_repro,5.550274988520688,Per capita reproduction,H1,T0,-0.9211265876918799,0.07910218638638122,-1.444734176104233,0,NA,NA,NA,-1.1531086614790176,INT
Linum_catharticum,Linum_catharticum_Wytham Woods,-2.563,0.246,Ordbeta,T0-T3,DIST,1,Wytham Woods,FirstStepAtt,-0.5424015589168105,First step attenuation,H3,T0,1.1385262951706692,0.9703437817001139,1.0760089899315513,0,-0.48678535534291734,-0.5976146616129729,0.41522666757088206,-0.12047087426531668,NAT
Linum_catharticum,Linum_catharticum_Wytham Woods,-2.563,0.246,Ordbeta,T0-T3,DIST,1,Wytham Woods,Lambda,NA,Population growth rate,H4,T0,1.1385262951706692,0.9703437817001139,1.0760089899315513,0,-0.48678535534291734,-0.5976146616129729,0.41522666757088206,-0.12047087426531668,NAT
Linum_catharticum,Linum_catharticum_Wytham Woods,-2.563,0.246,Ordbeta,T0-T3,DIST,1,Wytham Woods,R0,-0.2689034001701322,Net reproductive rate,H1,T0,1.1385262951706692,0.9703437817001139,1.0760089899315513,0,-0.48678535534291734,-0.5976146616129729,0.41522666757088206,-0.12047087426531668,NAT
Linum_catharticum,Linum_catharticum_Wytham Woods,-2.563,0.246,Ordbeta,T0-T3,DIST,1,Wytham Woods,Reactivity,-0.09782123558589216,Reactivity,H3,T0,1.1385262951706692,0.9703437817001139,1.0760089899315513,0,-0.48678535534291734,-0.5976146616129729,0.41522666757088206,-0.12047087426531668,NAT
Linum_catharticum,Linum_catharticum_Wytham Woods,-2.563,0.246,Ordbeta,T0-T3,DIST,1,Wytham Woods,T_generation,-0.49385463714076727,Generation time,H2,T0,1.1385262951706692,0.9703437817001139,1.0760089899315513,0,-0.48678535534291734,-0.5976146616129729,0.41522666757088206,-0.12047087426531668,NAT
Linum_catharticum,Linum_catharticum_Wytham Woods,-2.563,0.246,Ordbeta,T0-T3,DIST,1,Wytham Woods,age_repro,-0.6554008287884824,Age at first reproduction,H2,T0,1.1385262951706692,0.9703437817001139,1.0760089899315513,0,-0.48678535534291734,-0.5976146616129729,0.41522666757088206,-0.12047087426531668,NAT
Linum_catharticum,Linum_catharticum_Wytham Woods,-2.563,0.246,Ordbeta,T0-T3,DIST,1,Wytham Woods,percapita_repro,-0.3733803442019069,Per capita reproduction,H1,T0,1.1385262951706692,0.9703437817001139,1.0760089899315513,0,-0.48678535534291734,-0.5976146616129729,0.41522666757088206,-0.12047087426531668,NAT
Myosotis_ramosissima,Myosotis_ramosissima_CEREEP - Ecotron IDF,-2.436,0.526,Ordbeta,T0-T3,DIST,1,CEREEP - Ecotron IDF,FirstStepAtt,-0.6112235599435959,First step attenuation,H3,NA,NA,NA,NA,NA,NA,NA,NA,NA,NAT
Myosotis_ramosissima,Myosotis_ramosissima_CEREEP - Ecotron IDF,-2.436,0.526,Ordbeta,T0-T3,DIST,1,CEREEP - Ecotron IDF,Lambda,1.0106802178205638,Population growth rate,H4,NA,NA,NA,NA,NA,NA,NA,NA,NA,NAT
Myosotis_ramosissima,Myosotis_ramosissima_CEREEP - Ecotron IDF,-2.436,0.526,Ordbeta,T0-T3,DIST,1,CEREEP - Ecotron IDF,R0,-0.329558109959919,Net reproductive rate,H1,NA,NA,NA,NA,NA,NA,NA,NA,NA,NAT
Myosotis_ramosissima,Myosotis_ramosissima_CEREEP - Ecotron IDF,-2.436,0.526,Ordbeta,T0-T3,DIST,1,CEREEP - Ecotron IDF,Reactivity,-0.3020944487277558,Reactivity,H3,NA,NA,NA,NA,NA,NA,NA,NA,NA,NAT
Myosotis_ramosissima,Myosotis_ramosissima_CEREEP - Ecotron IDF,-2.436,0.526,Ordbeta,T0-T3,DIST,1,CEREEP - Ecotron IDF,T_generation,-0.5382067611781921,Generation time,H2,NA,NA,NA,NA,NA,NA,NA,NA,NA,NAT
Myosotis_ramosissima,Myosotis_ramosissima_CEREEP - Ecotron IDF,-2.436,0.526,Ordbeta,T0-T3,DIST,1,CEREEP - Ecotron IDF,age_repro,-0.643565249543102,Age at first reproduction,H2,NA,NA,NA,NA,NA,NA,NA,NA,NA,NAT
Myosotis_ramosissima,Myosotis_ramosissima_CEREEP - Ecotron IDF,-2.436,0.526,Ordbeta,T0-T3,DIST,1,CEREEP - Ecotron IDF,percapita_repro,-0.43872987528081303,Per capita reproduction,H1,NA,NA,NA,NA,NA,NA,NA,NA,NA,NAT
Myosotis_ramosissima,Myosotis_ramosissima_Wytham Woods,-2.615,0.536,Ordbeta,T0-T3,DIST,1,Wytham Woods,FirstStepAtt,-0.6112235599435959,First step attenuation,H3,T0,1.1385262951706692,0.9703437817001139,1.0760089899315513,0,-0.48678535534291734,-0.5976146616129729,0.41522666757088206,-0.12047087426531668,NAT
Myosotis_ramosissima,Myosotis_ramosissima_Wytham Woods,-2.615,0.536,Ordbeta,T0-T3,DIST,1,Wytham Woods,Lambda,1.0106802178205638,Population growth rate,H4,T0,1.1385262951706692,0.9703437817001139,1.0760089899315513,0,-0.48678535534291734,-0.5976146616129729,0.41522666757088206,-0.12047087426531668,NAT
Myosotis_ramosissima,Myosotis_ramosissima_Wytham Woods,-2.615,0.536,Ordbeta,T0-T3,DIST,1,Wytham Woods,R0,-0.329558109959919,Net reproductive rate,H1,T0,1.1385262951706692,0.9703437817001139,1.0760089899315513,0,-0.48678535534291734,-0.5976146616129729,0.41522666757088206,-0.12047087426531668,NAT
Myosotis_ramosissima,Myosotis_ramosissima_Wytham Woods,-2.615,0.536,Ordbeta,T0-T3,DIST,1,Wytham Woods,Reactivity,-0.3020944487277558,Reactivity,H3,T0,1.1385262951706692,0.9703437817001139,1.0760089899315513,0,-0.48678535534291734,-0.5976146616129729,0.41522666757088206,-0.12047087426531668,NAT
Myosotis_ramosissima,Myosotis_ramosissima_Wytham Woods,-2.615,0.536,Ordbeta,T0-T3,DIST,1,Wytham Woods,T_generation,-0.5382067611781921,Generation time,H2,T0,1.1385262951706692,0.9703437817001139,1.0760089899315513,0,-0.48678535534291734,-0.5976146616129729,0.41522666757088206,-0.12047087426531668,NAT
Myosotis_ramosissima,Myosotis_ramosissima_Wytham Woods,-2.615,0.536,Ordbeta,T0-T3,DIST,1,Wytham Woods,age_repro,-0.643565249543102,Age at first reproduction,H2,T0,1.1385262951706692,0.9703437817001139,1.0760089899315513,0,-0.48678535534291734,-0.5976146616129729,0.41522666757088206,-0.12047087426531668,NAT
Myosotis_ramosissima,Myosotis_ramosissima_Wytham Woods,-2.615,0.536,Ordbeta,T0-T3,DIST,1,Wytham Woods,percapita_repro,-0.43872987528081303,Per capita reproduction,H1,T0,1.1385262951706692,0.9703437817001139,1.0760089899315513,0,-0.48678535534291734,-0.5976146616129729,0.41522666757088206,-0.12047087426531668,NAT
Picris_hieracioides,Picris_hieracioides_Bad Lauchstaedt,-0.804,0.235,Ordbeta,T0-T3,DIST,1,Bad Lauchstaedt,FirstStepAtt,-0.6484303315666147,First step attenuation,H3,T0,0.45197533421648606,-0.3753988185590567,-0.11439210590952666,0,0.5690221852496098,0.7959142485449064,-0.7991349509738322,0.3856906316365244,NAT
Picris_hieracioides,Picris_hieracioides_Bad Lauchstaedt,-0.804,0.235,Ordbeta,T0-T3,DIST,1,Bad Lauchstaedt,Lambda,-0.508191980749746,Population growth rate,H4,T0,0.45197533421648606,-0.3753988185590567,-0.11439210590952666,0,0.5690221852496098,0.7959142485449064,-0.7991349509738322,0.3856906316365244,NAT
Picris_hieracioides,Picris_hieracioides_Bad Lauchstaedt,-0.804,0.235,Ordbeta,T0-T3,DIST,1,Bad Lauchstaedt,R0,-0.4750702620488172,Net reproductive rate,H1,T0,0.45197533421648606,-0.3753988185590567,-0.11439210590952666,0,0.5690221852496098,0.7959142485449064,-0.7991349509738322,0.3856906316365244,NAT
Picris_hieracioides,Picris_hieracioides_Bad Lauchstaedt,-0.804,0.235,Ordbeta,T0-T3,DIST,1,Bad Lauchstaedt,Reactivity,1.1436251951548664,Reactivity,H3,T0,0.45197533421648606,-0.3753988185590567,-0.11439210590952666,0,0.5690221852496098,0.7959142485449064,-0.7991349509738322,0.3856906316365244,NAT
Picris_hieracioides,Picris_hieracioides_Bad Lauchstaedt,-0.804,0.235,Ordbeta,T0-T3,DIST,1,Bad Lauchstaedt,T_generation,-0.12976529220070815,Generation time,H2,T0,0.45197533421648606,-0.3753988185590567,-0.11439210590952666,0,0.5690221852496098,0.7959142485449064,-0.7991349509738322,0.3856906316365244,NAT
Picris_hieracioides,Picris_hieracioides_Bad Lauchstaedt,-0.804,0.235,Ordbeta,T0-T3,DIST,1,Bad Lauchstaedt,age_repro,0.6185733053938054,Age at first reproduction,H2,T0,0.45197533421648606,-0.3753988185590567,-0.11439210590952666,0,0.5690221852496098,0.7959142485449064,-0.7991349509738322,0.3856906316365244,NAT
Picris_hieracioides,Picris_hieracioides_Bad Lauchstaedt,-0.804,0.235,Ordbeta,T0-T3,DIST,1,Bad Lauchstaedt,percapita_repro,0.8311106547126024,Per capita reproduction,H1,T0,0.45197533421648606,-0.3753988185590567,-0.11439210590952666,0,0.5690221852496098,0.7959142485449064,-0.7991349509738322,0.3856906316365244,NAT
Picris_hieracioides,Picris_hieracioides_CEREEP - Ecotron IDF,-2.317,0.409,Ordbeta,T0-T3,DIST,1,CEREEP - Ecotron IDF,FirstStepAtt,-0.6484303315666147,First step attenuation,H3,NA,NA,NA,NA,NA,NA,NA,NA,NA,NAT
Picris_hieracioides,Picris_hieracioides_CEREEP - Ecotron IDF,-2.317,0.409,Ordbeta,T0-T3,DIST,1,CEREEP - Ecotron IDF,Lambda,-0.508191980749746,Population growth rate,H4,NA,NA,NA,NA,NA,NA,NA,NA,NA,NAT
Picris_hieracioides,Picris_hieracioides_CEREEP - Ecotron IDF,-2.317,0.409,Ordbeta,T0-T3,DIST,1,CEREEP - Ecotron IDF,R0,-0.4750702620488172,Net reproductive rate,H1,NA,NA,NA,NA,NA,NA,NA,NA,NA,NAT
Picris_hieracioides,Picris_hieracioides_CEREEP - Ecotron IDF,-2.317,0.409,Ordbeta,T0-T3,DIST,1,CEREEP - Ecotron IDF,Reactivity,1.1436251951548664,Reactivity,H3,NA,NA,NA,NA,NA,NA,NA,NA,NA,NAT
Picris_hieracioides,Picris_hieracioides_CEREEP - Ecotron IDF,-2.317,0.409,Ordbeta,T0-T3,DIST,1,CEREEP - Ecotron IDF,T_generation,-0.12976529220070815,Generation time,H2,NA,NA,NA,NA,NA,NA,NA,NA,NA,NAT
Picris_hieracioides,Picris_hieracioides_CEREEP - Ecotron IDF,-2.317,0.409,Ordbeta,T0-T3,DIST,1,CEREEP - Ecotron IDF,age_repro,0.6185733053938054,Age at first reproduction,H2,NA,NA,NA,NA,NA,NA,NA,NA,NA,NAT
Picris_hieracioides,Picris_hieracioides_CEREEP - Ecotron IDF,-2.317,0.409,Ordbeta,T0-T3,DIST,1,CEREEP - Ecotron IDF,percapita_repro,0.8311106547126024,Per capita reproduction,H1,NA,NA,NA,NA,NA,NA,NA,NA,NA,NAT
Picris_hieracioides,Picris_hieracioides_Jena,-2.55,0.441,Ordbeta,T0-T3,DIST,1,Jena,FirstStepAtt,-0.6484303315666147,First step attenuation,H3,T0,0.764043952832024,-0.3862370720152753,0.02721357540323855,0,1.6161310595160223,1.0042933264685494,0.3263285755482111,2.0986936183123164,NAT
Picris_hieracioides,Picris_hieracioides_Jena,-2.55,0.441,Ordbeta,T0-T3,DIST,1,Jena,Lambda,-0.508191980749746,Population growth rate,H4,T0,0.764043952832024,-0.3862370720152753,0.02721357540323855,0,1.6161310595160223,1.0042933264685494,0.3263285755482111,2.0986936183123164,NAT
Picris_hieracioides,Picris_hieracioides_Jena,-2.55,0.441,Ordbeta,T0-T3,DIST,1,Jena,R0,-0.4750702620488172,Net reproductive rate,H1,T0,0.764043952832024,-0.3862370720152753,0.02721357540323855,0,1.6161310595160223,1.0042933264685494,0.3263285755482111,2.0986936183123164,NAT
Picris_hieracioides,Picris_hieracioides_Jena,-2.55,0.441,Ordbeta,T0-T3,DIST,1,Jena,Reactivity,1.1436251951548664,Reactivity,H3,T0,0.764043952832024,-0.3862370720152753,0.02721357540323855,0,1.6161310595160223,1.0042933264685494,0.3263285755482111,2.0986936183123164,NAT
Picris_hieracioides,Picris_hieracioides_Jena,-2.55,0.441,Ordbeta,T0-T3,DIST,1,Jena,T_generation,-0.12976529220070815,Generation time,H2,T0,0.764043952832024,-0.3862370720152753,0.02721357540323855,0,1.6161310595160223,1.0042933264685494,0.3263285755482111,2.0986936183123164,NAT
Picris_hieracioides,Picris_hieracioides_Jena,-2.55,0.441,Ordbeta,T0-T3,DIST,1,Jena,age_repro,0.6185733053938054,Age at first reproduction,H2,T0,0.764043952832024,-0.3862370720152753,0.02721357540323855,0,1.6161310595160223,1.0042933264685494,0.3263285755482111,2.0986936183123164,NAT
Picris_hieracioides,Picris_hieracioides_Jena,-2.55,0.441,Ordbeta,T0-T3,DIST,1,Jena,percapita_repro,0.8311106547126024,Per capita reproduction,H1,T0,0.764043952832024,-0.3862370720152753,0.02721357540323855,0,1.6161310595160223,1.0042933264685494,0.3263285755482111,2.0986936183123164,NAT
Picris_hieracioides,Picris_hieracioides_Saihanba,-2.586,0.508,Ordbeta,T0-T3,DIST,1,Saihanba,FirstStepAtt,-0.6484303315666147,First step attenuation,H3,NA,NA,NA,NA,NA,NA,NA,NA,NA,NAT
Picris_hieracioides,Picris_hieracioides_Saihanba,-2.586,0.508,Ordbeta,T0-T3,DIST,1,Saihanba,Lambda,-0.508191980749746,Population growth rate,H4,NA,NA,NA,NA,NA,NA,NA,NA,NA,NAT
Picris_hieracioides,Picris_hieracioides_Saihanba,-2.586,0.508,Ordbeta,T0-T3,DIST,1,Saihanba,R0,-0.4750702620488172,Net reproductive rate,H1,NA,NA,NA,NA,NA,NA,NA,NA,NA,NAT
Picris_hieracioides,Picris_hieracioides_Saihanba,-2.586,0.508,Ordbeta,T0-T3,DIST,1,Saihanba,Reactivity,1.1436251951548664,Reactivity,H3,NA,NA,NA,NA,NA,NA,NA,NA,NA,NAT
Picris_hieracioides,Picris_hieracioides_Saihanba,-2.586,0.508,Ordbeta,T0-T3,DIST,1,Saihanba,T_generation,-0.12976529220070815,Generation time,H2,NA,NA,NA,NA,NA,NA,NA,NA,NA,NAT
Picris_hieracioides,Picris_hieracioides_Saihanba,-2.586,0.508,Ordbeta,T0-T3,DIST,1,Saihanba,age_repro,0.6185733053938054,Age at first reproduction,H2,NA,NA,NA,NA,NA,NA,NA,NA,NA,NAT
Picris_hieracioides,Picris_hieracioides_Saihanba,-2.586,0.508,Ordbeta,T0-T3,DIST,1,Saihanba,percapita_repro,0.8311106547126024,Per capita reproduction,H1,NA,NA,NA,NA,NA,NA,NA,NA,NA,NAT
Pimpinella_saxifraga,Pimpinella_saxifraga_Meranges,-2.469,0.318,Ordbeta,T0-T3,DIST,1,Meranges,FirstStepAtt,1.8963048742114295,First step attenuation,H3,T0,0.13990671560094858,0.36789476432309715,0.5059990059128129,0,-0.899111549025792,-0.640206423564969,-0.4548207881572258,-0.606484540332569,NAT
Pimpinella_saxifraga,Pimpinella_saxifraga_Meranges,-2.469,0.318,Ordbeta,T0-T3,DIST,1,Meranges,Lambda,-0.3218252841085785,Population growth rate,H4,T0,0.13990671560094858,0.36789476432309715,0.5059990059128129,0,-0.899111549025792,-0.640206423564969,-0.4548207881572258,-0.606484540332569,NAT
Pimpinella_saxifraga,Pimpinella_saxifraga_Meranges,-2.469,0.318,Ordbeta,T0-T3,DIST,1,Meranges,R0,-0.4773052566832941,Net reproductive rate,H1,T0,0.13990671560094858,0.36789476432309715,0.5059990059128129,0,-0.899111549025792,-0.640206423564969,-0.4548207881572258,-0.606484540332569,NAT
Pimpinella_saxifraga,Pimpinella_saxifraga_Meranges,-2.469,0.318,Ordbeta,T0-T3,DIST,1,Meranges,Reactivity,-0.297426554538904,Reactivity,H3,T0,0.13990671560094858,0.36789476432309715,0.5059990059128129,0,-0.899111549025792,-0.640206423564969,-0.4548207881572258,-0.606484540332569,NAT
Pimpinella_saxifraga,Pimpinella_saxifraga_Meranges,-2.469,0.318,Ordbeta,T0-T3,DIST,1,Meranges,T_generation,1.6234233521187822,Generation time,H2,T0,0.13990671560094858,0.36789476432309715,0.5059990059128129,0,-0.899111549025792,-0.640206423564969,-0.4548207881572258,-0.606484540332569,NAT
Pimpinella_saxifraga,Pimpinella_saxifraga_Meranges,-2.469,0.318,Ordbeta,T0-T3,DIST,1,Meranges,age_repro,1.2514152699807766,Age at first reproduction,H2,T0,0.13990671560094858,0.36789476432309715,0.5059990059128129,0,-0.899111549025792,-0.640206423564969,-0.4548207881572258,-0.606484540332569,NAT
Pimpinella_saxifraga,Pimpinella_saxifraga_Meranges,-2.469,0.318,Ordbeta,T0-T3,DIST,1,Meranges,percapita_repro,-0.46550423716540007,Per capita reproduction,H1,T0,0.13990671560094858,0.36789476432309715,0.5059990059128129,0,-0.899111549025792,-0.640206423564969,-0.4548207881572258,-0.606484540332569,NAT
Plantago_coronopus,Plantago_coronopus_Algaida,-1.923,0.251,Ordbeta,T0-T3,DIST,1,Algaida,FirstStepAtt,1.036518721028864,First step attenuation,H3,T0,-0.7962991402456648,-0.06775737195985027,-0.04835519867951075,0,1.3382641517792153,1.4784114525908816,-0.7414682712198007,-0.9758487627685878,NAT
Plantago_coronopus,Plantago_coronopus_Algaida,-1.923,0.251,Ordbeta,T0-T3,DIST,1,Algaida,Lambda,-0.49839577793061157,Population growth rate,H4,T0,-0.7962991402456648,-0.06775737195985027,-0.04835519867951075,0,1.3382641517792153,1.4784114525908816,-0.7414682712198007,-0.9758487627685878,NAT
Plantago_coronopus,Plantago_coronopus_Algaida,-1.923,0.251,Ordbeta,T0-T3,DIST,1,Algaida,R0,-0.4516413795192674,Net reproductive rate,H1,T0,-0.7962991402456648,-0.06775737195985027,-0.04835519867951075,0,1.3382641517792153,1.4784114525908816,-0.7414682712198007,-0.9758487627685878,NAT
Plantago_coronopus,Plantago_coronopus_Algaida,-1.923,0.251,Ordbeta,T0-T3,DIST,1,Algaida,Reactivity,-0.2904474088530114,Reactivity,H3,T0,-0.7962991402456648,-0.06775737195985027,-0.04835519867951075,0,1.3382641517792153,1.4784114525908816,-0.7414682712198007,-0.9758487627685878,NAT
Plantago_coronopus,Plantago_coronopus_Algaida,-1.923,0.251,Ordbeta,T0-T3,DIST,1,Algaida,T_generation,-0.01908652605877063,Generation time,H2,T0,-0.7962991402456648,-0.06775737195985027,-0.04835519867951075,0,1.3382641517792153,1.4784114525908816,-0.7414682712198007,-0.9758487627685878,NAT
Plantago_coronopus,Plantago_coronopus_Algaida,-1.923,0.251,Ordbeta,T0-T3,DIST,1,Algaida,age_repro,-0.6337045106586293,Age at first reproduction,H2,T0,-0.7962991402456648,-0.06775737195985027,-0.04835519867951075,0,1.3382641517792153,1.4784114525908816,-0.7414682712198007,-0.9758487627685878,NAT
Plantago_coronopus,Plantago_coronopus_Algaida,-1.923,0.251,Ordbeta,T0-T3,DIST,1,Algaida,percapita_repro,-0.4661357212987886,Per capita reproduction,H1,T0,-0.7962991402456648,-0.06775737195985027,-0.04835519867951075,0,1.3382641517792153,1.4784114525908816,-0.7414682712198007,-0.9758487627685878,NAT
Plantago_coronopus,Plantago_coronopus_Caracoles,-2.546,0.328,Ordbeta,T0-T3,DIST,1,Caracoles,FirstStepAtt,1.036518721028864,First step attenuation,H3,T0,-1.5764706867845093,-1.9035018512877446,-1.444734176104233,0,NA,NA,NA,-1.0858721481750615,NAT
Plantago_coronopus,Plantago_coronopus_Caracoles,-2.546,0.328,Ordbeta,T0-T3,DIST,1,Caracoles,Lambda,-0.49839577793061157,Population growth rate,H4,T0,-1.5764706867845093,-1.9035018512877446,-1.444734176104233,0,NA,NA,NA,-1.0858721481750615,NAT
Plantago_coronopus,Plantago_coronopus_Caracoles,-2.546,0.328,Ordbeta,T0-T3,DIST,1,Caracoles,R0,-0.4516413795192674,Net reproductive rate,H1,T0,-1.5764706867845093,-1.9035018512877446,-1.444734176104233,0,NA,NA,NA,-1.0858721481750615,NAT
Plantago_coronopus,Plantago_coronopus_Caracoles,-2.546,0.328,Ordbeta,T0-T3,DIST,1,Caracoles,Reactivity,-0.2904474088530114,Reactivity,H3,T0,-1.5764706867845093,-1.9035018512877446,-1.444734176104233,0,NA,NA,NA,-1.0858721481750615,NAT
Plantago_coronopus,Plantago_coronopus_Caracoles,-2.546,0.328,Ordbeta,T0-T3,DIST,1,Caracoles,T_generation,-0.01908652605877063,Generation time,H2,T0,-1.5764706867845093,-1.9035018512877446,-1.444734176104233,0,NA,NA,NA,-1.0858721481750615,NAT
Plantago_coronopus,Plantago_coronopus_Caracoles,-2.546,0.328,Ordbeta,T0-T3,DIST,1,Caracoles,age_repro,-0.6337045106586293,Age at first reproduction,H2,T0,-1.5764706867845093,-1.9035018512877446,-1.444734176104233,0,NA,NA,NA,-1.0858721481750615,NAT
Plantago_coronopus,Plantago_coronopus_Caracoles,-2.546,0.328,Ordbeta,T0-T3,DIST,1,Caracoles,percapita_repro,-0.4661357212987886,Per capita reproduction,H1,T0,-1.5764706867845093,-1.9035018512877446,-1.444734176104233,0,NA,NA,NA,-1.0858721481750615,NAT
Plantago_media,Plantago_media_Meranges,-2.402,0.321,Ordbeta,T0-T3,DIST,1,Meranges,FirstStepAtt,-0.279576558845533,First step attenuation,H3,T0,0.13990671560094858,0.36789476432309715,0.5059990059128129,0,-0.899111549025792,-0.640206423564969,-0.4548207881572258,-0.606484540332569,NAT
Plantago_media,Plantago_media_Meranges,-2.402,0.321,Ordbeta,T0-T3,DIST,1,Meranges,Lambda,-0.4231109074816008,Population growth rate,H4,T0,0.13990671560094858,0.36789476432309715,0.5059990059128129,0,-0.899111549025792,-0.640206423564969,-0.4548207881572258,-0.606484540332569,NAT
Plantago_media,Plantago_media_Meranges,-2.402,0.321,Ordbeta,T0-T3,DIST,1,Meranges,R0,-0.495020182991644,Net reproductive rate,H1,T0,0.13990671560094858,0.36789476432309715,0.5059990059128129,0,-0.899111549025792,-0.640206423564969,-0.4548207881572258,-0.606484540332569,NAT
Plantago_media,Plantago_media_Meranges,-2.402,0.321,Ordbeta,T0-T3,DIST,1,Meranges,Reactivity,-0.2981390911937163,Reactivity,H3,T0,0.13990671560094858,0.36789476432309715,0.5059990059128129,0,-0.899111549025792,-0.640206423564969,-0.4548207881572258,-0.606484540332569,NAT
Plantago_media,Plantago_media_Meranges,-2.402,0.321,Ordbeta,T0-T3,DIST,1,Meranges,T_generation,2.8368414155547312,Generation time,H2,T0,0.13990671560094858,0.36789476432309715,0.5059990059128129,0,-0.899111549025792,-0.640206423564969,-0.4548207881572258,-0.606484540332569,NAT
Plantago_media,Plantago_media_Meranges,-2.402,0.321,Ordbeta,T0-T3,DIST,1,Meranges,age_repro,2.1059503557319488,Age at first reproduction,H2,T0,0.13990671560094858,0.36789476432309715,0.5059990059128129,0,-0.899111549025792,-0.640206423564969,-0.4548207881572258,-0.606484540332569,NAT
Plantago_media,Plantago_media_Meranges,-2.402,0.321,Ordbeta,T0-T3,DIST,1,Meranges,percapita_repro,-0.4648272911643505,Per capita reproduction,H1,T0,0.13990671560094858,0.36789476432309715,0.5059990059128129,0,-0.899111549025792,-0.640206423564969,-0.4548207881572258,-0.606484540332569,NAT
Plantago_media,Plantago_media_Stoderzinken,-2.392,0.531,Ordbeta,T0-T3,DIST,1,Stoderzinken,FirstStepAtt,-0.279576558845533,First step attenuation,H3,T0,-0.7572905629187225,0.7252842431098,0.4744156233804123,0,-0.41320185179705465,-1.0776404116342828,2.026441533526428,-0.9641796158315374,NAT
Plantago_media,Plantago_media_Stoderzinken,-2.392,0.531,Ordbeta,T0-T3,DIST,1,Stoderzinken,Lambda,-0.4231109074816008,Population growth rate,H4,T0,-0.7572905629187225,0.7252842431098,0.4744156233804123,0,-0.41320185179705465,-1.0776404116342828,2.026441533526428,-0.9641796158315374,NAT
Plantago_media,Plantago_media_Stoderzinken,-2.392,0.531,Ordbeta,T0-T3,DIST,1,Stoderzinken,R0,-0.495020182991644,Net reproductive rate,H1,T0,-0.7572905629187225,0.7252842431098,0.4744156233804123,0,-0.41320185179705465,-1.0776404116342828,2.026441533526428,-0.9641796158315374,NAT
Plantago_media,Plantago_media_Stoderzinken,-2.392,0.531,Ordbeta,T0-T3,DIST,1,Stoderzinken,Reactivity,-0.2981390911937163,Reactivity,H3,T0,-0.7572905629187225,0.7252842431098,0.4744156233804123,0,-0.41320185179705465,-1.0776404116342828,2.026441533526428,-0.9641796158315374,NAT
Plantago_media,Plantago_media_Stoderzinken,-2.392,0.531,Ordbeta,T0-T3,DIST,1,Stoderzinken,T_generation,2.8368414155547312,Generation time,H2,T0,-0.7572905629187225,0.7252842431098,0.4744156233804123,0,-0.41320185179705465,-1.0776404116342828,2.026441533526428,-0.9641796158315374,NAT
Plantago_media,Plantago_media_Stoderzinken,-2.392,0.531,Ordbeta,T0-T3,DIST,1,Stoderzinken,age_repro,2.1059503557319488,Age at first reproduction,H2,T0,-0.7572905629187225,0.7252842431098,0.4744156233804123,0,-0.41320185179705465,-1.0776404116342828,2.026441533526428,-0.9641796158315374,NAT
Plantago_media,Plantago_media_Stoderzinken,-2.392,0.531,Ordbeta,T0-T3,DIST,1,Stoderzinken,percapita_repro,-0.4648272911643505,Per capita reproduction,H1,T0,-0.7572905629187225,0.7252842431098,0.4744156233804123,0,-0.41320185179705465,-1.0776404116342828,2.026441533526428,-0.9641796158315374,NAT
Poa_alpina,Poa_alpina_Stoderzinken,-2.489,0.519,Ordbeta,T0-T3,DIST,1,Stoderzinken,FirstStepAtt,1.8613532687877332,First step attenuation,H3,T0,-0.7572905629187225,0.7252842431098,0.4744156233804123,0,-0.41320185179705465,-1.0776404116342828,2.026441533526428,-0.9641796158315374,NAT
Poa_alpina,Poa_alpina_Stoderzinken,-2.489,0.519,Ordbeta,T0-T3,DIST,1,Stoderzinken,Lambda,-0.39039699356761615,Population growth rate,H4,T0,-0.7572905629187225,0.7252842431098,0.4744156233804123,0,-0.41320185179705465,-1.0776404116342828,2.026441533526428,-0.9641796158315374,NAT
Poa_alpina,Poa_alpina_Stoderzinken,-2.489,0.519,Ordbeta,T0-T3,DIST,1,Stoderzinken,R0,-0.4876757061750131,Net reproductive rate,H1,T0,-0.7572905629187225,0.7252842431098,0.4744156233804123,0,-0.41320185179705465,-1.0776404116342828,2.026441533526428,-0.9641796158315374,NAT
Poa_alpina,Poa_alpina_Stoderzinken,-2.489,0.519,Ordbeta,T0-T3,DIST,1,Stoderzinken,Reactivity,-0.30051843193532624,Reactivity,H3,T0,-0.7572905629187225,0.7252842431098,0.4744156233804123,0,-0.41320185179705465,-1.0776404116342828,2.026441533526428,-0.9641796158315374,NAT
Poa_alpina,Poa_alpina_Stoderzinken,-2.489,0.519,Ordbeta,T0-T3,DIST,1,Stoderzinken,T_generation,2.663651508322692,Generation time,H2,T0,-0.7572905629187225,0.7252842431098,0.4744156233804123,0,-0.41320185179705465,-1.0776404116342828,2.026441533526428,-0.9641796158315374,NAT
Poa_alpina,Poa_alpina_Stoderzinken,-2.489,0.519,Ordbeta,T0-T3,DIST,1,Stoderzinken,age_repro,-0.5023527299444608,Age at first reproduction,H2,T0,-0.7572905629187225,0.7252842431098,0.4744156233804123,0,-0.41320185179705465,-1.0776404116342828,2.026441533526428,-0.9641796158315374,NAT
Poa_alpina,Poa_alpina_Stoderzinken,-2.489,0.519,Ordbeta,T0-T3,DIST,1,Stoderzinken,percapita_repro,-0.4711361944184241,Per capita reproduction,H1,T0,-0.7572905629187225,0.7252842431098,0.4744156233804123,0,-0.41320185179705465,-1.0776404116342828,2.026441533526428,-0.9641796158315374,NAT
Potentilla_recta,Potentilla_recta_Churning Rapids,-2.29,0.304,Ordbeta,T0-T3,DIST,1,Churning Rapids,FirstStepAtt,1.4188971880873036,First step attenuation,H3,T0,-0.28918763499541594,-0.21060534979087156,-0.11844543096706447,0,-0.3059248891415658,0.04365022904444811,-0.8281278578251694,-0.4293992819164351,INT
Potentilla_recta,Potentilla_recta_Churning Rapids,-2.29,0.304,Ordbeta,T0-T3,DIST,1,Churning Rapids,Lambda,0.6581615772867075,Population growth rate,H4,T0,-0.28918763499541594,-0.21060534979087156,-0.11844543096706447,0,-0.3059248891415658,0.04365022904444811,-0.8281278578251694,-0.4293992819164351,INT
Potentilla_recta,Potentilla_recta_Churning Rapids,-2.29,0.304,Ordbeta,T0-T3,DIST,1,Churning Rapids,R0,-0.32456987036530033,Net reproductive rate,H1,T0,-0.28918763499541594,-0.21060534979087156,-0.11844543096706447,0,-0.3059248891415658,0.04365022904444811,-0.8281278578251694,-0.4293992819164351,INT
Potentilla_recta,Potentilla_recta_Churning Rapids,-2.29,0.304,Ordbeta,T0-T3,DIST,1,Churning Rapids,Reactivity,-0.07241700930909219,Reactivity,H3,T0,-0.28918763499541594,-0.21060534979087156,-0.11844543096706447,0,-0.3059248891415658,0.04365022904444811,-0.8281278578251694,-0.4293992819164351,INT
Potentilla_recta,Potentilla_recta_Churning Rapids,-2.29,0.304,Ordbeta,T0-T3,DIST,1,Churning Rapids,T_generation,-0.2648086393763971,Generation time,H2,T0,-0.28918763499541594,-0.21060534979087156,-0.11844543096706447,0,-0.3059248891415658,0.04365022904444811,-0.8281278578251694,-0.4293992819164351,INT
Potentilla_recta,Potentilla_recta_Churning Rapids,-2.29,0.304,Ordbeta,T0-T3,DIST,1,Churning Rapids,age_repro,0.46115531071232363,Age at first reproduction,H2,T0,-0.28918763499541594,-0.21060534979087156,-0.11844543096706447,0,-0.3059248891415658,0.04365022904444811,-0.8281278578251694,-0.4293992819164351,INT
Potentilla_recta,Potentilla_recta_Churning Rapids,-2.29,0.304,Ordbeta,T0-T3,DIST,1,Churning Rapids,percapita_repro,0.373555286685368,Per capita reproduction,H1,T0,-0.28918763499541594,-0.21060534979087156,-0.11844543096706447,0,-0.3059248891415658,0.04365022904444811,-0.8281278578251694,-0.4293992819164351,INT
Potentilla_recta,Potentilla_recta_Kellogg Biological Station (KBS),-2.588,0.405,Ordbeta,T0-T3,DIST,1,Kellogg Biological Station (KBS),FirstStepAtt,1.4188971880873036,First step attenuation,H3,T0,0.6080096435242552,-0.3823161357234788,-0.16217943353098632,0,-0.6951717449115951,-0.3815561424686202,-0.7649907190758011,2.026063801802161,INT
Potentilla_recta,Potentilla_recta_Kellogg Biological Station (KBS),-2.588,0.405,Ordbeta,T0-T3,DIST,1,Kellogg Biological Station (KBS),Lambda,0.6581615772867075,Population growth rate,H4,T0,0.6080096435242552,-0.3823161357234788,-0.16217943353098632,0,-0.6951717449115951,-0.3815561424686202,-0.7649907190758011,2.026063801802161,INT
Potentilla_recta,Potentilla_recta_Kellogg Biological Station (KBS),-2.588,0.405,Ordbeta,T0-T3,DIST,1,Kellogg Biological Station (KBS),R0,-0.32456987036530033,Net reproductive rate,H1,T0,0.6080096435242552,-0.3823161357234788,-0.16217943353098632,0,-0.6951717449115951,-0.3815561424686202,-0.7649907190758011,2.026063801802161,INT
Potentilla_recta,Potentilla_recta_Kellogg Biological Station (KBS),-2.588,0.405,Ordbeta,T0-T3,DIST,1,Kellogg Biological Station (KBS),Reactivity,-0.07241700930909219,Reactivity,H3,T0,0.6080096435242552,-0.3823161357234788,-0.16217943353098632,0,-0.6951717449115951,-0.3815561424686202,-0.7649907190758011,2.026063801802161,INT
Potentilla_recta,Potentilla_recta_Kellogg Biological Station (KBS),-2.588,0.405,Ordbeta,T0-T3,DIST,1,Kellogg Biological Station (KBS),T_generation,-0.2648086393763971,Generation time,H2,T0,0.6080096435242552,-0.3823161357234788,-0.16217943353098632,0,-0.6951717449115951,-0.3815561424686202,-0.7649907190758011,2.026063801802161,INT
Potentilla_recta,Potentilla_recta_Kellogg Biological Station (KBS),-2.588,0.405,Ordbeta,T0-T3,DIST,1,Kellogg Biological Station (KBS),age_repro,0.46115531071232363,Age at first reproduction,H2,T0,0.6080096435242552,-0.3823161357234788,-0.16217943353098632,0,-0.6951717449115951,-0.3815561424686202,-0.7649907190758011,2.026063801802161,INT
Potentilla_recta,Potentilla_recta_Kellogg Biological Station (KBS),-2.588,0.405,Ordbeta,T0-T3,DIST,1,Kellogg Biological Station (KBS),percapita_repro,0.373555286685368,Per capita reproduction,H1,T0,0.6080096435242552,-0.3823161357234788,-0.16217943353098632,0,-0.6951717449115951,-0.3815561424686202,-0.7649907190758011,2.026063801802161,INT
Primula_elatior,Primula_elatior_Stoderzinken,-2.477,0.399,Ordbeta,T0-T3,DIST,1,Stoderzinken,FirstStepAtt,-0.3116726206220016,First step attenuation,H3,T0,-0.7572905629187225,0.7252842431098,0.4744156233804123,0,-0.41320185179705465,-1.0776404116342828,2.026441533526428,-0.9641796158315374,NAT
Primula_elatior,Primula_elatior_Stoderzinken,-2.477,0.399,Ordbeta,T0-T3,DIST,1,Stoderzinken,Lambda,-0.13671251477115715,Population growth rate,H4,T0,-0.7572905629187225,0.7252842431098,0.4744156233804123,0,-0.41320185179705465,-1.0776404116342828,2.026441533526428,-0.9641796158315374,NAT
Primula_elatior,Primula_elatior_Stoderzinken,-2.477,0.399,Ordbeta,T0-T3,DIST,1,Stoderzinken,R0,-0.29975030032053857,Net reproductive rate,H1,T0,-0.7572905629187225,0.7252842431098,0.4744156233804123,0,-0.41320185179705465,-1.0776404116342828,2.026441533526428,-0.9641796158315374,NAT
Primula_elatior,Primula_elatior_Stoderzinken,-2.477,0.399,Ordbeta,T0-T3,DIST,1,Stoderzinken,Reactivity,-0.29402974727427655,Reactivity,H3,T0,-0.7572905629187225,0.7252842431098,0.4744156233804123,0,-0.41320185179705465,-1.0776404116342828,2.026441533526428,-0.9641796158315374,NAT
Primula_elatior,Primula_elatior_Stoderzinken,-2.477,0.399,Ordbeta,T0-T3,DIST,1,Stoderzinken,T_generation,1.4839341983371046,Generation time,H2,T0,-0.7572905629187225,0.7252842431098,0.4744156233804123,0,-0.41320185179705465,-1.0776404116342828,2.026441533526428,-0.9641796158315374,NAT
Primula_elatior,Primula_elatior_Stoderzinken,-2.477,0.399,Ordbeta,T0-T3,DIST,1,Stoderzinken,age_repro,0.743842666686973,Age at first reproduction,H2,T0,-0.7572905629187225,0.7252842431098,0.4744156233804123,0,-0.41320185179705465,-1.0776404116342828,2.026441533526428,-0.9641796158315374,NAT
Primula_elatior,Primula_elatior_Stoderzinken,-2.477,0.399,Ordbeta,T0-T3,DIST,1,Stoderzinken,percapita_repro,-0.46208167997535393,Per capita reproduction,H1,T0,-0.7572905629187225,0.7252842431098,0.4744156233804123,0,-0.41320185179705465,-1.0776404116342828,2.026441533526428,-0.9641796158315374,NAT
Primula_veris,Primula_veris_Wytham Woods,-2.574,0.407,Ordbeta,T0-T3,DIST,1,Wytham Woods,FirstStepAtt,-0.19349775427827257,First step attenuation,H3,T0,1.1385262951706692,0.9703437817001139,1.0760089899315513,0,-0.48678535534291734,-0.5976146616129729,0.41522666757088206,-0.12047087426531668,NAT
Primula_veris,Primula_veris_Wytham Woods,-2.574,0.407,Ordbeta,T0-T3,DIST,1,Wytham Woods,Lambda,-0.42026941978406296,Population growth rate,H4,T0,1.1385262951706692,0.9703437817001139,1.0760089899315513,0,-0.48678535534291734,-0.5976146616129729,0.41522666757088206,-0.12047087426531668,NAT
Primula_veris,Primula_veris_Wytham Woods,-2.574,0.407,Ordbeta,T0-T3,DIST,1,Wytham Woods,R0,-0.46453287398700277,Net reproductive rate,H1,T0,1.1385262951706692,0.9703437817001139,1.0760089899315513,0,-0.48678535534291734,-0.5976146616129729,0.41522666757088206,-0.12047087426531668,NAT
Primula_veris,Primula_veris_Wytham Woods,-2.574,0.407,Ordbeta,T0-T3,DIST,1,Wytham Woods,Reactivity,-0.24301155303471994,Reactivity,H3,T0,1.1385262951706692,0.9703437817001139,1.0760089899315513,0,-0.48678535534291734,-0.5976146616129729,0.41522666757088206,-0.12047087426531668,NAT
Primula_veris,Primula_veris_Wytham Woods,-2.574,0.407,Ordbeta,T0-T3,DIST,1,Wytham Woods,T_generation,3.4196715118403365,Generation time,H2,T0,1.1385262951706692,0.9703437817001139,1.0760089899315513,0,-0.48678535534291734,-0.5976146616129729,0.41522666757088206,-0.12047087426531668,NAT
Primula_veris,Primula_veris_Wytham Woods,-2.574,0.407,Ordbeta,T0-T3,DIST,1,Wytham Woods,age_repro,2.360287426810533,Age at first reproduction,H2,T0,1.1385262951706692,0.9703437817001139,1.0760089899315513,0,-0.48678535534291734,-0.5976146616129729,0.41522666757088206,-0.12047087426531668,NAT
Primula_veris,Primula_veris_Wytham Woods,-2.574,0.407,Ordbeta,T0-T3,DIST,1,Wytham Woods,percapita_repro,-0.407406941498362,Per capita reproduction,H1,T0,1.1385262951706692,0.9703437817001139,1.0760089899315513,0,-0.48678535534291734,-0.5976146616129729,0.41522666757088206,-0.12047087426531668,NAT
Ranunculus_acris,Ranunculus_acris_Agroscope Changins,-2.344,0.248,Ordbeta,T0-T3,DIST,1,Agroscope Changins,FirstStepAtt,-0.22989232112422148,First step attenuation,H3,T0,1.1151211487745039,1.231861200363381,1.4334641159886803,0,-1.2881608799324629,-1.398708630217884,1.650051594077399,0.46165430853599404,NAT
Ranunculus_acris,Ranunculus_acris_Agroscope Changins,-2.344,0.248,Ordbeta,T0-T3,DIST,1,Agroscope Changins,Lambda,0.19050972512999453,Population growth rate,H4,T0,1.1151211487745039,1.231861200363381,1.4334641159886803,0,-1.2881608799324629,-1.398708630217884,1.650051594077399,0.46165430853599404,NAT
Ranunculus_acris,Ranunculus_acris_Agroscope Changins,-2.344,0.248,Ordbeta,T0-T3,DIST,1,Agroscope Changins,R0,-0.43889347948037083,Net reproductive rate,H1,T0,1.1151211487745039,1.231861200363381,1.4334641159886803,0,-1.2881608799324629,-1.398708630217884,1.650051594077399,0.46165430853599404,NAT
Ranunculus_acris,Ranunculus_acris_Agroscope Changins,-2.344,0.248,Ordbeta,T0-T3,DIST,1,Agroscope Changins,Reactivity,-0.27914114552601355,Reactivity,H3,T0,1.1151211487745039,1.231861200363381,1.4334641159886803,0,-1.2881608799324629,-1.398708630217884,1.650051594077399,0.46165430853599404,NAT
Ranunculus_acris,Ranunculus_acris_Agroscope Changins,-2.344,0.248,Ordbeta,T0-T3,DIST,1,Agroscope Changins,T_generation,-0.16770409612890635,Generation time,H2,T0,1.1151211487745039,1.231861200363381,1.4334641159886803,0,-1.2881608799324629,-1.398708630217884,1.650051594077399,0.46165430853599404,NAT
Ranunculus_acris,Ranunculus_acris_Agroscope Changins,-2.344,0.248,Ordbeta,T0-T3,DIST,1,Agroscope Changins,age_repro,-0.1597527360415721,Age at first reproduction,H2,T0,1.1151211487745039,1.231861200363381,1.4334641159886803,0,-1.2881608799324629,-1.398708630217884,1.650051594077399,0.46165430853599404,NAT
Ranunculus_acris,Ranunculus_acris_Agroscope Changins,-2.344,0.248,Ordbeta,T0-T3,DIST,1,Agroscope Changins,percapita_repro,-0.43874117843392574,Per capita reproduction,H1,T0,1.1151211487745039,1.231861200363381,1.4334641159886803,0,-1.2881608799324629,-1.398708630217884,1.650051594077399,0.46165430853599404,NAT
Ranunculus_acris,Ranunculus_acris_Bayreuth DRAGNet,-2.632,0.312,Ordbeta,T0-T3,DIST,1,Bayreuth DRAGNet,FirstStepAtt,-0.22989232112422148,First step attenuation,H3,T0,1.7002498086786373,1.1903000578533576,1.5813921901858357,0,0.7663265952564761,0.8046703576991449,-0.4657062309279624,0.012833603314585775,NAT
Ranunculus_acris,Ranunculus_acris_Bayreuth DRAGNet,-2.632,0.312,Ordbeta,T0-T3,DIST,1,Bayreuth DRAGNet,Lambda,0.19050972512999453,Population growth rate,H4,T0,1.7002498086786373,1.1903000578533576,1.5813921901858357,0,0.7663265952564761,0.8046703576991449,-0.4657062309279624,0.012833603314585775,NAT
Ranunculus_acris,Ranunculus_acris_Bayreuth DRAGNet,-2.632,0.312,Ordbeta,T0-T3,DIST,1,Bayreuth DRAGNet,R0,-0.43889347948037083,Net reproductive rate,H1,T0,1.7002498086786373,1.1903000578533576,1.5813921901858357,0,0.7663265952564761,0.8046703576991449,-0.4657062309279624,0.012833603314585775,NAT
Ranunculus_acris,Ranunculus_acris_Bayreuth DRAGNet,-2.632,0.312,Ordbeta,T0-T3,DIST,1,Bayreuth DRAGNet,Reactivity,-0.27914114552601355,Reactivity,H3,T0,1.7002498086786373,1.1903000578533576,1.5813921901858357,0,0.7663265952564761,0.8046703576991449,-0.4657062309279624,0.012833603314585775,NAT
Ranunculus_acris,Ranunculus_acris_Bayreuth DRAGNet,-2.632,0.312,Ordbeta,T0-T3,DIST,1,Bayreuth DRAGNet,T_generation,-0.16770409612890635,Generation time,H2,T0,1.7002498086786373,1.1903000578533576,1.5813921901858357,0,0.7663265952564761,0.8046703576991449,-0.4657062309279624,0.012833603314585775,NAT
Ranunculus_acris,Ranunculus_acris_Bayreuth DRAGNet,-2.632,0.312,Ordbeta,T0-T3,DIST,1,Bayreuth DRAGNet,age_repro,-0.1597527360415721,Age at first reproduction,H2,T0,1.7002498086786373,1.1903000578533576,1.5813921901858357,0,0.7663265952564761,0.8046703576991449,-0.4657062309279624,0.012833603314585775,NAT
Ranunculus_acris,Ranunculus_acris_Bayreuth DRAGNet,-2.632,0.312,Ordbeta,T0-T3,DIST,1,Bayreuth DRAGNet,percapita_repro,-0.43874117843392574,Per capita reproduction,H1,T0,1.7002498086786373,1.1903000578533576,1.5813921901858357,0,0.7663265952564761,0.8046703576991449,-0.4657062309279624,0.012833603314585775,NAT
Ranunculus_acris,Ranunculus_acris_CEREEP - Ecotron IDF,-2.436,0.526,Ordbeta,T0-T3,DIST,1,CEREEP - Ecotron IDF,FirstStepAtt,-0.22989232112422148,First step attenuation,H3,NA,NA,NA,NA,NA,NA,NA,NA,NA,NA
Ranunculus_acris,Ranunculus_acris_CEREEP - Ecotron IDF,-2.436,0.526,Ordbeta,T0-T3,DIST,1,CEREEP - Ecotron IDF,Lambda,0.19050972512999453,Population growth rate,H4,NA,NA,NA,NA,NA,NA,NA,NA,NA,NA
Ranunculus_acris,Ranunculus_acris_CEREEP - Ecotron IDF,-2.436,0.526,Ordbeta,T0-T3,DIST,1,CEREEP - Ecotron IDF,R0,-0.43889347948037083,Net reproductive rate,H1,NA,NA,NA,NA,NA,NA,NA,NA,NA,NA
Ranunculus_acris,Ranunculus_acris_CEREEP - Ecotron IDF,-2.436,0.526,Ordbeta,T0-T3,DIST,1,CEREEP - Ecotron IDF,Reactivity,-0.27914114552601355,Reactivity,H3,NA,NA,NA,NA,NA,NA,NA,NA,NA,NA
Ranunculus_acris,Ranunculus_acris_CEREEP - Ecotron IDF,-2.436,0.526,Ordbeta,T0-T3,DIST,1,CEREEP - Ecotron IDF,T_generation,-0.16770409612890635,Generation time,H2,NA,NA,NA,NA,NA,NA,NA,NA,NA,NA
Ranunculus_acris,Ranunculus_acris_CEREEP - Ecotron IDF,-2.436,0.526,Ordbeta,T0-T3,DIST,1,CEREEP - Ecotron IDF,age_repro,-0.1597527360415721,Age at first reproduction,H2,NA,NA,NA,NA,NA,NA,NA,NA,NA,NA
Ranunculus_acris,Ranunculus_acris_CEREEP - Ecotron IDF,-2.436,0.526,Ordbeta,T0-T3,DIST,1,CEREEP - Ecotron IDF,percapita_repro,-0.43874117843392574,Per capita reproduction,H1,NA,NA,NA,NA,NA,NA,NA,NA,NA,NA
Ranunculus_acris,Ranunculus_acris_Churning Rapids,-2.339,0.537,Ordbeta,T0-T3,DIST,1,Churning Rapids,FirstStepAtt,-0.22989232112422148,First step attenuation,H3,T0,-0.28918763499541594,-0.21060534979087156,-0.11844543096706447,0,-0.3059248891415658,0.04365022904444811,-0.8281278578251694,-0.4293992819164351,NAT
Ranunculus_acris,Ranunculus_acris_Churning Rapids,-2.339,0.537,Ordbeta,T0-T3,DIST,1,Churning Rapids,Lambda,0.19050972512999453,Population growth rate,H4,T0,-0.28918763499541594,-0.21060534979087156,-0.11844543096706447,0,-0.3059248891415658,0.04365022904444811,-0.8281278578251694,-0.4293992819164351,NAT
Ranunculus_acris,Ranunculus_acris_Churning Rapids,-2.339,0.537,Ordbeta,T0-T3,DIST,1,Churning Rapids,R0,-0.43889347948037083,Net reproductive rate,H1,T0,-0.28918763499541594,-0.21060534979087156,-0.11844543096706447,0,-0.3059248891415658,0.04365022904444811,-0.8281278578251694,-0.4293992819164351,NAT
Ranunculus_acris,Ranunculus_acris_Churning Rapids,-2.339,0.537,Ordbeta,T0-T3,DIST,1,Churning Rapids,Reactivity,-0.27914114552601355,Reactivity,H3,T0,-0.28918763499541594,-0.21060534979087156,-0.11844543096706447,0,-0.3059248891415658,0.04365022904444811,-0.8281278578251694,-0.4293992819164351,NAT
Ranunculus_acris,Ranunculus_acris_Churning Rapids,-2.339,0.537,Ordbeta,T0-T3,DIST,1,Churning Rapids,T_generation,-0.16770409612890635,Generation time,H2,T0,-0.28918763499541594,-0.21060534979087156,-0.11844543096706447,0,-0.3059248891415658,0.04365022904444811,-0.8281278578251694,-0.4293992819164351,NAT
Ranunculus_acris,Ranunculus_acris_Churning Rapids,-2.339,0.537,Ordbeta,T0-T3,DIST,1,Churning Rapids,age_repro,-0.1597527360415721,Age at first reproduction,H2,T0,-0.28918763499541594,-0.21060534979087156,-0.11844543096706447,0,-0.3059248891415658,0.04365022904444811,-0.8281278578251694,-0.4293992819164351,NAT
Ranunculus_acris,Ranunculus_acris_Churning Rapids,-2.339,0.537,Ordbeta,T0-T3,DIST,1,Churning Rapids,percapita_repro,-0.43874117843392574,Per capita reproduction,H1,T0,-0.28918763499541594,-0.21060534979087156,-0.11844543096706447,0,-0.3059248891415658,0.04365022904444811,-0.8281278578251694,-0.4293992819164351,NAT
Ranunculus_acris,Ranunculus_acris_Kniezenberg,-2.392,0.531,Ordbeta,T0-T3,DIST,1,Kniezenberg,FirstStepAtt,-0.22989232112422148,First step attenuation,H3,T0,0.061889560947064014,-0.8020551636910082,-0.735183579836512,0,-1.2184013945374839,-0.8038659869745547,-0.9964378960740793,-1.0919845584754213,NAT
Ranunculus_acris,Ranunculus_acris_Kniezenberg,-2.392,0.531,Ordbeta,T0-T3,DIST,1,Kniezenberg,Lambda,0.19050972512999453,Population growth rate,H4,T0,0.061889560947064014,-0.8020551636910082,-0.735183579836512,0,-1.2184013945374839,-0.8038659869745547,-0.9964378960740793,-1.0919845584754213,NAT
Ranunculus_acris,Ranunculus_acris_Kniezenberg,-2.392,0.531,Ordbeta,T0-T3,DIST,1,Kniezenberg,R0,-0.43889347948037083,Net reproductive rate,H1,T0,0.061889560947064014,-0.8020551636910082,-0.735183579836512,0,-1.2184013945374839,-0.8038659869745547,-0.9964378960740793,-1.0919845584754213,NAT
Ranunculus_acris,Ranunculus_acris_Kniezenberg,-2.392,0.531,Ordbeta,T0-T3,DIST,1,Kniezenberg,Reactivity,-0.27914114552601355,Reactivity,H3,T0,0.061889560947064014,-0.8020551636910082,-0.735183579836512,0,-1.2184013945374839,-0.8038659869745547,-0.9964378960740793,-1.0919845584754213,NAT
Ranunculus_acris,Ranunculus_acris_Kniezenberg,-2.392,0.531,Ordbeta,T0-T3,DIST,1,Kniezenberg,T_generation,-0.16770409612890635,Generation time,H2,T0,0.061889560947064014,-0.8020551636910082,-0.735183579836512,0,-1.2184013945374839,-0.8038659869745547,-0.9964378960740793,-1.0919845584754213,NAT
Ranunculus_acris,Ranunculus_acris_Kniezenberg,-2.392,0.531,Ordbeta,T0-T3,DIST,1,Kniezenberg,age_repro,-0.1597527360415721,Age at first reproduction,H2,T0,0.061889560947064014,-0.8020551636910082,-0.735183579836512,0,-1.2184013945374839,-0.8038659869745547,-0.9964378960740793,-1.0919845584754213,NAT
Ranunculus_acris,Ranunculus_acris_Kniezenberg,-2.392,0.531,Ordbeta,T0-T3,DIST,1,Kniezenberg,percapita_repro,-0.43874117843392574,Per capita reproduction,H1,T0,0.061889560947064014,-0.8020551636910082,-0.735183579836512,0,-1.2184013945374839,-0.8038659869745547,-0.9964378960740793,-1.0919845584754213,NAT
Ranunculus_acris,Ranunculus_acris_Meranges,-2.407,0.311,Ordbeta,T0-T3,DIST,1,Meranges,FirstStepAtt,-0.22989232112422148,First step attenuation,H3,T0,0.13990671560094858,0.36789476432309715,0.5059990059128129,0,-0.899111549025792,-0.640206423564969,-0.4548207881572258,-0.606484540332569,NAT
Ranunculus_acris,Ranunculus_acris_Meranges,-2.407,0.311,Ordbeta,T0-T3,DIST,1,Meranges,Lambda,0.19050972512999453,Population growth rate,H4,T0,0.13990671560094858,0.36789476432309715,0.5059990059128129,0,-0.899111549025792,-0.640206423564969,-0.4548207881572258,-0.606484540332569,NAT
Ranunculus_acris,Ranunculus_acris_Meranges,-2.407,0.311,Ordbeta,T0-T3,DIST,1,Meranges,R0,-0.43889347948037083,Net reproductive rate,H1,T0,0.13990671560094858,0.36789476432309715,0.5059990059128129,0,-0.899111549025792,-0.640206423564969,-0.4548207881572258,-0.606484540332569,NAT
Ranunculus_acris,Ranunculus_acris_Meranges,-2.407,0.311,Ordbeta,T0-T3,DIST,1,Meranges,Reactivity,-0.27914114552601355,Reactivity,H3,T0,0.13990671560094858,0.36789476432309715,0.5059990059128129,0,-0.899111549025792,-0.640206423564969,-0.4548207881572258,-0.606484540332569,NAT
Ranunculus_acris,Ranunculus_acris_Meranges,-2.407,0.311,Ordbeta,T0-T3,DIST,1,Meranges,T_generation,-0.16770409612890635,Generation time,H2,T0,0.13990671560094858,0.36789476432309715,0.5059990059128129,0,-0.899111549025792,-0.640206423564969,-0.4548207881572258,-0.606484540332569,NAT
Ranunculus_acris,Ranunculus_acris_Meranges,-2.407,0.311,Ordbeta,T0-T3,DIST,1,Meranges,age_repro,-0.1597527360415721,Age at first reproduction,H2,T0,0.13990671560094858,0.36789476432309715,0.5059990059128129,0,-0.899111549025792,-0.640206423564969,-0.4548207881572258,-0.606484540332569,NAT
Ranunculus_acris,Ranunculus_acris_Meranges,-2.407,0.311,Ordbeta,T0-T3,DIST,1,Meranges,percapita_repro,-0.43874117843392574,Per capita reproduction,H1,T0,0.13990671560094858,0.36789476432309715,0.5059990059128129,0,-0.899111549025792,-0.640206423564969,-0.4548207881572258,-0.606484540332569,NAT
Ranunculus_acris,Ranunculus_acris_Stoderzinken,-2.485,0.364,Ordbeta,T0-T3,DIST,1,Stoderzinken,FirstStepAtt,-0.22989232112422148,First step attenuation,H3,T0,-0.7572905629187225,0.7252842431098,0.4744156233804123,0,-0.41320185179705465,-1.0776404116342828,2.026441533526428,-0.9641796158315374,NAT
Ranunculus_acris,Ranunculus_acris_Stoderzinken,-2.485,0.364,Ordbeta,T0-T3,DIST,1,Stoderzinken,Lambda,0.19050972512999453,Population growth rate,H4,T0,-0.7572905629187225,0.7252842431098,0.4744156233804123,0,-0.41320185179705465,-1.0776404116342828,2.026441533526428,-0.9641796158315374,NAT
Ranunculus_acris,Ranunculus_acris_Stoderzinken,-2.485,0.364,Ordbeta,T0-T3,DIST,1,Stoderzinken,R0,-0.43889347948037083,Net reproductive rate,H1,T0,-0.7572905629187225,0.7252842431098,0.4744156233804123,0,-0.41320185179705465,-1.0776404116342828,2.026441533526428,-0.9641796158315374,NAT
Ranunculus_acris,Ranunculus_acris_Stoderzinken,-2.485,0.364,Ordbeta,T0-T3,DIST,1,Stoderzinken,Reactivity,-0.27914114552601355,Reactivity,H3,T0,-0.7572905629187225,0.7252842431098,0.4744156233804123,0,-0.41320185179705465,-1.0776404116342828,2.026441533526428,-0.9641796158315374,NAT
Ranunculus_acris,Ranunculus_acris_Stoderzinken,-2.485,0.364,Ordbeta,T0-T3,DIST,1,Stoderzinken,T_generation,-0.16770409612890635,Generation time,H2,T0,-0.7572905629187225,0.7252842431098,0.4744156233804123,0,-0.41320185179705465,-1.0776404116342828,2.026441533526428,-0.9641796158315374,NAT
Ranunculus_acris,Ranunculus_acris_Stoderzinken,-2.485,0.364,Ordbeta,T0-T3,DIST,1,Stoderzinken,age_repro,-0.1597527360415721,Age at first reproduction,H2,T0,-0.7572905629187225,0.7252842431098,0.4744156233804123,0,-0.41320185179705465,-1.0776404116342828,2.026441533526428,-0.9641796158315374,NAT
Ranunculus_acris,Ranunculus_acris_Stoderzinken,-2.485,0.364,Ordbeta,T0-T3,DIST,1,Stoderzinken,percapita_repro,-0.43874117843392574,Per capita reproduction,H1,T0,-0.7572905629187225,0.7252842431098,0.4744156233804123,0,-0.41320185179705465,-1.0776404116342828,2.026441533526428,-0.9641796158315374,NAT
Ranunculus_acris,Ranunculus_acris_WSL,-2.547,0.362,Ordbeta,T0-T3,DIST,1,WSL,FirstStepAtt,-0.22989232112422148,First step attenuation,H3,T0,-0.8743162948995492,0.8005497667622437,0.4329590289255727,0,0.7223509120374744,0.494707828917318,-0.07955499989208786,-0.8401532541006036,NAT
Ranunculus_acris,Ranunculus_acris_WSL,-2.547,0.362,Ordbeta,T0-T3,DIST,1,WSL,Lambda,0.19050972512999453,Population growth rate,H4,T0,-0.8743162948995492,0.8005497667622437,0.4329590289255727,0,0.7223509120374744,0.494707828917318,-0.07955499989208786,-0.8401532541006036,NAT
Ranunculus_acris,Ranunculus_acris_WSL,-2.547,0.362,Ordbeta,T0-T3,DIST,1,WSL,R0,-0.43889347948037083,Net reproductive rate,H1,T0,-0.8743162948995492,0.8005497667622437,0.4329590289255727,0,0.7223509120374744,0.494707828917318,-0.07955499989208786,-0.8401532541006036,NAT
Ranunculus_acris,Ranunculus_acris_WSL,-2.547,0.362,Ordbeta,T0-T3,DIST,1,WSL,Reactivity,-0.27914114552601355,Reactivity,H3,T0,-0.8743162948995492,0.8005497667622437,0.4329590289255727,0,0.7223509120374744,0.494707828917318,-0.07955499989208786,-0.8401532541006036,NAT
Ranunculus_acris,Ranunculus_acris_WSL,-2.547,0.362,Ordbeta,T0-T3,DIST,1,WSL,T_generation,-0.16770409612890635,Generation time,H2,T0,-0.8743162948995492,0.8005497667622437,0.4329590289255727,0,0.7223509120374744,0.494707828917318,-0.07955499989208786,-0.8401532541006036,NAT
Ranunculus_acris,Ranunculus_acris_WSL,-2.547,0.362,Ordbeta,T0-T3,DIST,1,WSL,age_repro,-0.1597527360415721,Age at first reproduction,H2,T0,-0.8743162948995492,0.8005497667622437,0.4329590289255727,0,0.7223509120374744,0.494707828917318,-0.07955499989208786,-0.8401532541006036,NAT
Ranunculus_acris,Ranunculus_acris_WSL,-2.547,0.362,Ordbeta,T0-T3,DIST,1,WSL,percapita_repro,-0.43874117843392574,Per capita reproduction,H1,T0,-0.8743162948995492,0.8005497667622437,0.4329590289255727,0,0.7223509120374744,0.494707828917318,-0.07955499989208786,-0.8401532541006036,NAT
Ranunculus_acris,Ranunculus_acris_Wytham Woods,-2.858,0.385,Ordbeta,T0-T3,DIST,1,Wytham Woods,FirstStepAtt,-0.22989232112422148,First step attenuation,H3,T0,1.1385262951706692,0.9703437817001139,1.0760089899315513,0,-0.48678535534291734,-0.5976146616129729,0.41522666757088206,-0.12047087426531668,NAT
Ranunculus_acris,Ranunculus_acris_Wytham Woods,-2.858,0.385,Ordbeta,T0-T3,DIST,1,Wytham Woods,Lambda,0.19050972512999453,Population growth rate,H4,T0,1.1385262951706692,0.9703437817001139,1.0760089899315513,0,-0.48678535534291734,-0.5976146616129729,0.41522666757088206,-0.12047087426531668,NAT
Ranunculus_acris,Ranunculus_acris_Wytham Woods,-2.858,0.385,Ordbeta,T0-T3,DIST,1,Wytham Woods,R0,-0.43889347948037083,Net reproductive rate,H1,T0,1.1385262951706692,0.9703437817001139,1.0760089899315513,0,-0.48678535534291734,-0.5976146616129729,0.41522666757088206,-0.12047087426531668,NAT
Ranunculus_acris,Ranunculus_acris_Wytham Woods,-2.858,0.385,Ordbeta,T0-T3,DIST,1,Wytham Woods,Reactivity,-0.27914114552601355,Reactivity,H3,T0,1.1385262951706692,0.9703437817001139,1.0760089899315513,0,-0.48678535534291734,-0.5976146616129729,0.41522666757088206,-0.12047087426531668,NAT
Ranunculus_acris,Ranunculus_acris_Wytham Woods,-2.858,0.385,Ordbeta,T0-T3,DIST,1,Wytham Woods,T_generation,-0.16770409612890635,Generation time,H2,T0,1.1385262951706692,0.9703437817001139,1.0760089899315513,0,-0.48678535534291734,-0.5976146616129729,0.41522666757088206,-0.12047087426531668,NAT
Ranunculus_acris,Ranunculus_acris_Wytham Woods,-2.858,0.385,Ordbeta,T0-T3,DIST,1,Wytham Woods,age_repro,-0.1597527360415721,Age at first reproduction,H2,T0,1.1385262951706692,0.9703437817001139,1.0760089899315513,0,-0.48678535534291734,-0.5976146616129729,0.41522666757088206,-0.12047087426531668,NAT
Ranunculus_acris,Ranunculus_acris_Wytham Woods,-2.858,0.385,Ordbeta,T0-T3,DIST,1,Wytham Woods,percapita_repro,-0.43874117843392574,Per capita reproduction,H1,T0,1.1385262951706692,0.9703437817001139,1.0760089899315513,0,-0.48678535534291734,-0.5976146616129729,0.41522666757088206,-0.12047087426531668,NAT
Salsola_kali,Salsola_kali_Sandflats,-2.59,0.437,Ordbeta,T0-T3,DIST,1,Sandflats,FirstStepAtt,-0.7289557563210378,First step attenuation,H3,T0,-1.2644020681689714,-1.498888782374658,-1.1399509335879594,0,NA,NA,NA,-1.0822047019948458,INT
Salsola_kali,Salsola_kali_Sandflats,-2.59,0.437,Ordbeta,T0-T3,DIST,1,Sandflats,Lambda,-1.29247565576085,Population growth rate,H4,T0,-1.2644020681689714,-1.498888782374658,-1.1399509335879594,0,NA,NA,NA,-1.0822047019948458,INT
Salsola_kali,Salsola_kali_Sandflats,-2.59,0.437,Ordbeta,T0-T3,DIST,1,Sandflats,R0,-0.4965560841064165,Net reproductive rate,H1,T0,-1.2644020681689714,-1.498888782374658,-1.1399509335879594,0,NA,NA,NA,-1.0822047019948458,INT
Salsola_kali,Salsola_kali_Sandflats,-2.59,0.437,Ordbeta,T0-T3,DIST,1,Sandflats,Reactivity,NA,Reactivity,H3,T0,-1.2644020681689714,-1.498888782374658,-1.1399509335879594,0,NA,NA,NA,-1.0822047019948458,INT
Salsola_kali,Salsola_kali_Sandflats,-2.59,0.437,Ordbeta,T0-T3,DIST,1,Sandflats,T_generation,0.1180478161460637,Generation time,H2,T0,-1.2644020681689714,-1.498888782374658,-1.1399509335879594,0,NA,NA,NA,-1.0822047019948458,INT
Salsola_kali,Salsola_kali_Sandflats,-2.59,0.437,Ordbeta,T0-T3,DIST,1,Sandflats,age_repro,1.251920309157473,Age at first reproduction,H2,T0,-1.2644020681689714,-1.498888782374658,-1.1399509335879594,0,NA,NA,NA,-1.0822047019948458,INT
Salsola_kali,Salsola_kali_Sandflats,-2.59,0.437,Ordbeta,T0-T3,DIST,1,Sandflats,percapita_repro,NA,Per capita reproduction,H1,T0,-1.2644020681689714,-1.498888782374658,-1.1399509335879594,0,NA,NA,NA,-1.0822047019948458,INT
Sphaeralcea_coccinea,Sphaeralcea_coccinea_Shortgrass Steppe LTER,-2.243,0.344,Ordbeta,T0-T3,DIST,1,Shortgrass Steppe LTER,FirstStepAtt,3.8061656416311234,First step attenuation,H3,T0,-1.342419222822856,-1.9035018512877446,-1.444734176104233,0,2.675170108886487,3.008621713580912,-1.1236658654167908,-0.8963874288639123,NAT
Sphaeralcea_coccinea,Sphaeralcea_coccinea_Shortgrass Steppe LTER,-2.243,0.344,Ordbeta,T0-T3,DIST,1,Shortgrass Steppe LTER,Lambda,-0.4299081595480009,Population growth rate,H4,T0,-1.342419222822856,-1.9035018512877446,-1.444734176104233,0,2.675170108886487,3.008621713580912,-1.1236658654167908,-0.8963874288639123,NAT
Sphaeralcea_coccinea,Sphaeralcea_coccinea_Shortgrass Steppe LTER,-2.243,0.344,Ordbeta,T0-T3,DIST,1,Shortgrass Steppe LTER,R0,-0.45814861952697533,Net reproductive rate,H1,T0,-1.342419222822856,-1.9035018512877446,-1.444734176104233,0,2.675170108886487,3.008621713580912,-1.1236658654167908,-0.8963874288639123,NAT
Sphaeralcea_coccinea,Sphaeralcea_coccinea_Shortgrass Steppe LTER,-2.243,0.344,Ordbeta,T0-T3,DIST,1,Shortgrass Steppe LTER,Reactivity,-0.30539636798467973,Reactivity,H3,T0,-1.342419222822856,-1.9035018512877446,-1.444734176104233,0,2.675170108886487,3.008621713580912,-1.1236658654167908,-0.8963874288639123,NAT
Sphaeralcea_coccinea,Sphaeralcea_coccinea_Shortgrass Steppe LTER,-2.243,0.344,Ordbeta,T0-T3,DIST,1,Shortgrass Steppe LTER,T_generation,-0.5008584638799483,Generation time,H2,T0,-1.342419222822856,-1.9035018512877446,-1.444734176104233,0,2.675170108886487,3.008621713580912,-1.1236658654167908,-0.8963874288639123,NAT
Sphaeralcea_coccinea,Sphaeralcea_coccinea_Shortgrass Steppe LTER,-2.243,0.344,Ordbeta,T0-T3,DIST,1,Shortgrass Steppe LTER,age_repro,-1.1446544960784941,Age at first reproduction,H2,T0,-1.342419222822856,-1.9035018512877446,-1.444734176104233,0,2.675170108886487,3.008621713580912,-1.1236658654167908,-0.8963874288639123,NAT
Sphaeralcea_coccinea,Sphaeralcea_coccinea_Shortgrass Steppe LTER,-2.243,0.344,Ordbeta,T0-T3,DIST,1,Shortgrass Steppe LTER,percapita_repro,-0.46766051291539884,Per capita reproduction,H1,T0,-1.342419222822856,-1.9035018512877446,-1.444734176104233,0,2.675170108886487,3.008621713580912,-1.1236658654167908,-0.8963874288639123,NAT
Stenaria_nigricans,Stenaria_nigricans_Temple,-2.335,0.372,Ordbeta,T0-T3,DIST,1,Temple,FirstStepAtt,3.8973717885464536,First step attenuation,H3,T0,-1.4594449548036825,-1.5348358112243743,-1.180462107192222,0,NA,NA,NA,-0.2753665423473718,NAT
Stenaria_nigricans,Stenaria_nigricans_Temple,-2.335,0.372,Ordbeta,T0-T3,DIST,1,Temple,Lambda,-0.22769732384711128,Population growth rate,H4,T0,-1.4594449548036825,-1.5348358112243743,-1.180462107192222,0,NA,NA,NA,-0.2753665423473718,NAT
Stenaria_nigricans,Stenaria_nigricans_Temple,-2.335,0.372,Ordbeta,T0-T3,DIST,1,Temple,R0,-0.4362420588641267,Net reproductive rate,H1,T0,-1.4594449548036825,-1.5348358112243743,-1.180462107192222,0,NA,NA,NA,-0.2753665423473718,NAT
Stenaria_nigricans,Stenaria_nigricans_Temple,-2.335,0.372,Ordbeta,T0-T3,DIST,1,Temple,Reactivity,-0.3056673201976174,Reactivity,H3,T0,-1.4594449548036825,-1.5348358112243743,-1.180462107192222,0,NA,NA,NA,-0.2753665423473718,NAT
Stenaria_nigricans,Stenaria_nigricans_Temple,-2.335,0.372,Ordbeta,T0-T3,DIST,1,Temple,T_generation,-0.5253739188956371,Generation time,H2,T0,-1.4594449548036825,-1.5348358112243743,-1.180462107192222,0,NA,NA,NA,-0.2753665423473718,NAT
Stenaria_nigricans,Stenaria_nigricans_Temple,-2.335,0.372,Ordbeta,T0-T3,DIST,1,Temple,age_repro,-1.1446544960784941,Age at first reproduction,H2,T0,-1.4594449548036825,-1.5348358112243743,-1.180462107192222,0,NA,NA,NA,-0.2753665423473718,NAT
Stenaria_nigricans,Stenaria_nigricans_Temple,-2.335,0.372,Ordbeta,T0-T3,DIST,1,Temple,percapita_repro,-0.4647927806683419,Per capita reproduction,H1,T0,-1.4594449548036825,-1.5348358112243743,-1.180462107192222,0,NA,NA,NA,-0.2753665423473718,NAT
Taraxacum_campylodes,Taraxacum_campylodes_Bayreuth DRAGNet,-2.635,0.432,Ordbeta,T0-T3,DIST,1,Bayreuth DRAGNet,FirstStepAtt,0.10800397789008223,First step attenuation,H3,T0,1.7002498086786373,1.1903000578533576,1.5813921901858357,0,0.7663265952564761,0.8046703576991449,-0.4657062309279624,0.012833603314585775,NAT
Taraxacum_campylodes,Taraxacum_campylodes_Bayreuth DRAGNet,-2.635,0.432,Ordbeta,T0-T3,DIST,1,Bayreuth DRAGNet,Lambda,-2.6465873300503486,Population growth rate,H4,T0,1.7002498086786373,1.1903000578533576,1.5813921901858357,0,0.7663265952564761,0.8046703576991449,-0.4657062309279624,0.012833603314585775,NAT
Taraxacum_campylodes,Taraxacum_campylodes_Bayreuth DRAGNet,-2.635,0.432,Ordbeta,T0-T3,DIST,1,Bayreuth DRAGNet,R0,-0.4981584660006558,Net reproductive rate,H1,T0,1.7002498086786373,1.1903000578533576,1.5813921901858357,0,0.7663265952564761,0.8046703576991449,-0.4657062309279624,0.012833603314585775,NAT
Taraxacum_campylodes,Taraxacum_campylodes_Bayreuth DRAGNet,-2.635,0.432,Ordbeta,T0-T3,DIST,1,Bayreuth DRAGNet,Reactivity,-0.03952404325638885,Reactivity,H3,T0,1.7002498086786373,1.1903000578533576,1.5813921901858357,0,0.7663265952564761,0.8046703576991449,-0.4657062309279624,0.012833603314585775,NAT
Taraxacum_campylodes,Taraxacum_campylodes_Bayreuth DRAGNet,-2.635,0.432,Ordbeta,T0-T3,DIST,1,Bayreuth DRAGNet,T_generation,NA,Generation time,H2,T0,1.7002498086786373,1.1903000578533576,1.5813921901858357,0,0.7663265952564761,0.8046703576991449,-0.4657062309279624,0.012833603314585775,NAT
Taraxacum_campylodes,Taraxacum_campylodes_Bayreuth DRAGNet,-2.635,0.432,Ordbeta,T0-T3,DIST,1,Bayreuth DRAGNet,age_repro,-1.1446544960784941,Age at first reproduction,H2,T0,1.7002498086786373,1.1903000578533576,1.5813921901858357,0,0.7663265952564761,0.8046703576991449,-0.4657062309279624,0.012833603314585775,NAT
Taraxacum_campylodes,Taraxacum_campylodes_Bayreuth DRAGNet,-2.635,0.432,Ordbeta,T0-T3,DIST,1,Bayreuth DRAGNet,percapita_repro,-0.47171443476949804,Per capita reproduction,H1,T0,1.7002498086786373,1.1903000578533576,1.5813921901858357,0,0.7663265952564761,0.8046703576991449,-0.4657062309279624,0.012833603314585775,NAT
Thymus_vulgaris,Thymus_vulgaris_Morella la Vella,-2.47,0.338,Ordbeta,T0-T3,DIST,1,Morella la Vella,FirstStepAtt,3.877226696969025,First step attenuation,H3,T0,-1.4204363774767406,-1.0774168355901923,-0.9296128902364822,0,NA,NA,NA,-1.1225466099772194,NA
Thymus_vulgaris,Thymus_vulgaris_Morella la Vella,-2.47,0.338,Ordbeta,T0-T3,DIST,1,Morella la Vella,Lambda,-0.22095997064337325,Population growth rate,H4,T0,-1.4204363774767406,-1.0774168355901923,-0.9296128902364822,0,NA,NA,NA,-1.1225466099772194,NA
Thymus_vulgaris,Thymus_vulgaris_Morella la Vella,-2.47,0.338,Ordbeta,T0-T3,DIST,1,Morella la Vella,R0,-0.4850668945271295,Net reproductive rate,H1,T0,-1.4204363774767406,-1.0774168355901923,-0.9296128902364822,0,NA,NA,NA,-1.1225466099772194,NA
Thymus_vulgaris,Thymus_vulgaris_Morella la Vella,-2.47,0.338,Ordbeta,T0-T3,DIST,1,Morella la Vella,Reactivity,-0.3056619792091179,Reactivity,H3,T0,-1.4204363774767406,-1.0774168355901923,-0.9296128902364822,0,NA,NA,NA,-1.1225466099772194,NA
Thymus_vulgaris,Thymus_vulgaris_Morella la Vella,-2.47,0.338,Ordbeta,T0-T3,DIST,1,Morella la Vella,T_generation,NA,Generation time,H2,T0,-1.4204363774767406,-1.0774168355901923,-0.9296128902364822,0,NA,NA,NA,-1.1225466099772194,NA
Thymus_vulgaris,Thymus_vulgaris_Morella la Vella,-2.47,0.338,Ordbeta,T0-T3,DIST,1,Morella la Vella,age_repro,NA,Age at first reproduction,H2,T0,-1.4204363774767406,-1.0774168355901923,-0.9296128902364822,0,NA,NA,NA,-1.1225466099772194,NA
Thymus_vulgaris,Thymus_vulgaris_Morella la Vella,-2.47,0.338,Ordbeta,T0-T3,DIST,1,Morella la Vella,percapita_repro,-0.4716848842877544,Per capita reproduction,H1,T0,-1.4204363774767406,-1.0774168355901923,-0.9296128902364822,0,NA,NA,NA,-1.1225466099772194,NA
Verbascum_thapsus,Verbascum_thapsus_Cedar Creek LTER,-2.199,0.467,Ordbeta,T0-T3,DIST,1,Cedar Creek LTER,FirstStepAtt,-0.6484311720020941,First step attenuation,H3,T0,-1.2644020681689714,-1.1104602362180944,-0.944576857374687,0,-0.440155069565833,-0.3653363883805663,-0.2567312943462281,-0.15067337222003496,INT
Verbascum_thapsus,Verbascum_thapsus_Cedar Creek LTER,-2.199,0.467,Ordbeta,T0-T3,DIST,1,Cedar Creek LTER,Lambda,NA,Population growth rate,H4,T0,-1.2644020681689714,-1.1104602362180944,-0.944576857374687,0,-0.440155069565833,-0.3653363883805663,-0.2567312943462281,-0.15067337222003496,INT
Verbascum_thapsus,Verbascum_thapsus_Cedar Creek LTER,-2.199,0.467,Ordbeta,T0-T3,DIST,1,Cedar Creek LTER,R0,0.6231744844735947,Net reproductive rate,H1,T0,-1.2644020681689714,-1.1104602362180944,-0.944576857374687,0,-0.440155069565833,-0.3653363883805663,-0.2567312943462281,-0.15067337222003496,INT
Verbascum_thapsus,Verbascum_thapsus_Cedar Creek LTER,-2.199,0.467,Ordbeta,T0-T3,DIST,1,Cedar Creek LTER,Reactivity,NA,Reactivity,H3,T0,-1.2644020681689714,-1.1104602362180944,-0.944576857374687,0,-0.440155069565833,-0.3653363883805663,-0.2567312943462281,-0.15067337222003496,INT
Verbascum_thapsus,Verbascum_thapsus_Cedar Creek LTER,-2.199,0.467,Ordbeta,T0-T3,DIST,1,Cedar Creek LTER,T_generation,-0.38556564054727166,Generation time,H2,T0,-1.2644020681689714,-1.1104602362180944,-0.944576857374687,0,-0.440155069565833,-0.3653363883805663,-0.2567312943462281,-0.15067337222003496,INT
Verbascum_thapsus,Verbascum_thapsus_Cedar Creek LTER,-2.199,0.467,Ordbeta,T0-T3,DIST,1,Cedar Creek LTER,age_repro,4.528965415762252,Age at first reproduction,H2,T0,-1.2644020681689714,-1.1104602362180944,-0.944576857374687,0,-0.440155069565833,-0.3653363883805663,-0.2567312943462281,-0.15067337222003496,INT
Verbascum_thapsus,Verbascum_thapsus_Cedar Creek LTER,-2.199,0.467,Ordbeta,T0-T3,DIST,1,Cedar Creek LTER,percapita_repro,NA,Per capita reproduction,H1,T0,-1.2644020681689714,-1.1104602362180944,-0.944576857374687,0,-0.440155069565833,-0.3653363883805663,-0.2567312943462281,-0.15067337222003496,INT
Verbascum_thapsus,Verbascum_thapsus_University of Michigan Biological Station,-2.277,0.598,Ordbeta,T0-T3,DIST,1,University of Michigan Biological Station,FirstStepAtt,-0.6484311720020941,First step attenuation,H3,T0,-1.342419222822856,-1.9035018512877446,-1.444734176104233,0,NA,NA,NA,0.14272232219722827,INT
Verbascum_thapsus,Verbascum_thapsus_University of Michigan Biological Station,-2.277,0.598,Ordbeta,T0-T3,DIST,1,University of Michigan Biological Station,Lambda,NA,Population growth rate,H4,T0,-1.342419222822856,-1.9035018512877446,-1.444734176104233,0,NA,NA,NA,0.14272232219722827,INT
Verbascum_thapsus,Verbascum_thapsus_University of Michigan Biological Station,-2.277,0.598,Ordbeta,T0-T3,DIST,1,University of Michigan Biological Station,R0,0.6231744844735947,Net reproductive rate,H1,T0,-1.342419222822856,-1.9035018512877446,-1.444734176104233,0,NA,NA,NA,0.14272232219722827,INT
Verbascum_thapsus,Verbascum_thapsus_University of Michigan Biological Station,-2.277,0.598,Ordbeta,T0-T3,DIST,1,University of Michigan Biological Station,Reactivity,NA,Reactivity,H3,T0,-1.342419222822856,-1.9035018512877446,-1.444734176104233,0,NA,NA,NA,0.14272232219722827,INT
Verbascum_thapsus,Verbascum_thapsus_University of Michigan Biological Station,-2.277,0.598,Ordbeta,T0-T3,DIST,1,University of Michigan Biological Station,T_generation,-0.38556564054727166,Generation time,H2,T0,-1.342419222822856,-1.9035018512877446,-1.444734176104233,0,NA,NA,NA,0.14272232219722827,INT
Verbascum_thapsus,Verbascum_thapsus_University of Michigan Biological Station,-2.277,0.598,Ordbeta,T0-T3,DIST,1,University of Michigan Biological Station,age_repro,4.528965415762252,Age at first reproduction,H2,T0,-1.342419222822856,-1.9035018512877446,-1.444734176104233,0,NA,NA,NA,0.14272232219722827,INT
Verbascum_thapsus,Verbascum_thapsus_University of Michigan Biological Station,-2.277,0.598,Ordbeta,T0-T3,DIST,1,University of Michigan Biological Station,percapita_repro,NA,Per capita reproduction,H1,T0,-1.342419222822856,-1.9035018512877446,-1.444734176104233,0,NA,NA,NA,0.14272232219722827,INT
Veronica_arvensis,Veronica_arvensis_Agroscope Changins,-2.92,0.493,Ordbeta,T0-T3,DIST,1,Agroscope Changins,FirstStepAtt,0.6866036095810174,First step attenuation,H3,T0,1.1151211487745039,1.231861200363381,1.4334641159886803,0,-1.2881608799324629,-1.398708630217884,1.650051594077399,0.46165430853599404,NAT
Veronica_arvensis,Veronica_arvensis_Agroscope Changins,-2.92,0.493,Ordbeta,T0-T3,DIST,1,Agroscope Changins,Lambda,-0.048502836900318765,Population growth rate,H4,T0,1.1151211487745039,1.231861200363381,1.4334641159886803,0,-1.2881608799324629,-1.398708630217884,1.650051594077399,0.46165430853599404,NAT
Veronica_arvensis,Veronica_arvensis_Agroscope Changins,-2.92,0.493,Ordbeta,T0-T3,DIST,1,Agroscope Changins,R0,-0.45398326589393995,Net reproductive rate,H1,T0,1.1151211487745039,1.231861200363381,1.4334641159886803,0,-1.2881608799324629,-1.398708630217884,1.650051594077399,0.46165430853599404,NAT
Veronica_arvensis,Veronica_arvensis_Agroscope Changins,-2.92,0.493,Ordbeta,T0-T3,DIST,1,Agroscope Changins,Reactivity,-0.25434417158063066,Reactivity,H3,T0,1.1151211487745039,1.231861200363381,1.4334641159886803,0,-1.2881608799324629,-1.398708630217884,1.650051594077399,0.46165430853599404,NAT
Veronica_arvensis,Veronica_arvensis_Agroscope Changins,-2.92,0.493,Ordbeta,T0-T3,DIST,1,Agroscope Changins,T_generation,-0.4495381471545431,Generation time,H2,T0,1.1151211487745039,1.231861200363381,1.4334641159886803,0,-1.2881608799324629,-1.398708630217884,1.650051594077399,0.46165430853599404,NAT
Veronica_arvensis,Veronica_arvensis_Agroscope Changins,-2.92,0.493,Ordbeta,T0-T3,DIST,1,Agroscope Changins,age_repro,-0.44466706506637976,Age at first reproduction,H2,T0,1.1151211487745039,1.231861200363381,1.4334641159886803,0,-1.2881608799324629,-1.398708630217884,1.650051594077399,0.46165430853599404,NAT
Veronica_arvensis,Veronica_arvensis_Agroscope Changins,-2.92,0.493,Ordbeta,T0-T3,DIST,1,Agroscope Changins,percapita_repro,-0.4206290567990721,Per capita reproduction,H1,T0,1.1151211487745039,1.231861200363381,1.4334641159886803,0,-1.2881608799324629,-1.398708630217884,1.650051594077399,0.46165430853599404,NAT
Veronica_arvensis,Veronica_arvensis_Bad Lauchstaedt,-2.842,0.346,Ordbeta,T0-T3,DIST,1,Bad Lauchstaedt,FirstStepAtt,0.6866036095810174,First step attenuation,H3,T0,0.45197533421648606,-0.3753988185590567,-0.11439210590952666,0,0.5690221852496098,0.7959142485449064,-0.7991349509738322,0.3856906316365244,NAT
Veronica_arvensis,Veronica_arvensis_Bad Lauchstaedt,-2.842,0.346,Ordbeta,T0-T3,DIST,1,Bad Lauchstaedt,Lambda,-0.048502836900318765,Population growth rate,H4,T0,0.45197533421648606,-0.3753988185590567,-0.11439210590952666,0,0.5690221852496098,0.7959142485449064,-0.7991349509738322,0.3856906316365244,NAT
Veronica_arvensis,Veronica_arvensis_Bad Lauchstaedt,-2.842,0.346,Ordbeta,T0-T3,DIST,1,Bad Lauchstaedt,R0,-0.45398326589393995,Net reproductive rate,H1,T0,0.45197533421648606,-0.3753988185590567,-0.11439210590952666,0,0.5690221852496098,0.7959142485449064,-0.7991349509738322,0.3856906316365244,NAT
Veronica_arvensis,Veronica_arvensis_Bad Lauchstaedt,-2.842,0.346,Ordbeta,T0-T3,DIST,1,Bad Lauchstaedt,Reactivity,-0.25434417158063066,Reactivity,H3,T0,0.45197533421648606,-0.3753988185590567,-0.11439210590952666,0,0.5690221852496098,0.7959142485449064,-0.7991349509738322,0.3856906316365244,NAT
Veronica_arvensis,Veronica_arvensis_Bad Lauchstaedt,-2.842,0.346,Ordbeta,T0-T3,DIST,1,Bad Lauchstaedt,T_generation,-0.4495381471545431,Generation time,H2,T0,0.45197533421648606,-0.3753988185590567,-0.11439210590952666,0,0.5690221852496098,0.7959142485449064,-0.7991349509738322,0.3856906316365244,NAT
Veronica_arvensis,Veronica_arvensis_Bad Lauchstaedt,-2.842,0.346,Ordbeta,T0-T3,DIST,1,Bad Lauchstaedt,age_repro,-0.44466706506637976,Age at first reproduction,H2,T0,0.45197533421648606,-0.3753988185590567,-0.11439210590952666,0,0.5690221852496098,0.7959142485449064,-0.7991349509738322,0.3856906316365244,NAT
Veronica_arvensis,Veronica_arvensis_Bad Lauchstaedt,-2.842,0.346,Ordbeta,T0-T3,DIST,1,Bad Lauchstaedt,percapita_repro,-0.4206290567990721,Per capita reproduction,H1,T0,0.45197533421648606,-0.3753988185590567,-0.11439210590952666,0,0.5690221852496098,0.7959142485449064,-0.7991349509738322,0.3856906316365244,NAT
Veronica_arvensis,Veronica_arvensis_Cowichan,-2.302,0.543,Ordbeta,T0-T3,DIST,1,Cowichan,FirstStepAtt,0.6866036095810174,First step attenuation,H3,NA,NA,NA,NA,NA,NA,NA,NA,NA,INT
Veronica_arvensis,Veronica_arvensis_Cowichan,-2.302,0.543,Ordbeta,T0-T3,DIST,1,Cowichan,Lambda,-0.048502836900318765,Population growth rate,H4,NA,NA,NA,NA,NA,NA,NA,NA,NA,INT
Veronica_arvensis,Veronica_arvensis_Cowichan,-2.302,0.543,Ordbeta,T0-T3,DIST,1,Cowichan,R0,-0.45398326589393995,Net reproductive rate,H1,NA,NA,NA,NA,NA,NA,NA,NA,NA,INT
Veronica_arvensis,Veronica_arvensis_Cowichan,-2.302,0.543,Ordbeta,T0-T3,DIST,1,Cowichan,Reactivity,-0.25434417158063066,Reactivity,H3,NA,NA,NA,NA,NA,NA,NA,NA,NA,INT
Veronica_arvensis,Veronica_arvensis_Cowichan,-2.302,0.543,Ordbeta,T0-T3,DIST,1,Cowichan,T_generation,-0.4495381471545431,Generation time,H2,NA,NA,NA,NA,NA,NA,NA,NA,NA,INT
Veronica_arvensis,Veronica_arvensis_Cowichan,-2.302,0.543,Ordbeta,T0-T3,DIST,1,Cowichan,age_repro,-0.44466706506637976,Age at first reproduction,H2,NA,NA,NA,NA,NA,NA,NA,NA,NA,INT
Veronica_arvensis,Veronica_arvensis_Cowichan,-2.302,0.543,Ordbeta,T0-T3,DIST,1,Cowichan,percapita_repro,-0.4206290567990721,Per capita reproduction,H1,NA,NA,NA,NA,NA,NA,NA,NA,NA,INT
Veronica_arvensis,Veronica_arvensis_Jena,-2.405,0.319,Ordbeta,T0-T3,DIST,1,Jena,FirstStepAtt,0.6866036095810174,First step attenuation,H3,T0,0.764043952832024,-0.3862370720152753,0.02721357540323855,0,1.6161310595160223,1.0042933264685494,0.3263285755482111,2.0986936183123164,NAT
Veronica_arvensis,Veronica_arvensis_Jena,-2.405,0.319,Ordbeta,T0-T3,DIST,1,Jena,Lambda,-0.048502836900318765,Population growth rate,H4,T0,0.764043952832024,-0.3862370720152753,0.02721357540323855,0,1.6161310595160223,1.0042933264685494,0.3263285755482111,2.0986936183123164,NAT
Veronica_arvensis,Veronica_arvensis_Jena,-2.405,0.319,Ordbeta,T0-T3,DIST,1,Jena,R0,-0.45398326589393995,Net reproductive rate,H1,T0,0.764043952832024,-0.3862370720152753,0.02721357540323855,0,1.6161310595160223,1.0042933264685494,0.3263285755482111,2.0986936183123164,NAT
Veronica_arvensis,Veronica_arvensis_Jena,-2.405,0.319,Ordbeta,T0-T3,DIST,1,Jena,Reactivity,-0.25434417158063066,Reactivity,H3,T0,0.764043952832024,-0.3862370720152753,0.02721357540323855,0,1.6161310595160223,1.0042933264685494,0.3263285755482111,2.0986936183123164,NAT
Veronica_arvensis,Veronica_arvensis_Jena,-2.405,0.319,Ordbeta,T0-T3,DIST,1,Jena,T_generation,-0.4495381471545431,Generation time,H2,T0,0.764043952832024,-0.3862370720152753,0.02721357540323855,0,1.6161310595160223,1.0042933264685494,0.3263285755482111,2.0986936183123164,NAT
Veronica_arvensis,Veronica_arvensis_Jena,-2.405,0.319,Ordbeta,T0-T3,DIST,1,Jena,age_repro,-0.44466706506637976,Age at first reproduction,H2,T0,0.764043952832024,-0.3862370720152753,0.02721357540323855,0,1.6161310595160223,1.0042933264685494,0.3263285755482111,2.0986936183123164,NAT
Veronica_arvensis,Veronica_arvensis_Jena,-2.405,0.319,Ordbeta,T0-T3,DIST,1,Jena,percapita_repro,-0.4206290567990721,Per capita reproduction,H1,T0,0.764043952832024,-0.3862370720152753,0.02721357540323855,0,1.6161310595160223,1.0042933264685494,0.3263285755482111,2.0986936183123164,NAT
Veronica_arvensis,Veronica_arvensis_WSL,-2.782,0.458,Ordbeta,T0-T3,DIST,1,WSL,FirstStepAtt,0.6866036095810174,First step attenuation,H3,T0,-0.8743162948995492,0.8005497667622437,0.4329590289255727,0,0.7223509120374744,0.494707828917318,-0.07955499989208786,-0.8401532541006036,NAT
Veronica_arvensis,Veronica_arvensis_WSL,-2.782,0.458,Ordbeta,T0-T3,DIST,1,WSL,Lambda,-0.048502836900318765,Population growth rate,H4,T0,-0.8743162948995492,0.8005497667622437,0.4329590289255727,0,0.7223509120374744,0.494707828917318,-0.07955499989208786,-0.8401532541006036,NAT
Veronica_arvensis,Veronica_arvensis_WSL,-2.782,0.458,Ordbeta,T0-T3,DIST,1,WSL,R0,-0.45398326589393995,Net reproductive rate,H1,T0,-0.8743162948995492,0.8005497667622437,0.4329590289255727,0,0.7223509120374744,0.494707828917318,-0.07955499989208786,-0.8401532541006036,NAT
Veronica_arvensis,Veronica_arvensis_WSL,-2.782,0.458,Ordbeta,T0-T3,DIST,1,WSL,Reactivity,-0.25434417158063066,Reactivity,H3,T0,-0.8743162948995492,0.8005497667622437,0.4329590289255727,0,0.7223509120374744,0.494707828917318,-0.07955499989208786,-0.8401532541006036,NAT
Veronica_arvensis,Veronica_arvensis_WSL,-2.782,0.458,Ordbeta,T0-T3,DIST,1,WSL,T_generation,-0.4495381471545431,Generation time,H2,T0,-0.8743162948995492,0.8005497667622437,0.4329590289255727,0,0.7223509120374744,0.494707828917318,-0.07955499989208786,-0.8401532541006036,NAT
Veronica_arvensis,Veronica_arvensis_WSL,-2.782,0.458,Ordbeta,T0-T3,DIST,1,WSL,age_repro,-0.44466706506637976,Age at first reproduction,H2,T0,-0.8743162948995492,0.8005497667622437,0.4329590289255727,0,0.7223509120374744,0.494707828917318,-0.07955499989208786,-0.8401532541006036,NAT
Veronica_arvensis,Veronica_arvensis_WSL,-2.782,0.458,Ordbeta,T0-T3,DIST,1,WSL,percapita_repro,-0.4206290567990721,Per capita reproduction,H1,T0,-0.8743162948995492,0.8005497667622437,0.4329590289255727,0,0.7223509120374744,0.494707828917318,-0.07955499989208786,-0.8401532541006036,NAT
Agrimonia_eupatoria,Agrimonia_eupatoria_Wytham Woods,-2.175,0.22,Ordbeta,T0-T3,NPK,1,Wytham Woods,Lmax,2.1750605425604963,Maximum length of life,H5,T0,0.6704233672473625,0.7972332379505149,0.756296061196027,0,-0.6591294582519425,-0.5211007002418871,0.10722348064388672,0.3083897186138725,NAT
Agrimonia_eupatoria,Agrimonia_eupatoria_Wytham Woods,-2.175,0.22,Ordbeta,T0-T3,NPK,1,Wytham Woods,Lmean,0.9771441910118556,Mean life expectancy,H5,T0,0.6704233672473625,0.7972332379505149,0.756296061196027,0,-0.6591294582519425,-0.5211007002418871,0.10722348064388672,0.3083897186138725,NAT
Allium_vineale,Allium_vineale_Blandy Experimental Farm,-2.339,0.452,Ordbeta,T0-T3,NPK,1,Blandy Experimental Farm,Lmax,-0.18827705090717717,Maximum length of life,H5,T0,-0.9211265876918799,0.07910218638638122,-1.444734176104233,0,1.546911556131775,1.9121544212290629,-1.1236658654167908,-1.061422506973623,INT
Allium_vineale,Allium_vineale_Blandy Experimental Farm,-2.339,0.452,Ordbeta,T0-T3,NPK,1,Blandy Experimental Farm,Lmean,-0.15831215481604907,Mean life expectancy,H5,T0,-0.9211265876918799,0.07910218638638122,-1.444734176104233,0,1.546911556131775,1.9121544212290629,-1.1236658654167908,-1.061422506973623,INT
Andropogon_gerardii,Andropogon_gerardii_Kellogg Biological Station (KBS),0.327,0.257,Ordbeta,T0-T3,NPK,1,Kellogg Biological Station (KBS),Lmax,-0.12291926347720833,Maximum length of life,H5,T0,0.13990671560094858,0.5523604772537021,0.41159107960184943,0,NA,NA,NA,2.6077700761851275,NAT
Andropogon_gerardii,Andropogon_gerardii_Kellogg Biological Station (KBS),0.327,0.257,Ordbeta,T0-T3,NPK,1,Kellogg Biological Station (KBS),Lmean,-0.07769723971027064,Mean life expectancy,H5,T0,0.13990671560094858,0.5523604772537021,0.41159107960184943,0,NA,NA,NA,2.6077700761851275,NAT
Andropogon_gerardii,Andropogon_gerardii_Oak Lake Field Station,-2.288,0.53,Ordbeta,T0-T3,NPK,1,Oak Lake Field Station,Lmax,-0.12291926347720833,Maximum length of life,H5,T0,-1.4594449548036825,-1.9035018512877446,-1.444734176104233,0,NA,NA,NA,-1.1408838408782984,NA
Andropogon_gerardii,Andropogon_gerardii_Oak Lake Field Station,-2.288,0.53,Ordbeta,T0-T3,NPK,1,Oak Lake Field Station,Lmean,-0.07769723971027064,Mean life expectancy,H5,T0,-1.4594449548036825,-1.9035018512877446,-1.444734176104233,0,NA,NA,NA,-1.1408838408782984,NA
Arenaria_serpyllifolia,Arenaria_serpyllifolia_Bad Lauchstaedt,-2.496,0.534,Ordbeta,T0-T3,NPK,1,Bad Lauchstaedt,Lmax,-0.23010603486235723,Maximum length of life,H5,T0,0.2959410249087173,-0.698417737227644,-0.21593470458362485,0,0.6984500596722579,0.8685465461199303,-0.7226610367396129,0.18917664047996158,NAT
Arenaria_serpyllifolia,Arenaria_serpyllifolia_Bad Lauchstaedt,-2.496,0.534,Ordbeta,T0-T3,NPK,1,Bad Lauchstaedt,Lmean,-0.17625616299951938,Mean life expectancy,H5,T0,0.2959410249087173,-0.698417737227644,-0.21593470458362485,0,0.6984500596722579,0.8685465461199303,-0.7226610367396129,0.18917664047996158,NAT
Arenaria_serpyllifolia,Arenaria_serpyllifolia_Jena,-2.053,0.335,Ordbeta,T0-T3,NPK,1,Jena,Lmax,-0.23010603486235723,Maximum length of life,H5,T0,0.6080096435242552,-0.19978785004494334,0.1515499341977226,0,1.7069926411992955,1.3947714330047822,-0.14332180109160603,2.0152771953897615,NAT
Arenaria_serpyllifolia,Arenaria_serpyllifolia_Jena,-2.053,0.335,Ordbeta,T0-T3,NPK,1,Jena,Lmean,-0.17625616299951938,Mean life expectancy,H5,T0,0.6080096435242552,-0.19978785004494334,0.1515499341977226,0,1.7069926411992955,1.3947714330047822,-0.14332180109160603,2.0152771953897615,NAT
Armeria_maritima,Armeria_maritima_Potrok Aike,-2.642,0.336,Ordbeta,T0-T3,NPK,1,Potrok Aike,Lmax,0.16726931271185336,Maximum length of life,H5,T0,-1.5764706867845093,-1.9035018512877446,-1.444734176104233,0,NA,NA,NA,-1.1042093790761405,NAT
Armeria_maritima,Armeria_maritima_Potrok Aike,-2.642,0.336,Ordbeta,T0-T3,NPK,1,Potrok Aike,Lmean,-0.09258607195046523,Mean life expectancy,H5,T0,-1.5764706867845093,-1.9035018512877446,-1.444734176104233,0,NA,NA,NA,-1.1042093790761405,NAT
Centaurea_jacea,Centaurea_jacea_Agroscope Changins,-2.419,0.291,Ordbeta,T0-T3,NPK,1,Agroscope Changins,Lmax,-0.015732492092059416,Maximum length of life,H5,T0,1.1151211487745039,1.7498100942937036,1.8366308037876098,0,-1.2494248902601934,-1.6125325836859505,2.745845392814837,0.5775184415628114,NAT
Centaurea_jacea,Centaurea_jacea_Agroscope Changins,-2.419,0.291,Ordbeta,T0-T3,NPK,1,Agroscope Changins,Lmean,0.12204670459612048,Mean life expectancy,H5,T0,1.1151211487745039,1.7498100942937036,1.8366308037876098,0,-1.2494248902601934,-1.6125325836859505,2.745845392814837,0.5775184415628114,NAT
Centaurea_jacea,Centaurea_jacea_Bayreuth DRAGNet,-2.427,0.321,Ordbeta,T0-T3,NPK,1,Bayreuth DRAGNet,Lmax,-0.015732492092059416,Maximum length of life,H5,T0,0.764043952832024,0.7205319011250255,0.9795931388693476,0,-0.8040991731409506,-0.821041859088977,0.2600340508762645,0.2323710066025031,NAT
Centaurea_jacea,Centaurea_jacea_Bayreuth DRAGNet,-2.427,0.321,Ordbeta,T0-T3,NPK,1,Bayreuth DRAGNet,Lmean,0.12204670459612048,Mean life expectancy,H5,T0,0.764043952832024,0.7205319011250255,0.9795931388693476,0,-0.8040991731409506,-0.821041859088977,0.2600340508762645,0.2323710066025031,NAT
Cerastium_fontanum,Cerastium_fontanum_Agroscope Changins,-2.62,0.252,Ordbeta,T0-T3,NPK,1,Agroscope Changins,Lmax,-0.23010603486235723,Maximum length of life,H5,T0,1.1151211487745039,1.7498100942937036,1.8366308037876098,0,-1.2494248902601934,-1.6125325836859505,2.745845392814837,0.5775184415628114,NAT
Cerastium_fontanum,Cerastium_fontanum_Agroscope Changins,-2.62,0.252,Ordbeta,T0-T3,NPK,1,Agroscope Changins,Lmean,-0.17625616299951938,Mean life expectancy,H5,T0,1.1151211487745039,1.7498100942937036,1.8366308037876098,0,-1.2494248902601934,-1.6125325836859505,2.745845392814837,0.5775184415628114,NAT
Cerastium_fontanum,Cerastium_fontanum_Bad Lauchstaedt,-2.419,0.31,Ordbeta,T0-T3,NPK,1,Bad Lauchstaedt,Lmax,-0.23010603486235723,Maximum length of life,H5,T0,0.2959410249087173,-0.698417737227644,-0.21593470458362485,0,0.6984500596722579,0.8685465461199303,-0.7226610367396129,0.18917664047996158,NAT
Cerastium_fontanum,Cerastium_fontanum_Bad Lauchstaedt,-2.419,0.31,Ordbeta,T0-T3,NPK,1,Bad Lauchstaedt,Lmean,-0.17625616299951938,Mean life expectancy,H5,T0,0.2959410249087173,-0.698417737227644,-0.21593470458362485,0,0.6984500596722579,0.8685465461199303,-0.7226610367396129,0.18917664047996158,NAT
Cerastium_fontanum,Cerastium_fontanum_Bayreuth DRAGNet,-2.621,0.427,Ordbeta,T0-T3,NPK,1,Bayreuth DRAGNet,Lmax,-0.23010603486235723,Maximum length of life,H5,T0,0.764043952832024,0.7205319011250255,0.9795931388693476,0,-0.8040991731409506,-0.821041859088977,0.2600340508762645,0.2323710066025031,NAT
Cerastium_fontanum,Cerastium_fontanum_Bayreuth DRAGNet,-2.621,0.427,Ordbeta,T0-T3,NPK,1,Bayreuth DRAGNet,Lmean,-0.17625616299951938,Mean life expectancy,H5,T0,0.764043952832024,0.7205319011250255,0.9795931388693476,0,-0.8040991731409506,-0.821041859088977,0.2600340508762645,0.2323710066025031,NAT
Cerastium_fontanum,Cerastium_fontanum_CEREEP - Ecotron IDF,-2.205,0.539,Ordbeta,T0-T3,NPK,1,CEREEP - Ecotron IDF,Lmax,-0.23010603486235723,Maximum length of life,H5,NA,NA,NA,NA,NA,NA,NA,NA,NA,NAT
Cerastium_fontanum,Cerastium_fontanum_CEREEP - Ecotron IDF,-2.205,0.539,Ordbeta,T0-T3,NPK,1,CEREEP - Ecotron IDF,Lmean,-0.17625616299951938,Mean life expectancy,H5,NA,NA,NA,NA,NA,NA,NA,NA,NA,NAT
Cerastium_fontanum,Cerastium_fontanum_Hazelrigg,-2.296,0.529,Ordbeta,T0-T3,NPK,1,Hazelrigg,Lmax,-0.23010603486235723,Maximum length of life,H5,T0,-0.7962991402456648,-0.31577326633964986,-0.11481661921982045,0,0.7374705410055498,0.6124745595938309,-0.18044630019092728,-0.430316143461489,NAT
Cerastium_fontanum,Cerastium_fontanum_Hazelrigg,-2.296,0.529,Ordbeta,T0-T3,NPK,1,Hazelrigg,Lmean,-0.17625616299951938,Mean life expectancy,H5,T0,-0.7962991402456648,-0.31577326633964986,-0.11481661921982045,0,0.7374705410055498,0.6124745595938309,-0.18044630019092728,-0.430316143461489,NAT
Cerastium_fontanum,Cerastium_fontanum_Jena,-1.576,0.343,Ordbeta,T0-T3,NPK,1,Jena,Lmax,-0.23010603486235723,Maximum length of life,H5,T0,0.6080096435242552,-0.19978785004494334,0.1515499341977226,0,1.7069926411992955,1.3947714330047822,-0.14332180109160603,2.0152771953897615,NAT
Cerastium_fontanum,Cerastium_fontanum_Jena,-1.576,0.343,Ordbeta,T0-T3,NPK,1,Jena,Lmean,-0.17625616299951938,Mean life expectancy,H5,T0,0.6080096435242552,-0.19978785004494334,0.1515499341977226,0,1.7069926411992955,1.3947714330047822,-0.14332180109160603,2.0152771953897615,NAT
Cerastium_fontanum,Cerastium_fontanum_Stoderzinken,-2.281,0.457,Ordbeta,T0-T3,NPK,1,Stoderzinken,Lmax,-0.23010603486235723,Maximum length of life,H5,NA,NA,NA,NA,NA,NA,NA,NA,NA,NAT
Cerastium_fontanum,Cerastium_fontanum_Stoderzinken,-2.281,0.457,Ordbeta,T0-T3,NPK,1,Stoderzinken,Lmean,-0.17625616299951938,Mean life expectancy,H5,NA,NA,NA,NA,NA,NA,NA,NA,NA,NAT
Cerastium_fontanum,Cerastium_fontanum_Wytham Woods,-2.486,0.243,Ordbeta,T0-T3,NPK,1,Wytham Woods,Lmax,-0.23010603486235723,Maximum length of life,H5,T0,0.6704233672473625,0.7972332379505149,0.756296061196027,0,-0.6591294582519425,-0.5211007002418871,0.10722348064388672,0.3083897186138725,NAT
Cerastium_fontanum,Cerastium_fontanum_Wytham Woods,-2.486,0.243,Ordbeta,T0-T3,NPK,1,Wytham Woods,Lmean,-0.17625616299951938,Mean life expectancy,H5,T0,0.6704233672473625,0.7972332379505149,0.756296061196027,0,-0.6591294582519425,-0.5211007002418871,0.10722348064388672,0.3083897186138725,NAT
Cirsium_arvense,Cirsium_arvense_Bad Lauchstaedt,-2.272,0.287,Ordbeta,T0-T3,NPK,1,Bad Lauchstaedt,Lmax,-0.18827705090717717,Maximum length of life,H5,T0,0.2959410249087173,-0.698417737227644,-0.21593470458362485,0,0.6984500596722579,0.8685465461199303,-0.7226610367396129,0.18917664047996158,NAT
Cirsium_arvense,Cirsium_arvense_Bad Lauchstaedt,-2.272,0.287,Ordbeta,T0-T3,NPK,1,Bad Lauchstaedt,Lmean,-0.15789925427424645,Mean life expectancy,H5,T0,0.2959410249087173,-0.698417737227644,-0.21593470458362485,0,0.6984500596722579,0.8685465461199303,-0.7226610367396129,0.18917664047996158,NAT
Cirsium_arvense,Cirsium_arvense_Blandy Experimental Farm,-1.688,0.366,Ordbeta,T0-T3,NPK,1,Blandy Experimental Farm,Lmax,-0.18827705090717717,Maximum length of life,H5,T0,-0.9211265876918799,0.07910218638638122,-1.444734176104233,0,1.546911556131775,1.9121544212290629,-1.1236658654167908,-1.061422506973623,INT
Cirsium_arvense,Cirsium_arvense_Blandy Experimental Farm,-1.688,0.366,Ordbeta,T0-T3,NPK,1,Blandy Experimental Farm,Lmean,-0.15789925427424645,Mean life expectancy,H5,T0,-0.9211265876918799,0.07910218638638122,-1.444734176104233,0,1.546911556131775,1.9121544212290629,-1.1236658654167908,-1.061422506973623,INT
Cirsium_arvense,Cirsium_arvense_Hazelrigg,-2.13,0.381,Ordbeta,T0-T3,NPK,1,Hazelrigg,Lmax,-0.18827705090717717,Maximum length of life,H5,T0,-0.7962991402456648,-0.31577326633964986,-0.11481661921982045,0,0.7374705410055498,0.6124745595938309,-0.18044630019092728,-0.430316143461489,NAT
Cirsium_arvense,Cirsium_arvense_Hazelrigg,-2.13,0.381,Ordbeta,T0-T3,NPK,1,Hazelrigg,Lmean,-0.15789925427424645,Mean life expectancy,H5,T0,-0.7962991402456648,-0.31577326633964986,-0.11481661921982045,0,0.7374705410055498,0.6124745595938309,-0.18044630019092728,-0.430316143461489,NAT
Cirsium_arvense,Cirsium_arvense_Jena,-1.905,0.582,Ordbeta,T0-T3,NPK,1,Jena,Lmax,-0.18827705090717717,Maximum length of life,H5,T0,0.6080096435242552,-0.19978785004494334,0.1515499341977226,0,1.7069926411992955,1.3947714330047822,-0.14332180109160603,2.0152771953897615,NAT
Cirsium_arvense,Cirsium_arvense_Jena,-1.905,0.582,Ordbeta,T0-T3,NPK,1,Jena,Lmean,-0.15789925427424645,Mean life expectancy,H5,T0,0.6080096435242552,-0.19978785004494334,0.1515499341977226,0,1.7069926411992955,1.3947714330047822,-0.14332180109160603,2.0152771953897615,NAT
Cirsium_arvense,Cirsium_arvense_Lublin,-2.047,0.423,Ordbeta,T0-T3,NPK,1,Lublin,Lmax,-0.18827705090717717,Maximum length of life,H5,T0,-0.016127593706820566,0.13535957363771506,0.18458627610304845,0,-1.00666684109097,-1.0473424938642504,0.5908579751987313,1.611111350506704,NAT
Cirsium_arvense,Cirsium_arvense_Lublin,-2.047,0.423,Ordbeta,T0-T3,NPK,1,Lublin,Lmean,-0.15789925427424645,Mean life expectancy,H5,T0,-0.016127593706820566,0.13535957363771506,0.18458627610304845,0,-1.00666684109097,-1.0473424938642504,0.5908579751987313,1.611111350506704,NAT
Cirsium_arvense,Cirsium_arvense_Oak Lake Field Station,-2.335,0.326,Ordbeta,T0-T3,NPK,1,Oak Lake Field Station,Lmax,-0.18827705090717717,Maximum length of life,H5,T0,-1.4594449548036825,-1.9035018512877446,-1.444734176104233,0,NA,NA,NA,-1.1408838408782984,NA
Cirsium_arvense,Cirsium_arvense_Oak Lake Field Station,-2.335,0.326,Ordbeta,T0-T3,NPK,1,Oak Lake Field Station,Lmean,-0.15789925427424645,Mean life expectancy,H5,T0,-1.4594449548036825,-1.9035018512877446,-1.444734176104233,0,NA,NA,NA,-1.1408838408782984,NA
Cirsium_palustre,Cirsium_palustre_Ainsdale Dune Slacks,-2.364,0.52,Ordbeta,T0-T3,NPK,1,Ainsdale Dune Slacks,Lmax,-0.15167668994639463,Maximum length of life,H5,NA,NA,NA,NA,NA,NA,NA,NA,NA,NAT
Cirsium_palustre,Cirsium_palustre_Ainsdale Dune Slacks,-2.364,0.52,Ordbeta,T0-T3,NPK,1,Ainsdale Dune Slacks,Lmean,-0.15409070486723617,Mean life expectancy,H5,NA,NA,NA,NA,NA,NA,NA,NA,NA,NAT
Cirsium_vulgare,Cirsium_vulgare_Blandy Experimental Farm,-2.074,0.558,Ordbeta,T0-T3,NPK,1,Blandy Experimental Farm,Lmax,-0.15541142065667857,Maximum length of life,H5,T0,-0.9211265876918799,0.07910218638638122,-1.444734176104233,0,1.546911556131775,1.9121544212290629,-1.1236658654167908,-1.061422506973623,INT
Cirsium_vulgare,Cirsium_vulgare_Blandy Experimental Farm,-2.074,0.558,Ordbeta,T0-T3,NPK,1,Blandy Experimental Farm,Lmean,-0.1341379976216213,Mean life expectancy,H5,T0,-0.9211265876918799,0.07910218638638122,-1.444734176104233,0,1.546911556131775,1.9121544212290629,-1.1236658654167908,-1.061422506973623,INT
Cirsium_vulgare,Cirsium_vulgare_Cowichan,-2.167,0.466,Ordbeta,T0-T3,NPK,1,Cowichan,Lmax,-0.15541142065667857,Maximum length of life,H5,NA,NA,NA,NA,NA,NA,NA,NA,NA,INT
Cirsium_vulgare,Cirsium_vulgare_Cowichan,-2.167,0.466,Ordbeta,T0-T3,NPK,1,Cowichan,Lmean,-0.1341379976216213,Mean life expectancy,H5,NA,NA,NA,NA,NA,NA,NA,NA,NA,INT
Cirsium_vulgare,Cirsium_vulgare_San Claudio,-2.074,0.558,Ordbeta,T0-T3,NPK,1,San Claudio,Lmax,-0.15541142065667857,Maximum length of life,H5,T0,-1.5764706867845093,-1.9035018512877446,-1.444734176104233,0,NA,NA,NA,-0.9941859936696668,INT
Cirsium_vulgare,Cirsium_vulgare_San Claudio,-2.074,0.558,Ordbeta,T0-T3,NPK,1,San Claudio,Lmean,-0.1341379976216213,Mean life expectancy,H5,T0,-1.5764706867845093,-1.9035018512877446,-1.444734176104233,0,NA,NA,NA,-0.9941859936696668,INT
Cytisus_scoparius,Cytisus_scoparius_CEREEP - Ecotron IDF,-2.124,0.551,Ordbeta,T0-T3,NPK,1,CEREEP - Ecotron IDF,Lmax,1.1607076816473798,Maximum length of life,H5,NA,NA,NA,NA,NA,NA,NA,NA,NA,NA
Cytisus_scoparius,Cytisus_scoparius_CEREEP - Ecotron IDF,-2.124,0.551,Ordbeta,T0-T3,NPK,1,CEREEP - Ecotron IDF,Lmean,0.6729662867200134,Mean life expectancy,H5,NA,NA,NA,NA,NA,NA,NA,NA,NA,NA
Daucus_carota,Daucus_carota_Agroscope Changins,-2.595,0.376,Ordbeta,T0-T3,NPK,1,Agroscope Changins,Lmax,-0.18827705090717717,Maximum length of life,H5,T0,1.1151211487745039,1.7498100942937036,1.8366308037876098,0,-1.2494248902601934,-1.6125325836859505,2.745845392814837,0.5775184415628114,NAT
Daucus_carota,Daucus_carota_Agroscope Changins,-2.595,0.376,Ordbeta,T0-T3,NPK,1,Agroscope Changins,Lmean,-0.13912164460994067,Mean life expectancy,H5,T0,1.1151211487745039,1.7498100942937036,1.8366308037876098,0,-1.2494248902601934,-1.6125325836859505,2.745845392814837,0.5775184415628114,NAT
Daucus_carota,Daucus_carota_Bad Lauchstaedt,-2.407,0.414,Ordbeta,T0-T3,NPK,1,Bad Lauchstaedt,Lmax,-0.18827705090717717,Maximum length of life,H5,T0,0.2959410249087173,-0.698417737227644,-0.21593470458362485,0,0.6984500596722579,0.8685465461199303,-0.7226610367396129,0.18917664047996158,NAT
Daucus_carota,Daucus_carota_Bad Lauchstaedt,-2.407,0.414,Ordbeta,T0-T3,NPK,1,Bad Lauchstaedt,Lmean,-0.13912164460994067,Mean life expectancy,H5,T0,0.2959410249087173,-0.698417737227644,-0.21593470458362485,0,0.6984500596722579,0.8685465461199303,-0.7226610367396129,0.18917664047996158,NAT
Daucus_carota,Daucus_carota_CEREEP - Ecotron IDF,-1.591,0.349,Ordbeta,T0-T3,NPK,1,CEREEP - Ecotron IDF,Lmax,-0.18827705090717717,Maximum length of life,H5,NA,NA,NA,NA,NA,NA,NA,NA,NA,NAT
Daucus_carota,Daucus_carota_CEREEP - Ecotron IDF,-1.591,0.349,Ordbeta,T0-T3,NPK,1,CEREEP - Ecotron IDF,Lmean,-0.13912164460994067,Mean life expectancy,H5,NA,NA,NA,NA,NA,NA,NA,NA,NA,NAT
Daucus_carota,Daucus_carota_Churning Rapids,-1.986,0.482,Ordbeta,T0-T3,NPK,1,Churning Rapids,Lmax,-0.18827705090717717,Maximum length of life,H5,T0,-0.4062133669762426,0.20547743561383175,0.2034692587242401,0,-1.2641976007111027,-1.0932431357742323,0.1180979880806104,-0.36810053861854247,INT
Daucus_carota,Daucus_carota_Churning Rapids,-1.986,0.482,Ordbeta,T0-T3,NPK,1,Churning Rapids,Lmean,-0.13912164460994067,Mean life expectancy,H5,T0,-0.4062133669762426,0.20547743561383175,0.2034692587242401,0,-1.2641976007111027,-1.0932431357742323,0.1180979880806104,-0.36810053861854247,INT
Daucus_carota,Daucus_carota_Kellogg Biological Station (KBS),-2.497,0.532,Ordbeta,T0-T3,NPK,1,Kellogg Biological Station (KBS),Lmax,-0.18827705090717717,Maximum length of life,H5,T0,0.13990671560094858,0.5523604772537021,0.41159107960184943,0,NA,NA,NA,2.6077700761851275,INT
Daucus_carota,Daucus_carota_Kellogg Biological Station (KBS),-2.497,0.532,Ordbeta,T0-T3,NPK,1,Kellogg Biological Station (KBS),Lmean,-0.13912164460994067,Mean life expectancy,H5,T0,0.13990671560094858,0.5523604772537021,0.41159107960184943,0,NA,NA,NA,2.6077700761851275,INT
Daucus_carota,Daucus_carota_Lublin,-1.957,0.485,Ordbeta,T0-T3,NPK,1,Lublin,Lmax,-0.18827705090717717,Maximum length of life,H5,T0,-0.016127593706820566,0.13535957363771506,0.18458627610304845,0,-1.00666684109097,-1.0473424938642504,0.5908579751987313,1.611111350506704,NAT
Daucus_carota,Daucus_carota_Lublin,-1.957,0.485,Ordbeta,T0-T3,NPK,1,Lublin,Lmean,-0.13912164460994067,Mean life expectancy,H5,T0,-0.016127593706820566,0.13535957363771506,0.18458627610304845,0,-1.00666684109097,-1.0473424938642504,0.5908579751987313,1.611111350506704,NAT
Echium_vulgare,Echium_vulgare_Algaida,-1.672,0.324,Ordbeta,T0-T3,NPK,1,Algaida,Lmax,-0.16736255892958715,Maximum length of life,H5,T0,-0.7962991402456648,0.3413841788703538,0.24253482204434537,0,1.0015559241519836,1.0144731336658022,-0.46633329756726755,-0.8749939928126536,NAT
Echium_vulgare,Echium_vulgare_Algaida,-1.672,0.324,Ordbeta,T0-T3,NPK,1,Algaida,Lmean,-0.11181427224858169,Mean life expectancy,H5,T0,-0.7962991402456648,0.3413841788703538,0.24253482204434537,0,1.0015559241519836,1.0144731336658022,-0.46633329756726755,-0.8749939928126536,NAT
Elymus_repens,Elymus_repens_Agroscope Changins,-2.597,0.466,Ordbeta,T0-T3,NPK,1,Agroscope Changins,Lmax,-0.2091915428847672,Maximum length of life,H5,T0,1.1151211487745039,1.7498100942937036,1.8366308037876098,0,-1.2494248902601934,-1.6125325836859505,2.745845392814837,0.5775184415628114,NAT
Elymus_repens,Elymus_repens_Agroscope Changins,-2.597,0.466,Ordbeta,T0-T3,NPK,1,Agroscope Changins,Lmean,-0.1349788923059224,Mean life expectancy,H5,T0,1.1151211487745039,1.7498100942937036,1.8366308037876098,0,-1.2494248902601934,-1.6125325836859505,2.745845392814837,0.5775184415628114,NAT
Elymus_repens,Elymus_repens_Cary IES,-2.184,0.352,Ordbeta,T0-T3,NPK,1,Cary IES,Lmax,-0.2091915428847672,Maximum length of life,H5,T0,-0.8275060021072186,0.15243698243267495,0.05646504041107981,0,-1.039434115249807,-0.6247730042400209,-0.892235955386803,-0.3114767816602657,INT
Elymus_repens,Elymus_repens_Cary IES,-2.184,0.352,Ordbeta,T0-T3,NPK,1,Cary IES,Lmean,-0.1349788923059224,Mean life expectancy,H5,T0,-0.8275060021072186,0.15243698243267495,0.05646504041107981,0,-1.039434115249807,-0.6247730042400209,-0.892235955386803,-0.3114767816602657,INT
Elymus_repens,Elymus_repens_Cedar Creek LTER,-1.571,0.343,Ordbeta,T0-T3,NPK,1,Cedar Creek LTER,Lmax,-0.2091915428847672,Maximum length of life,H5,T0,-1.4204363774767406,-1.2839380895145804,-1.0268275454364673,0,-0.5045707660405087,-0.3673761070904348,-0.3458960662190062,-0.5357552211426929,INT
Elymus_repens,Elymus_repens_Cedar Creek LTER,-1.571,0.343,Ordbeta,T0-T3,NPK,1,Cedar Creek LTER,Lmean,-0.1349788923059224,Mean life expectancy,H5,T0,-1.4204363774767406,-1.2839380895145804,-1.0268275454364673,0,-0.5045707660405087,-0.3673761070904348,-0.3458960662190062,-0.5357552211426929,INT
Elymus_repens,Elymus_repens_Jena,-2.255,0.375,Ordbeta,T0-T3,NPK,1,Jena,Lmax,-0.2091915428847672,Maximum length of life,H5,T0,0.6080096435242552,-0.19978785004494334,0.1515499341977226,0,1.7069926411992955,1.3947714330047822,-0.14332180109160603,2.0152771953897615,NAT
Elymus_repens,Elymus_repens_Jena,-2.255,0.375,Ordbeta,T0-T3,NPK,1,Jena,Lmean,-0.1349788923059224,Mean life expectancy,H5,T0,0.6080096435242552,-0.19978785004494334,0.1515499341977226,0,1.7069926411992955,1.3947714330047822,-0.14332180109160603,2.0152771953897615,NAT
Elymus_repens,Elymus_repens_Lublin,-1.162,0.343,Ordbeta,T0-T3,NPK,1,Lublin,Lmax,-0.2091915428847672,Maximum length of life,H5,T0,-0.016127593706820566,0.13535957363771506,0.18458627610304845,0,-1.00666684109097,-1.0473424938642504,0.5908579751987313,1.611111350506704,NAT
Elymus_repens,Elymus_repens_Lublin,-1.162,0.343,Ordbeta,T0-T3,NPK,1,Lublin,Lmean,-0.1349788923059224,Mean life expectancy,H5,T0,-0.016127593706820566,0.13535957363771506,0.18458627610304845,0,-1.00666684109097,-1.0473424938642504,0.5908579751987313,1.611111350506704,NAT
Erigeron_canadensis,Erigeron_canadensis_Piedmont Prairie,-2.587,0.316,Ordbeta,T0-T3,NPK,1,Piedmont Prairie,Lmax,-0.23010603486235723,Maximum length of life,H5,T0,-1.5764706867845093,0.5747531958049126,-1.444734176104233,0,NA,NA,NA,-1.1711402718650785,NAT
Erigeron_canadensis,Erigeron_canadensis_Piedmont Prairie,-2.587,0.316,Ordbeta,T0-T3,NPK,1,Piedmont Prairie,Lmean,-0.17625616299951938,Mean life expectancy,H5,T0,-1.5764706867845093,0.5747531958049126,-1.444734176104233,0,NA,NA,NA,-1.1711402718650785,NAT
Erigeron_canadensis,Erigeron_canadensis_University of Michigan Biological Station,-2.292,0.569,Ordbeta,T0-T3,NPK,1,University of Michigan Biological Station,Lmax,-0.23010603486235723,Maximum length of life,H5,T0,-1.5764706867845093,-1.9035018512877446,-1.444734176104233,0,NA,NA,NA,0.2894201694058599,NAT
Erigeron_canadensis,Erigeron_canadensis_University of Michigan Biological Station,-2.292,0.569,Ordbeta,T0-T3,NPK,1,University of Michigan Biological Station,Lmean,-0.17625616299951938,Mean life expectancy,H5,T0,-1.5764706867845093,-1.9035018512877446,-1.444734176104233,0,NA,NA,NA,0.2894201694058599,NAT
Knautia_arvensis,Knautia_arvensis_Agroscope Changins,-2.599,0.468,Ordbeta,T0-T3,NPK,1,Agroscope Changins,Lmax,-0.2091915428847672,Maximum length of life,H5,T0,1.1151211487745039,1.7498100942937036,1.8366308037876098,0,-1.2494248902601934,-1.6125325836859505,2.745845392814837,0.5775184415628114,NAT
Knautia_arvensis,Knautia_arvensis_Agroscope Changins,-2.599,0.468,Ordbeta,T0-T3,NPK,1,Agroscope Changins,Lmean,-0.17403841497974956,Mean life expectancy,H5,T0,1.1151211487745039,1.7498100942937036,1.8366308037876098,0,-1.2494248902601934,-1.6125325836859505,2.745845392814837,0.5775184415628114,NAT
Knautia_arvensis,Knautia_arvensis_Bad Lauchstaedt,-2.329,0.563,Ordbeta,T0-T3,NPK,1,Bad Lauchstaedt,Lmax,-0.2091915428847672,Maximum length of life,H5,T0,0.2959410249087173,-0.698417737227644,-0.21593470458362485,0,0.6984500596722579,0.8685465461199303,-0.7226610367396129,0.18917664047996158,NAT
Knautia_arvensis,Knautia_arvensis_Bad Lauchstaedt,-2.329,0.563,Ordbeta,T0-T3,NPK,1,Bad Lauchstaedt,Lmean,-0.17403841497974956,Mean life expectancy,H5,T0,0.2959410249087173,-0.698417737227644,-0.21593470458362485,0,0.6984500596722579,0.8685465461199303,-0.7226610367396129,0.18917664047996158,NAT
Knautia_arvensis,Knautia_arvensis_Bayreuth DRAGNet,-1.363,0.384,Ordbeta,T0-T3,NPK,1,Bayreuth DRAGNet,Lmax,-0.2091915428847672,Maximum length of life,H5,T0,0.764043952832024,0.7205319011250255,0.9795931388693476,0,-0.8040991731409506,-0.821041859088977,0.2600340508762645,0.2323710066025031,NAT
Knautia_arvensis,Knautia_arvensis_Bayreuth DRAGNet,-1.363,0.384,Ordbeta,T0-T3,NPK,1,Bayreuth DRAGNet,Lmean,-0.17403841497974956,Mean life expectancy,H5,T0,0.764043952832024,0.7205319011250255,0.9795931388693476,0,-0.8040991731409506,-0.821041859088977,0.2600340508762645,0.2323710066025031,NAT
Lactuca_serriola,Lactuca_serriola_Bayreuth DRAGNet,-2.505,0.531,Ordbeta,T0-T3,NPK,1,Bayreuth DRAGNet,Lmax,-0.23010603486235723,Maximum length of life,H5,T0,0.764043952832024,0.7205319011250255,0.9795931388693476,0,-0.8040991731409506,-0.821041859088977,0.2600340508762645,0.2323710066025031,NAT
Lactuca_serriola,Lactuca_serriola_Bayreuth DRAGNet,-2.505,0.531,Ordbeta,T0-T3,NPK,1,Bayreuth DRAGNet,Lmean,-0.17625616299951938,Mean life expectancy,H5,T0,0.764043952832024,0.7205319011250255,0.9795931388693476,0,-0.8040991731409506,-0.821041859088977,0.2600340508762645,0.2323710066025031,NAT
Lactuca_serriola,Lactuca_serriola_Wallula Gap Biological Station-North Face,-2.563,0.474,Ordbeta,T0-T3,NPK,1,Wallula Gap Biological Station-North Face,Lmax,-0.23010603486235723,Maximum length of life,H5,T0,-1.5764706867845093,0.5747531958049126,-1.444734176104233,0,NA,NA,NA,-1.150052456328838,INT
Lactuca_serriola,Lactuca_serriola_Wallula Gap Biological Station-North Face,-2.563,0.474,Ordbeta,T0-T3,NPK,1,Wallula Gap Biological Station-North Face,Lmean,-0.17625616299951938,Mean life expectancy,H5,T0,-1.5764706867845093,0.5747531958049126,-1.444734176104233,0,NA,NA,NA,-1.150052456328838,INT
Linum_catharticum,Linum_catharticum_Wytham Woods,-2.549,0.268,Ordbeta,T0-T3,NPK,1,Wytham Woods,Lmax,-0.08370459101922702,Maximum length of life,H5,T0,0.6704233672473625,0.7972332379505149,0.756296061196027,0,-0.6591294582519425,-0.5211007002418871,0.10722348064388672,0.3083897186138725,NAT
Linum_catharticum,Linum_catharticum_Wytham Woods,-2.549,0.268,Ordbeta,T0-T3,NPK,1,Wytham Woods,Lmean,-0.06102472503034391,Mean life expectancy,H5,T0,0.6704233672473625,0.7972332379505149,0.756296061196027,0,-0.6591294582519425,-0.5211007002418871,0.10722348064388672,0.3083897186138725,NAT
Myosotis_ramosissima,Myosotis_ramosissima_CEREEP - Ecotron IDF,-2.205,0.539,Ordbeta,T0-T3,NPK,1,CEREEP - Ecotron IDF,Lmax,-0.23010603486235723,Maximum length of life,H5,NA,NA,NA,NA,NA,NA,NA,NA,NA,NAT
Myosotis_ramosissima,Myosotis_ramosissima_CEREEP - Ecotron IDF,-2.205,0.539,Ordbeta,T0-T3,NPK,1,CEREEP - Ecotron IDF,Lmean,-0.17625616299951938,Mean life expectancy,H5,NA,NA,NA,NA,NA,NA,NA,NA,NA,NAT
Picris_hieracioides,Picris_hieracioides_Bad Lauchstaedt,-0.956,0.26,Ordbeta,T0-T3,NPK,1,Bad Lauchstaedt,Lmax,-0.2091915428847672,Maximum length of life,H5,T0,0.2959410249087173,-0.698417737227644,-0.21593470458362485,0,0.6984500596722579,0.8685465461199303,-0.7226610367396129,0.18917664047996158,NAT
Picris_hieracioides,Picris_hieracioides_Bad Lauchstaedt,-0.956,0.26,Ordbeta,T0-T3,NPK,1,Bad Lauchstaedt,Lmean,-0.1736977299057303,Mean life expectancy,H5,T0,0.2959410249087173,-0.698417737227644,-0.21593470458362485,0,0.6984500596722579,0.8685465461199303,-0.7226610367396129,0.18917664047996158,NAT
Picris_hieracioides,Picris_hieracioides_CEREEP - Ecotron IDF,-2.086,0.473,Ordbeta,T0-T3,NPK,1,CEREEP - Ecotron IDF,Lmax,-0.2091915428847672,Maximum length of life,H5,NA,NA,NA,NA,NA,NA,NA,NA,NA,NAT
Picris_hieracioides,Picris_hieracioides_CEREEP - Ecotron IDF,-2.086,0.473,Ordbeta,T0-T3,NPK,1,CEREEP - Ecotron IDF,Lmean,-0.1736977299057303,Mean life expectancy,H5,NA,NA,NA,NA,NA,NA,NA,NA,NA,NAT
Picris_hieracioides,Picris_hieracioides_Jena,-2.288,0.53,Ordbeta,T0-T3,NPK,1,Jena,Lmax,-0.2091915428847672,Maximum length of life,H5,T0,0.6080096435242552,-0.19978785004494334,0.1515499341977226,0,1.7069926411992955,1.3947714330047822,-0.14332180109160603,2.0152771953897615,NAT
Picris_hieracioides,Picris_hieracioides_Jena,-2.288,0.53,Ordbeta,T0-T3,NPK,1,Jena,Lmean,-0.1736977299057303,Mean life expectancy,H5,T0,0.6080096435242552,-0.19978785004494334,0.1515499341977226,0,1.7069926411992955,1.3947714330047822,-0.14332180109160603,2.0152771953897615,NAT
Picris_hieracioides,Picris_hieracioides_Saihanba,-2.458,0.399,Ordbeta,T0-T3,NPK,1,Saihanba,Lmax,-0.2091915428847672,Maximum length of life,H5,T0,-1.5764706867845093,-1.9035018512877446,-1.444734176104233,0,NA,NA,NA,-1.150052456328838,NAT
Picris_hieracioides,Picris_hieracioides_Saihanba,-2.458,0.399,Ordbeta,T0-T3,NPK,1,Saihanba,Lmean,-0.1736977299057303,Mean life expectancy,H5,T0,-1.5764706867845093,-1.9035018512877446,-1.444734176104233,0,NA,NA,NA,-1.150052456328838,NAT
Pimpinella_saxifraga,Pimpinella_saxifraga_Meranges,-2.366,0.353,Ordbeta,T0-T3,NPK,1,Meranges,Lmax,0.3276137512067103,Maximum length of life,H5,T0,0.2959410249087173,1.059483086848724,1.0701130040321478,0,-0.927663117943546,-1.2699724380070152,2.007578745949312,0.5314716173001021,NAT
Pimpinella_saxifraga,Pimpinella_saxifraga_Meranges,-2.366,0.353,Ordbeta,T0-T3,NPK,1,Meranges,Lmean,0.15604387725285082,Mean life expectancy,H5,T0,0.2959410249087173,1.059483086848724,1.0701130040321478,0,-0.927663117943546,-1.2699724380070152,2.007578745949312,0.5314716173001021,NAT
Plantago_coronopus,Plantago_coronopus_Algaida,-1.597,0.265,Ordbeta,T0-T3,NPK,1,Algaida,Lmax,-0.09167201653449943,Maximum length of life,H5,T0,-0.7962991402456648,0.3413841788703538,0.24253482204434537,0,1.0015559241519836,1.0144731336658022,-0.46633329756726755,-0.8749939928126536,NAT
Plantago_coronopus,Plantago_coronopus_Algaida,-1.597,0.265,Ordbeta,T0-T3,NPK,1,Algaida,Lmean,-0.0853380736375608,Mean life expectancy,H5,T0,-0.7962991402456648,0.3413841788703538,0.24253482204434537,0,1.0015559241519836,1.0144731336658022,-0.46633329756726755,-0.8749939928126536,NAT
Plantago_coronopus,Plantago_coronopus_Caracoles,-2.38,0.37,Ordbeta,T0-T3,NPK,1,Caracoles,Lmax,-0.09167201653449943,Maximum length of life,H5,T0,-1.5764706867845093,-1.9035018512877446,-1.444734176104233,0,NA,NA,NA,-0.2606967576265087,NAT
Plantago_coronopus,Plantago_coronopus_Caracoles,-2.38,0.37,Ordbeta,T0-T3,NPK,1,Caracoles,Lmean,-0.0853380736375608,Mean life expectancy,H5,T0,-1.5764706867845093,-1.9035018512877446,-1.444734176104233,0,NA,NA,NA,-0.2606967576265087,NAT
Plantago_media,Plantago_media_Meranges,-2.288,0.327,Ordbeta,T0-T3,NPK,1,Meranges,Lmax,-0.09764758567095369,Maximum length of life,H5,T0,0.2959410249087173,1.059483086848724,1.0701130040321478,0,-0.927663117943546,-1.2699724380070152,2.007578745949312,0.5314716173001021,NAT
Plantago_media,Plantago_media_Meranges,-2.288,0.327,Ordbeta,T0-T3,NPK,1,Meranges,Lmean,-0.14770105728278793,Mean life expectancy,H5,T0,0.2959410249087173,1.059483086848724,1.0701130040321478,0,-0.927663117943546,-1.2699724380070152,2.007578745949312,0.5314716173001021,NAT
Potentilla_recta,Potentilla_recta_Churning Rapids,-2.149,0.332,Ordbeta,T0-T3,NPK,1,Churning Rapids,Lmax,0.17772655870064838,Maximum length of life,H5,T0,-0.4062133669762426,0.20547743561383175,0.2034692587242401,0,-1.2641976007111027,-1.0932431357742323,0.1180979880806104,-0.36810053861854247,INT
Potentilla_recta,Potentilla_recta_Churning Rapids,-2.149,0.332,Ordbeta,T0-T3,NPK,1,Churning Rapids,Lmean,0.07813333867041282,Mean life expectancy,H5,T0,-0.4062133669762426,0.20547743561383175,0.2034692587242401,0,-1.2641976007111027,-1.0932431357742323,0.1180979880806104,-0.36810053861854247,INT
Primula_elatior,Primula_elatior_Stoderzinken,-2.201,0.541,Ordbeta,T0-T3,NPK,1,Stoderzinken,Lmax,0.850476050646461,Maximum length of life,H5,NA,NA,NA,NA,NA,NA,NA,NA,NA,NAT
Primula_elatior,Primula_elatior_Stoderzinken,-2.201,0.541,Ordbeta,T0-T3,NPK,1,Stoderzinken,Lmean,0.04837652054533201,Mean life expectancy,H5,NA,NA,NA,NA,NA,NA,NA,NA,NA,NAT
Primula_veris,Primula_veris_Wytham Woods,-2.357,0.417,Ordbeta,T0-T3,NPK,1,Wytham Woods,Lmax,-0.11657022126972563,Maximum length of life,H5,T0,0.6704233672473625,0.7972332379505149,0.756296061196027,0,-0.6591294582519425,-0.5211007002418871,0.10722348064388672,0.3083897186138725,NAT
Primula_veris,Primula_veris_Wytham Woods,-2.357,0.417,Ordbeta,T0-T3,NPK,1,Wytham Woods,Lmean,-0.13399963832978296,Mean life expectancy,H5,T0,0.6704233672473625,0.7972332379505149,0.756296061196027,0,-0.6591294582519425,-0.5211007002418871,0.10722348064388672,0.3083897186138725,NAT
Ranunculus_acris,Ranunculus_acris_Agroscope Changins,-2.044,0.26,Ordbeta,T0-T3,NPK,1,Agroscope Changins,Lmax,-0.1255335749744071,Maximum length of life,H5,T0,1.1151211487745039,1.7498100942937036,1.8366308037876098,0,-1.2494248902601934,-1.6125325836859505,2.745845392814837,0.5775184415628114,NAT
Ranunculus_acris,Ranunculus_acris_Agroscope Changins,-2.044,0.26,Ordbeta,T0-T3,NPK,1,Agroscope Changins,Lmean,-0.14562235708486343,Mean life expectancy,H5,T0,1.1151211487745039,1.7498100942937036,1.8366308037876098,0,-1.2494248902601934,-1.6125325836859505,2.745845392814837,0.5775184415628114,NAT
Ranunculus_acris,Ranunculus_acris_Bayreuth DRAGNet,-2.528,0.329,Ordbeta,T0-T3,NPK,1,Bayreuth DRAGNet,Lmax,-0.1255335749744071,Maximum length of life,H5,T0,0.764043952832024,0.7205319011250255,0.9795931388693476,0,-0.8040991731409506,-0.821041859088977,0.2600340508762645,0.2323710066025031,NAT
Ranunculus_acris,Ranunculus_acris_Bayreuth DRAGNet,-2.528,0.329,Ordbeta,T0-T3,NPK,1,Bayreuth DRAGNet,Lmean,-0.14562235708486343,Mean life expectancy,H5,T0,0.764043952832024,0.7205319011250255,0.9795931388693476,0,-0.8040991731409506,-0.821041859088977,0.2600340508762645,0.2323710066025031,NAT
Ranunculus_acris,Ranunculus_acris_CEREEP - Ecotron IDF,-2.205,0.539,Ordbeta,T0-T3,NPK,1,CEREEP - Ecotron IDF,Lmax,-0.1255335749744071,Maximum length of life,H5,NA,NA,NA,NA,NA,NA,NA,NA,NA,NA
Ranunculus_acris,Ranunculus_acris_CEREEP - Ecotron IDF,-2.205,0.539,Ordbeta,T0-T3,NPK,1,CEREEP - Ecotron IDF,Lmean,-0.14562235708486343,Mean life expectancy,H5,NA,NA,NA,NA,NA,NA,NA,NA,NA,NA
Ranunculus_acris,Ranunculus_acris_Churning Rapids,-2.145,0.548,Ordbeta,T0-T3,NPK,1,Churning Rapids,Lmax,-0.1255335749744071,Maximum length of life,H5,T0,-0.4062133669762426,0.20547743561383175,0.2034692587242401,0,-1.2641976007111027,-1.0932431357742323,0.1180979880806104,-0.36810053861854247,NAT
Ranunculus_acris,Ranunculus_acris_Churning Rapids,-2.145,0.548,Ordbeta,T0-T3,NPK,1,Churning Rapids,Lmean,-0.14562235708486343,Mean life expectancy,H5,T0,-0.4062133669762426,0.20547743561383175,0.2034692587242401,0,-1.2641976007111027,-1.0932431357742323,0.1180979880806104,-0.36810053861854247,NAT
Ranunculus_acris,Ranunculus_acris_Kniezenberg,-2.296,0.529,Ordbeta,T0-T3,NPK,1,Kniezenberg,Lmax,-0.1255335749744071,Maximum length of life,H5,T0,-0.9523334495534336,1.400838211502465,-1.444734176104233,0,-1.1611084012956503,-0.7195608918129708,-1.1236658654167908,-1.1670798850226969,NAT
Ranunculus_acris,Ranunculus_acris_Kniezenberg,-2.296,0.529,Ordbeta,T0-T3,NPK,1,Kniezenberg,Lmean,-0.14562235708486343,Mean life expectancy,H5,T0,-0.9523334495534336,1.400838211502465,-1.444734176104233,0,-1.1611084012956503,-0.7195608918129708,-1.1236658654167908,-1.1670798850226969,NAT
Ranunculus_acris,Ranunculus_acris_Meranges,-2.141,0.284,Ordbeta,T0-T3,NPK,1,Meranges,Lmax,-0.1255335749744071,Maximum length of life,H5,T0,0.2959410249087173,1.059483086848724,1.0701130040321478,0,-0.927663117943546,-1.2699724380070152,2.007578745949312,0.5314716173001021,NAT
Ranunculus_acris,Ranunculus_acris_Meranges,-2.141,0.284,Ordbeta,T0-T3,NPK,1,Meranges,Lmean,-0.14562235708486343,Mean life expectancy,H5,T0,0.2959410249087173,1.059483086848724,1.0701130040321478,0,-0.927663117943546,-1.2699724380070152,2.007578745949312,0.5314716173001021,NAT
Ranunculus_acris,Ranunculus_acris_Stoderzinken,-2.339,0.452,Ordbeta,T0-T3,NPK,1,Stoderzinken,Lmax,-0.1255335749744071,Maximum length of life,H5,NA,NA,NA,NA,NA,NA,NA,NA,NA,NAT
Ranunculus_acris,Ranunculus_acris_Stoderzinken,-2.339,0.452,Ordbeta,T0-T3,NPK,1,Stoderzinken,Lmean,-0.14562235708486343,Mean life expectancy,H5,NA,NA,NA,NA,NA,NA,NA,NA,NA,NAT
Ranunculus_acris,Ranunculus_acris_WSL,-2.391,0.323,Ordbeta,T0-T3,NPK,1,WSL,Lmax,-0.1255335749744071,Maximum length of life,H5,T0,-1.4204363774767406,-1.2291467364325999,-1.0001223989652859,0,-1.1731669953265595,-0.9343236039764059,-0.18800171845920188,-0.9850173782191273,NAT
Ranunculus_acris,Ranunculus_acris_WSL,-2.391,0.323,Ordbeta,T0-T3,NPK,1,WSL,Lmean,-0.14562235708486343,Mean life expectancy,H5,T0,-1.4204363774767406,-1.2291467364325999,-1.0001223989652859,0,-1.1731669953265595,-0.9343236039764059,-0.18800171845920188,-0.9850173782191273,NAT
Ranunculus_acris,Ranunculus_acris_Wytham Woods,-2.561,0.342,Ordbeta,T0-T3,NPK,1,Wytham Woods,Lmax,-0.1255335749744071,Maximum length of life,H5,T0,0.6704233672473625,0.7972332379505149,0.756296061196027,0,-0.6591294582519425,-0.5211007002418871,0.10722348064388672,0.3083897186138725,NAT
Ranunculus_acris,Ranunculus_acris_Wytham Woods,-2.561,0.342,Ordbeta,T0-T3,NPK,1,Wytham Woods,Lmean,-0.14562235708486343,Mean life expectancy,H5,T0,0.6704233672473625,0.7972332379505149,0.756296061196027,0,-0.6591294582519425,-0.5211007002418871,0.10722348064388672,0.3083897186138725,NAT
Sphaeralcea_coccinea,Sphaeralcea_coccinea_Shortgrass Steppe LTER,-2.258,0.349,Ordbeta,T0-T3,NPK,1,Shortgrass Steppe LTER,Lmax,-0.1824674698022911,Maximum length of life,H5,T0,-1.342419222822856,-1.9035018512877446,-1.444734176104233,0,2.675170108886487,3.008621713580912,-1.1236658654167908,-1.1408838408782984,NAT
Sphaeralcea_coccinea,Sphaeralcea_coccinea_Shortgrass Steppe LTER,-2.258,0.349,Ordbeta,T0-T3,NPK,1,Shortgrass Steppe LTER,Lmean,-0.1550831261799038,Mean life expectancy,H5,T0,-1.342419222822856,-1.9035018512877446,-1.444734176104233,0,2.675170108886487,3.008621713580912,-1.1236658654167908,-1.1408838408782984,NAT
Stenaria_nigricans,Stenaria_nigricans_Temple,-2.397,0.391,Ordbeta,T0-T3,NPK,1,Temple,Lmax,-0.1987342968959722,Maximum length of life,H5,T0,-1.5764706867845093,-1.9035018512877446,-1.444734176104233,0,NA,NA,NA,-0.8108136846588773,NAT
Stenaria_nigricans,Stenaria_nigricans_Temple,-2.397,0.391,Ordbeta,T0-T3,NPK,1,Temple,Lmean,-0.16489787449246793,Mean life expectancy,H5,T0,-1.5764706867845093,-1.9035018512877446,-1.444734176104233,0,NA,NA,NA,-0.8108136846588773,NAT
Taraxacum_campylodes,Taraxacum_campylodes_Bayreuth DRAGNet,-2.568,0.469,Ordbeta,T0-T3,NPK,1,Bayreuth DRAGNet,Lmax,-0.2091915428847672,Maximum length of life,H5,T0,0.764043952832024,0.7205319011250255,0.9795931388693476,0,-0.8040991731409506,-0.821041859088977,0.2600340508762645,0.2323710066025031,NAT
Taraxacum_campylodes,Taraxacum_campylodes_Bayreuth DRAGNet,-2.568,0.469,Ordbeta,T0-T3,NPK,1,Bayreuth DRAGNet,Lmean,-0.16907648271782624,Mean life expectancy,H5,T0,0.764043952832024,0.7205319011250255,0.9795931388693476,0,-0.8040991731409506,-0.821041859088977,0.2600340508762645,0.2323710066025031,NAT
Taraxacum_campylodes,Taraxacum_campylodes_Kellogg Biological Station (KBS),-2.648,0.46,Ordbeta,T0-T3,NPK,1,Kellogg Biological Station (KBS),Lmax,-0.2091915428847672,Maximum length of life,H5,T0,0.13990671560094858,0.5523604772537021,0.41159107960184943,0,NA,NA,NA,2.6077700761851275,INT
Taraxacum_campylodes,Taraxacum_campylodes_Kellogg Biological Station (KBS),-2.648,0.46,Ordbeta,T0-T3,NPK,1,Kellogg Biological Station (KBS),Lmean,-0.16907648271782624,Mean life expectancy,H5,T0,0.13990671560094858,0.5523604772537021,0.41159107960184943,0,NA,NA,NA,2.6077700761851275,INT
Thymus_vulgaris,Thymus_vulgaris_Morella la Vella,-1.997,0.426,Ordbeta,T0-T3,NPK,1,Morella la Vella,Lmax,8.334378429960761,Maximum length of life,H5,T0,-1.5764706867845093,-1.9035018512877446,-1.444734176104233,0,NA,NA,NA,-0.884162608263193,NA
Thymus_vulgaris,Thymus_vulgaris_Morella la Vella,-1.997,0.426,Ordbeta,T0-T3,NPK,1,Morella la Vella,Lmean,8.708153369728942,Mean life expectancy,H5,T0,-1.5764706867845093,-1.9035018512877446,-1.444734176104233,0,NA,NA,NA,-0.884162608263193,NA
Verbascum_thapsus,Verbascum_thapsus_Cedar Creek LTER,-2.087,0.473,Ordbeta,T0-T3,NPK,1,Cedar Creek LTER,Lmax,-0.2091915428847672,Maximum length of life,H5,T0,-1.4204363774767406,-1.2839380895145804,-1.0268275454364673,0,-0.5045707660405087,-0.3673761070904348,-0.3458960662190062,-0.5357552211426929,INT
Verbascum_thapsus,Verbascum_thapsus_Cedar Creek LTER,-2.087,0.473,Ordbeta,T0-T3,NPK,1,Cedar Creek LTER,Lmean,-0.17104213309925348,Mean life expectancy,H5,T0,-1.4204363774767406,-1.2839380895145804,-1.0268275454364673,0,-0.5045707660405087,-0.3673761070904348,-0.3458960662190062,-0.5357552211426929,INT
Veronica_arvensis,Veronica_arvensis_Agroscope Changins,-2.814,0.441,Ordbeta,T0-T3,NPK,1,Agroscope Changins,Lmax,-0.22026392099055017,Maximum length of life,H5,T0,1.1151211487745039,1.7498100942937036,1.8366308037876098,0,-1.2494248902601934,-1.6125325836859505,2.745845392814837,0.5775184415628114,NAT
Veronica_arvensis,Veronica_arvensis_Agroscope Changins,-2.814,0.441,Ordbeta,T0-T3,NPK,1,Agroscope Changins,Lmean,-0.16787039433502585,Mean life expectancy,H5,T0,1.1151211487745039,1.7498100942937036,1.8366308037876098,0,-1.2494248902601934,-1.6125325836859505,2.745845392814837,0.5775184415628114,NAT
Veronica_arvensis,Veronica_arvensis_Bad Lauchstaedt,-2.561,0.329,Ordbeta,T0-T3,NPK,1,Bad Lauchstaedt,Lmax,-0.22026392099055017,Maximum length of life,H5,T0,0.2959410249087173,-0.698417737227644,-0.21593470458362485,0,0.6984500596722579,0.8685465461199303,-0.7226610367396129,0.18917664047996158,NAT
Veronica_arvensis,Veronica_arvensis_Bad Lauchstaedt,-2.561,0.329,Ordbeta,T0-T3,NPK,1,Bad Lauchstaedt,Lmean,-0.16787039433502585,Mean life expectancy,H5,T0,0.2959410249087173,-0.698417737227644,-0.21593470458362485,0,0.6984500596722579,0.8685465461199303,-0.7226610367396129,0.18917664047996158,NAT
Veronica_arvensis,Veronica_arvensis_CEREEP - Ecotron IDF,-2.239,0.413,Ordbeta,T0-T3,NPK,1,CEREEP - Ecotron IDF,Lmax,-0.22026392099055017,Maximum length of life,H5,NA,NA,NA,NA,NA,NA,NA,NA,NA,NAT
Veronica_arvensis,Veronica_arvensis_CEREEP - Ecotron IDF,-2.239,0.413,Ordbeta,T0-T3,NPK,1,CEREEP - Ecotron IDF,Lmean,-0.16787039433502585,Mean life expectancy,H5,NA,NA,NA,NA,NA,NA,NA,NA,NA,NAT
Veronica_arvensis,Veronica_arvensis_Jena,-2.188,0.33,Ordbeta,T0-T3,NPK,1,Jena,Lmax,-0.22026392099055017,Maximum length of life,H5,T0,0.6080096435242552,-0.19978785004494334,0.1515499341977226,0,1.7069926411992955,1.3947714330047822,-0.14332180109160603,2.0152771953897615,NAT
Veronica_arvensis,Veronica_arvensis_Jena,-2.188,0.33,Ordbeta,T0-T3,NPK,1,Jena,Lmean,-0.16787039433502585,Mean life expectancy,H5,T0,0.6080096435242552,-0.19978785004494334,0.1515499341977226,0,1.7069926411992955,1.3947714330047822,-0.14332180109160603,2.0152771953897615,NAT
Veronica_arvensis,Veronica_arvensis_WSL,-2.497,0.532,Ordbeta,T0-T3,NPK,1,WSL,Lmax,-0.22026392099055017,Maximum length of life,H5,T0,-1.4204363774767406,-1.2291467364325999,-1.0001223989652859,0,-1.1731669953265595,-0.9343236039764059,-0.18800171845920188,-0.9850173782191273,NAT
Veronica_arvensis,Veronica_arvensis_WSL,-2.497,0.532,Ordbeta,T0-T3,NPK,1,WSL,Lmean,-0.16787039433502585,Mean life expectancy,H5,T0,-1.4204363774767406,-1.2291467364325999,-1.0001223989652859,0,-1.1731669953265595,-0.9343236039764059,-0.18800171845920188,-0.9850173782191273,NAT
